datetime,actual_water_level,random_forest_prediction,xgboost_prediction,gradient_boosting_prediction,extra_trees_prediction,hybrid_rf_gb_prediction
2025-06-10 09:30:00,3.98,2.151698890852076,1.9008635,2.0199651777200214,2.169105642732632,2.0863350049945186
2025-10-21 18:30:00,3.86,3.6885529929886367,3.905918,3.943520216178438,3.719813317617737,3.815063117676994
2025-10-21 21:30:00,3.74,3.503868209646115,3.695282,3.816556047437583,3.645076208786092,3.6590182593373397
2025-10-22 00:30:00,3.22,3.273641445826152,3.415145,3.5422907086225317,3.457907259749444,3.406940351107419
2025-10-23 00:30:00,4.07,3.0948739564304257,3.1311746,3.3567501652180587,3.193034732145636,3.2248121948132282
2025-10-23 18:30:00,3.59,3.928505844175752,3.9692647,4.000262732629436,4.075643291843977,3.9641103143972685
2025-10-24 18:30:00,3.52,3.346057395902727,3.4639957,3.511451972819233,3.4184295193949867,3.428123193563742
2025-10-25 18:30:00,2.88,3.354258092974126,3.4886498,3.482655927513928,3.3629716704117723,3.4179667762084933
2025-10-27 09:30:00,2.36,3.010373288909593,3.2439628,3.150917106801642,3.454995525269468,3.0801085894053157
2025-10-30 09:30:00,2.1,2.53539573054242,2.8242123,2.846803835866932,2.9780629989783147,2.6899108001293914
2025-11-06 09:30:00,2.3,2.283376997791204,2.3389254,2.311100195745313,2.426481268998381,2.2971327472010934
2025-11-12 09:30:00,2.77,2.74735801712304,2.6701636,2.60127068407093,2.8101788859430474,2.6748721246675453
2025-11-21 00:30:00,2.88,2.749978067957658,2.3989217,2.453898534108912,2.684672503679424,2.6030687582971295
2025-11-21 06:30:00,2.7,2.90642016370416,2.571753,2.5962022734973003,2.9915770696384327,2.7524956573317705
2025-11-21 18:30:00,3.65,2.7398553596706487,2.6055686,2.5433106841586315,2.775909202347774,2.6423334464820334
2025-11-23 03:30:00,4.61,3.8999530023359097,3.1247795,3.611018817368233,3.7814229219391735,3.7565890855559907
2025-11-23 06:30:00,4.33,4.672045945487259,3.841694,4.0869290178338105,4.301738198262351,4.381721508688564
2025-11-24 00:30:00,5.3,4.245856998184851,3.5259526,4.009878053318311,4.2310449301610005,4.128768513769466
2025-11-24 03:30:00,4.35,5.310409706831641,4.8695116,5.060417938596156,5.067076583636625,5.186368312903172
2025-11-24 18:30:00,3.85,4.212047266572168,4.5313997,4.355544195727416,4.224429626149284,4.283247847465315
2025-11-25 03:30:00,3.59,3.5568198310696912,3.8965545,3.9895009330053246,3.690579247732853,3.7715083681740253
2025-11-25 15:30:00,3.38,3.09784501559656,3.190043,3.2119996255992813,3.012504336592747,3.154486468425359
2025-11-25 21:30:00,3.31,3.2108575548235634,3.2375093,3.3412556373042026,3.2155361495570225,3.275558724908739
2025-11-26 00:30:00,4.3,3.173926988720197,3.0967035,3.227345670302052,3.2497227477289123,3.2004323723654404
2025-11-27 00:30:00,6.05,4.028964618384771,4.010109,3.8975971420520494,4.097292117654898,3.96378245260311
2025-11-27 09:30:00,6.9,6.48838109048359,5.8932395,6.081679797664705,6.362079166666671,6.2865832647798054
2025-11-27 12:30:00,8.08,6.510201294117651,6.394784,6.383609560605447,6.103020144523327,6.447388765547174
2025-11-27 18:30:00,9.85,7.854583333333331,7.472159,7.225888141176556,7.586449999999997,7.542636149865295
2025-11-28 09:30:00,10.31,9.5435,8.219785,8.789837928455778,9.190625,9.169546511190308
2025-11-28 12:30:00,10.8,11.495249999999997,9.59258,11.825064037308469,9.90755,11.65889776013897
2025-11-28 15:30:00,13.46,11.646349999999998,9.506233,10.13325523393326,10.596850000000009,10.895579743629018
2025-11-29 09:30:00,13.38,13.407400000000004,12.33777,14.051447607886054,12.47845,13.726964774481814
2025-11-29 15:30:00,12.2,13.37990000000002,12.517285,12.89675587794293,12.800399999999998,13.140172625009592
2025-11-30 00:30:00,6.8,11.921600000000002,11.254078,11.392630820124028,11.60048333333334,11.659135060133627
2025-11-30 18:30:00,6.09,4.675899999999995,5.506277,6.382489959625697,6.679800000000001,5.522679071768863
2025-11-30 21:30:00,4.06,5.322167130325811,5.0740886,5.168897379677741,4.975837135854336,5.24611745216382
2025-12-01 12:30:00,3.98,3.744651664388247,3.5433109,3.6749151193844702,3.689312308978325,3.7100496520456816
2025-12-01 15:30:00,3.95,3.998595702980397,3.53056,3.520613015046139,3.70177339536546,3.7614293382495676
2025-12-01 18:30:00,3.84,3.8791312943719087,3.4634233,3.557388155552819,3.848474486255772,3.719488168089257
2025-12-02 00:30:00,3.84,3.4724897591330914,3.3405282,3.5334863963191645,3.4899311208553128,3.5027551872906395
2025-12-02 03:30:00,3.59,3.5256916216802,3.4431574,3.551912355575924,3.4944060481480874,3.5387018755985977
2025-12-02 12:30:00,3.56,3.030916445328994,3.1735275,3.276051258798561,2.9956338389850963,3.1525479061478077
2025-12-02 15:30:00,3.52,3.0121528750428705,3.188882,3.240752065357003,2.941878458710732,3.1255796587230997
2025-12-02 18:30:00,3.48,2.9598204906723806,3.106139,3.2396544957244062,2.929680207438908,3.0986690627683333
2025-12-02 21:30:00,3.21,3.0278053615898197,3.0642354,3.218707730172844,3.0271954613360545,3.1225276641297137
2025-12-03 00:30:00,3.32,3.046917544526248,3.0936859,3.082197203061494,3.0718955603754434,3.064422673006759
2025-12-03 06:30:00,3.3,3.104512804152205,3.1606808,3.1601306002931544,3.279033520193372,3.132109348667439
2025-12-03 09:30:00,3.29,3.1055274801740045,3.243157,3.223246924851535,3.2584733343844685,3.163937739493149
2025-12-03 12:30:00,3.26,3.13006374459648,3.1594014,3.2188967770861043,3.3159782728552987,3.17414108864137
2025-12-03 15:30:00,3.19,3.1149950027698425,3.153368,3.290711819422541,3.2748608414631177,3.202182509095021
2025-12-04 03:30:00,3.11,3.065634588076764,3.1538713,3.18180663411908,3.170341056071015,3.123277056180102
2025-12-04 09:30:00,3.06,3.1372701648123376,3.0217657,3.0466758312411524,3.139812511399649,3.092318895026505
2025-12-04 21:30:00,0.98,3.133341837091168,3.095879,3.10832024736413,3.1129195190857843,3.1209265768209797
2025-12-05 12:30:00,2.92,2.2173246545685186,2.1503558,2.2399433278964427,1.9794364513556628,2.2285476311817547
2025-12-06 00:30:00,2.94,2.9482947859025046,2.644888,2.349299528546005,2.9137273932992667,2.651084172915225
2025-12-06 15:30:00,2.79,3.258199864405222,2.4808176,2.926046247829464,3.010317177442039,3.0933912473485616
2025-12-07 06:30:00,2.75,2.904036854764604,2.4143078,2.2929322869906583,2.771659628857726,2.6008178209629333
2025-12-07 15:30:00,2.75,2.681486280004616,2.699431,2.634406139882474,2.6972171157750084,2.6581259659898073
2025-12-07 18:30:00,2.66,2.6474021586370005,2.6697474,2.619332533881049,2.693905988319825,2.633474518513676
2025-12-08 09:30:00,2.65,2.616112694147016,2.634592,2.634204899899239,2.641757321034993,2.6250897194170335
2025-12-08 15:30:00,2.63,2.643680314860804,2.6547074,2.614719322084866,2.7051603838079763,2.629310394047668
2025-12-09 09:30:00,2.6,2.692984954966958,2.6868944,2.653367932854118,2.649751515295831,2.6733277051268645
2025-12-10 09:30:00,2.6,2.7329904387961057,2.6717918,2.6132380818833165,2.632189308190517,2.6735714851940426
2025-12-10 15:30:00,2.55,2.7955914146436185,2.739136,2.600629847624312,2.8320285981346704,2.6988550112562333
2025-12-11 12:30:00,2.5,3.1580817087238207,2.6938958,2.6097949157183407,2.8623088254589915,2.8860317186101216
2025-12-13 09:30:00,2.42,2.9820198530363937,2.6903582,2.5589654406420936,2.7529622860171,2.7721079051695847
2025-12-14 09:30:00,2.32,3.1565026820839246,2.6870444,2.579588814641629,2.926056844835629,2.8702484553975562
2025-12-17 15:30:00,2.35,2.934514924586834,2.7197392,2.527001314588337,3.1326064055821927,2.732314041790481
2025-12-18 15:30:00,2.37,2.919132948211629,2.795479,2.727482926726921,3.2144699392782248,2.824039673824325
2025-12-18 18:30:00,2.7,3.092060558457556,2.7953138,2.727928131878074,3.17683145709682,2.91138463426101
2025-12-19 09:30:00,2.67,2.767985015843253,2.511834,2.4670909592545875,2.706222731424569,2.6186868270769237
2025-12-19 12:30:00,2.65,2.9019757114245937,2.694362,2.5936359937326725,2.834634091831412,2.7489831202845956
2025-12-19 15:30:00,2.35,2.580637808649079,2.4915142,2.516424150777261,2.5443610413622197,2.548776153011829
2025-12-21 09:30:00,2.32,2.7956157882587145,2.6402972,2.612912274358925,2.589988166153141,2.7049616091242568
2025-12-21 15:30:00,2.17,2.847318055803284,2.6481073,2.429303700068692,3.037924675863205,2.639906892894161
2025-12-24 09:30:00,2.15,2.345426548625498,2.4165843,2.421711020720334,2.4354301477333498,2.383277523961724
2025-12-25 09:30:00,2.06,2.2437342103958766,2.304516,2.217861977864439,2.233889318273532,2.2308968765512756
2025-12-29 09:30:00,2.05,2.0480923533056616,2.053782,2.059833426327084,2.169646270851929,2.0539180613842625
2026-01-01 09:30:00,2.01,2.005238792509412,1.9973421,2.066631589128404,2.0429641275582706,2.0357007878124467
2026-01-10 12:30:00,2.01,2.358560020581133,1.9816608,2.0940568416563607,2.022653802449391,2.2273183271289123
2026-01-10 15:30:00,2.01,1.9390261213329745,1.9985771,2.0473163753039554,1.905031539266125,1.992757786764355
2026-01-10 18:30:00,2.05,1.950248513597203,1.9818087,2.015946819966724,1.918304205414172,1.9828468249669537
2026-01-11 09:30:00,1.8,2.0078233290043177,2.0027218,2.037264649124347,2.021159189793353,2.0224315795581624
2026-02-20 06:30:00,1.8,1.970655290939404,1.8990288,1.9869948390072587,2.231733752148267,1.9787626791658384
2026-02-21 21:30:00,1.94,2.1128402244195925,2.0202918,2.1538663862593728,2.092690210955793,2.1331966639058226
2026-04-15 09:30:00,2.52,2.018153603522806,2.2721958,2.299379596584123,2.0649870416842773,2.1576928548928125
2026-05-10 06:30:00,2.62,2.8987488113395665,2.4490135,2.4450106007083154,2.6712561022329795,2.6736121177493457
2026-05-11 21:30:00,2.74,2.625694627378941,2.6345088,2.694155710699225,2.713689345334761,2.659663778702763
2026-05-12 15:30:00,2.7,2.964595165065404,2.8803222,2.860293789775271,2.826908013072091,2.912842709090703
2026-05-12 21:30:00,2.69,2.843115244938949,3.0349178,2.897199435783624,2.8034357901702776,2.8699508422436866
2026-05-13 06:30:00,3.13,2.959195955215723,2.8598118,2.8593591047375675,2.7554058226839944,2.909658715705207
2026-05-13 21:30:00,3.29,3.489906567906906,3.225887,3.169773536247797,3.39400821040573,3.331062347675873
2026-05-14 00:30:00,4.5,3.195849604086516,3.3108788,3.301522811942136,3.215558551623717,3.248282738568595
2026-05-15 00:30:00,3.89,4.943173726783965,4.9194474,4.934549489371706,4.773289006079098,4.93889453616206
2026-05-15 21:30:00,3.85,3.818892349891868,3.842101,3.8322524824192494,3.797612553418899,3.825521406014245
2026-05-16 00:30:00,2.94,3.661974166287618,3.752397,3.6478630206886353,3.698491941717113,3.654972471062291
2026-05-23 21:30:00,2.77,2.8960855985628045,2.9444792,3.020347974922738,2.998414089501208,2.957742342244184
2026-05-24 06:30:00,2.62,3.07831347875046,2.8557727,2.7605214876162494,2.9001980804843503,2.9206308404867096
2026-05-24 21:30:00,2.75,2.5791888923677577,2.731354,2.8362296759037773,2.70017401625753,2.70672788019651
2026-05-25 21:30:00,2.58,2.774319962836285,2.735964,2.748640257978109,2.7470549558220783,2.7615781577410092
2026-05-26 09:30:00,2.29,2.5390048214736054,2.6112242,2.7086548160480235,2.59513333284578,2.62318208041097
2026-05-30 21:30:00,2.19,2.710916712426351,2.4742956,2.42305857030074,2.4986490271498973,2.5680867086428423
2026-05-31 21:30:00,3.55,2.203661198801171,2.3432732,2.424726007264825,2.264592986997615,2.313349558477605
2026-06-12 18:30:00,3.49,3.134764143017668,3.447514,3.406615799119527,3.291780595740899,3.2696520179371067
2026-06-12 21:30:00,3.45,3.2613589787659367,3.3112366,3.320417784842069,3.505196899726424,3.290662890175267
2026-06-13 00:30:00,3.41,3.277534016909845,3.3637197,3.297030306681906,3.3541624546830064,3.287207723275575
2026-06-13 03:30:00,3.51,3.401658171246998,3.5483782,3.409200995860338,3.4872706983745267,3.405400784397025
2026-06-13 12:30:00,3.47,3.3876858023595515,3.2958288,3.387317276935263,3.44798894196157,3.387502946709345
2026-06-13 15:30:00,3.44,3.321789338091238,3.4967053,3.442459021902476,3.385734425715415,3.3816634527091
2026-06-13 18:30:00,3.42,3.356129994309444,3.6570287,3.635640678073119,3.318077390179424,3.4948181402298597
2026-06-13 21:30:00,3.35,3.3774592651605126,3.4241712,3.39810319900459,3.3388501111506463,3.3877024117579406
2026-06-14 00:30:00,3.25,3.3563886440477173,3.3860273,3.3611565664089498,3.2839063472994456,3.35875440088845
2026-06-14 03:30:00,3.22,3.241298154885379,3.2291372,3.2849735265219784,3.2816889862287537,3.2629690843579224
2026-06-14 06:30:00,3.12,3.2330734526433567,3.2010846,3.273127816935572,3.227301666011725,3.252947703762877
2026-06-14 12:30:00,2.32,3.1106575668436447,3.0828078,3.117176773938464,3.097806457444442,3.113892279494615
2026-06-18 09:30:00,2.48,2.6896289826884265,2.5577278,2.5476002501821657,2.6971027072337077,2.619156894418003
2026-06-22 21:30:00,2.67,2.810419882044075,3.1197534,3.104257473253588,2.7816912045372675,2.956216780315856
2026-06-23 00:30:00,3.63,2.8411257789017945,3.0104463,3.181534505963242,2.94785801126086,3.0100304324756
2026-06-23 06:30:00,3.26,3.5368199657207127,3.2447286,3.396481050668123,3.72323402755398,3.467186334307959
2026-06-23 21:30:00,3.16,3.065731051448446,3.134139,3.258449339349782,3.2685476921908965,3.161354380310506
2026-06-24 00:30:00,3.07,3.0813551028279216,3.386266,3.285709168744185,3.110165017258637,3.1827518942907753
2026-06-24 03:30:00,2.98,3.100374927066637,3.058818,3.0511655103013253,3.109328149935071,3.075958104492597
2026-06-24 06:30:00,2.75,2.8598807451206647,2.9408953,2.8786199735046,2.9105024064446803,2.869178811318179
2026-06-24 15:30:00,2.3,2.7169883089018367,2.6857026,2.702405847878867,2.7065543174554723,2.7097527554875622
2026-06-29 21:30:00,2.36,2.727291317964743,2.5640116,2.52495490058587,2.497625359886668,2.626895647213991
2026-06-30 03:30:00,2.15,2.6628910648968667,2.6423707,2.578323076193072,2.5064962031819107,2.6209299584388948
2026-07-11 09:30:00,2.55,2.3553774632034914,2.2934146,2.3750556993996224,2.241007883736511,2.3651414480940756
2026-08-01 15:30:00,3.92,3.0795857302175578,2.7873743,2.763811540890215,2.831507920005544,2.9229042887154524
2026-08-01 18:30:00,3.54,3.67133606712456,3.5549924,3.573767995287109,4.064298458452435,3.622924554541352
2026-08-01 21:30:00,3.11,3.170118493603838,3.312883,3.3033263200361818,3.2474882479741267,3.2362138078194844
2026-08-02 00:30:00,2.88,3.0842165379258044,3.0533743,3.0396864969486863,2.985737762463585,3.062121536984451
2026-08-02 03:30:00,2.55,2.8791118392625026,2.954202,2.8506962915393417,2.9704856873515326,2.8650125584193757
2026-08-02 09:30:00,2.25,2.6092034151140377,2.6949985,2.6722150478943965,2.5784589432411456,2.640468647641302
2026-08-03 00:30:00,2.22,2.4974563828874845,2.5415304,2.4011254737023786,2.66804910068755,2.4496587280364586
2026-08-03 03:30:00,2.18,2.4027612920196573,2.559984,2.446097905747919,2.6713943623033787,2.42426413594502
2026-08-03 06:30:00,2.67,2.3221492547692875,2.4267418,2.34859300189364,2.5513747591394376,2.335270163818208
2026-08-03 15:30:00,3.14,3.0255265110385494,2.5415006,2.6183757148271214,3.081302242591422,2.8235056498813176
2026-08-03 18:30:00,3.96,3.114489309853182,2.915346,3.053993663693957,3.2607265809385257,3.084472464381993
2026-08-04 00:30:00,2.63,4.836829488636363,4.0199027,5.168260599261456,4.770912406404872,5.001279611307888
2026-08-04 00:30:00,4.76,2.7415251479922347,2.7961318,2.761032104881138,2.934182990842684,2.751204147188411
2026-08-04 03:30:00,4.22,4.715793228117821,4.430083,4.490147898924129,4.590016572071665,4.603832096900618
2026-08-04 06:30:00,3.48,3.726421866349225,4.216436,4.096604110915961,3.8847461329577673,3.9100996008111615
2026-08-04 09:30:00,2.9,3.309803509811596,3.352565,3.4049825391503648,3.2367309549269776,3.3570296227163157
2026-08-04 15:30:00,2.77,2.8247897379682296,2.957056,3.0367977128819628,3.009825407289916,2.9299842606433906
2026-08-04 18:30:00,2.69,2.843285664942269,2.7469378,2.866486526534965,2.884475794971958,2.854797512842751
2026-08-04 21:30:00,2.59,2.7029968020120534,2.679663,2.705182253964568,2.782184666835708,2.7040811837437677
2026-08-05 03:30:00,2.53,2.5822433600203767,2.7181396,2.6677048739450004,2.5405428541338475,2.6246478175322014
2025-06-10 09:30:00,3.44,1.4043870096552382,1.1270939,1.456458228330037,1.4834538750722968,1.4302238065768549
2025-10-21 18:30:00,3.48,3.0675720566555653,3.238999,3.1071274672330955,3.304856872423272,3.0871987359661732
2025-10-21 21:30:00,3.45,3.180862417447436,3.244378,3.5560654837577648,3.3389405505430347,3.367031392849574
2025-10-22 00:30:00,2.92,3.3583628295110173,3.180281,3.29226272014737,3.3967431764668707,3.32556515076278
2025-10-23 00:30:00,3.13,2.5958573234893727,2.8106842,2.7760670186634786,2.6446752032863814,2.6852741148765364
2025-10-23 18:30:00,2.71,3.1543106418401394,2.8892767,2.953517485040942,3.160821696201648,3.0546807090768775
2025-10-24 18:30:00,3.43,2.4540593123040004,2.5697036,2.568522127642861,2.514871971407275,2.5108536910462433
2025-10-25 18:30:00,2.7,3.511210094556574,3.3731184,3.4286062251031275,3.4477014815633464,3.47022354854663
2025-10-27 09:30:00,1.2,2.514881731837482,2.6927114,2.715529006906935,2.503618309682095,2.6144392807249304
2025-10-30 09:30:00,1.37,2.497356479753384,1.8975986,1.7248025375862908,2.149979237914865,2.114029186427979
2025-11-06 09:30:00,1.17,1.851403685559232,1.6592666,1.6772290387546989,1.643004914573,1.7649813760202955
2025-11-12 09:30:00,2.0,1.5348833861349538,1.5539227,1.5200796920566753,1.4615703307549592,1.5275380608799614
2025-11-21 00:30:00,2.62,1.9251987950882907,1.7611121,1.7760687311011565,1.921353092999528,1.8512031545751153
2025-11-21 06:30:00,2.72,2.0099988330795684,1.8430262,2.1260838652994534,2.0412133088340725,2.06759812649799
2025-11-21 18:30:00,4.11,2.1085351985969414,2.1384354,2.2472042201653117,2.166650687805548,2.1773402590653124
2025-11-23 03:30:00,4.16,3.498508435522185,3.6226375,3.486705569623116,3.5085182574407576,3.492652066935311
2025-11-23 06:30:00,4.3,3.803532672462483,3.6371179,3.65962263946283,3.8507421981757113,3.7321271169133334
2025-11-24 00:30:00,4.29,3.925453826427839,3.7677488,3.8300519331821694,3.859632161007125,3.8781171324833372
2025-11-24 03:30:00,3.97,3.903167180837122,4.086612,3.998806371606904,3.771061496963701,3.950621617521212
2025-11-24 18:30:00,3.73,3.763330562657345,3.6909528,3.790000191863592,3.741971782420472,3.7765635503098904
2025-11-25 03:30:00,3.41,3.5483613008883386,3.4680176,3.5714472465009046,3.536654609916231,3.559816129557905
2025-11-25 15:30:00,3.42,3.287350127350655,3.2504122,3.3551808278614867,3.186079512973046,3.3210064941258297
2025-11-25 21:30:00,3.55,3.592741026670772,3.3170478,3.302457598149885,3.4366332407967595,3.4487076396428105
2025-11-26 00:30:00,3.36,3.4365492372701465,3.2958696,3.2574504341803765,3.5190935312710674,3.347683650443107
2025-11-27 00:30:00,3.11,3.3031577920044355,3.244747,3.1946113205180966,3.3222532913996408,3.2492989960760053
2025-11-27 09:30:00,3.08,3.0046000893709093,2.9392254,2.9962774340405653,2.98231878401539,3.0004705383234933
2025-11-27 12:30:00,3.08,3.110835004776474,3.0345294,2.946877301341965,3.033559351632864,3.029482157749248
2025-11-27 18:30:00,3.03,3.0976108163088965,2.9119978,2.9728900062357395,3.0124229164113734,3.035726606110465
2025-11-28 09:30:00,3.1,3.0790393679454207,2.7831912,2.909250085929274,2.895426144007753,2.994792997098689
2025-11-28 12:30:00,3.17,3.0941076886137524,2.9681246,3.006353271544281,2.9920141223053065,3.05056553403199
2025-11-28 15:30:00,3.33,3.200062093146653,3.0227437,3.153450319681774,3.192469444136999,3.176934174196076
2025-11-29 06:30:00,3.3,3.1896860430821623,3.2060044,3.245435679459709,3.175242819109404,3.217348004338271
2025-11-29 09:30:00,3.2,3.149393755164588,3.2307258,3.205660971859529,3.1063625577661718,3.1773125304129843
2025-11-29 15:30:00,2.96,3.0638841839140567,3.100502,3.1447060663043938,3.042187996536028,3.10398654017315
2025-11-30 00:30:00,2.41,2.788538561842659,2.6987863,2.771225781380706,2.705361005177815,2.7799482733046164
2025-11-30 18:30:00,2.33,2.327528984642396,2.4414513,2.443159789657387,2.43393263942672,2.3849028987371184
2025-11-30 21:30:00,2.05,2.250695389305892,2.3241758,2.343103657891126,2.3267302447105678,2.296546700838004
2025-12-01 12:30:00,1.98,2.1523964827190385,2.0509176,2.1068042631665924,2.027574735761984,2.129774447979674
2025-12-01 15:30:00,1.92,2.0014423729664346,2.0711687,2.0225453490082623,1.936168090344228,2.0119132879999313
2025-12-01 18:30:00,1.83,1.9362518670723583,1.8558,1.8756196611036453,1.876890774666342,1.9061672630935873
2025-12-02 00:30:00,1.84,1.6983594449655586,1.7550441,1.789534134991036,1.7511891555212329,1.743598677127408
2025-12-02 03:30:00,1.66,1.6812928264675608,1.757051,1.7859337257398142,1.7657135355559117,1.7332137481013974
2025-12-02 12:30:00,1.62,1.652779531905987,1.7638452,1.8230192323083263,1.7044269227813948,1.737249392209466
2025-12-02 15:30:00,1.55,1.6615466681088693,1.6699373,1.8478564720813,1.7453525259008005,1.753990223152294
2025-12-02 18:30:00,1.44,1.6245561133303517,1.5611058,1.7332889127920026,1.6603880700471447,1.678507361830115
2025-12-02 21:30:00,1.16,1.5252228478808274,1.5072287,1.5804934600411429,1.5558570875153706,1.552647125984206
2025-12-03 00:30:00,1.42,1.4276255304596432,1.3239877,1.398384072759414,1.3398584031503666,1.413116448023696
2025-12-03 06:30:00,1.34,1.7034793835807027,1.492837,1.5231170260283158,1.6354913432018017,1.6139868438825598
2025-12-03 09:30:00,1.29,1.3888383210777724,1.3509601,1.4311298098666247,1.4582286945566898,1.4098225929108272
2025-12-03 12:30:00,1.29,1.3543484041481284,1.3098996,1.3802159778339236,1.3729223255278773,1.3671834263577836
2025-12-03 15:30:00,1.24,1.3328658283212471,1.2856612,1.36888810188107,1.3566801140022622,1.3507394289456647
2025-12-04 03:30:00,1.15,1.3596947521000784,1.2745515,1.3402835377982094,1.3769195243097374,1.3500632586439418
2025-12-04 09:30:00,1.37,1.19508664925885,1.2440106,1.3014583381513662,1.2450313115816896,1.2478663573983768
2025-12-04 21:30:00,1.87,1.474302315118697,1.3540993,1.661496677694506,1.5836800879577708,1.5671847721425705
2025-12-05 12:30:00,2.33,1.7438440326077242,1.7124262,1.73667592815331,1.7761824687069725,1.740287348823189
2025-12-06 00:30:00,2.5,2.086603956169597,2.0004404,2.02064785813628,2.0847490317198214,2.0538777332388127
2025-12-06 15:30:00,2.07,2.2340896045823224,2.2207909,2.1506012000005805,2.418456689124862,2.1926641682398413
2025-12-07 06:30:00,1.7,2.332536891644112,2.1225326,2.238909472340807,2.404919225404024,2.2860806595758323
2025-12-07 15:30:00,1.64,1.80219533694846,2.2327223,2.1339996061928432,1.8311161480463176,1.9668306141777536
2025-12-07 18:30:00,2.1,1.810093791546252,1.958683,2.0429649492838777,1.7275608481503004,1.9256402481971846
2025-12-08 09:30:00,2.03,2.013653371877657,2.057617,2.1863240565965905,2.0657309597232514,2.099329442631092
2025-12-08 15:30:00,2.05,1.948200086563841,1.8929516,1.934466640356795,1.862144080457706,1.941385798945542
2025-12-09 09:30:00,1.83,2.056092428835405,1.939795,2.0149101508195786,2.016149062020379,2.0356585273262118
2025-12-10 09:30:00,1.61,1.843506912008366,1.8904575,1.914715541791964,1.8844137637211835,1.8788393461938528
2025-12-10 15:30:00,1.42,1.6858628396428528,1.814694,1.7274195291041106,1.6904637374618503,1.706482517339485
2025-12-11 12:30:00,1.85,1.6097626741839697,1.615165,1.7226337647524168,1.5596642583800888,1.6657672678838247
2025-12-13 09:30:00,1.68,1.76095153032635,1.7884128,1.8476521222419275,1.7623025172140043,1.8039707959267324
2025-12-14 09:30:00,1.12,1.7366634728835029,1.7462494,1.889725698446504,1.7926542877100722,1.8126101808516792
2025-12-17 15:30:00,1.14,1.5131393224151086,1.3903122,1.533421568851692,1.502298957767691,1.5232030062625888
2025-12-18 15:30:00,1.12,1.3323974803751413,1.3058952,1.3968041328916092,1.3323825908727664,1.3643548964644732
2025-12-18 18:30:00,1.15,1.3109311150095488,1.25184,1.3384626185337236,1.2589416802481486,1.3245917491103816
2025-12-19 09:30:00,1.11,1.1904217931020282,1.2140474,1.2870141751209936,1.241313005949938,1.238349186044093
2025-12-19 12:30:00,1.1,1.110921257117829,1.1552806,1.2314460931861777,1.146382748424818,1.170723500905455
2025-12-19 15:30:00,1.53,1.0948963910292795,1.1182148,1.1825259812754028,1.1276933654728063,1.1383766087989733
2025-12-21 09:30:00,1.55,1.5100200354540363,1.5070677,1.499188685213591,1.4724038125272625,1.5046457153656774
2025-12-21 15:30:00,1.16,1.6156226487716328,1.4288348,1.5810864884061735,1.6681019075876,1.5984864306357083
2025-12-24 09:30:00,1.74,1.1650179776232554,1.220611,1.3209322920568565,1.3025033451615646,1.2423798405047881
2025-12-25 09:30:00,1.0,1.769141765873805,1.7169936,1.7593168268864796,1.7941393002393518,1.7642668088468116
2025-12-29 09:30:00,0.83,1.2347975168190657,1.4252071,1.462389405294979,1.0643106165377256,1.3477244955457106
2026-01-01 09:30:00,0.85,0.9003421634888181,1.0376835,1.025436478346902,0.9405335422791784,0.962411700006145
2026-01-10 12:30:00,0.79,1.105496289215595,1.0613438,1.14564943620959,1.0242794310031271,1.125419554525108
2026-01-10 15:30:00,0.81,0.8660711967488031,0.8781653,0.9238932840418936,0.8674514019644487,0.8947614706658723
2026-01-10 18:30:00,1.2,0.8214369138908946,0.9155408,0.9223563145005657,0.8851551776736761,0.871511295197152
2026-01-11 09:30:00,1.2,0.906705105750852,1.2438655,1.2534874486819605,1.0249513144426126,1.0787722322429367
2026-02-20 06:30:00,1.74,1.2606615832241594,1.2415932,1.3295795250757267,1.301574537847635,1.2948574194882436
2026-02-21 21:30:00,1.37,2.2090815460647635,1.6762869,2.109483330153401,1.5565418651632426,2.159662712710232
2026-04-15 09:30:00,1.21,1.847992398357207,1.6886007,1.7624762791794213,2.090782648456316,1.8055608467063795
2026-05-10 06:30:00,1.56,1.2259195365129436,1.3710154,1.397354500169345,1.4103440467284123,1.3109824648249888
2026-05-11 21:30:00,1.72,1.8820960536218607,2.1663418,2.059381061681423,1.8858100943551763,1.9700616681600698
2026-05-12 15:30:00,1.82,1.680792226656705,1.6982696,1.7017282493145711,1.7119171802355602,1.6911803024406782
2026-05-12 21:30:00,2.19,1.843605497753084,1.8069388,1.882214862080957,1.7564798068737064,1.8627627660252544
2026-05-13 06:30:00,3.18,2.1449500750206427,2.2181242,2.2409614018763717,2.247501979719847,2.192589158899949
2026-05-13 21:30:00,3.25,3.1187534462884043,3.1358593,3.144861432367388,3.1013917055368143,3.1317077567793463
2026-05-14 00:30:00,3.1,3.0845074395252863,3.2352312,3.151017123487021,3.1009925590960195,3.117508341781333
2026-05-15 00:30:00,3.24,3.0590761551552443,3.1317613,3.002676046392584,3.160004833676359,3.031091441266394
2026-05-15 21:30:00,3.16,3.2859166085122125,3.3774412,3.260846025274595,3.2352525909140577,3.2734770385481946
2026-05-16 00:30:00,2.25,3.1922577070491256,3.240666,3.204070063066472,3.2110522557252774,3.1981187844610455
2026-05-23 21:30:00,1.92,2.534446763516778,2.3772433,2.338246156833499,2.36754080575737,2.4370955710579905
2026-05-24 06:30:00,1.52,2.048950207439632,1.9384589,2.080905485703064,1.9387241007988296,2.064805838555591
2026-05-24 21:30:00,1.66,1.656482344805308,1.6637534,1.6160183966931887,1.5522975781093973,1.6364048656022785
2026-05-25 21:30:00,1.91,1.8056636040192933,1.7386245,1.756176824522657,1.6521195977979968,1.7811091590744845
2026-05-26 09:30:00,2.57,1.9495975462999708,2.2045689,2.15713332334997,1.9755966411713557,2.052573045281444
2026-05-30 21:30:00,2.14,2.521530075571944,2.3095193,2.3180436023365867,2.571335918703684,2.4205637679056613
2026-05-31 21:30:00,2.89,1.9622201689415093,2.183467,2.012515516113932,2.094467040271764,1.9871758105429036
2026-06-12 18:30:00,2.97,2.5043388485901805,3.1559525,3.032135127056673,2.5020722312679395,2.766221815990822
2026-06-12 21:30:00,3.03,2.8179877455511604,2.9860213,2.9280493723591827,2.7683367428368064,2.8725983341463897
2026-06-13 00:30:00,3.09,3.046624654387943,2.9059138,2.8313673717625583,2.9215391497166974,2.9398178839947837
2026-06-13 03:30:00,3.18,3.0989797315590017,2.9709349,2.870366939041364,3.011198488202753,2.9855461987114085
2026-06-13 12:30:00,3.19,3.14429003147468,3.2022498,3.2690953817949278,3.1209246681326395,3.2062161890146825
2026-06-13 15:30:00,3.18,3.147031668970089,3.2769744,3.2809308519086,3.1564821802193417,3.2134700217798926
2026-06-13 18:30:00,3.16,3.2240739290890303,3.3102021,3.2413366762946585,3.1665872462734894,3.232639392030209
2026-06-13 21:30:00,3.12,3.2111412113994904,3.258083,3.1932152091659454,3.1543670625301927,3.2022466533094045
2026-06-14 00:30:00,3.06,3.1846260412856457,3.0820193,3.021849092037184,3.135817331687126,3.103859063129855
2026-06-14 03:30:00,2.96,3.097606100932254,3.0425858,2.997300669489607,3.047745438730558,3.047836360022135
2026-06-14 06:30:00,2.75,2.9017213122130703,2.877295,2.812896399695481,2.870881831931604,2.8576479971514415
2026-06-14 12:30:00,1.86,2.6646316118992086,2.6363082,2.5500878703084275,2.673937523912245,2.607797079014433
2026-06-18 09:30:00,2.09,2.0781181145732743,1.9372216,1.9518100895781407,1.898251434094635,2.015446357037682
2026-06-22 21:30:00,2.12,2.253701223271708,2.2096806,2.195661306434231,2.169063348959733,2.2249028662744825
2026-06-23 00:30:00,2.29,2.195497764541065,2.2534063,2.199388180371056,2.172758695717315,2.197428118511996
2026-06-23 06:30:00,2.2,2.160535080121444,2.1501112,2.1357002297941654,2.239828691899844,2.148212476563959
2026-06-23 21:30:00,2.14,2.1470573475205965,2.149758,2.1511622123613168,2.1440190177421226,2.1490941072120244
2026-06-24 00:30:00,2.02,2.118113085056856,2.1862168,2.1008311718416715,2.1079091716258107,2.10953811228838
2026-06-24 03:30:00,1.94,1.9722564069702384,1.9014969,1.9942052074368253,1.9666278698208293,1.9831470047853177
2026-06-24 06:30:00,1.71,1.967810417314843,1.9475222,1.9704673917102105,1.9301668043516915,1.969128759954522
2026-06-24 15:30:00,2.97,1.7008477362655483,1.8235878,1.841755664859638,1.7232094005663734,1.7707637019061444
2026-06-29 21:30:00,2.93,2.587909900793649,2.6248643,2.562046916335017,2.6498785579023143,2.5750771556755088
2026-06-30 03:30:00,1.46,2.6780837657911603,2.7402031,2.518547319453935,2.612083471074149,2.5989246665706487
2026-07-11 09:30:00,1.57,1.9630627575034263,1.6537519,1.705701923550352,2.048685191969946,1.8353649664463152
2026-08-01 15:30:00,1.53,2.471739016370374,1.9345902,2.208648723608531,1.8533442022177784,2.341198371478068
2026-08-01 18:30:00,1.48,2.01554102527364,1.7702032,1.7540240113593977,2.070815036475482,1.885781012890444
2026-08-01 21:30:00,1.38,1.5736221866637754,1.540807,1.584326845526984,1.666794563708374,1.5789336447821496
2026-08-02 00:30:00,1.3,1.4052176061000714,1.515356,1.534919058512026,1.622541773082299,1.4695731209447485
2026-08-02 03:30:00,1.26,1.3385734135185832,1.5363276,1.4950618344746682,1.4138824681973228,1.4162201376730088
2026-08-02 09:30:00,1.58,1.3188000868200789,1.4298731,1.4840919864757625,1.4736301709505608,1.4008149378813441
2026-08-03 00:30:00,1.84,1.805146555546636,1.7486578,1.7211886438668844,1.7646640796757718,1.7634881582738513
2026-08-03 03:30:00,2.09,1.830864188136691,1.8533103,1.8826766121210563,2.109412876584906,1.8565725758135985
2026-08-03 06:30:00,2.27,1.9317836233258128,2.0525293,2.082210438848247,2.002339972332996,2.0064226884971386
2026-08-03 15:30:00,2.26,2.14805314610558,2.1939778,2.198525916409728,2.0268528662291625,2.173096821855977
2026-08-03 18:30:00,2.39,2.0693935506697976,2.0873792,2.084171786978636,2.026778317305657,2.0767262442400347
2026-08-04 00:30:00,2.42,2.512015901581978,2.3137486,2.345397104115161,2.40355420864313,2.4293426678257326
2026-08-04 00:30:00,2.48,2.449115569269035,2.370915,2.324939700212573,2.41453189880785,2.387501748947025
2026-08-04 03:30:00,2.63,2.5101748560744106,2.3944976,2.389153931069146,2.482619226046776,2.450126461928787
2026-08-04 06:30:00,2.67,2.5981206365023994,2.472603,2.4988104773735595,2.6165182816216803,2.548844731713424
2026-08-04 09:30:00,2.61,2.657066080436181,2.5594943,2.589484275505017,2.666067169812825,2.623533211145993
2026-08-04 15:30:00,2.57,2.5882936003074035,2.4860148,2.587277728626181,2.579341100392204,2.5877895431527187
2026-08-04 18:30:00,2.5,2.5507861360326465,2.5125136,2.5347692751580237,2.5324234272875445,2.5428388593552196
2026-08-04 21:30:00,2.28,2.3778819518267498,2.391337,2.4195877260580407,2.380377165888903,2.3985756026898546
2026-08-05 03:30:00,2.17,2.153455040431997,2.2134883,2.195280847818179,2.194832166925882,2.1742082495755817
2025-06-10 09:30:00,1.3,1.284741714439709,0.64923525,0.7294376342342884,1.1179568366255583,1.009209873335392
2025-10-21 18:30:00,1.59,2.022937308006996,1.9086545,1.589380065041541,1.5636197141799737,1.8078140455699674
2025-10-21 21:30:00,1.31,1.9474443498168483,1.8432815,1.724263006748895,1.7384880001762355,1.8367058039504116
2025-10-22 00:30:00,1.12,1.4464224055330124,1.4376526,1.4418558523956864,1.4708786408373948,1.444156564459122
2025-10-23 00:30:00,1.37,1.456332312673866,1.1665115,1.3236821209509133,1.405292106091508,1.3905136867153725
2025-10-23 18:30:00,1.14,2.063224158349532,1.6325957,1.475093203829537,1.8330911652971835,1.7714042159327796
2025-10-24 18:30:00,1.22,1.1944499685393268,1.2585397,1.2893386887111964,1.216421755419096,1.2415320352861006
2025-10-25 18:30:00,0.83,1.299536410775494,1.3466233,1.3594487104472062,1.3989069156422371,1.3292638102702603
2025-10-27 09:30:00,0.64,1.126428159342995,1.1804961,1.1283767508041382,1.313897404812844,1.1273950151828624
2025-10-30 09:30:00,0.84,1.1298645998609635,1.123031,1.0628527291151757,1.3783487206463665,1.0966145216054584
2025-11-06 09:30:00,0.55,0.9906868299693662,0.68609893,0.6919080002771556,0.9876187216545478,0.8424381785320587
2025-11-12 09:30:00,0.88,0.9419859230784636,0.6969817,0.7575145072747914,1.3447313322723065,0.8504545429944141
2025-11-21 00:30:00,0.73,0.9950770080267994,0.77203315,0.7890033855881147,1.0928222007449688,0.8928270037182366
2025-11-21 06:30:00,0.79,0.9077321587537998,0.73417425,0.7417381362117772,0.8514677714307526,0.8253689270152613
2025-11-21 18:30:00,0.77,1.149575333447752,0.7629823,0.7201575343086223,1.0057494241899747,0.9365059881693969
2025-11-23 03:30:00,0.75,0.8620800669211053,0.7584036,0.7487779493914196,0.8057633159100851,0.8058616054388421
2025-11-23 06:30:00,0.87,0.7773889050199356,0.7427322,0.7603079893612726,0.855277299501977,0.7689136636036686
2025-11-24 00:30:00,0.84,0.8876716663466623,0.7642081,0.8101489681693431,0.8957587772115099,0.8492063056234537
2025-11-24 03:30:00,2.43,0.8432655307609555,0.78047705,0.8124790759528671,0.8443623338854338,0.8279898487036409
2025-11-24 18:30:00,1.12,1.803295952380952,1.5930184,1.6656695627453235,1.6762966666666668,1.73500822702007
2025-11-25 03:30:00,0.86,1.5917822415574494,1.2964379,1.3298899906743316,1.8577624466598208,1.4618360433770117
2025-11-25 15:30:00,0.82,1.1328242729385116,1.0430337,0.8852427202642299,1.2275270814181871,1.0099787843792067
2025-11-25 21:30:00,0.8,1.0854388470801632,1.1552594,1.0841543230163226,1.0060432056844308,1.0848014894721985
2025-11-26 00:30:00,1.26,0.8835111134867535,0.7984088,0.8338699045125085,0.8782572044735428,0.8588800434282404
2025-11-27 00:30:00,2.3,1.2155255445434563,1.0745059,1.1764220986006833,1.2064018855206031,1.1961231219101673
2025-11-27 09:30:00,2.87,1.6345464158620828,1.5950923,1.806634914892736,1.7240772582247548,1.71993361660668
2025-11-27 12:30:00,3.63,2.247659321789323,1.9280782,2.071785299557128,2.1859814588174986,2.1603938128988927
2025-11-27 18:30:00,7.09,3.935369074024349,2.9754093,3.393436170180239,3.73454,3.666471768793061
2025-11-28 09:30:00,8.55,6.491500000000001,5.6047306,6.137480866160613,6.559910416666664,6.315842108747268
2025-11-28 12:30:00,7.93,7.361550000000011,6.5008483,6.308009322222862,7.1285,6.838802170524591
2025-11-28 15:30:00,2.85,7.650450000000002,6.907591,6.571122525694693,7.703100000000005,7.114907228479572
2025-11-29 06:30:00,2.74,2.977175861565972,2.5118165,1.74869530041138,3.018102991452991,2.367626026004571
2025-11-29 09:30:00,2.38,2.6971100177355014,2.6861382,2.6490961919979243,2.9026946774200364,2.6732864258053954
2025-11-29 15:30:00,2.01,2.5172254553736955,2.348141,2.627491693862513,2.425317375087761,2.5719375685842314
2025-11-30 00:30:00,1.54,2.0512517089402627,1.862597,1.9313894223227528,2.117021486612235,1.991778210206958
2025-11-30 18:30:00,1.57,1.991509414042493,1.8491025,1.790105362122141,1.7886709460020611,1.8915763661690543
2025-11-30 21:30:00,1.28,1.8968347467796365,1.4998709,1.57821765611769,1.6780161955226398,1.738742709053366
2025-12-01 12:30:00,1.3,1.3143812021671233,1.3420701,1.4148252188249204,1.4070926936492074,1.364219706554481
2025-12-01 15:30:00,1.25,1.266633940564774,1.2819471,1.3151822714488954,1.3269153010614607,1.2907227442812803
2025-12-01 18:30:00,1.17,1.3826738735069524,1.2738259,1.3009748271120505,1.3295986179749049,1.3421362843335987
2025-12-02 00:30:00,1.16,1.2028655041245109,1.2034422,1.1691769377053265,1.2519636652188275,1.186149846774741
2025-12-02 03:30:00,1.09,1.1916675845340283,1.2295743,1.175823946023236,1.2128464144834028,1.1838062576605521
2025-12-02 12:30:00,1.07,1.100736971725045,1.1098279,1.0692856906507402,1.1403982106746602,1.0851314148987978
2025-12-02 15:30:00,1.05,1.08465696784265,1.0908619,1.060120622556711,1.1129080308418593,1.0724824770877737
2025-12-02 18:30:00,1.03,1.067890446658491,1.0141228,1.0326216436389877,1.0793848150899468,1.0503907044885534
2025-12-02 21:30:00,0.95,1.0407221481769278,0.9784421,1.0262526321192955,1.0457846844784666,1.0335426360116773
2025-12-03 00:30:00,0.97,1.0284169399506424,0.91773933,0.93934404322118,0.9556869557234487,0.9842205796082428
2025-12-03 06:30:00,0.92,1.0238047779554598,0.9675452,0.9687970540242212,0.977544273795655,0.9965109402366275
2025-12-03 09:30:00,0.93,0.9398998543027296,0.952013,0.999577942418506,0.9774933489143818,0.9695110422595022
2025-12-03 12:30:00,0.93,0.9113259299589254,0.9286992,0.9676406033369068,0.9410685879615884,0.9392682523551223
2025-12-03 15:30:00,0.9,0.9182989752226554,0.919341,0.962772809219199,0.9300697098390512,0.9403660872768336
2025-12-04 03:30:00,0.87,0.9100056356481058,0.90595716,0.9639867469636778,0.9276169973429136,0.9367900867548481
2025-12-04 09:30:00,1.23,0.875780718761296,0.90985316,0.9659082372144048,0.8921344974771981,0.9205003633285789
2025-12-04 21:30:00,0.85,1.4603524740562464,1.1938272,1.2397511711208868,1.4204879324468351,1.3508940974397703
2025-12-05 12:30:00,0.89,1.0051727405705568,1.0035807,1.021445259350754,0.9494332195694466,1.0132468700767792
2025-12-06 00:30:00,0.76,1.1917601832880365,1.1067683,0.9692462028069384,1.0688677615080402,1.0813527706669603
2025-12-06 15:30:00,0.71,0.853730403349564,0.8087031,0.8345168598386667,0.8375777848985512,0.8441969905647396
2025-12-07 06:30:00,0.67,0.7438773749005054,0.7051787,0.756162124803062,0.7794336091698514,0.7499728456143264
2025-12-07 15:30:00,0.85,0.7181345398632297,0.7103818,0.7371007870565636,0.7747975210750294,0.7275452486879976
2025-12-07 18:30:00,0.73,0.929145546784302,0.82685554,0.8021695020705367,0.9484707410508292,0.8661423299464468
2025-12-08 09:30:00,0.7,0.8401389052615975,0.663335,0.7370419783975405,0.8193791564893624,0.7889840748116889
2025-12-08 15:30:00,0.67,0.7359514847211728,0.6690177,0.7521783097737673,0.7691610908339416,0.7440029418261972
2025-12-09 09:30:00,0.61,0.8638694593659875,0.7730359,0.7582163337108777,0.817684968178038,0.8114462893085851
2025-12-10 09:30:00,0.65,0.6888079211213239,0.676516,0.714285907499923,0.6790113036067238,0.7014496371554096
2025-12-10 15:30:00,0.54,0.6657943460951276,0.60382074,0.6441107084465099,0.7135942605332617,0.6550353172744634
2025-12-11 12:30:00,0.61,0.5852425615829161,0.56524473,0.6109621177899496,0.6058575713021468,0.5980041401967242
2025-12-13 09:30:00,0.59,0.60282705945814,0.5540216,0.6149570805748612,0.616681006948133,0.6088457565469279
2025-12-14 09:30:00,0.45,0.5840160437144907,0.6086615,0.6702026209760398,0.6364457211173261,0.6267802645402577
2025-12-17 15:30:00,0.45,0.5448851133392897,0.60243076,0.4887913626936849,0.5654915498505961,0.5170524088071844
2025-12-18 15:30:00,0.45,0.507839736526765,0.584673,0.5767092489990221,0.6900223450984544,0.5420115430087524
2025-12-18 18:30:00,0.54,0.7317982929254839,0.5496277,0.5221074120070132,0.7452273084589764,0.6277534703827081
2025-12-19 09:30:00,0.45,0.5675794630583713,0.51248664,0.5640193290788171,0.5668437558043773,0.5658129889679923
2025-12-19 12:30:00,0.45,0.4686111745598472,0.49268016,0.4824490147029309,0.4980588885915099,0.4754772605610893
2025-12-19 15:30:00,0.44,0.4889544114954411,0.4895712,0.4978375470918382,0.5589850745255377,0.49336206271375943
2025-12-21 09:30:00,0.42,0.4679316497064725,0.48974657,0.4960854915900919,0.4643581484540038,0.48190107684535444
2025-12-21 15:30:00,0.4,0.455228903486545,0.47177303,0.4368900127343719,0.5349875649795329,0.44612947758121396
2025-12-24 09:30:00,0.57,0.478908286924107,0.4445067,0.4439100959229126,0.4405958595049234,0.46154281754323656
2025-12-25 09:30:00,0.36,0.6157277034989845,0.48384002,0.5453438364756077,0.582992892134828,0.5808045016780677
2025-12-29 09:30:00,0.62,0.4299219927435207,0.43431702,0.4939090924207927,0.4959157733970897,0.46167123430227575
2026-01-01 09:30:00,0.18,0.6504325704802136,0.4663393,0.508223207278947,0.6132717090676728,0.579870856525901
2026-01-10 12:30:00,0.17,1.0227082142697193,0.40789336,0.420168796327896,0.7841674743664868,0.7237390529013754
2026-01-10 15:30:00,0.2,0.2573453414424573,0.2926351,0.3072254736616603,0.2488536823065707,0.28209496089383906
2026-01-10 18:30:00,0.4,0.2830302185374319,0.38022047,0.3386813588433605,0.4226420153275753,0.3106433078242508
2026-01-11 09:30:00,0.06,0.3778629140159156,0.26036778,0.292531743715014,0.4573157379738797,0.33552313065272477
2026-02-20 06:30:00,1.38,0.2247562630009149,0.20805457,0.191859448578781,0.5326660456813714,0.2084334586720784
2026-02-21 21:30:00,0.13,1.3198666666666667,1.2206606,1.013310215256798,1.4223662121212108,1.1677589000028217
2026-04-15 09:30:00,0.67,0.7787318214285716,0.67413855,0.4303584613811003,0.5342374999999999,0.6058752610192395
2026-05-10 06:30:00,1.07,0.9206149193052484,0.44446567,0.5497592873634668,0.9750561303159244,0.7366030622070181
2026-05-11 21:30:00,0.7,0.986323838321216,0.98782396,0.9988131439039992,1.018893400559194,0.9925208058638741
2026-05-12 15:30:00,0.94,0.9505750270242698,0.7064186,0.7767517140792779,0.8355639325927383,0.8643270429920465
2026-05-12 21:30:00,0.74,1.0327073436160112,0.9550559,1.000691023915267,1.0985091738915398,1.016821424842882
2026-05-13 06:30:00,0.97,1.6825982525946228,0.9107887,0.8519261260549615,1.0710095728298057,1.2704337673366648
2026-05-13 21:30:00,0.81,1.028906274523515,0.95264864,1.0015514456209436,1.106276823522641,1.0153333031745002
2026-05-14 00:30:00,2.14,0.8939714893250914,0.93974376,0.921883784771083,0.918068470109145,0.907821065490346
2026-05-15 00:30:00,1.31,2.046816666666666,1.9412513,2.0821997102177936,1.9720964995483272,2.064373092922187
2026-05-15 21:30:00,1.33,1.8780182760468036,1.5860668,1.3726777683712892,1.808196982745508,1.627277455966898
2026-05-16 00:30:00,1.46,1.3547762523021345,1.1509107,1.1990262009961974,1.3190602039146415,1.2774958938136072
2026-05-23 21:30:00,1.29,2.0360590542477057,1.6748888,1.5736697106603648,1.7662662089590646,1.8066298249531771
2026-05-24 06:30:00,3.15,1.2895799746592391,1.196295,1.2467516980339617,1.2801950557120625,1.2683293584103499
2026-05-24 21:30:00,1.6,2.9487,2.5965142,2.7610869209184328,3.0598208333333368,2.855609783419075
2026-05-25 21:30:00,2.05,1.951484689887056,1.7859316,1.7432143929037522,1.9170771711431536,1.8481447353995533
2026-05-26 09:30:00,1.15,2.227629609610005,2.0365014,1.9869442259030885,2.268543522523182,2.108205875364916
2026-05-30 21:30:00,0.99,1.7512863124967195,1.4994253,1.4854217843549808,1.8615576811530627,1.6193691421850493
2026-05-31 21:30:00,2.25,1.0773979543724237,0.98342496,1.1094013977264905,1.1163549421358163,1.093277484135219
2026-06-12 18:30:00,1.86,2.322521779448621,2.4143546,2.58190328409808,2.2829641268272804,2.4512221907584664
2026-06-12 21:30:00,1.52,1.9076212767651928,1.8809274,1.9050146668623464,1.905507896001136,1.9063279240757862
2026-06-13 00:30:00,1.39,1.6382746414806664,1.5795866,1.5519817164425702,1.659612553978646,1.5954576528116329
2026-06-13 03:30:00,1.37,1.5803026955068182,1.4968885,1.4361362248500185,1.4972863350816197,1.508769900230246
2026-06-13 12:30:00,1.62,2.11399193604064,1.63221,1.58939565288085,1.8746648456452304,1.8536967484345475
2026-06-13 15:30:00,1.47,1.7629019544022688,1.779094,1.7323410463769149,1.7919145007210906,1.7477381845792006
2026-06-13 18:30:00,1.46,1.4963545850765507,1.6775775,1.694793514424356,1.6917492187344367,1.594816392758108
2026-06-13 21:30:00,1.4,1.5114633510725912,1.4564377,1.507812298433152,1.645565111361111,1.5096517647875751
2026-06-14 00:30:00,1.32,1.5666687737038416,1.5353707,1.6344391434572154,1.5542507919677109,1.6002952054483368
2026-06-14 03:30:00,1.28,1.3292218083882856,1.3051264,1.3118237338317538,1.356459497308138,1.3205891984631828
2026-06-14 06:30:00,1.13,1.309008843199051,1.2780955,1.2740642083362972,1.3516394107921468,1.291669947405433
2026-06-14 12:30:00,1.05,1.166911513384593,1.1566695,1.2363317957847475,1.1351481393111051,1.2013566019433164
2026-06-18 09:30:00,1.93,1.1017333352362433,1.0490532,1.0969269218353306,1.1042533013519429,1.0993484798377882
2026-06-22 21:30:00,2.47,1.8290078127917824,2.2678614,2.0403929362927333,2.113498133274601,1.9338932878611077
2026-06-23 00:30:00,1.74,2.2725473761177706,2.3062217,2.4569830341701318,2.5048672599206325,2.364061013852351
2026-06-23 06:30:00,1.1,1.8957653948281288,1.5904219,1.5754941191269696,1.992643393451157,1.736852580403778
2026-06-23 21:30:00,1.08,1.7566796529876223,1.4845105,1.3144888647849138,1.8112762485442535,1.5372725815542725
2026-06-24 00:30:00,1.05,1.3677327881642127,1.1781579,1.2518007774634603,1.3111992901252152,1.3102094212559643
2026-06-24 03:30:00,1.01,1.243595704092323,1.0629634,1.181923882866611,1.069970189487204,1.212995261826005
2026-06-24 06:30:00,0.95,1.0702509572413788,0.99267274,0.9797221882447243,1.0008086011585242,1.0253322194115966
2026-06-24 15:30:00,1.38,1.120235344513378,1.1364535,1.0243168431618643,1.0105789422279756,1.0726423189703764
2026-06-29 21:30:00,1.11,1.5247849376474314,1.3336258,1.4234929069569853,1.550005601429273,1.474525664034658
2026-06-30 03:30:00,0.95,1.134161558966714,0.9974869,1.049748217173015,1.159318496032046,1.0922771855085143
2026-07-11 09:30:00,1.32,1.0974920712275646,0.97900176,1.049070544110409,1.0468479486188818,1.0734661852467933
2026-08-01 15:30:00,1.16,1.7166457251442353,1.3736426,1.4196636513029726,1.6763369274619897,1.5692885914631876
2026-08-01 18:30:00,1.0,1.241076114350599,1.270836,1.2957068451964373,1.27197275125583,1.2681828949189318
2026-08-01 21:30:00,0.99,1.0128219311520283,1.0086699,1.0327667404430976,1.085110578583519,1.0227181847909532
2026-08-02 00:30:00,0.94,1.0419611612339643,0.9933522,1.0111003889709254,1.028936233184626,1.026648604199644
2026-08-02 03:30:00,0.87,1.1652391914921447,1.0425818,1.0623408399830014,1.0338853560259142,1.1141828905418159
2026-08-02 09:30:00,2.96,0.928610531506934,0.9811974,1.0653008530274657,0.954167608557976,0.9964337967992776
2026-08-03 00:30:00,3.47,2.043518333333333,2.0349944,2.2365016347396343,2.268394247996994,2.1392731571033967
2026-08-03 03:30:00,2.42,2.753789395604398,2.5891628,2.892616630035713,3.038088769936207,2.8226729584338486
2026-08-03 06:30:00,5.85,2.215430978800609,2.2680624,2.1094281646898,2.208018106917236,2.16283429965612
2026-08-03 15:30:00,3.42,4.696083333333337,5.0918956,4.515927365770769,4.891529545454547,4.606693200615274
2026-08-03 18:30:00,1.85,3.711147962672917,2.9942937,3.0897923490311507,3.702354545454544,3.402842545316923
2026-08-04 00:30:00,2.02,1.9621588886680728,1.6847062,1.823669411764062,2.1134501118616926,1.8934429150148264
2026-08-04 00:30:00,1.67,2.310118093855306,2.1819594,2.5565818747356923,2.4627122886994552,2.4324089642670317
2026-08-04 03:30:00,1.75,1.834738517327952,1.7996025,1.886356961784267,1.827654208587005,1.8603506558714469
2026-08-04 06:30:00,2.05,1.932814035586249,1.490912,1.754983085706983,1.916051083668296,1.844577534591266
2026-08-04 09:30:00,2.03,2.274756553240249,2.0693178,2.1049019666822404,2.1543685481281547,2.1904777794609744
2026-08-04 15:30:00,3.34,2.014393510925367,2.1380024,2.205612926662752,2.048658503902605,2.109273126528989
2026-08-04 18:30:00,2.69,3.276684954133171,3.5275683,3.555384505825253,3.3290740304699487,3.4149706309901826
2026-08-04 21:30:00,1.68,2.407166802057896,2.4623368,2.643153440647421,2.499955887659631,2.524259103959473
2026-08-05 03:30:00,1.9,1.7800560861717358,1.7347395,1.7877888064796086,1.9860888318868728,1.7838929221308462
2025-06-10 09:30:00,2.4,1.1999680154707943,1.3506572,1.3389437233800112,1.2914411546963367,1.2689252481546187
2025-10-21 18:30:00,2.29,2.350036119436389,2.1490545,2.155938723056947,2.1582252182292336,2.253728501890704
2025-10-21 21:30:00,2.27,2.148423204377472,2.4021533,2.250482038416188,2.092230158970985,2.1990629519428864
2025-10-22 00:30:00,1.53,2.252794309767325,2.09626,2.15573710230058,2.313452353822839,2.2046362788451255
2025-10-23 00:30:00,3.04,1.716868801142501,1.688102,1.7038826601276376,1.8884906723464447,1.7104253128444462
2025-10-23 18:30:00,2.58,2.913352892156861,2.5562217,2.870286030986734,2.964600656527049,2.891983894571971
2025-10-24 18:30:00,3.32,2.4399542730585457,2.6645756,2.7000672040998315,2.4703042336914995,2.5690176049150906
2025-10-25 18:30:00,1.82,3.3512156716854338,3.207514,3.220586574027995,3.367820754830593,3.2863998760477795
2025-10-27 09:30:00,1.08,1.9252433625533656,2.1885936,2.1259617620330515,2.286825057834538,2.0248362020867816
2025-10-30 09:30:00,0.76,1.7336400685852604,2.2576299,1.8113054442148016,1.8819421137849084,1.772176223279729
2025-11-06 09:30:00,1.13,1.0361122397127556,1.2228904,1.1252889402663977,0.9014960419458348,1.0803601056352676
2025-11-12 09:30:00,1.67,1.4004625667640394,1.3445426,1.3500381338670526,1.2600185035892904,1.3754428751608219
2025-11-21 00:30:00,1.6,1.3985637868568497,1.5653254,1.523745275134757,1.564381160896697,1.460676577248433
2025-11-21 06:30:00,1.74,1.665023540546895,1.6254137,1.6801631019577326,1.807983210011608,1.6725355170976466
2025-11-21 18:30:00,3.78,1.879263550696764,1.663841,1.5672920255323104,1.9625470152018645,1.7244689223754923
2025-11-23 03:30:00,4.1,3.370162500000003,2.252565,2.590788921669578,2.822240267379682,2.983451426553535
2025-11-23 06:30:00,4.7,3.631060936417573,2.9659383,3.128116692539011,3.6440268562030074,3.3815090990937486
2025-11-24 00:30:00,4.69,4.27769892318832,4.3772497,4.373670474504106,4.420893455963052,4.325318271164106
2025-11-24 03:30:00,4.1,4.556453786270947,4.4836106,4.599377690015658,4.576855207839776,4.5777518509669415
2025-11-24 18:30:00,3.54,3.724684100434749,3.5186498,3.789829116884406,3.822876012074031,3.7570078793533277
2025-11-25 03:30:00,2.26,3.141342418659511,3.1529908,3.25506434251104,3.16743590045704,3.1977691804458557
2025-11-25 15:30:00,2.04,2.4206328323672968,2.346814,2.3386956829088623,2.2840475864522904,2.3799771007602635
2025-11-25 21:30:00,1.98,2.1266023325100734,2.0107286,2.170295466524122,2.264233371581692,2.1482820753530483
2025-11-26 00:30:00,2.56,2.143669935208512,2.0728488,2.0662758840910795,2.2171053967858394,2.105268406829647
2025-11-27 00:30:00,3.62,2.677083741799959,2.3245955,2.29963986335897,2.434410478441132,2.4898029159469806
2025-11-27 09:30:00,3.9,2.957393192205636,2.9631732,2.89497209629567,3.064044398385111,2.9264209733927293
2025-11-27 12:30:00,4.16,3.632649213954248,3.4749987,3.486026065398716,3.7312659609236767,3.559897459536969
2025-11-27 18:30:00,5.3,4.019939089719601,3.604847,3.7710120630581394,3.923612387782104,3.896426001302739
2025-11-28 09:30:00,5.61,5.081596616229547,4.856349,5.0728242981592,4.891138256069361,5.077243950663355
2025-11-28 12:30:00,5.96,5.575967674506824,5.199304,5.365842128548026,5.487675213449553,5.471707179032596
2025-11-28 15:30:00,7.04,5.958064656084656,5.5904937,5.571898698534026,5.721393095238096,5.766456092329143
2025-11-29 06:30:00,6.92,6.047099999999992,5.650059,5.867545879249544,6.061972499999995,5.958008492784815
2025-11-29 09:30:00,6.6,5.261949999999995,5.2734036,5.344055606062373,5.469957738095234,5.302689316727118
2025-11-29 15:30:00,5.75,5.302479999999998,5.3429923,5.325636501943487,5.335099999999999,5.313969837444853
2025-11-30 00:30:00,4.99,4.960035199485198,4.7085814,4.580531771202723,4.8673356060606,4.771732462250871
2025-11-30 18:30:00,4.95,4.908120637464384,4.2203074,4.596438844878044,4.455765015336794,4.753469769208131
2025-11-30 21:30:00,4.0,4.58394776241204,4.299992,4.522052818289219,4.509005287218229,4.553236610599683
2025-12-01 12:30:00,3.8,3.663141812840249,3.6946223,3.77351822361355,3.919793423341448,3.717908591545717
2025-12-01 15:30:00,3.54,3.564792087030457,3.3821952,3.524549050228888,3.545990937462109,3.544824220024215
2025-12-01 18:30:00,3.25,2.912140595452027,3.059846,3.2121638571293376,2.8222758243585537,3.0610067115329525
2025-12-02 00:30:00,3.1,3.074275728891055,2.9517179,3.1458581946952755,3.102241350771395,3.1097936537485986
2025-12-02 03:30:00,2.76,3.0369881873341145,2.8860574,2.969662763066648,3.023526409622607,3.0035825294922303
2025-12-02 12:30:00,2.64,2.549193627172324,2.462386,2.4817893909128053,2.6579205580646743,2.515748864245415
2025-12-02 15:30:00,2.54,2.471777439446927,2.4270575,2.4745670912882494,2.551259838638917,2.4731616142356216
2025-12-02 18:30:00,2.52,2.4467836709488004,2.3721817,2.459088983652008,2.350856296304467,2.4528893445523954
2025-12-02 21:30:00,2.31,2.365001686139696,2.3954775,2.388689369627718,2.4025801447328843,2.376755086259746
2025-12-03 00:30:00,2.34,2.251531771899542,2.344669,2.2657381818025715,2.2115673128963382,2.258580735549541
2025-12-03 06:30:00,2.32,2.3266828212397077,2.4230692,2.3073339937541544,2.256667043371304,2.317082282993469
2025-12-03 09:30:00,2.3,2.2444768957169883,2.3292422,2.2139782742185097,2.1982667901946416,2.229344031342012
2025-12-03 12:30:00,2.28,2.2384628624590674,2.3699455,2.2834197726156744,2.1844862212431364,2.260769668166724
2025-12-03 15:30:00,2.31,2.135123814416242,2.2500873,2.166721359755164,2.066392395686428,2.1508019449251865
2025-12-04 03:30:00,2.28,2.2364535065084565,2.2900968,2.2154578264361384,2.2305753243645663,2.2260358297944243
2025-12-04 09:30:00,2.6,2.1453646646370323,2.2245202,2.173250810439601,2.1304969147877597,2.1592012658221753
2025-12-04 21:30:00,2.44,2.51201367706295,2.3839629,2.269945720256068,2.567943062117904,2.3919039350515323
2025-12-05 12:30:00,2.25,2.512801006526499,2.6269844,2.435283627547742,2.500991344026309,2.474338285093411
2025-12-06 00:30:00,2.04,2.2119579848684303,2.6300967,2.340526670806124,2.2740978668188334,2.275751441476332
2025-12-06 15:30:00,1.94,2.0268489759705792,2.0071895,2.058344196471306,2.04603848446491,2.042476334745507
2025-12-07 06:30:00,1.86,2.140956124881163,2.0049243,1.9684460694102188,1.911152409011372,2.055359755455363
2025-12-07 15:30:00,1.88,1.7222977463805358,1.8329197,1.8383427051747707,1.8438237594862696,1.779877156089937
2025-12-07 18:30:00,2.26,2.0085814481753825,2.0287545,1.773035652797455,2.066691914817405,1.8917078847020996
2025-12-08 09:30:00,2.02,2.2832798044729588,2.1141415,1.987690203083324,2.3913232936458764,2.1366135904374897
2025-12-08 15:30:00,1.38,2.236991564264677,2.0781403,2.0118700352465164,2.222109120338052,2.125290333220873
2025-12-09 09:30:00,1.3,1.5313524226399156,1.814184,1.6010746183619275,1.4500334835777284,1.5659473151283967
2025-12-10 09:30:00,1.3,1.413126866942669,1.3830693,1.4170589655180246,1.3224951784782284,1.4150779031379561
2025-12-10 15:30:00,1.28,1.4519690719348772,1.4432575,1.4540291287292275,1.4084603953265895,1.452991234857067
2025-12-11 12:30:00,1.34,1.322315541138736,1.2890776,1.3141832523751826,1.32964655654741,1.3182804465387017
2025-12-13 09:30:00,1.11,1.357271239511304,1.330301,1.3692768082703588,1.366484977254087,1.3632281855911224
2025-12-14 09:30:00,1.2,1.1176899494508754,1.20361,1.2049943573785966,1.1905160001909243,1.16100881763558
2025-12-17 15:30:00,1.38,1.388862248754602,1.275954,1.2555964560601085,1.3157298793220165,1.3227381727280818
2025-12-18 15:30:00,1.37,1.6267416835861843,1.4814997,1.4472908754786311,1.3918285453499737,1.5377014382358511
2025-12-18 18:30:00,1.33,1.3655299870595392,1.4568588,1.4194848606239667,1.881265050225684,1.392301419468712
2025-12-19 09:30:00,1.3,1.4889983993738034,1.4678439,1.4294344247809547,1.3619579611007184,1.4594438324831958
2025-12-19 12:30:00,1.3,1.4385476949920897,1.365195,1.42618219796209,1.3793820201242903,1.4324121590140622
2025-12-19 15:30:00,0.93,1.3754309532210545,1.3257717,1.4107544227333368,1.3499049427486955,1.3929578199159849
2025-12-21 09:30:00,0.91,1.023913624669268,1.0897168,1.0675608609580978,1.096145692490756,1.0455705938911177
2025-12-21 15:30:00,0.82,1.0927515372542371,1.1337916,1.0349424090201689,0.9855353186971386,1.0640676933878708
2025-12-24 09:30:00,0.78,1.0023921706504455,1.0390763,1.029826443537483,1.0657830325337174,1.0160045606676906
2025-12-25 09:30:00,0.68,0.8744759940798282,0.89706105,0.8985034176604657,0.8875304417702274,0.8863979670891338
2025-12-29 09:30:00,0.78,0.7255417943562203,0.8292484,0.8163439918520793,0.7365338546535789,0.7705962024619499
2026-01-01 09:30:00,0.63,0.8234178320586814,0.87776834,0.8594342126464232,0.8404418096744906,0.8412885086969355
2026-01-10 12:30:00,0.63,0.7218817966630908,0.7673419,0.7779793643280997,0.744908056284884,0.7497163951311878
2026-01-10 15:30:00,0.63,0.7102971637208246,0.89536667,0.7686814890337529,0.7423519363960946,0.7392664099744333
2026-01-10 18:30:00,0.61,0.8027501780279589,0.712814,0.6976225947456121,0.8175681644774814,0.7505877725907122
2026-01-11 09:30:00,1.21,0.6121168562987741,0.7466326,0.7096860932739435,0.6279542557194054,0.6605289470022441
2026-02-20 06:30:00,0.48,0.8586245277693803,1.1096733,1.0970366933212523,0.8538171842187237,0.9769203322804403
2026-02-21 21:30:00,0.72,0.8254881929733261,0.8743838,0.8021510725514082,0.7927370469717709,0.8139087359062258
2026-04-15 09:30:00,1.58,0.9168461701027883,0.9204954,0.8753842088336862,0.9618568667235884,0.8962734948218043
2026-05-10 06:30:00,1.6,1.6456612499999992,1.5284681,1.4015802209454498,1.679844100775728,1.524552657948671
2026-05-11 21:30:00,1.46,1.7283375093680895,1.7922549,1.7570086246526972,1.98397057889668,1.742563598212889
2026-05-12 15:30:00,2.75,1.4967371298169494,1.5785526,1.6814002262071188,1.625108843701354,1.5883636183411922
2026-05-12 21:30:00,2.78,2.3101841892362645,2.5475242,2.359446482719892,2.3403403156972864,2.3346272482815786
2026-05-13 06:30:00,3.48,2.4780896284794127,2.5356178,2.5566175340544124,2.525207481413213,2.5170537549326912
2026-05-13 21:30:00,3.48,3.2672915879109907,3.3159432,3.251645930410182,3.1697388792985457,3.2595284956338895
2026-05-14 00:30:00,4.48,3.3125650221125547,3.196394,3.2818110147137363,3.304592059489881,3.2973054398728605
2026-05-15 00:30:00,4.64,4.766328991935482,4.779002,4.76735771004217,4.674871528822058,4.766839423254135
2026-05-15 21:30:00,4.58,4.363351218594788,4.116252,3.6679408514092313,4.234330989692925,4.0183011719198465
2026-05-16 00:30:00,4.75,4.396334152610533,4.1823463,4.3217864587591,4.28793110066423,4.359344935226486
2026-05-23 21:30:00,4.05,4.65439589731536,4.4227877,4.579389439743972,4.569660552630807,4.61717904967089
2026-05-24 06:30:00,2.84,3.833798293754129,3.7890732,3.813717796537605,3.9468691918065577,3.823834714220709
2026-05-24 21:30:00,2.25,2.9042579140778964,2.705066,2.984743147790382,2.784964021554052,2.9441932313518278
2026-05-25 21:30:00,2.72,2.4971968298272067,2.4206786,2.35077708568753,2.403278610025488,2.4245460010022066
2026-05-26 09:30:00,1.58,2.6749681214605907,2.7220988,2.8096175872015365,2.679004674699275,2.7417787510269918
2026-05-30 21:30:00,1.41,1.7217441383147944,1.7232627,1.7272521385759994,1.7234124301716305,1.7244771084240926
2026-05-31 21:30:00,3.12,1.459900422602893,1.5347317,1.7049582861844683,1.417309060007086,1.5814937022790376
2026-06-12 18:30:00,3.06,2.661944097593582,3.3555005,3.0915804502059547,2.7957261369220965,2.875121885152498
2026-06-12 21:30:00,3.06,2.684912535128272,3.0113,2.9986349212787897,2.7344806146674845,2.840575909003924
2026-06-13 00:30:00,3.17,3.032014238711544,2.8228784,2.892951402500812,3.0285893040037126,2.963013774540351
2026-06-13 03:30:00,3.32,3.403842069842798,3.182085,3.290790551272804,3.180113953545616,3.3477479510318817
2026-06-13 12:30:00,3.3,3.309451787812652,3.3925846,3.447237933032488,3.2818195528341443,3.3778187810050015
2026-06-13 15:30:00,3.26,3.1730021578867813,3.3366404,3.288877760628292,3.0985214239445957,3.230497536185875
2026-06-13 18:30:00,3.2,3.247213543539337,3.3526773,3.4267335914071704,3.137323836884021,3.336288144406417
2026-06-13 21:30:00,3.25,3.2138620662738715,3.2256355,3.3077569045780466,3.181893196445039,3.2604509868137153
2026-06-14 00:30:00,3.21,3.2419813063200924,3.1534815,3.2182048683696896,3.2031249593747293,3.2301838678410633
2026-06-14 03:30:00,3.17,3.1943724541347365,3.1246681,3.149995134982794,3.1906530311264247,3.1723532310008355
2026-06-14 06:30:00,3.06,3.2005169308432504,3.1324008,3.1781598193364844,3.153992230743484,3.189423736474941
2026-06-14 12:30:00,1.74,3.0646920020097834,2.914361,2.9805004590506954,2.976507901288992,3.022917681121758
2026-06-18 09:30:00,2.96,1.8401430863772488,1.9070812,1.9915068435699104,1.7901090652993787,1.915247045059369
2026-06-22 21:30:00,3.5,2.7875341778913945,3.1125631,3.0760013758749407,2.821494722222222,2.930666384175936
2026-06-23 00:30:00,4.0,2.8571376321341257,3.721781,3.625747151285741,3.628577308827153,3.2385077740999595
2026-06-23 06:30:00,3.75,3.204201637341153,3.3506312,3.407496248060605,3.3357488742578028,3.305072746297159
2026-06-23 21:30:00,3.6,3.6293029473670337,3.7209039,3.6188398774370087,3.612537344671969,3.624111361307812
2026-06-24 00:30:00,3.42,3.3788638683672985,3.3793995,3.366995866003031,3.320796971075059,3.372975180244482
2026-06-24 03:30:00,3.25,3.274560821459356,3.3207593,3.2831687520967767,3.295486152856753,3.2788319209545174
2026-06-24 06:30:00,2.74,3.156484442957489,3.266447,3.2040403617181528,3.068707358175189,3.180080829727573
2026-06-24 15:30:00,1.78,2.594962651041526,2.6320925,2.5740967875951,2.610438678127752,2.584609386989336
2026-06-29 21:30:00,1.71,1.763212259968105,1.953768,1.970429385511644,1.7795360133987512,1.8660296498353552
2026-06-30 03:30:00,1.03,1.8070909882872044,1.8974378,1.940015450932311,1.6693930278025402,1.8730457025166762
2026-07-11 09:30:00,2.16,1.5672962520781055,1.4095912,1.4927281577695428,1.4882882698584137,1.5302969123562034
2026-08-01 15:30:00,1.96,1.888681255859148,1.8936015,1.9714617201269369,1.88753356086762,1.9297554250219902
2026-08-01 18:30:00,1.66,1.7054326197282743,1.899662,1.892342979027911,1.8736832432477428,1.7981741594631293
2026-08-01 21:30:00,1.26,1.6631074073476808,1.6769927,1.6776753473482664,1.709762917676806,1.670335755693282
2026-08-02 00:30:00,1.27,1.2012955368763396,1.3965524,1.495404967745427,1.3248416400547347,1.3472273170705802
2026-08-02 03:30:00,1.04,1.339246697006949,1.4357895,1.4601451745210083,1.4278007049132766,1.3992343349220797
2026-08-02 09:30:00,1.15,1.112561502675958,1.1927251,1.2328782075305782,1.2214058720096483,1.1722604755196921
2026-08-03 00:30:00,1.15,1.1634565821141476,1.2018148,1.2505885584749057,1.1758697125267314,1.2066898928740044
2026-08-03 03:30:00,1.13,1.1211378943177557,1.2248242,1.290943428439603,1.1474183563267877,1.2053923291653925
2026-08-03 06:30:00,1.12,1.1781528472790803,1.209292,1.2419261345309207,1.1729310072359065,1.2097959989794491
2026-08-03 15:30:00,1.14,1.1954054904073637,1.2397703,1.2553064392502689,1.1601397732702312,1.2251272578261725
2026-08-03 18:30:00,1.27,1.1977358121950707,1.1828227,1.2574045451986609,1.1736608536927335,1.2273423583143774
2026-08-04 00:30:00,1.11,1.2878732160910835,1.2774044,1.3208690977386832,1.2907259311545038,1.304245175785419
2026-08-04 00:30:00,1.64,1.1088198950638626,1.1561313,1.2142849108449454,1.1550998259472038,1.161149728404017
2026-08-04 03:30:00,1.62,1.4883578819512693,1.6104823,1.6420775993278736,1.756916782613006,1.5646308254656458
2026-08-04 06:30:00,1.6,1.698715403467156,1.69936,1.7188991675405798,1.8633313111455163,1.7087302221472354
2026-08-04 09:30:00,1.5,1.6559651035434375,1.7284431,1.722038035518219,1.776220522484718,1.688749297362862
2026-08-04 15:30:00,1.24,1.5196495847993483,1.6157441,1.6820296489909212,1.577997422229826,1.6002196357681624
2026-08-04 18:30:00,1.15,1.3442456106745362,1.4024488,1.435521285952086,1.3889688410463534,1.3895349498919964
2026-08-04 21:30:00,1.11,1.239297533047073,1.2967808,1.3462770846267127,1.1791984313432464,1.292378851657857
2026-08-05 03:30:00,1.07,1.256568467564419,1.2167759,1.2367708547943124,1.2393415079802907,1.2467452501769292
2025-06-10 09:30:00,7.74,5.265666666666666,5.9767737,5.923519935549992,6.218850000000001,5.592081560439576
2025-10-21 18:30:00,7.6,7.341800000000005,7.438192,7.252010714182914,7.3223,7.2972481803492775
2025-10-21 21:30:00,7.48,6.892972222222221,7.249416,7.292311273598769,7.256974999999998,7.091117036879316
2025-10-22 00:30:00,6.92,7.263020327660847,7.2773695,7.329512315184308,7.298948333333327,7.296012449264287
2025-10-23 00:30:00,8.04,6.843252691869728,6.9944334,6.974710769946451,6.828307427536227,6.908479812598095
2025-10-23 18:30:00,7.78,7.850191176470589,7.6578007,7.595404482611431,7.736672499999997,7.723770627170957
2025-10-24 18:30:00,8.57,7.829241176470588,7.5713387,7.688496408417643,7.842397500000003,7.759406168139508
2025-10-25 18:30:00,7.26,8.19250000000001,8.183888,8.220814274415192,7.97575727272728,8.206549030859392
2025-10-27 09:30:00,4.96,7.226892857142861,7.311634,7.333442674051052,7.344169546703304,7.279760949182057
2025-10-30 09:30:00,5.16,5.512668885535083,6.0164466,5.80797618602344,6.581444117647059,5.659195026969165
2025-11-06 09:30:00,1.16,6.674041666666659,6.0545487,6.251770277547469,7.183349999999999,6.464518240786828
2025-11-12 09:30:00,5.53,2.862750000000003,3.1691136,2.8859357393403955,2.8938500000000005,2.8742543445123996
2025-11-21 00:30:00,5.48,4.9825007360655,5.3508496,6.044319366968837,5.358292927170864,5.5093559361631375
2025-11-21 06:30:00,5.97,5.431208505484108,5.7218394,6.17593369276127,5.69539179292929,5.80072767395722
2025-11-21 18:30:00,7.75,6.593360937499995,6.0455337,6.079484456529963,6.728924999999999,6.33838472185702
2025-11-23 03:30:00,7.67,7.43961666666667,7.044844,7.243377244353422,7.224200000000005,7.342246214594329
2025-11-23 06:30:00,6.29,7.537895000000002,7.379223,7.591659567174693,7.500166693326454,7.564572005820558
2025-11-24 00:30:00,6.32,6.723117243589743,6.504504,6.406468727160275,6.721941666666669,6.566001976793059
2025-11-24 03:30:00,6.48,6.6264783547008514,6.694854,6.4784752279924405,6.727391666666668,6.553041880083054
2025-11-24 18:30:00,7.38,6.794384313852813,6.0470276,6.598572297240511,7.140437337662339,6.697225932759019
2025-11-25 03:30:00,7.7,7.044272619047617,7.11146,7.009794392643679,7.229400000000001,7.027165146695578
2025-11-25 15:30:00,7.61,7.6057000000000095,7.588737,7.566114783386075,7.570891578947369,7.586058531473222
2025-11-25 21:30:00,7.56,6.81485606060606,7.2392907,7.158449962384097,7.363418221104233,6.9853411402656524
2025-11-26 00:30:00,6.5,7.13479912698412,7.1539183,7.05016637191483,7.315612375541117,7.092805884626984
2025-11-27 00:30:00,6.84,6.556115860902257,6.8473296,6.828670665115954,6.731158290043296,6.691352625197318
2025-11-27 09:30:00,7.14,6.641725000000001,6.53566,6.649853687619248,6.534277748917748,6.645758307777362
2025-11-27 12:30:00,7.73,6.85297966981792,6.951407,7.007894813747114,6.827442857142857,6.9298457623666385
2025-11-27 18:30:00,10.05,7.923700000000001,7.502236,7.500497619415103,7.795009381145173,7.71371463299324
2025-11-28 09:30:00,11.5,9.487100000000003,8.448981,9.04816341610046,8.918875000000012,9.269307605884796
2025-12-01 12:30:00,10.94,11.054183333333324,10.742073,10.752411051169782,10.926595833333328,10.904449384920746
2025-12-01 15:30:00,10.8,10.892801482153471,10.7223835,10.64719619324024,10.840429638888883,10.770936579928753
2025-12-01 18:30:00,10.49,10.694585065443825,10.719947,10.64543688987802,10.664657714285738,10.670198629645341
2025-12-02 00:30:00,10.3,10.72838355820106,10.416649,10.613217278962477,10.44702130555556,10.671240133394956
2025-12-02 03:30:00,9.77,10.993499999999996,9.974736,10.633401870781965,10.203815972222207,10.81482582118798
2025-12-02 12:30:00,9.56,9.97975000000001,9.449941,9.799891148686564,9.734099999999994,9.890507290990975
2025-12-02 15:30:00,9.33,9.607950000000002,9.318259,9.437158163580508,9.397449999999989,9.523206179791003
2025-12-02 18:30:00,9.1,9.42749999999999,9.15568,9.445112057966275,9.179249999999998,9.436238784622805
2025-12-02 21:30:00,5.85,9.251600000000002,9.005356,9.16221804560419,8.675037500000006,9.207250290833322
2025-12-03 00:30:00,8.14,6.857899999999989,5.4968123,5.336094170390335,6.271749999999995,6.102807471451452
2025-12-03 06:30:00,7.66,7.805335714285714,7.477229,7.737094014011095,7.641499999999997,7.771475416861284
2025-12-03 09:30:00,7.2,7.447266666666669,7.2897177,7.492022688395284,7.345810416666673,7.469473795169719
2025-12-03 12:30:00,6.75,6.706046821428572,6.9422507,6.930631122455858,6.78635166666667,6.817481489659864
2025-12-03 15:30:00,5.68,6.315870074264817,6.6562157,6.646378830798324,6.7335592637555655,6.479862541518232
2025-12-04 03:30:00,5.53,5.109765384977997,5.4943,5.501372838514408,5.604808333333331,5.3040739206241705
2025-12-04 09:30:00,6.02,5.022046089012929,5.6407547,5.5298381554757166,5.580274710144924,5.274003328223021
2025-12-04 21:30:00,6.23,6.570742692307689,6.149816,6.127005978314624,6.697058333333332,6.350568560457512
2025-12-05 12:30:00,6.28,6.741501811594207,6.254172,6.221393510386881,6.873025000000002,6.4834334794611514
2025-12-06 00:30:00,5.97,6.881350000000002,6.8544207,6.417364929352847,7.481450000000007,6.651128999799472
2025-12-06 15:30:00,5.8,5.800281726318921,5.848764,5.936267646013298,6.20064813852814,5.867755480165272
2025-12-07 06:30:00,5.5,5.444892668230319,6.1760254,5.903305167058892,5.521970815045085,5.672348659082651
2025-12-07 15:30:00,5.4,5.074642118605538,5.5653048,5.567730352507633,5.34120828431372,5.31930358203952
2025-12-07 18:30:00,6.3,5.221591974978837,5.7676954,5.659604490023691,5.736852675438591,5.438925862841494
2025-12-08 09:30:00,6.18,6.632651811594208,6.472106,6.279589204122175,6.801425000000002,6.457468531424766
2025-12-08 15:30:00,5.96,6.784438098358915,6.2671657,6.130794586242045,7.320643571428572,6.460112009753857
2025-12-09 09:30:00,5.18,5.985664205681879,6.064398,6.023900446402217,6.001028138528144,6.004636336768481
2025-12-10 09:30:00,5.15,5.16830057736978,5.427298,5.162144849861716,6.066391111111111,5.165246216715692
2025-12-10 15:30:00,5.1,5.084207673840956,5.2587385,5.174700555012159,5.7587361507936485,5.129108604780833
2025-12-11 12:30:00,5.83,5.3127458086096695,5.2020674,5.097977675364267,5.523772876984128,5.206181745291869
2025-12-13 09:30:00,5.55,5.674319838282284,5.747181,5.790795819307921,6.006964393939395,5.732113113427234
2025-12-14 09:30:00,4.66,5.588394226394039,5.873696,6.143376393850388,6.057957058629765,5.863766340214533
2025-12-17 15:30:00,4.68,5.223785667033346,5.047649,5.314796106329019,5.178333333333327,5.268943400953782
2025-12-18 15:30:00,4.7,5.275411788529151,5.1221495,5.277616439175378,5.370714999999998,5.276505696305449
2025-12-18 18:30:00,4.83,5.233070789624338,5.1511045,5.271161043665394,5.750013040293031,5.251970484761065
2025-12-19 09:30:00,4.76,5.15251285110983,5.2020717,5.230007477732462,5.3993872294372265,5.190964283235317
2025-12-19 12:30:00,4.7,4.947258371063099,4.8106875,4.905061078847862,5.106008333333331,4.926320837866188
2025-12-19 15:30:00,5.35,4.867820987795695,4.8369465,4.904909209044087,4.993404583333327,4.886223492383944
2025-12-21 09:30:00,5.09,5.2105158564963325,5.4831457,5.289184042962043,5.606427953216369,5.249549587790394
2025-12-21 15:30:00,4.39,5.343224254275961,5.2182503,5.179805216464113,5.530201666666662,5.262138683388137
2025-12-24 09:30:00,5.02,4.599888198543827,4.644479,4.643922293219512,5.011681894841267,4.621737119900329
2025-12-25 09:30:00,4.43,5.410203981831906,5.103268,5.094891387096676,5.45689222222222,5.2537515752177875
2025-12-29 09:30:00,4.33,4.6125675345384165,4.7726755,4.650414068011372,5.122623283730153,4.631346299937299
2026-01-01 09:30:00,4.07,4.649306675140167,4.391009,4.560033069973184,4.47343475198412,4.6050107269011775
2026-01-10 12:30:00,4.06,3.957486574918883,3.8629904,3.944132679185433,4.051158893214452,3.950860613380852
2026-01-10 15:30:00,4.06,4.017474920862961,3.8821661,3.919450929168896,4.197999920000162,3.968837189092885
2026-01-10 18:30:00,4.16,4.051239864601819,3.9311798,4.141944808679527,4.3672618247620685,4.096246017320434
2026-01-11 09:30:00,3.91,4.180154278253287,4.070914,3.933453721415145,4.302595989487744,4.057745923893765
2026-02-20 06:30:00,5.05,4.201872606613341,4.1549554,4.408526254209275,4.305205935209502,4.30441040891432
2026-02-21 21:30:00,4.27,4.8294213178854,5.4863043,5.903733449102691,5.084520249999995,5.3624755668754345
2026-04-15 09:30:00,4.98,4.163786257479325,4.255588,4.591233369010586,4.610293462301587,4.375877783209448
2026-05-10 06:30:00,5.57,5.320870541460796,5.4284325,5.117034716584415,5.736677450980389,5.219730891828777
2026-05-11 21:30:00,5.62,5.590901975218629,5.645036,5.788319088166837,5.651075668791541,5.688856776083763
2026-05-12 15:30:00,5.44,5.481304451695645,5.617491,5.880882576990368,5.423589465673476,5.679567890506934
2026-05-12 21:30:00,6.6,5.4440082693546685,5.7770166,5.662262066387233,5.778955841243759,5.552301856000285
2026-05-13 06:30:00,8.1,6.770286935594897,6.945134,7.09792512613033,6.752449999999998,6.93285507991849
2026-05-13 21:30:00,8.22,8.062349999999999,8.130227,8.04298162833903,8.187449999999993,8.052739764287404
2026-05-14 00:30:00,8.59,8.017400000000004,8.230236,8.115548422446697,8.057549999999997,8.066099472059019
2026-05-15 00:30:00,8.7,8.507408333333334,8.282224,8.36420636553149,8.46058035714286,8.436354106928933
2026-05-15 21:30:00,8.68,8.676108333333346,8.591037,8.498045632548557,8.611092099567115,8.587756841730599
2026-05-16 00:30:00,10.26,8.651835000000009,8.652923,8.442429578915808,8.64713948051949,8.547931817464034
2026-05-23 21:30:00,10.1,10.428112499999992,9.513106,9.580650067900036,9.744629166666677,10.007616968800464
2026-05-24 06:30:00,9.48,10.172149999999997,9.971592,9.939141115627818,9.867700000000005,10.056535205883986
2026-05-24 21:30:00,8.75,9.660787500000009,9.556972,9.595079977836743,9.384049999999988,9.62818461592008
2026-05-25 21:30:00,8.63,8.485850000000006,8.886825,8.53149483520685,8.517350000000006,8.50849814167545
2026-05-26 09:30:00,6.95,8.728599999999998,8.773706,9.002174619968642,8.603225000000004,8.86434277842779
2026-05-30 21:30:00,5.7,6.611764285714287,6.759584,6.786176315490744,6.756924999999999,6.69830438039047
2026-05-31 21:30:00,8.22,5.9738598946886405,5.793233,5.81682460982926,5.879422727272729,5.895941826556239
2026-06-12 18:30:00,8.31,8.041099999999997,7.9903502,8.033040735832609,7.755936842105261,8.037101138883822
2026-06-12 21:30:00,8.35,8.158550000000004,7.9447713,8.172272436881256,8.084579166666664,8.165358824989962
2026-06-13 00:30:00,8.43,8.19573333333333,7.90449,8.290445245092787,8.283335897435892,8.242727670943705
2026-06-13 03:30:00,8.6,8.516054761904748,8.224113,8.33527154296484,8.387690619658114,8.426353398398016
2026-06-13 12:30:00,8.65,8.60378500000001,8.329677,8.692816669991414,8.466009484126985,8.64796090438063
2026-06-13 15:30:00,8.69,8.628626666666683,8.571807,8.55673333735782,8.518363777056283,8.592954496960559
2026-06-13 18:30:00,8.63,8.598007222222234,9.162013,8.946504397609774,8.45762520562771,8.770925217563924
2026-06-13 21:30:00,8.6,8.562328333333339,8.676742,8.561267084575118,8.52757650432901,8.561801760893758
2026-06-14 00:30:00,8.55,8.565033333333336,8.682878,8.555688832066942,8.531135595238098,8.560396760814044
2026-06-14 03:30:00,8.52,8.481304761904767,8.456937,8.438936736046658,8.468350833333336,8.460282513762232
2026-06-14 06:30:00,8.33,8.463983333333342,8.420882,8.3550848297074,8.437495277777778,8.40994986542426
2026-06-14 12:30:00,6.12,8.212235714285713,8.086647,8.256909865758237,8.205029230769224,8.234402220248434
2026-06-18 09:30:00,7.58,6.394039999999999,6.3781443,5.991607855284932,5.948250000000004,6.194360448371487
2026-06-22 21:30:00,7.78,7.014764285714282,7.557673,7.643980354235195,7.082241666666673,7.326969918613384
2026-06-23 00:30:00,7.97,7.634988888888887,8.279076,8.120056702998317,7.747300000000001,7.875670765082875
2026-06-23 06:30:00,7.92,7.932400000000007,8.053039,7.929875522449357,7.835150000000003,7.931147399898274
2026-06-23 21:30:00,7.73,7.733550000000003,7.891672,7.806730811440413,7.721299999999998,7.769860995053784
2026-06-24 00:30:00,7.45,7.398774722222225,7.7539477,7.718251923100323,7.42860539215686,7.5572935310813865
2026-06-24 03:30:00,7.05,6.837504581529581,7.2786365,7.215597433493938,6.732797023809522,7.02510741630721
2026-06-24 06:30:00,6.2,6.790341944444441,6.854802,6.97919357443362,6.716629063852813,6.884046707584702
2026-06-24 15:30:00,7.58,6.379528076923079,6.424382,6.359247344226177,6.599300000000004,6.369465144165849
2026-06-29 21:30:00,7.89,6.891385639880949,7.29103,7.263782867164115,7.037999999999998,7.076162408705547
2026-06-30 03:30:00,4.74,7.930818888888888,7.9696984,7.998746421918531,7.810349999999999,7.964523302208538
2026-07-11 09:30:00,6.84,5.619418333333331,6.2580376,5.8181454843537335,6.717450000000002,5.718023151395917
2026-08-01 15:30:00,7.06,6.864279999999996,6.966298,6.958188490602553,7.222105225563907,6.910875694563375
2026-08-01 18:30:00,7.13,6.905644621047816,6.717783,6.957435610417543,6.935390208333336,6.931342373256617
2026-08-01 21:30:00,6.99,7.195416147277296,6.7622743,7.085059845038489,7.173297324134203,7.14065934606295
2026-08-02 00:30:00,6.7,6.43987978359551,6.684358,6.610159199492966,6.719869639201201,6.524369350009351
2026-08-02 03:30:00,5.98,6.590585367284257,6.835844,6.703287921280841,6.739964351597724,6.646506336185386
2026-08-02 09:30:00,5.74,5.754509717314851,6.5670533,6.194851271939286,6.27323333333334,5.9729992324927785
2026-08-03 00:30:00,6.08,5.823697675355467,6.751593,5.989872683802936,6.6502019047619045,5.90615070902689
2026-08-03 03:30:00,6.75,6.382890728715728,7.058469,7.003423663438092,6.741791666666668,6.690787947671276
2026-08-03 06:30:00,7.72,6.820495342188291,6.7388287,6.901677478520127,6.938099999999997,6.860776449937432
2026-08-03 15:30:00,7.92,7.643041666666672,7.5034094,7.553658805406646,7.751850000000005,7.598691507530372
2026-08-03 18:30:00,8.24,8.01674117647059,7.664106,7.744561345137522,8.09462499999999,7.881690466936958
2026-08-04 00:30:00,8.91,8.042171428571429,7.9375496,8.013528454493835,7.976943333333334,8.027959302884573
2026-08-04 00:30:00,8.35,8.556697222222217,8.378372,8.251096007530235,8.25889722222222,8.40506342674092
2026-08-04 03:30:00,8.43,8.220199999999995,8.033015,8.23808430184304,8.12029166666667,8.229073867110527
2026-08-04 06:30:00,8.6,8.34973333333333,8.5932455,8.369488890207462,8.220689722222222,8.359535683345879
2026-08-04 09:30:00,8.78,8.556076666666666,8.380694,8.443705628639565,8.360828650793657,8.500320189993637
2026-08-04 15:30:00,8.83,8.658947222222228,8.886719,8.680180683695864,8.44407727272728,8.669482881766966
2026-08-04 18:30:00,8.9,8.524400000000007,8.945508,8.63457838873816,8.461828582251094,8.579068523753154
2026-08-04 21:30:00,8.94,8.198065555555557,8.516845,8.121765944618318,8.477438939393945,8.160207068599536
2026-08-05 03:30:00,8.94,8.29892222222222,8.666681,8.108984934265957,8.626451388888889,8.204678775234417
2025-06-10 09:30:00,0.71,0.2939474688505941,0.1807751,0.2012110590543022,0.3045796031804639,0.24793333958447292
2025-10-21 18:30:00,0.85,0.5330639465408807,0.5769079,0.4895101924191192,0.7787249672624534,0.5114533614795672
2025-10-23 18:30:00,0.8,0.8947345600193332,0.9067198,0.8318636724082525,0.8642080953457838,0.86353916269948
2025-10-24 18:30:00,0.94,0.9521069681659016,0.9291061,0.8951063144603325,0.8649571531353948,0.9238242747381218
2025-10-25 18:30:00,0.61,1.0577359810735727,1.1315631,1.0901440777962386,1.069310277646213,1.0738162925191137
2025-10-27 09:30:00,0.8,1.0018973706925969,1.1052569,1.0232345316695486,1.2837169195353766,1.0124844840553222
2025-10-30 09:30:00,0.58,1.0874742416019003,1.0098394,1.0507555035742835,1.0947858729584343,1.0692550679051505
2025-11-06 09:30:00,0.56,0.9570099347648108,0.8405454,0.8008671636658855,0.9080745839120288,0.8795347158179199
2025-11-12 09:30:00,0.55,0.6351550586340441,0.6864929,0.726614293982097,0.7546535938177585,0.6805354770385332
2025-11-21 18:30:00,3.54,0.8703506109857422,0.6521617,0.6311293031574203,0.8368344227325107,0.7516533247116395
2025-11-24 18:30:00,3.39,1.9845000000000008,1.1768914,1.5805527987678771,2.1449,1.784068704729758
2025-11-25 15:30:00,4.81,2.176438185286935,1.7673861,1.987165273136372,2.3184813596491254,2.0825243895577037
2025-11-27 09:30:00,5.37,4.617195707611688,4.2836328,4.463731712135291,4.201156623495041,4.541049648679087
2025-11-27 12:30:00,6.12,5.395729895330915,4.978986,5.142937023392478,5.156596702602957,5.270298644407134
2025-11-27 18:30:00,4.1,5.761237162348277,5.6670303,5.723952435520519,5.723068015925333,5.742737155245639
2025-12-01 12:30:00,3.76,3.474785969818023,3.4702117,3.5058203705605684,3.6807278664040153,3.490184678163547
2025-12-01 15:30:00,3.58,3.64713703522814,3.4944997,3.581775632582773,3.40460872838645,3.614705889392913
2025-12-01 18:30:00,3.08,2.892292288013189,2.9654372,3.026479108527501,2.8080422049819678,2.9588733613857556
2025-12-02 12:30:00,2.87,3.080529545192692,2.810232,2.9646392601069187,3.1033420594703305,3.023026881779927
2025-12-02 15:30:00,2.52,2.990164397158994,2.6710463,2.721521462090141,2.9882185266964525,2.856868631581678
2025-12-02 18:30:00,1.92,2.534681790215038,2.3280303,2.4177115692432976,2.5842568047482537,2.4766432821478896
2025-12-03 12:30:00,1.9,2.1935145200159827,2.0171976,2.2283581933966112,1.9954035268628412,2.210803320548207
2025-12-03 15:30:00,0.58,2.014019054973982,2.1377902,2.2800060906151987,1.8288927767054532,2.145997011291164
2025-12-04 09:30:00,0.56,1.2336158942508022,1.1333762,1.1391232689116473,1.21960494816587,1.1867303625960617
2025-12-05 12:30:00,1.5,0.9367113080839742,0.83862185,0.9333240898640888,1.024883972419202,0.9350306316661061
2025-12-06 15:30:00,1.29,2.487641801807193,2.2514048,1.6981935616977917,2.569660244209456,2.09593186340112
2025-12-07 15:30:00,1.3,1.526118442009296,1.4620467,1.520110176422656,1.5437996642466647,1.523137249293553
2025-12-07 18:30:00,1.47,1.3892659979285509,1.3956759,1.3803520672697385,1.3719355263479007,1.384843066757236
2025-12-08 09:30:00,1.46,1.7677845449038023,1.6583134,1.6462739572916778,1.5672743550705714,1.7074931890289253
2025-12-08 15:30:00,1.27,1.5369442749005229,1.4617734,1.5047437145274434,1.5719889941153642,1.5209669392380452
2025-12-09 09:30:00,0.76,1.2434877554812296,1.2771508,1.3801768800127232,1.2601574538688325,1.3113104268492617
2025-12-10 09:30:00,0.8,1.2060881272198956,1.1425408,1.1176232144803064,1.200924470472974,1.1621934375369836
2025-12-10 15:30:00,1.18,1.2137258733680476,1.1335889,1.0552015359018958,1.045646624606302,1.1350689642638805
2025-12-11 12:30:00,1.69,0.9869720068945084,1.2158897,1.2712873966320029,1.0879989991737335,1.1280441610189371
2025-12-13 09:30:00,1.72,1.5886854017254668,1.7237822,1.6844945583189674,1.664430361169927,1.636224172377203
2025-12-14 09:30:00,0.61,1.649122921332581,1.6870364,1.754698774979935,1.660895061318845,1.701507750417313
2025-12-17 15:30:00,1.33,1.3072451300220371,1.3100923,1.1688781972825684,1.3582204337660355,1.2385899605668445
2025-12-18 15:30:00,1.35,1.6998997711078914,1.5787897,1.4810834800992316,1.6160573134859408,1.591327085124869
2025-12-18 18:30:00,1.94,2.162196773192945,2.284877,1.630381154123712,2.087542223677473,1.8983194816809286
2025-12-19 09:30:00,1.88,2.1572712225688755,1.7601024,1.8337602432920908,2.0200768655810992,1.9967509258251186
2025-12-19 12:30:00,1.87,1.8199583772014,1.7541114,1.7556443429938229,1.9865516249041013,1.7880469166418007
2025-12-19 15:30:00,1.73,1.801166334481718,1.7533492,1.8639055656451773,1.7977640105324555,1.8322964062534624
2025-12-21 09:30:00,1.72,1.7384901801319186,1.7944512,1.924287850534705,1.8715754831909128,1.830679623760777
2025-12-21 15:30:00,0.46,1.6444976348900275,1.5986371,1.7675918022441206,1.7099503122796702,1.7055747343914927
2025-12-24 09:30:00,0.42,0.9397010129196904,1.1136243,1.0969320482347829,1.2256753296543186,1.0177162088877794
2025-12-25 09:30:00,0.49,0.7969787300298907,0.9539111,0.821604011777126,0.92124081439525,0.8091973494483151
2025-12-29 09:30:00,0.69,0.6851866252373793,0.70458734,0.7956616234740799,0.6628386818866048,0.7400023212590868
2026-01-01 09:30:00,0.4,0.8650928686775903,0.48761126,0.5464198989290605,0.499102420257884,0.7069731047592129
2026-01-10 12:30:00,0.39,0.7471917605036045,0.5391533,1.1468173849651877,0.5846704121293435,0.9454787675423968
2026-01-10 15:30:00,0.39,0.4222181527893031,0.42978454,0.4744692588515466,0.5055789769180143,0.4481442065790413
2026-01-10 18:30:00,0.4,0.4702384102505176,0.4553287,0.4614880540742258,0.6410429848371123,0.4658966417789437
2026-01-11 09:30:00,0.13,0.3958855052785107,0.36971706,0.4549849337625667,0.3709607354380601,0.425209572791937
2026-04-15 09:30:00,1.61,0.3350602049877926,0.28830442,0.3978398378777882,0.5198670517223851,0.3662103233655195
2026-05-12 15:30:00,0.25,1.5575099999999995,1.4894501,1.533602485295861,1.670195867604617,1.5456475236064835
2026-05-26 09:30:00,0.51,0.6949646019721019,1.0248538,0.6624089892117547,0.6513945818462977,0.6788110957367084
2026-06-12 18:30:00,1.64,0.7433001731912923,0.666564,0.5128865171957252,0.7199991814321572,0.6289730844572239
2026-06-13 12:30:00,1.58,2.034235714285713,2.112398,1.7629148762646696,2.354408432238668,1.8996112216973464
2026-06-13 15:30:00,1.44,1.929474980158731,1.8268989,1.6588110149786048,1.9437559712390535,1.795176415993513
2026-06-13 18:30:00,0.7,1.5412142833766835,1.5509012,1.6485753412564157,1.6037165818716173,1.594484898513469
2026-06-14 12:30:00,0.27,1.1678157430639209,1.0109106,0.9739163904420476,1.2737275527284746,1.0716063912488278
2026-06-18 09:30:00,0.45,0.892696969299921,0.8199935,0.7741459891637354,0.9968785503077924,0.8338741171257372
2026-06-24 15:30:00,0.15,0.6649394419332454,0.52520615,0.560883101301088,0.6340596375284007,0.6133085677240189
2026-07-11 09:30:00,0.03,0.4181013558716021,0.28235736,0.2759929831353588,0.4224409633503045,0.3475897515594726
2026-08-01 15:30:00,0.03,0.3756554439971769,0.2608633,0.2221190232018068,0.3141794878659371,0.2994734489312193
2026-08-01 18:30:00,0.04,0.3796019144287132,0.18173501,0.1657682508240712,0.1900196484193142,0.2735015180453966
2026-08-02 09:30:00,0.04,0.0906035106890471,0.07981314,0.0640910639365821,0.08636960696897,0.0774485141271912
2026-08-03 15:30:00,0.04,0.0828330617234196,0.08733585,0.0554429402865994,0.0995538735773898,0.06924257885722829
2026-08-03 18:30:00,0.03,0.0868374476883319,0.08954776,0.0522252791964985,0.1027678071091358,0.0696635156948198
2026-08-04 09:30:00,0.03,0.0542357139146476,0.101258956,0.0627287072772406,0.054319616005219,0.0584497836128503
2026-08-04 15:30:00,0.03,0.0588117846449925,0.07273847,0.054080583627258,0.0571710837082676,0.056464248270743686
2025-06-10 09:30:00,2.93,1.625427658534888,1.2711762,1.0894368855533076,1.610478641814933,1.3594787311653835
2025-10-21 18:30:00,2.73,2.463735877828628,2.8362467,2.4389299214076967,2.668161149665392,2.4514276109048834
2025-10-21 21:30:00,2.71,2.370389114267321,2.9385803,2.7655710266809903,2.335600216328639,2.566471231759027
2025-10-22 00:30:00,1.95,2.420427923582086,2.2755606,2.308176773144366,2.4087662377826238,2.3647309329625656
2025-10-23 00:30:00,3.28,2.472182472933263,2.233239,2.184188963870568,2.342043229418486,2.329285302523884
2025-10-23 18:30:00,2.58,3.1805081996799887,3.2045443,3.001823582001673,3.3160836560271867,3.0918481241629587
2025-10-24 18:30:00,2.47,2.565722023929576,2.7315748,2.660665089939877,2.494107925149156,2.6128310560984547
2025-10-25 18:30:00,1.55,2.4755052675620504,2.7115805,2.400282500182636,2.394594791327779,2.43818109090312
2025-10-27 09:30:00,1.2,2.814064761738653,3.1235895,2.2055102516470244,3.364736628650636,2.512111020437392
2025-10-30 09:30:00,1.15,1.5252200873282888,2.0317428,1.7715985439623674,1.5202833176325756,1.6474686213922116
2025-11-06 09:30:00,1.16,1.5480753882038996,1.4162865,1.4118570847360237,1.3422849113152977,1.4804863297321407
2025-11-12 09:30:00,1.63,1.548897101482465,1.38495,1.313029608333312,1.509491441810153,1.4318639173934788
2025-11-21 00:30:00,1.69,1.4937634044202457,1.4687558,1.4416795190836509,1.5211281444104576,1.4679203225301407
2025-11-21 06:30:00,1.47,1.5275265826584552,1.5884017,1.5213821537175,1.7304337250848183,1.5244778281490163
2025-11-21 18:30:00,4.61,1.5170558225637292,1.5271776,1.448527723318382,1.5467359376292094,1.4830534191499722
2025-11-23 03:30:00,4.43,3.0220624999999983,2.7119827,3.074980444568545,3.005546666666668,3.0483194269958056
2025-11-23 06:30:00,5.7,3.7476849431818193,3.591411,3.383118982307564,3.694184057259232,3.5667939071093135
2025-11-24 00:30:00,5.82,5.765470826067102,5.419131,5.244560376942821,5.798736602263856,5.507004482645682
2025-11-24 03:30:00,3.28,5.736357996694757,5.222283,5.150073540115912,5.84749642676768,5.445454253159763
2025-11-24 18:30:00,3.1,3.453124038558339,2.8102078,2.9163268382694363,3.8479333333333328,3.1867749765443687
2025-11-25 03:30:00,2.46,3.0540286055153394,3.066818,3.1439630508446905,3.2335983517047606,3.0986524506906257
2025-11-25 15:30:00,2.32,2.603562030615716,2.474456,2.4800214003064496,2.6644351032620546,2.5422634042708347
2025-11-25 21:30:00,1.28,2.3306325535974337,2.3665183,2.4271126244881884,2.371336551671759,2.3785042197889927
2025-11-26 00:30:00,4.02,1.717936962214767,1.6589113,1.9780255508999127,1.8783195554556305,1.8469882158344626
2025-11-27 00:30:00,7.61,2.981343098418382,3.253939,3.281734179140801,3.334876666666665,3.1303917196569397
2025-11-27 09:30:00,8.16,6.520299999999999,6.2411923,6.056694606000361,7.017199999999997,6.2902673884849545
2025-11-27 12:30:00,8.42,7.522999999999999,7.0215206,6.847301418231679,7.462116666666673,7.187730584732368
2025-11-27 18:30:00,10.76,7.756800000000006,7.3351974,7.278041667553314,7.838350000000004,7.519248774490782
2025-11-28 09:30:00,11.38,10.028599999999985,9.117045,9.483551306678155,10.026299999999996,9.758156696383502
2025-11-28 12:30:00,11.8,11.261400000000002,10.341737,10.476730600251008,11.028799999999997,10.872061235748383
2025-11-28 15:30:00,12.54,12.076350000000003,11.016043,10.981545682770074,11.556375000000005,11.533127898941915
2025-11-29 06:30:00,12.49,12.924,12.275157,12.56944206564255,11.899150000000006,12.748074765675206
2025-11-29 09:30:00,11.47,12.463199999999995,11.732092,11.937319525414765,11.945,12.202267619835094
2025-11-29 15:30:00,6.95,11.546099999999994,11.006802,11.149547682997312,11.532116666666656,11.349337912537006
2025-11-30 00:30:00,4.0,4.809699999999996,5.7662153,6.4282410201144025,6.707091666666669,5.612790780478342
2025-11-30 18:30:00,3.84,3.7857579509379553,3.176055,3.5362778385111446,4.087740231543745,3.6619704313677
2025-11-30 21:30:00,3.11,3.549790551579392,3.3062348,3.3991044377242035,3.4422463057414467,3.4750228272651458
2025-12-01 12:30:00,3.0,3.129236559153186,2.793544,2.8297500664345105,3.1236345476512217,2.9806367781212764
2025-12-01 15:30:00,2.9,3.1615609720108706,2.6817825,2.7223617153833866,2.997770475949795,2.943638244438884
2025-12-01 18:30:00,2.68,3.001113836809464,2.5970578,2.720718592241765,2.916086591075611,2.861986787816678
2025-12-02 00:30:00,2.51,2.600781114964694,2.4019823,2.4527812550414274,2.518023987534383,2.527346261266602
2025-12-02 12:30:00,2.47,2.520198973800726,2.415255,2.4184593103281258,2.440168936355285,2.4697175928975468
2025-12-02 15:30:00,2.41,2.54856145160032,2.5015247,2.431865601307101,2.3879426257520557,2.4906590813014557
2025-12-02 18:30:00,2.35,2.5610472839603937,2.5374854,2.367187587537516,2.484312738223779,2.4648576088340013
2025-12-02 21:30:00,2.09,2.444237780365873,2.4461076,2.293327009977724,2.2515252795631757,2.3693585855432167
2025-12-03 00:30:00,2.2,2.0905076288082003,2.0754762,2.1345124822179247,2.0950646614339696,2.1123420411774045
2025-12-03 06:30:00,1.18,2.3316729344825493,2.2043428,2.093336149038941,2.1656071892119817,2.2134145322178487
2025-12-03 09:30:00,2.15,1.844651002202196,1.7327324,1.5629775000265045,1.52112697552225,1.7048897049034992
2025-12-03 12:30:00,2.15,2.29701270637166,1.9599444,2.0307172991867453,2.169617913149571,2.164881741671849
2025-12-03 15:30:00,2.08,2.0372711295885777,1.977604,2.020221204862437,2.077525154833114,2.0288112653125117
2025-12-04 03:30:00,2.02,1.8814115481079117,1.8340863,1.860690718222643,1.9222327281979807,1.8711302470856221
2025-12-04 09:30:00,1.92,1.992883391198908,1.9451573,1.9481876844669743,2.0197446670927635,1.9707061899063247
2025-12-04 21:30:00,1.82,1.9938512176257288,2.0994658,2.083337601623555,1.851416347223393,2.038252742872163
2025-12-05 12:30:00,1.78,1.927442989228248,1.8753023,1.9009162276210825,1.8868701090494728,1.9142808898943948
2025-12-06 00:30:00,1.89,1.878959374553032,1.9395901,1.7976244702027906,1.8761514388089156,1.8386024660761926
2025-12-06 15:30:00,1.64,1.9660562607924972,1.8983973,1.842446432214513,1.875370224357468,1.904723299518231
2025-12-07 06:30:00,1.62,1.7804655684034174,1.6322519,1.698855422732089,1.74670461139531,1.7399720901612001
2025-12-07 15:30:00,1.61,1.7032623076045266,1.6285002,1.6531080078606482,1.7087323879686749,1.678376651186125
2025-12-07 18:30:00,1.53,1.6167752917205782,1.602406,1.609372194323812,1.6503247679071706,1.6131020086882417
2025-12-08 09:30:00,1.5,1.5831454667053615,1.5687349,1.581454713268673,1.5511535516182946,1.582306545429847
2025-12-08 15:30:00,1.46,1.6098417404290188,1.6022346,1.5689918827051,1.5544102441719565,1.589572779856359
2025-12-09 09:30:00,1.36,1.5457676949414578,1.5364759,1.588457987260346,1.461733010515795,1.566949845873166
2025-12-10 09:30:00,1.39,1.38574238287343,1.4363456,1.4426789883099604,1.3950931134864093,1.41399329670852
2025-12-10 15:30:00,1.35,1.503381342209391,1.4902359,1.4684598769779391,1.4507266369609046,1.486053942767768
2025-12-11 12:30:00,1.28,1.396429323463358,1.3787423,1.3994538936221357,1.4047027726643535,1.3979300604723295
2025-12-13 09:30:00,1.24,1.3499164490013968,1.2994664,1.3523893686814688,1.3411498259854495,1.3511434670202473
2025-12-14 09:30:00,1.15,1.453682349068866,1.2747592,1.3050123027701517,1.4063597749903132,1.379914961012586
2025-12-17 15:30:00,1.23,1.31378609627212,1.3014752,1.2689667281147408,1.4362426002942597,1.29154753641683
2025-12-18 15:30:00,1.26,1.4752526109214803,1.4140227,1.2940718854576203,1.4756177606716074,1.3853540118670555
2025-12-18 18:30:00,1.42,1.535753281758692,1.4154485,1.293588039660656,1.398901338622239,1.415595268545352
2025-12-19 09:30:00,1.4,1.487673562432077,1.3773891,1.4903387949491889,1.6890588612909807,1.4889960026024052
2025-12-19 12:30:00,1.39,1.4949604275289357,1.4012805,1.441302441226462,1.503700949248267,1.4683363052094998
2025-12-19 15:30:00,1.18,1.4909054609758277,1.6191596,1.5418019665953742,1.462330422185579,1.5161593865258474
2025-12-21 09:30:00,1.17,1.2624038396377013,1.2755193,1.2992354280183804,1.3670858281813352,1.2806790076385752
2025-12-21 15:30:00,1.05,1.345767565486465,1.3488649,1.2665105269950667,1.5253660349607183,1.3064416564675136
2025-12-24 09:30:00,1.03,1.3706092558973366,1.167338,1.1523833791937128,1.3421293790796769,1.2623295228139595
2025-12-25 09:30:00,0.97,1.177517385935686,1.1443826,1.1210702138728454,1.2098237774359035,1.149509320088496
2025-12-29 09:30:00,1.08,1.149350149938371,1.05302,1.014189005424155,1.049519361884667,1.0822856346191387
2026-01-01 09:30:00,0.96,1.115018625979547,1.0907733,1.0549159781683988,1.148539844092578,1.085196779180719
2026-01-10 12:30:00,0.96,1.0062152197120846,1.0353038,1.0033405273184055,1.0076688694997902,1.0047888493393944
2026-01-10 15:30:00,0.96,1.0282670795852369,1.0250942,0.9561637835091964,0.9931747367146164,0.9924907281667996
2026-01-10 18:30:00,1.0,1.1797895956254114,1.044642,0.9522716977570004,1.0026555425308243,1.0668993296999796
2026-01-11 09:30:00,0.73,1.0944964801316217,1.0638757,0.9693512016991944,1.1075716962367637,1.0324016564104568
2026-02-20 06:30:00,0.71,1.063019622030669,0.9679528,1.0288120674189376,1.166376996157428,1.0460464521264243
2026-02-21 21:30:00,0.89,1.0235041214896403,0.8479487,0.8660060424666657,1.083615352045965,0.9453564232635796
2026-04-15 09:30:00,1.31,1.1332797996475754,1.0786918,1.0124760844647216,1.1411966115622638,1.0733391810872719
2026-05-10 06:30:00,1.52,1.587514148680124,1.2175465,1.2103381925132055,1.4664637095929078,1.4003662610137697
2026-05-11 21:30:00,1.51,1.5750168218100369,1.8977739,1.5858895564251787,1.701891991806591,1.5804116760766225
2026-05-12 15:30:00,1.55,1.5079649998794864,1.5761071,1.537748761827297,1.598430145394219,1.5227431638747106
2026-05-12 21:30:00,1.41,1.5883957000833917,1.7956995,1.7615350484502836,1.650870937209287,1.67430431326247
2026-05-13 06:30:00,2.36,1.6174141646116087,1.5432593,1.621953648514338,1.5341819492173017,1.6196665744208785
2026-05-13 21:30:00,2.16,2.2205794500644047,1.908533,2.0987919037924705,2.2720853259372014,2.1601506723117363
2026-05-14 00:30:00,3.88,2.039063642066305,2.001548,1.9555592501099972,2.158653227484287,1.9976302730777198
2026-05-15 00:30:00,2.86,3.19613125,3.8382032,3.4486594454431567,3.699594492753622,3.3214311732338873
2026-05-15 21:30:00,2.8,2.928757511468004,3.0258374,2.7053976006840466,3.053680693219285,2.8179303635305466
2026-05-16 00:30:00,1.39,3.7660157511928314,2.649939,2.7971691710355624,3.37103590152612,3.2852916011386792
2026-05-23 21:30:00,1.31,1.954514283246226,1.5918597,1.5028272405595,1.8839229874718444,1.73039534209168
2026-05-24 06:30:00,1.33,1.5803858257488204,1.593593,1.436678154386617,1.6867971922167202,1.5090806783841648
2026-05-24 21:30:00,1.31,1.5384308914162417,1.3704003,1.4361711722065718,1.6470737392800805,1.487691468262304
2026-05-25 21:30:00,1.26,1.3171862084644217,1.3503424,1.3592904761595226,1.388898974540034,1.3380775845769266
2026-05-26 09:30:00,1.08,1.2634751781338058,1.3168101,1.3239990009397724,1.2790072757274242,1.293506004347491
2026-05-30 21:30:00,1.02,1.201892484214273,1.1224116,1.111156897457794,1.2116576720317285,1.15687112715267
2026-05-31 21:30:00,2.44,1.107094911970065,1.0436095,0.9978476006193552,1.1024299854076185,1.0528883719766573
2026-06-12 18:30:00,2.39,1.688830297619048,2.005768,2.174855367350909,2.087903519668735,1.9299871467395064
2026-06-12 21:30:00,2.32,2.0793838451483477,1.879578,2.1830346741167563,2.3461762864096696,2.1308135118042983
2026-06-13 00:30:00,2.3,2.215648098116934,2.034329,2.167847356004979,2.196879179436516,2.1919302344279306
2026-06-13 03:30:00,2.42,2.703978384827193,2.612253,2.430428051138386,2.39052044423125,2.5682476568122006
2026-06-13 12:30:00,2.37,2.578875362204597,2.2962632,2.3199630072290365,2.5560393862308035,2.4504077344776753
2026-06-13 15:30:00,2.36,2.4255458186970404,2.2244873,2.189162879921596,2.345124275506758,2.308256879810883
2026-06-13 18:30:00,2.28,2.449027973147715,2.462965,2.57877052489489,2.360932896375965,2.513403880739186
2026-06-13 21:30:00,2.16,2.3367502310234505,2.2725132,2.2864851663285246,2.1396772662021197,2.3118096150396865
2026-06-14 00:30:00,2.1,2.1054664249060617,2.0584912,2.1681427127922537,2.142742430442182,2.136565265362048
2026-06-14 03:30:00,2.03,2.065185398842276,1.9960192,2.0574552619951136,2.13186380682392,2.0613498447496443
2026-06-14 06:30:00,1.85,2.008400562952568,1.9223404,2.0157186270811818,1.9849624476155103,2.012031654015199
2026-06-14 12:30:00,1.17,1.9119033714229383,1.8358455,1.9057202938936288,1.893589063393241,1.9088354401829748
2026-06-18 09:30:00,1.48,1.68587699096041,1.5229023,1.5396675863798723,1.6338092058780027,1.6133305288203532
2026-06-22 21:30:00,2.22,2.1159621337478702,2.013026,1.8499242844663564,2.2386144906794696,1.983958964621412
2026-06-23 00:30:00,2.81,2.497391476590167,2.5616808,2.3457829423312706,2.587624024577571,2.4221660639549345
2026-06-23 06:30:00,2.02,2.6593559420289847,2.382505,2.315044466112034,2.7337318000089628,2.488514815060049
2026-06-23 21:30:00,1.88,2.0876373665224133,1.7386651,1.9775023524543625,2.240604976931954,2.032990364496074
2026-06-24 00:30:00,1.75,1.9329272585682569,1.836287,1.787138354486352,1.84607594477674,1.8605894411702497
2026-06-24 03:30:00,1.64,1.8010573779190115,1.7302741,1.9577069613536624,1.8498104062271312,1.8787840679804404
2026-06-24 06:30:00,1.44,1.6072239153319243,1.5540214,1.5978185264236582,1.6243136760433383,1.6025571314659781
2026-06-24 15:30:00,1.2,1.4189649283846193,1.4776188,1.4997633133133754,1.5132902659145884,1.4590556256282627
2026-06-29 21:30:00,1.44,1.2763816969466706,1.4910648,1.4223148792542746,1.2759463290389084,1.3487911025907846
2026-06-30 03:30:00,1.12,1.684268890046073,1.6705552,1.6211398989445684,1.6254629216019274,1.6529454264424537
2026-07-11 09:30:00,3.33,1.1948202843480384,1.1842341,1.1964382209211155,1.1138224671561927,1.1956230752128292
2026-08-01 15:30:00,2.5,2.694522916666663,2.7428854,2.579382811101284,3.1013041666666674,2.6373924787638146
2026-08-01 18:30:00,1.9,2.087834310365561,2.1070495,2.127717125843401,2.2486947723899884,2.107623442066102
2026-08-01 21:30:00,1.58,1.93760037960718,1.9273424,1.9231224263254023,2.0494974736167517,1.930416681043908
2026-08-02 00:30:00,1.42,2.4344794506201066,2.01999,2.1254616523494896,2.265151974455863,2.2811504081610474
2026-08-02 03:30:00,1.26,1.761855792757956,1.5638105,1.5916549765679262,1.6560104592359883,1.6774052260973462
2026-08-02 09:30:00,1.1,1.399751512939588,1.4625751,1.459665862244663,1.5967764328118088,1.4294799294253584
2026-08-03 00:30:00,1.09,1.3366306930763685,1.2901896,1.2384026224746356,1.2323805386929316,1.2878917010433757
2026-08-03 03:30:00,1.08,1.4698811606800355,1.6033962,1.3987859851794506,1.2290283591162896,1.4346050204577914
2026-08-03 06:30:00,2.02,1.3448815216119638,1.1146581,1.1831107103660548,1.2151180846402676,1.2646137709355494
2026-08-03 15:30:00,1.61,1.8590364186634625,1.7656268,1.7883075969406628,2.047949831548036,1.8239420565597064
2026-08-03 18:30:00,4.53,1.7961934924897651,1.7329937,1.7830930033582246,2.0063842474755917,1.7896932667243695
2026-08-04 00:30:00,1.39,3.610550000000003,3.7254765,3.72187367652746,4.241756250000004,3.6657867948399843
2026-08-04 00:30:00,3.2,2.111412335412532,2.0634983,1.7634498718645188,2.2859016071428586,1.9387596544145613
2026-08-04 03:30:00,2.25,3.323076327409561,3.024159,3.0923754561928645,3.419811181657217,3.208606727677479
2026-08-04 06:30:00,1.88,2.5440222852643632,2.8317456,2.6753172367429983,2.3358652191596336,2.609168465525145
2026-08-04 09:30:00,1.54,1.961031650355164,1.9589527,1.9350030533952287,1.976837424662236,1.9481167313092236
2026-08-04 15:30:00,1.48,1.9706333879518048,1.8323865,1.967057163830337,2.0097224482113694,1.9688589302240218
2026-08-04 18:30:00,1.44,1.8758673061817668,1.6268694,1.6553259479980258,1.7804955130026665,1.7664386730668542
2026-08-04 21:30:00,1.38,1.5880076615867316,1.5826494,1.5963396209761278,1.6569865197181348,1.5921418291399707
2026-08-05 03:30:00,1.35,1.3730588489882352,1.5294793,1.5095577612245716,1.4606516416983646,1.4407871404556802
2025-06-10 09:30:00,11.16,11.159949999999988,10.353282,10.69796517252462,10.440099999999996,10.93072148428395
2025-10-21 18:30:00,11.61,10.841108333333338,10.4780445,10.891022069612491,10.829895198412704,10.865874626511488
2025-10-21 21:30:00,12.01,11.780700000000008,11.427517,11.847894929639589,11.38099166666666,11.814040908767723
2025-10-22 00:30:00,11.05,11.981550000000004,11.878672,11.617084137301664,11.878441666666676,11.800708630831963
2025-10-23 00:30:00,12.66,11.03729642857143,11.276422,11.16920201008086,11.214601547619036,11.102745592409347
2025-10-23 18:30:00,11.2,12.801850000000004,13.177696,12.714447057883444,12.796308333333345,12.758482240932931
2025-10-24 18:30:00,12.05,11.229275,11.247381,11.518988076799728,11.251314583333333,11.373025388819574
2025-10-25 18:30:00,10.43,11.6412,12.0850115,11.839059831654222,11.651898958333334,11.739374469879834
2025-10-27 09:30:00,9.67,11.928166666666677,13.051711,11.193116339609483,12.81035000000001,11.56344798885059
2025-10-30 09:30:00,9.25,11.1937,10.81626,11.042272614761352,14.25285,11.118564470232267
2025-11-06 09:30:00,9.54,10.053249999999991,9.99485,9.880334818807183,10.845999999999986,9.967452614518297
2025-11-12 09:30:00,10.05,9.63885,9.892516,9.86247296798718,10.458187499999994,9.749807672163918
2025-11-21 00:30:00,10.14,9.564429999999998,10.365759,9.65631072555182,10.831149999999994,9.610019554220324
2025-11-21 06:30:00,9.79,10.821622499999997,10.428759,10.200628515659004,11.383916666666666,10.513496516562446
2025-11-21 18:30:00,10.75,9.87681,10.297992,9.77595158849347,10.939399999999994,9.826765880383643
2025-11-23 03:30:00,10.76,11.268299999999996,11.001687,10.52905192017697,11.267940000000005,10.901498473184056
2025-11-23 06:30:00,10.45,10.998708333333322,11.040598,10.941195441928746,10.866872222222224,10.970171476823868
2025-11-24 00:30:00,11.25,10.81680833333332,10.973598,10.61488447435283,10.92662333333334,10.716617366598118
2025-11-24 03:30:00,10.43,10.627548333333335,10.626086,10.58604039263892,10.641926388888905,10.606952843893115
2025-11-24 18:30:00,11.22,10.800858333333316,11.258373,10.854549515704766,11.005350000000004,10.827498926941777
2025-11-25 03:30:00,10.41,10.942569523809524,11.028961,10.867913307069578,10.938837500000002,10.905526459330993
2025-11-25 15:30:00,10.21,10.97393333333333,11.137301,10.946635094164415,11.254725000000006,10.960388440786645
2025-11-25 21:30:00,10.21,11.1944,11.16683,10.913052673790943,11.51259,11.054800545316573
2025-11-26 00:30:00,11.18,11.163300000000005,10.75302,10.70657475654912,11.388317424242429,10.936681194749578
2025-11-27 00:30:00,14.09,11.118407272727262,10.456896,10.774859591649742,11.05075285353536,10.947945126943296
2025-11-27 09:30:00,14.59,14.125399999999996,13.0803795,14.078285618986635,12.493849999999991,14.102022696274261
2025-11-27 12:30:00,15.21,14.066000000000006,12.93067,13.348554227559395,13.855899999999997,13.71001638378032
2025-11-27 18:30:00,19.27,14.594299999999995,13.251207,14.191469705906837,14.407499999999992,14.394422893851193
2025-11-28 09:30:00,20.17,16.41825000000001,13.18173,15.739650283569922,16.501350000000016,16.08154109418451
2025-11-28 12:30:00,20.93,16.39985000000002,12.891625,15.80442460432082,16.535750000000014,16.104410687810798
2025-11-28 15:30:00,21.65,16.822600000000026,13.858088,15.854041082318677,16.649250000000023,16.342018582863624
2025-11-29 06:30:00,21.39,16.600100000000026,14.001067,15.916733340102374,16.65790000000003,16.261025823053124
2025-11-29 09:30:00,20.75,16.865200000000037,14.711662,16.1375344463687,16.741050000000044,16.504145513193336
2025-11-29 15:30:00,19.5,16.478150000000017,13.968931,15.245078754130574,16.524900000000017,15.866322349712412
2025-11-30 00:30:00,16.25,16.345700000000026,13.218361,15.627860185032564,16.51740000000002,15.989520867005357
2025-11-30 18:30:00,15.56,15.859350000000024,13.411236,15.163253021597548,15.577000000000012,15.513959269257622
2025-11-30 21:30:00,12.71,14.906750000000011,13.337921,14.15069902540506,14.726300000000004,14.531611180703385
2025-12-01 12:30:00,12.51,12.434900000000011,12.4023285,12.294112165272448,12.23320000000001,12.36504362276391
2025-12-01 15:30:00,12.22,12.286800000000014,12.026949,12.250918542333416,12.141850000000012,12.26899626967495
2025-12-01 18:30:00,11.85,11.811749999999993,11.806137,11.722675292040384,11.95605476190476,11.767552740957953
2025-12-02 00:30:00,11.71,11.84395,11.430733,11.68054045386468,11.709028192340066,11.762869138710396
2025-12-02 03:30:00,11.37,11.802800000000008,11.536404,11.688580871881795,11.67658478324916,11.746126534449207
2025-12-02 12:30:00,11.27,11.005830357142855,10.83116,11.164713216241331,11.15316666666667,11.084665158196588
2025-12-02 15:30:00,11.15,10.961343172268908,10.871823,11.20905423059796,11.100610714285716,11.084252919191808
2025-12-02 18:30:00,11.09,11.112421388888883,10.968042,11.264015049468991,11.14336404761905,11.187639421473712
2025-12-02 21:30:00,10.52,10.8555464623122,10.731409,10.86787238109518,10.875182615079368,10.861662360279887
2025-12-03 00:30:00,11.04,10.730084047619052,10.618353,10.661743766448312,10.86770523412698,10.696174836136947
2025-12-03 06:30:00,11.02,10.754966040234285,10.86013,10.68011676761562,10.814989281746035,10.717827184920434
2025-12-03 09:30:00,10.98,10.707575524361264,10.615787,10.703418010896131,10.9097821984127,10.705512641374629
2025-12-03 12:30:00,10.91,10.759536754519996,10.719354,10.834430389582804,10.856561861111109,10.79669762167627
2025-12-03 15:30:00,10.44,10.73099446787146,10.763714,10.769482799244033,10.846350551587305,10.750091681780269
2025-12-04 03:30:00,10.69,10.548658333333336,10.91003,10.776826195554564,10.72274801190476,10.66187109981507
2025-12-04 09:30:00,10.52,10.651646772486782,10.653207,10.744968381327524,10.790566761904756,10.69795126693457
2025-12-04 21:30:00,10.45,10.820149999999998,10.61374,10.669220582479978,10.701665138888876,10.745261552807767
2025-12-05 12:30:00,10.68,10.880739999999983,10.477993,10.81029831293472,10.671727876984107,10.845788108920042
2025-12-06 00:30:00,10.32,10.721724999999983,10.755667,10.771197412254706,10.804570793650791,10.746272316179205
2025-12-06 15:30:00,10.1,10.851199999999984,10.460579,10.709128190790793,10.72598037698412,10.78070653784867
2025-12-07 06:30:00,10.15,10.461400000000012,10.500761,10.660165094860307,10.42592333333335,10.56002364510968
2025-12-07 15:30:00,10.06,11.254950000000008,10.444658,10.719379591794704,10.739265833333342,10.989209650029572
2025-12-07 18:30:00,10.4,10.740449999999996,10.430305,10.454708065698371,10.62866583333333,10.598670020264008
2025-12-08 09:30:00,10.13,11.453550000000003,10.477709,10.71205129648191,10.854187916666666,11.08563175441242
2025-12-08 15:30:00,10.02,11.338100000000004,10.409576,10.682702315053872,10.74221583333334,11.01290352256387
2025-12-09 09:30:00,9.84,10.400000000000007,10.477709,10.350783856584751,10.158899166666671,10.375579839783924
2025-12-10 09:30:00,9.79,10.033369999999993,9.938686,10.00323015254236,9.997033333333324,10.018415152815125
2025-12-10 15:30:00,9.48,9.663,9.636346,9.880130978787795,9.960209999999991,9.770736464540386
2025-12-11 12:30:00,9.55,9.374799999999992,9.572215,9.618450698342045,9.507259999999992,9.495695069734943
2025-12-13 09:30:00,9.38,9.423120000000004,9.729243,9.535618776353273,9.64609749999999,9.478939858120139
2025-12-14 09:30:00,9.33,9.480375,9.691292,9.574904052020308,9.881299999999989,9.527278605915097
2025-12-17 15:30:00,9.2,9.43430000000001,9.2819395,9.375837190489827,9.539841666666666,9.405291811307224
2025-12-18 15:30:00,9.15,10.01855,9.719787,9.559792902685006,9.604916666666664,9.790923025611274
2025-12-18 18:30:00,9.13,9.265799999999995,9.475591,9.355118205327528,9.881149999999987,9.310118078031989
2025-12-19 09:30:00,8.9,9.372849999999998,9.213411,9.228539285064835,9.398149999999996,9.301245633321372
2025-12-19 12:30:00,9.21,9.070275,8.780796,8.868655398612438,9.423450000000008,8.97023500037946
2025-12-19 15:30:00,8.95,9.824100000000003,9.371745,9.452588225501772,9.4311,9.639762576832567
2025-12-21 09:30:00,8.95,9.081925000000007,8.792096,8.691259212150953,9.518650000000004,8.888083701836486
2025-12-21 15:30:00,8.85,8.963825000000003,8.78348,8.669993707648533,9.348068181818189,8.818031227107658
2025-12-24 09:30:00,9.04,9.061541666666672,8.759104,8.746719866007153,9.51305,8.905332783196187
2025-12-25 09:30:00,8.76,9.411750000000003,9.448768,9.08834038904766,9.613468181818185,9.251280000385439
2025-12-29 09:30:00,9.11,8.761741666666673,8.758971,8.557618010526426,9.399350000000004,8.660459200367377
2026-01-01 09:30:00,8.57,9.741450000000002,9.361879,9.187236458921094,9.55476818181819,9.46645926468625
2026-01-10 12:30:00,8.57,8.753075,8.792406,8.56402426125762,9.401325,8.659271442697577
2026-01-10 15:30:00,8.58,8.533975000000002,8.772058,8.480868861276244,9.145916666666666,8.507624694468147
2026-01-10 18:30:00,8.68,8.642916666666672,8.625864,8.601448277149824,9.582566666666654,8.62234080180542
2026-01-11 09:30:00,8.44,8.676135,8.517489,8.414805745547946,9.105641666666669,8.546468150466033
2026-02-20 06:30:00,9.26,8.603769999999999,8.73724,8.486271699106684,9.250274999999991,8.54546946822687
2026-02-21 21:30:00,8.71,9.537799999999995,9.259433,9.63753727193096,9.662091666666658,9.587287830436418
2026-04-15 09:30:00,10.19,8.685050000000004,9.366556,8.981605924645871,9.61210000000001,8.832195686157831
2026-05-10 06:30:00,10.19,10.138999999999992,9.736466,10.00673694760972,10.144999999999987,10.073373465576388
2026-05-11 21:30:00,9.87,10.598247499999996,10.438138,10.379177385400018,10.860799999999989,10.489548871341736
2026-05-12 15:30:00,10.52,9.784137500000003,10.224851,10.164925666100844,9.897049999999998,9.973077700903422
2026-05-12 21:30:00,10.29,11.2837,10.724396,10.943985880210333,11.001999999999994,11.115139997991452
2026-05-13 06:30:00,11.05,11.404883333333332,11.044894,11.045763344602715,11.304700757575745,11.226694490140058
2026-05-13 21:30:00,10.8,10.827724999999996,10.77247,10.732824883188616,10.716005555555553,10.780637278446822
2026-05-14 00:30:00,14.19,10.759083333333326,10.982606,10.897131519511618,10.8712595,10.827580346509864
2026-05-15 00:30:00,11.4,14.402550000000014,16.122793,14.64176049803308,13.165399999999984,14.52124192264922
2026-05-15 21:30:00,11.21,11.37665,11.091186,11.896615112536685,11.656750000000011,11.63464728450446
2026-05-16 00:30:00,11.39,11.17609999999999,11.344855,11.206519877643276,11.412550000000005,11.191193793098215
2026-05-23 21:30:00,10.96,11.466780000000009,11.0999365,11.353278692893596,11.589358333333331,11.41046270425241
2026-05-24 06:30:00,10.8,10.8361158531746,11.109898,10.746830086661316,10.65309588888889,10.791813870695531
2026-05-24 21:30:00,11.4,10.982723822658832,10.929817,11.228208620517636,10.690248688034185,11.1045289394016
2026-05-25 21:30:00,12.5,10.935678058608069,10.908043,10.85600987801044,11.243506190476197,10.896148148312117
2026-05-26 09:30:00,10.35,12.169850000000002,12.035573,12.436452724272916,11.983900000000006,12.302133449880595
2026-05-30 21:30:00,9.91,11.473383333333318,11.643165,11.852510570130017,10.890584499999994,11.66149941115638
2026-05-31 21:30:00,11.63,10.107149999999988,10.31468,10.1713699586971,10.41922499999998,10.139014781992788
2026-06-12 18:30:00,11.9,11.77511826923078,11.724711,12.780349667133134,11.85425833333334,12.273895907776929
2026-06-12 21:30:00,12.32,11.451278333333336,12.116201,11.560526547981006,12.508033333333346,11.505485321526358
2026-06-13 00:30:00,12.18,12.33485,12.1171055,12.4349452409686,12.472999999999995,12.3845154481985
2026-06-13 03:30:00,11.88,12.081099999999994,12.176243,11.76937280887164,12.294522037037046,11.926426605808292
2026-06-13 12:30:00,11.82,11.974249999999994,12.064527,11.912817014176284,12.125949450549442,11.943768063540457
2026-06-13 15:30:00,11.73,11.96233,11.878771,11.878068636466368,12.17764304353054,11.920521035405693
2026-06-13 18:30:00,11.73,12.25077976190476,12.779395,12.960478591973,13.26280297619048,12.602919485434153
2026-06-13 21:30:00,11.7,11.90835357142858,12.104052,11.90048952633412,13.030119991582502,11.904451574485567
2026-06-14 00:30:00,11.62,11.992900000000002,12.031097,11.893722704208097,12.92442453703705,11.943690019595783
2026-06-14 03:30:00,11.49,12.06185,12.087065,11.765049328993747,12.704321428571438,11.914582875124745
2026-06-14 06:30:00,11.21,11.700221428571442,11.55717,11.29552621351634,12.633310714285724,11.499418982371171
2026-06-14 12:30:00,10.56,11.21717888655462,11.185044,11.78122280224598,11.172201547619036,11.49704727595424
2026-06-18 09:30:00,12.01,10.786427916666666,10.7593975,10.929379738104751,10.863380429292931,10.857358024969635
2026-06-22 21:30:00,13.02,11.956800000000008,11.948166,11.68433025470251,12.015600000000008,11.821605440400747
2026-06-23 00:30:00,13.2,13.023100000000008,12.948838,12.85593913157624,13.070800000000014,12.940157800439076
2026-06-23 06:30:00,11.05,13.214200000000012,12.7651615,13.08515375582399,13.31550000000002,13.150169587631595
2026-06-23 21:30:00,10.98,11.077149999999994,11.125858,11.050964444171562,10.924500000000007,11.064157200802338
2026-06-24 00:30:00,0.95,11.036263333333329,11.130202,11.051017304573042,11.070983333333336,11.043583987015136
2026-06-24 03:30:00,10.74,2.52501274509804,2.535766,2.261793297105417,4.70825,2.394408015716184
2026-06-24 06:30:00,10.56,10.003716666666664,8.291126,8.659345836816673,9.373228571428568,9.336664175825105
2026-06-24 15:30:00,12.2,10.72953499999999,9.702393,10.55535922406762,10.69009999999998,10.643112130208241
2026-06-29 21:30:00,11.39,11.274008333333336,11.6905365,11.730342636281156,11.356675,11.500433160976877
2026-06-30 03:30:00,9.65,10.9838,11.465114,11.538019335857364,11.469565638528149,11.258793610578012
2026-07-11 09:30:00,14.46,10.514099999999996,10.613511,10.4744934384716,11.283974999999996,10.494447940512707
2026-08-01 15:30:00,13.42,12.178599999999976,12.328235,13.1745943158219,11.599049999999968,12.672794365484073
2026-08-01 18:30:00,12.07,13.365200000000009,13.135443,13.33358464085541,13.582150000000002,13.349513030602875
2026-08-01 21:30:00,11.2,11.860000000000008,12.073167,11.761105739436491,11.94808703703705,11.810930456557006
2026-08-02 00:30:00,10.68,11.0832,10.976097,11.195251857273782,11.219566666666672,11.138798104956084
2026-08-02 03:30:00,10.1,10.87411333333334,10.836689,10.951892633994497,11.00555990051616,10.912706015567995
2026-08-02 09:30:00,10.2,11.57800000000001,12.171043,11.12405345499078,13.369031818181814,11.352759934659469
2026-08-03 00:30:00,12.42,11.913000000000004,11.099011,11.161392911762675,12.65718,11.540066156739787
2026-08-03 03:30:00,14.31,11.448630555555557,11.012757,10.9783457423102,11.709830000000002,11.215283737017938
2026-08-03 06:30:00,14.6,14.39295000000001,13.695731,13.83876877933321,13.397749999999997,14.117975301490183
2026-08-03 15:30:00,15.96,14.046900000000008,13.934314,13.546236172717547,13.933700000000002,13.79847966414647
2026-08-03 18:30:00,16.29,15.360349999999997,14.041147,15.14689912348407,15.650449999999989,15.25443953564683
2026-08-04 00:30:00,13.4,16.00240000000003,13.796956,15.76679177712124,15.919550000000031,15.88549546112991
2026-08-04 00:30:00,15.81,12.918450000000009,12.899871,12.860434433223809,12.927000000000003,12.889663725062782
2026-08-04 03:30:00,15.12,15.02795,13.804948,14.823147464320105,15.039200000000012,14.926330685951667
2026-08-04 06:30:00,14.3,14.283749999999989,13.98826,14.015687558768484,13.585899999999986,14.150742264965675
2026-08-04 09:30:00,13.05,13.585400000000002,14.284845,13.823125848563004,13.46220000000001,13.703355266434238
2026-08-04 15:30:00,12.76,12.975900000000022,13.277873,12.900876602886322,13.088000000000012,12.938674747261032
2026-08-04 18:30:00,13.1,12.688650000000004,13.1394825,12.83608806370904,12.694708333333333,12.761806100577507
2026-08-04 21:30:00,13.15,13.143949999999997,12.921708,13.067458545168618,13.20646666666667,13.105996323573486
2026-08-05 03:30:00,12.73,13.061149999999996,12.879819,13.003283738757723,13.090066666666662,13.032437807768293
2025-06-10 09:30:00,3.66,3.3107085714285684,1.6055152,2.119364594553129,2.8653000000000004,2.719585237316563
2025-10-21 18:30:00,3.58,3.500687020798555,3.2157154,2.76150621117346,3.582747437696403,3.133918872238147
2025-10-21 21:30:00,3.73,3.339769923013685,3.6236882,3.653325180711669,3.392452029447643,3.4953503707739544
2025-10-22 00:30:00,3.2,3.481479283710474,3.3349004,3.438686972784452,3.5102319277496514,3.4602465129910622
2025-10-23 00:30:00,5.04,3.2943992527150026,3.4726908,3.4396921752419973,3.294184972842581,3.366490973036021
2025-10-23 18:30:00,3.87,5.331836461567011,4.9378805,4.839628140801576,5.157752611693859,5.087611595116911
2025-10-24 18:30:00,4.24,3.2136398488363485,3.6850219,3.6769731826350776,3.246061463053956,3.4435374690003115
2025-10-25 18:30:00,2.68,4.1268366811948445,4.040402,3.9111556946116,4.071394241333189,4.019819676561107
2025-10-27 09:30:00,1.58,2.790385499291268,2.9758756,2.91441072119488,2.8997903886045275,2.8519245712207093
2025-10-30 09:30:00,1.03,3.389526466131906,2.662706,2.6435818649575618,3.1552450000000003,3.0194022465379105
2025-11-06 09:30:00,1.36,2.006861212089029,2.477658,2.629932762175327,2.2879353667691404,2.316018046073557
2025-11-12 09:30:00,1.64,1.967723591961392,1.8107424,1.828151020333329,1.7986586469785946,1.8984702062954368
2025-11-21 00:30:00,1.84,1.8805091783924488,1.8609343,1.8855477073889648,1.9243415574345544,1.8830092053512888
2025-11-21 06:30:00,1.6,2.1084502418376334,1.7672946,1.912855473844398,2.1991044819833268,2.0113996555793587
2025-11-21 18:30:00,2.38,1.965563982645636,2.3590178,1.8966193390871424,1.984051129116697,1.9313548974775143
2025-11-23 03:30:00,2.59,2.625183504907493,3.0575526,2.628318682603435,2.837165054112553,2.6267391233759048
2025-11-23 06:30:00,2.22,3.1190102071296466,2.7233772,2.520370085156951,3.44765578537937,2.8219758058966633
2025-11-24 00:30:00,2.38,2.55246193308796,2.5779834,2.5404815442047903,2.850174499110456,2.5465174808071405
2025-11-24 03:30:00,2.56,2.903822248170343,2.7725594,2.785302778876317,3.0115467261904736,2.8450150311061186
2025-11-24 18:30:00,3.12,4.758088454957739,3.4841788,3.892996373879695,4.534983442460321,4.328845410793498
2025-11-25 03:30:00,2.52,3.0757261299673155,2.524473,2.580521540994905,2.9831322713584125,2.8300145694248453
2025-11-25 15:30:00,2.26,2.618417878494826,2.826972,2.826498811773714,3.1727956515444014,2.721663874137119
2025-11-25 21:30:00,2.15,2.975772658730158,2.903792,2.828653345024482,3.2046465015540027,2.9027747161392563
2025-11-26 00:30:00,2.73,3.126633958215697,2.976016,2.8960390880397555,3.3973715852620807,3.0122169542828523
2025-11-27 00:30:00,4.64,4.392106901927437,3.3268564,3.408417836257212,3.782397851307192,3.9040181790100057
2025-11-27 09:30:00,5.35,3.8027775,3.790506,3.5527905626748786,3.5215287500000003,3.6787385030818784
2025-11-27 12:30:00,6.27,5.243205229227922,5.1344056,4.968826615142678,5.069446531352632,5.107063523460891
2025-11-27 18:30:00,8.59,6.08536501665392,6.1306024,6.065308667302297,6.082766143715543,6.075413418854314
2025-11-28 09:30:00,9.15,8.056725000000002,7.6822433,8.025312758340977,7.8876000000000035,8.04113881382553
2025-11-28 12:30:00,9.54,9.496549999999994,9.106303,9.300084662669487,9.118849999999997,9.399067452982095
2025-11-28 15:30:00,10.47,9.530775000000004,8.999637,9.345065063184393,9.207550000000005,9.438629088190309
2025-11-29 06:30:00,10.6,10.160453333333326,9.710018,9.6521015274536,10.301199999999993,9.908218361548261
2025-11-29 09:30:00,10.81,11.586049999999991,9.868409,10.352319758859554,10.582075,10.973895368177821
2025-11-29 15:30:00,10.95,10.950572883597884,10.321748,10.196207016570222,10.532386785714287,10.57627018419849
2025-11-30 00:30:00,10.51,10.836754963903203,10.361605,10.739436599798788,10.590240674603184,10.788467351780795
2025-11-30 18:30:00,10.35,10.88075105820106,10.363832,10.754283136611166,10.532228888888897,10.817999962867113
2025-11-30 21:30:00,9.12,10.820883333333338,10.600013,10.290099489291809,10.40849999999999,10.557517989928893
2025-12-01 12:30:00,8.86,10.349849999999996,9.087272,9.9533853614914,9.182425000000007,10.15313141701998
2025-12-01 15:30:00,8.61,8.715450000000008,8.259771,8.570936573251128,8.420592500000005,8.643745051385757
2025-12-01 18:30:00,8.14,8.577750000000007,8.215301,8.437024496422433,8.164932272727285,8.507924550353179
2025-12-02 00:30:00,7.93,7.587800000000011,7.6282616,7.70365919891946,7.487875000000018,7.645287239019284
2025-12-02 03:30:00,7.29,7.501196428571424,7.266128,7.350632936714476,7.182053333333338,7.426489547074905
2025-12-02 12:30:00,7.07,7.094034027777775,6.7376027,6.975251369660481,7.013801414835156,7.035096221179603
2025-12-02 15:30:00,6.8,6.825743103448264,6.2817755,6.73388729671363,6.66467005050504,6.780165913494331
2025-12-02 18:30:00,6.56,6.414298574264818,6.1639423,6.403457242698772,6.39609961784592,6.408919301623223
2025-12-02 21:30:00,4.38,6.334719830135639,6.127934,6.260642860095073,6.228649642857143,6.297964177392809
2025-12-03 00:30:00,5.76,3.792598234642694,3.8087535,3.895653734029753,3.812065141987613,3.8437325095277926
2025-12-03 06:30:00,5.51,5.363673768037514,5.3320975,5.298734933289928,5.354886961231333,5.331452292750401
2025-12-03 09:30:00,5.28,4.946637378663852,5.200441,5.22590670538547,5.023589519789365,5.085205767585298
2025-12-03 12:30:00,5.06,5.034720647590428,4.920913,5.007209150416278,5.124353843715612,5.0210699402786325
2025-12-03 15:30:00,4.18,5.071873461154488,4.8550324,4.882753316819843,4.999175394521119,4.978035466052484
2025-12-04 03:30:00,3.91,3.777962024045157,3.7642522,3.8538382241246554,3.583378356479967,3.8156104221915736
2025-12-04 09:30:00,3.42,3.5707757554041364,3.480905,3.6527851945334495,3.464456159493651,3.6114673558383936
2025-12-04 21:30:00,3.3,3.190061523838681,3.4294362,3.4350143781765583,3.074812728712318,3.3116026998273496
2025-12-05 12:30:00,3.37,3.205889672798909,3.3487015,3.2966650756302887,3.420257435547712,3.2509307858767444
2025-12-06 00:30:00,2.85,3.292688861316841,3.4780376,3.369465508582365,3.439624598524864,3.3307840450710477
2025-12-06 15:30:00,2.47,3.062089242672476,2.7818637,3.0180158143980567,3.07106575316934,3.0402208046956876
2025-12-07 06:30:00,2.32,2.386059928267786,2.869016,3.3790548640271934,2.604255298127794,2.8787660556130783
2025-12-07 15:30:00,2.29,2.786711769652736,2.6649368,2.662324555211689,2.682098917865286,2.724993083573388
2025-12-07 18:30:00,2.78,3.3231483433654376,3.0255306,2.854826602993876,3.1623500105042,3.090775566082727
2025-12-08 09:30:00,2.38,3.1058332650692733,2.5978823,2.7388090970178816,3.0684890556432407,2.923722511055777
2025-12-08 15:30:00,2.0,3.3193788002846905,2.509578,2.602511063551059,3.5705503357753368,2.963681994928182
2025-12-09 09:30:00,2.08,2.083762721420273,1.9501513,2.2451184254921213,2.060020495208202,2.1638245034247436
2025-12-10 09:30:00,1.95,3.880170681054669,3.541045,3.2141470491006534,3.3284166933459973,3.549701800899153
2025-12-10 15:30:00,1.65,2.3477298551475614,2.3945282,2.658955476253269,2.2176083807108444,2.5021543793656584
2025-12-11 12:30:00,1.76,2.164536203242886,1.5893697,1.6991225708554587,2.3260924507862915,1.9336063765444798
2025-12-13 09:30:00,1.45,2.8113110187321224,2.75112,2.7608331410733493,2.7849074236538343,2.7862648088047335
2025-12-14 09:30:00,1.19,1.8209129063139624,2.1378996,1.9713636584913583,1.8760617946908595,1.8955638484205508
2025-12-17 15:30:00,1.05,1.3845512425056945,1.7644192,1.5363776394861206,1.5164599325698556,1.4598847546829803
2025-12-18 15:30:00,1.01,1.685644597011093,1.5706339,1.5230199719322572,1.7705752661344618,1.6049531993532633
2025-12-18 18:30:00,1.21,1.6514609617175506,1.5287765,1.478065212354724,1.9901294628772137,1.5654251270016795
2025-12-19 09:30:00,1.1,1.6990796907740568,1.3164365,1.2185671287040631,1.6344943241683605,1.460658048253582
2025-12-19 12:30:00,0.97,1.784579938506197,1.4298258,1.1485559347694647,1.5901954304648036,1.4689963312845582
2025-12-19 15:30:00,0.81,1.348718801404995,1.3163882,1.1258918342070845,1.5903355196741464,1.2381560904358628
2025-12-21 09:30:00,0.77,1.508017736722488,1.6453501,1.6139687738474835,1.6432630305475662,1.560588725063079
2025-12-21 15:30:00,0.68,1.6065949692649997,1.7176164,1.558499201309832,1.6855984005046536,1.5827307190885715
2025-12-24 09:30:00,0.75,1.492743807629693,1.4438416,1.42431776398372,1.5356173787510812,1.4587920423585192
2025-12-25 09:30:00,0.58,1.2494727500362484,1.5238339,1.271863974211261,1.4552459018951942,1.2605828704935633
2025-12-29 09:30:00,0.92,1.3650112185346537,1.22396,1.153767128747202,1.409684875275761,1.2601957218431634
2026-01-01 09:30:00,0.43,1.2604671260063265,1.2862182,1.0095875895527928,1.305275541501677,1.1359852375446593
2026-01-10 12:30:00,0.4,1.247993485069549,1.3508803,1.2101799925080892,1.0630254781991284,1.2292311139733574
2026-01-10 15:30:00,0.4,0.5864483729387809,1.0366691,1.0814995819872038,0.7400787197351907,0.8320838291370702
2026-01-10 18:30:00,0.48,0.6956729498171377,1.1336511,1.2315390701357236,0.784731550897947,0.9615600267897915
2026-01-11 09:30:00,0.33,0.7671664963522491,0.90536153,1.1003930543874794,0.996440187654982,0.9325074875553697
2026-02-20 06:30:00,0.5,0.6613806891775939,0.9911943,1.1577483968811826,0.8883499210462366,0.9076693681977559
2026-02-21 21:30:00,0.47,0.9841941612692238,0.7815207,1.0713506970857187,1.09512564088896,1.0274396579868232
2026-04-15 09:30:00,1.58,1.007063472222223,0.7848799,1.0471983420242097,0.9121464839546812,1.0269776687196313
2026-05-10 06:30:00,1.51,1.9503166666666667,1.4811848,1.4446987806222726,1.9411232950455977,1.6994382164569202
2026-05-11 21:30:00,1.78,1.7742725262174934,1.9542481,1.745561711507781,1.9037696046283383,1.7600267392359794
2026-05-12 15:30:00,1.91,2.3417032524021986,2.2061706,1.891647322984781,2.194652749531212,2.1183936401507935
2026-05-12 21:30:00,2.22,2.2237980174962644,2.0860376,2.1516274078577555,2.0969123836938164,2.187988266305595
2026-05-13 06:30:00,2.91,2.5444429547396967,2.5010452,2.717825832191704,2.5950002866911666,2.6304724026462263
2026-05-13 21:30:00,2.87,3.019123193815988,2.8914044,2.9772573341512034,3.4135397834637944,2.9983501114561646
2026-05-14 00:30:00,5.48,2.93116802382884,2.7666004,2.82882032375298,3.0082725537621333,2.8803849461603623
2026-05-15 00:30:00,4.76,5.502584583333332,5.5974264,5.47648029786171,5.372870689655169,5.489632109016831
2026-05-15 21:30:00,4.44,4.185909541993704,4.3025136,3.935155210451149,4.472929696935942,4.061489777944349
2026-05-16 00:30:00,5.76,4.100207196965105,4.096799,4.187766058469975,4.39120044583648,4.143652320412622
2026-05-23 21:30:00,4.97,5.530940217513507,5.503696,5.460554260535461,5.581737560260198,5.496015978694883
2026-05-24 06:30:00,3.87,4.489172984353377,4.656557,4.796494092518388,4.589859342563253,4.641660159869177
2026-05-24 21:30:00,4.09,3.5079727271056846,3.4816847,3.542431352550568,3.4837879317146507,3.5250704738163523
2026-05-25 21:30:00,4.18,3.696825899545311,3.817458,3.825324700183884,3.5477175730792765,3.7605846803317675
2026-05-26 09:30:00,2.49,4.208295109915378,4.2371473,4.290790230205114,3.939987017330585,4.249227696557177
2026-05-30 21:30:00,2.0,2.9475082349069845,3.1862595,3.2670808926912667,2.99804707207207,3.106074407756516
2026-05-31 21:30:00,3.94,2.504417472913561,2.6068852,2.606661181481724,2.547536666666668,2.5551489518767587
2026-06-12 18:30:00,3.82,3.630902316907775,3.8452072,4.120296150328789,4.158780000000001,3.8737306856417293
2026-06-12 21:30:00,3.94,3.451631395922007,3.7906642,3.810194189845988,3.611152559616711,3.629543769129917
2026-06-13 00:30:00,4.19,3.6553316577365926,3.5903907,3.6430720927087297,3.700519446759911,3.6492486833020887
2026-06-13 03:30:00,3.99,4.134624086423755,3.972533,3.943837301537031,3.938649643788994,4.039959134423463
2026-06-13 12:30:00,4.0,3.7853144639813183,3.7742436,3.76111457869849,3.5540674552020306,3.7733069185946095
2026-06-13 15:30:00,3.96,3.8229935872972782,3.7522252,3.811265494977339,3.7059209157091897,3.817174320007978
2026-06-13 18:30:00,3.9,3.84609495573376,3.7480347,3.805663502674945,3.9226188846746113,3.8260335999884587
2026-06-13 21:30:00,3.87,3.798457084009312,3.7099264,3.734910509140751,3.750520965518963,3.7669264228930976
2026-06-14 00:30:00,3.84,3.643873051322787,3.6039822,3.562003282236404,3.684571167169633,3.603250752637692
2026-06-14 03:30:00,3.75,3.581367516297464,3.6345553,3.554634749706423,3.6014563029437805,3.5681032010165152
2026-06-14 06:30:00,3.5,3.578320124229989,3.5212939,3.4291640971637047,3.44822044411142,3.5043116013065196
2026-06-14 12:30:00,2.66,3.2208920628716995,3.1465552,3.2158231510421778,3.35744545628002,3.21837696050064
2026-06-18 09:30:00,3.14,3.2421554263075336,3.3006415,3.0779957755276977,2.881404094596172,3.160702376660072
2026-06-22 21:30:00,3.78,3.6331157837137216,3.6054,3.621321521127782,3.4662702657921285,3.627263683935219
2026-06-23 00:30:00,4.97,3.821729288901571,3.821332,3.6319429773470793,3.799434124394185,3.7275607536736963
2026-06-23 06:30:00,3.71,4.949304366940291,4.717821,4.715736439682683,5.07590112288585,4.833412185855647
2026-06-23 21:30:00,3.41,3.242395028834503,3.571606,3.7667924828498975,3.22105597626454,3.5025915610152643
2026-06-24 00:30:00,3.27,3.2593080642572203,3.272155,3.2432805183731808,3.1901689202313266,3.2513554858713745
2026-06-24 03:30:00,3.11,3.2195380626726338,3.164048,3.241701148626807,3.2650944716277315,3.2305349850709844
2026-06-24 06:30:00,2.64,3.0640588484713205,2.8933253,2.970409147389931,3.084275865775824,3.0175915605877544
2026-06-24 15:30:00,3.8,2.4379335831750613,2.7080617,2.7292544541528114,2.486258865777802,2.5824817303864402
2026-06-29 21:30:00,3.73,3.8426061254238872,4.194059,4.012409979047738,3.76978105004164,3.9268597264388116
2026-06-30 03:30:00,1.63,3.325620428347041,3.8179789,3.917428424291227,3.3722750516138147,3.6192648522137576
2026-07-11 09:30:00,5.51,2.668360767010765,2.6664374,2.3926117137842438,2.744839044117648,2.531539074128246
2026-08-01 15:30:00,5.53,4.73771378306878,4.688641,4.657209571316495,4.957443461538454,4.697769049234745
2026-08-01 18:30:00,5.12,5.139877132426401,5.0195084,5.361209279577554,5.4256689798450495,5.249698140724357
2026-08-01 21:30:00,4.52,4.307379549478596,4.8201284,4.569298418785207,4.50566980710242,4.437338955239337
2026-08-02 00:30:00,4.05,3.856736222416678,4.2814426,4.2749375332161925,4.016817460827596,4.064240149047657
2026-08-02 03:30:00,2.44,3.5561215840029154,3.663537,3.733124231980142,3.189183831621333,3.643947096575168
2026-08-02 09:30:00,1.55,2.811658532106299,3.1766133,3.347527724745162,3.329587061965808,3.0775471335087063
2026-08-03 00:30:00,1.64,3.2208333333333328,2.3608518,2.479493943071232,3.0934833333333347,2.852994136101959
2026-08-03 03:30:00,3.4,3.2666046315721307,3.2969992,3.212715036714205,3.130505767602616,3.2398655892764623
2026-08-03 06:30:00,5.18,3.633312500000002,3.588174,4.000548297455211,3.639337878787879,3.815528260696042
2026-08-03 15:30:00,5.8,4.609736067411576,4.5428762,4.458818181477689,4.817877446225092,4.534853341983819
2026-08-03 18:30:00,7.01,5.7861235750487365,5.894513,5.680859055923824,6.076663715956559,5.733893224523095
2026-08-04 00:30:00,5.05,6.748962826192211,6.8447294,6.5379290867471695,6.808443762254899,6.6442517015361275
2026-08-04 00:30:00,7.17,4.992233617254534,4.6702485,4.783824664722639,4.830453385175647,4.88882486439161
2026-08-04 03:30:00,7.04,7.085368055555558,6.799137,7.075653520835036,7.043396755952386,7.080547879128928
2026-08-04 06:30:00,6.73,6.696319862058901,6.6595016,6.688352379260964,6.506870463935579,6.692366541198245
2026-08-04 09:30:00,5.83,6.217221330798709,6.352714,6.241323987812279,6.315778813259112,6.2291806332767266
2026-08-04 15:30:00,5.34,4.415670833333332,5.030988,5.089663918480693,4.911541554078776,4.750094012024065
2026-08-04 18:30:00,5.0,4.545050211080585,5.1083426,4.733736943200475,4.597328290043289,4.638673154880525
2026-08-04 21:30:00,5.18,5.637713009390364,4.6388407,4.662661128610665,4.869429365333293,5.153909901399379
2026-08-05 03:30:00,4.91,5.053878540610611,4.9843917,4.907894729825356,5.08692348258662,4.981444014031576
2025-06-10 09:30:00,0.94,1.2363262982947665,0.7607322,0.7680693322529435,1.3770941333174471,1.0039856608629334
2025-10-21 18:30:00,1.64,1.5947267377296124,0.9590491,0.9608172193953092,1.0679937404449686,1.2801922999210706
2025-10-21 21:30:00,1.53,1.5884932249694754,1.6819564,1.6255470418555789,1.4846340208192166,1.6068786587354105
2025-10-22 00:30:00,0.9,1.562004675705376,1.4621654,1.5576430218044588,1.575235918344338,1.5598405019266868
2025-10-23 00:30:00,1.36,1.067046214614662,1.0975258,1.0774049886248516,1.1884142194199834,1.072186050924806
2025-10-23 18:30:00,1.16,2.050988143976024,1.4417084,1.3984326927817552,1.7087795656102147,1.727201931521574
2025-10-24 18:30:00,1.36,1.306360270731293,1.2722754,1.243224810680176,1.3048368391858989,1.2750335973518767
2025-10-25 18:30:00,0.72,1.5159985875301925,1.418637,1.3891892567852395,1.753561066383462,1.4530780911483938
2025-10-27 09:30:00,0.48,1.0744682352345647,1.0191219,1.0026998594797554,1.2891803787053846,1.0388580652219943
2025-10-30 09:30:00,1.4,1.0617193264420068,1.0634668,1.5866105676738471,1.189465036719583,1.3221608669086984
2025-11-06 09:30:00,0.52,1.6791246438781346,1.4723129,1.153703090065678,1.5765321044719651,1.4184199719004265
2025-11-12 09:30:00,0.71,0.8540764967079724,0.8496625,0.824232046735822,0.9011722789253376,0.8392682204127029
2025-11-21 00:30:00,0.67,0.8211463275341632,0.64064217,0.6770546009499863,0.8548449104813598,0.7496506189145696
2025-11-21 06:30:00,0.62,0.8274169109585633,0.7014183,0.7500567508610637,0.9092463064418826,0.7890321986908202
2025-11-21 18:30:00,1.9,0.7692972960510288,0.7109522,0.6807893799181224,0.8930189912112191,0.7253812688621326
2025-11-23 03:30:00,1.4,1.6499569444444435,1.3339301,1.434417678442646,1.6861964921928914,1.543010258999994
2025-11-23 06:30:00,3.38,1.5614681734012763,1.2535242,1.3171672623580042,1.466772825475564,1.440250479884034
2025-11-24 00:30:00,2.12,2.4591000000000003,2.2549474,2.210327801084385,2.6053816176470583,2.33566373431034
2025-11-24 03:30:00,1.16,2.007889955145219,2.009868,2.1056186361825744,2.189039071039263,2.0563811591085646
2025-11-24 18:30:00,1.32,2.0083148560431057,1.7452077,1.595949838053781,1.9794487861303995,1.8037067923465762
2025-11-25 03:30:00,0.99,1.5096327090163544,1.3940449,1.4497309404335978,1.535594610712837,1.4799105348574573
2025-11-25 15:30:00,0.98,0.9567472066552066,1.1160048,1.1330114704465215,0.9766511068550464,1.0442063463491775
2025-11-25 21:30:00,0.97,0.9663160481501336,0.99245405,0.9422905946780096,0.9668469719585208,0.9543950526730398
2025-11-26 00:30:00,2.71,0.9797939804179984,1.0046724,0.9276758066686128,0.9752719222594322,0.9539338852376231
2025-11-27 00:30:00,4.26,1.8749716666666671,1.6298922,1.6340257013445951,1.800987121212121,1.755418636537141
2025-11-27 09:30:00,4.34,3.467409523809524,2.8143003,3.3703301018706773,3.332031298664392,3.4192404704680492
2025-11-27 12:30:00,4.3,3.94559322652787,3.9451127,4.031334279009566,3.907405318771377,3.9881363860158467
2025-11-27 18:30:00,6.23,3.8669114876502566,3.5467606,3.475074115758177,4.026128406126983,3.672488870674413
2025-11-28 09:30:00,5.78,5.620765593434344,5.644933,5.895765401260698,5.836476666666666,5.757215524300507
2025-11-28 12:30:00,6.2,5.457708664027864,4.9078703,4.907679317445305,5.177638298367572,5.18479405034587
2025-11-28 15:30:00,2.81,6.034128088023085,5.1937623,5.331057320221052,5.699874940476187,5.685277089111896
2025-11-29 15:30:00,2.24,2.777389929026287,2.1497865,2.2059680229468865,2.7391552256794385,2.4938607142379627
2025-11-30 00:30:00,1.81,2.243541511568659,2.21773,2.460414361924255,2.257630064745197,2.351149897449622
2025-11-30 18:30:00,1.69,2.143566838249312,1.6548214,1.5866690717427931,2.151667929828727,1.8672442388265582
2025-11-30 21:30:00,1.49,1.677384964911758,1.6235521,1.6938641087742037,1.6200589433975048,1.6855616180466724
2025-12-01 12:30:00,1.43,1.7396058116056556,1.5802846,1.512816415488323,1.526338344099833,1.6270770150730796
2025-12-01 15:30:00,1.32,1.456324378646252,1.4185488,1.4873326200019776,1.421511509690377,1.471710107177167
2025-12-01 18:30:00,1.25,1.541745517547674,1.2933549,1.3364432603009413,1.507706168151004,1.43987825069608
2025-12-02 00:30:00,1.24,1.2710587674917502,1.1947743,1.2156798085055194,1.311817999073441,1.2435807296529644
2025-12-02 12:30:00,1.24,1.343177338464808,1.1968759,1.206883131728184,1.3591118039504513,1.275550618163919
2025-12-02 15:30:00,1.2,1.3744659670563002,1.1792772,1.1906334700540062,1.3015894800209415,1.2832516069257054
2025-12-02 18:30:00,1.09,1.3813226586581913,1.144019,1.1360441059918054,1.2415509940867593,1.2596198770496512
2025-12-02 21:30:00,1.0,1.070865644730502,0.9874787,1.0029590301323643,1.0943829438269117,1.0371716107582236
2025-12-03 00:30:00,1.13,0.962310023205053,0.9735207,0.9425495842569568,0.9738201589579072,0.9525052507957015
2025-12-03 06:30:00,1.18,1.1584259119951532,1.0426455,1.0771818637659498,1.1487053686260154,1.1181140846823059
2025-12-03 09:30:00,1.15,1.191878181668524,1.1429108,1.1453864430335874,1.1740217850003918,1.1688098218295577
2025-12-03 12:30:00,1.1,1.1529057743309403,1.0988566,1.1402052563223943,1.1755250595800413,1.1466040070027068
2025-12-03 15:30:00,0.98,1.0875447168776582,1.0694932,1.0484742182489812,1.1059374141219618,1.0681586421057228
2025-12-04 03:30:00,1.0,0.9632804898151212,0.978002,0.9600163850316674,0.983659795642473,0.9616609000577223
2025-12-04 09:30:00,1.0,0.9962770655607244,0.9897139,0.964661588234638,1.0146922080556393,0.9805900375240746
2025-12-04 21:30:00,0.91,1.012741923901434,0.95870143,0.9375232304096028,1.0113757664059662,0.9754197686318402
2025-12-05 12:30:00,1.06,0.9616569348416584,0.9429385,0.9422079529541864,1.0080711346418765,0.952006701792628
2025-12-06 00:30:00,0.91,1.0789384736412526,0.9536647,1.0174194376777834,1.0937623750954522,1.0484138406587127
2025-12-06 15:30:00,0.89,1.0895074569411014,0.9205098,0.9651622140198328,0.959090989341499,1.027809596370751
2025-12-07 06:30:00,0.87,0.9974140589963136,0.906334,0.9562646450441924,0.9673926440862138,0.9769964640411362
2025-12-07 15:30:00,0.79,0.884368574813129,0.89566994,0.930394941313539,0.9194895199724676,0.9072060254158847
2025-12-07 18:30:00,0.87,0.8545835744441125,0.81695133,0.7971371758342494,0.8387108620458101,0.8260797104567763
2025-12-08 09:30:00,0.8,0.8560256732894933,0.85555875,0.8485917998571004,0.8735835859861854,0.8523371197449092
2025-12-08 15:30:00,0.8,0.8444701184760881,0.8295326,0.8317586333792581,0.831037302009835,0.8381629094770041
2025-12-09 09:30:00,0.78,0.809389941385561,0.8137261,0.8379180076152194,0.8277529268445737,0.8235450518765479
2025-12-10 09:30:00,0.73,0.9064394676291252,0.8121758,0.8350494955930665,0.8457073130747633,0.8710170546978093
2025-12-10 15:30:00,0.71,0.7419007751185887,0.7319122,0.7672350016604652,0.7508829135424554,0.7544711601218014
2025-12-11 12:30:00,0.63,0.7434653845527462,0.6681393,0.7356703308210653,0.7463515433471951,0.739597619876134
2025-12-13 09:30:00,0.63,0.6971996036164527,0.71499497,0.7392352186127309,0.6976847995682565,0.7180569155014873
2025-12-14 09:30:00,0.59,0.6796652406336845,0.7032488,0.7201353038263657,0.6805930325346101,0.6997457540290886
2025-12-17 15:30:00,0.6,0.6678868373550153,0.6559473,0.6672538506357193,0.6996515390124081,0.6675727607933992
2025-12-18 15:30:00,0.59,0.6125401701217462,0.56750107,0.6241282794844959,0.6767969697637138,0.618289980399487
2025-12-18 18:30:00,0.62,0.609113236599303,0.57849026,0.6261761020946723,0.7057860709169429,0.6175795218510074
2025-12-19 09:30:00,0.62,0.5935692715805041,0.56699276,0.6226482265995745,0.6200882681344321,0.6079977231251608
2025-12-19 12:30:00,0.61,0.6257255186799222,0.78843474,0.621326620108589,0.7008160146347264,0.6235428647693976
2025-12-19 15:30:00,0.57,0.6151998136122901,0.5516178,0.6237438881775319,0.6965749349668917,0.6194392288793682
2025-12-21 09:30:00,0.56,0.6706409136111112,0.6027956,0.6401263242565772,0.6435232119004727,0.6555001262747626
2025-12-21 15:30:00,0.5,0.6050680027022517,0.5721322,0.6019808731859668,0.6494991746094974,0.6035362248715632
2025-12-24 09:30:00,0.54,0.5603059861760424,0.5644002,0.6010088695804178,0.6179611788883126,0.5805020207495921
2025-12-25 09:30:00,0.41,0.7133992584164767,0.61250424,0.5738820644799627,0.6179654031712876,0.6441733501594811
2025-12-29 09:30:00,0.58,0.4432630270355275,0.48966187,0.51061419851127,0.4400444918548545,0.4766814601764816
2026-01-01 09:30:00,0.49,0.6866945434825972,0.49345,0.5238448046114942,0.6262003763709921,0.6058914484325596
2026-01-10 12:30:00,0.48,0.5543135426650629,0.54921526,0.5282499429519615,0.5620059980231144,0.5413812558860782
2026-01-10 15:30:00,0.46,0.4700234208267371,0.5147792,0.5010662592805931,0.4809353131146303,0.4854263158120049
2026-01-10 18:30:00,0.43,0.4650170829668263,0.52062577,0.4804967324365391,0.4805935558603478,0.4726978050613977
2026-01-11 09:30:00,0.25,0.4094432778490791,0.6148886,0.6522845198508334,0.4185803730588776,0.5299367099881882
2026-02-20 06:30:00,1.71,0.4534640093870976,0.62546843,0.4282502661006394,0.5345955125653081,0.4409534059961059
2026-02-21 21:30:00,0.31,1.8323854017323,1.6382353,1.3081124826085495,1.4981830357142862,1.5722506615123746
2026-04-15 09:30:00,0.79,0.7604319250063665,0.8639575,0.7534361179512177,0.7792373159720499,0.7569607320750941
2026-05-10 06:30:00,1.1,1.0115140008844814,0.7779177,0.8310802988822238,0.92650306882445,0.9219860613606823
2026-05-11 21:30:00,0.75,1.3060282509510817,1.27417,1.1444511820030612,1.1689552423559826,1.2258566316987642
2026-05-12 15:30:00,0.64,1.0501665519405108,0.8699303,0.8662734286568408,0.8842316959549226,0.9589221101456129
2026-05-12 21:30:00,0.61,0.7501670241367134,0.7105946,0.7274764990235586,0.717164095610169,0.7389083959671914
2026-05-13 06:30:00,0.93,0.6962075306434727,0.76289326,0.7367544586615606,0.662091081216087,0.7163261829750298
2026-05-13 21:30:00,0.91,0.8652991967392256,0.8711459,0.8468025948110154,0.8575359929483752,0.8561215174007842
2026-05-14 00:30:00,1.62,0.8548271528840959,0.8707933,0.8126441372054343,0.9001555084983748,0.8338967034464213
2026-05-15 00:30:00,1.16,1.4703712927350423,1.3955473,1.3766741445781563,1.4649479935364464,1.4238804624707648
2026-05-15 21:30:00,1.34,1.4072825443987589,1.4002073,1.328736955702038,1.4932254467358603,1.3683096439003073
2026-05-16 00:30:00,0.62,1.4038942996348265,1.3544174,1.3422093620246618,1.458019417476375,1.3732873492557722
2026-05-23 21:30:00,0.58,0.941672917189502,0.8260188,0.8929015944842131,0.8581736310291828,0.9174734689644682
2026-05-24 06:30:00,0.53,0.9625574547166604,0.7159574,0.7008793782411037,0.8773448995575518,0.8327175260035946
2026-05-24 21:30:00,0.59,0.6382473405639983,0.58189744,0.6073907559588747,0.5848077406778928,0.6229368613697959
2026-05-25 21:30:00,0.89,0.604980840604802,0.5258751,0.5884178965034697,0.6018462207076757,0.5967626073070027
2026-05-26 09:30:00,0.52,0.8951294710100848,0.80844706,0.8618618597759636,0.903634533703633,0.8786226840095476
2026-05-30 21:30:00,0.5,0.682361454869486,0.6967759,0.6481066445116789,0.5958950544822662,0.6653648375187284
2026-05-31 21:30:00,1.56,0.6027214835140556,0.5523501,0.5575269977454382,0.5464544830853355,0.5802967970846249
2026-06-12 18:30:00,1.72,1.5354640277777765,1.6943357,1.6231611097946208,1.5101423798805609,1.5789777337434137
2026-06-12 21:30:00,1.44,1.8682633044733048,1.7879778,1.779046797840767,1.8493875787885357,1.8239956874943961
2026-06-13 00:30:00,1.36,1.5032222462451108,1.6084363,1.5060623119127292,1.5683884047395071,1.504631435462605
2026-06-13 03:30:00,1.38,1.3469546521079965,1.3854046,1.3643631800650484,1.5463733012673675,1.355592448821372
2026-06-13 12:30:00,1.34,1.8340635544561967,1.6272937,1.6033094579460432,1.6571885447432302,1.7195675452961594
2026-06-13 15:30:00,1.26,1.320403146847055,1.3483062,1.3471884430130914,1.312408036617691,1.3336935263530405
2026-06-13 18:30:00,1.33,1.276351826693098,1.489796,1.3931567571749643,1.3209659355583867,1.3343083206086925
2026-06-13 21:30:00,1.26,1.4125357891403862,1.2605232,1.273853180574574,1.453128310037743,1.343723987049625
2026-06-14 00:30:00,1.19,1.2358683725116213,1.2579627,1.2644460859861597,1.2894384823383689,1.250048117067574
2026-06-14 03:30:00,1.09,1.2243541732031684,1.1835737,1.1947997230966807,1.2619449071827196,1.2096897895961654
2026-06-14 06:30:00,1.08,1.0978026124935265,1.0472736,1.056600885678552,1.125422459530416,1.0773590608419565
2026-06-14 12:30:00,0.77,1.0604352125730414,1.0285647,1.0112688680277877,1.0531769969407656,1.0360397616555699
2026-06-18 09:30:00,1.88,1.1202104434083,0.9798963,0.9495727419184712,0.8406264810692747,1.0355431021636452
2026-06-22 21:30:00,2.36,1.7310958683473394,1.9562577,1.839303090202168,1.8266573892073392,1.784786334744444
2026-06-23 00:30:00,1.42,2.286014817927168,2.131308,2.4540840195685982,2.3276974620030315,2.369407716002156
2026-06-23 06:30:00,0.87,1.5554455375180378,1.2767628,1.2653342798766325,1.54244018443318,1.411497578566511
2026-06-23 21:30:00,0.85,1.1272181129575634,0.9166028,1.0230394052014409,1.2208907142857146,1.0755265223946153
2026-06-24 00:30:00,0.81,1.1717874420883625,1.0699279,0.9481222524263888,1.0344701336269084,1.0608088202930523
2026-06-24 03:30:00,0.78,0.8669019573899261,0.81361276,0.8179503526244055,0.8387716948638206,0.8426130564672725
2026-06-24 06:30:00,0.71,0.8273594175086901,0.7830212,0.7898279342437106,0.7960155479760551,0.8087369743248578
2026-06-24 15:30:00,0.89,0.7309629477864189,0.7438178,0.7508858204435809,0.7479618592582271,0.7408483168643554
2026-06-29 21:30:00,0.87,0.8884012409005217,0.8477369,0.8859482783481971,0.8637908436703684,0.8871841252475051
2026-06-30 03:30:00,0.51,0.8791251055204227,0.8237676,0.8224610604346525,0.9091499173251192,0.8510094312017237
2026-07-11 09:30:00,1.14,1.105527390681563,0.7387009,0.7543579875865281,1.0466268912667276,0.9312834842825938
2026-08-01 15:30:00,0.95,1.0559564262544392,0.9544595,1.02682950049062,1.0756470395265478,1.0415041724938598
2026-08-01 18:30:00,0.9,1.1257940742750498,1.0674295,1.066611621572415,1.0323590121964918,1.0964288116459802
2026-08-01 21:30:00,0.8,0.9221877505919334,0.954998,0.9389794775150242,0.9415815018714342,0.9305195017880142
2026-08-02 00:30:00,0.72,0.8903989264139538,0.8844413,0.9429984129207174,0.8762454892203319,0.9164978402792885
2026-08-02 03:30:00,0.62,0.9114407225127298,0.7557611,0.7895566459784877,0.7916134760088747,0.8509640481897965
2026-08-02 09:30:00,0.53,0.6869675289173152,0.7587439,0.7847837058737133,0.7550051376845603,0.7355021467731968
2026-08-03 00:30:00,0.65,0.6836881744398211,0.8209712,0.7786950672165246,0.6726887476977664,0.7308288762957877
2026-08-03 03:30:00,1.34,0.681207112025893,0.8332828,0.7482711263831904,0.7621106493952154,0.7144830629983348
2026-08-03 06:30:00,3.75,1.3356836807187278,1.2100928,1.1963987305041035,1.471204443445709,1.2665730075960635
2026-08-03 15:30:00,3.11,3.159113333333336,3.2627022,3.811564227410976,3.144235000000001,3.482847666437584
2026-08-03 18:30:00,1.49,2.743285726495728,2.7685137,2.9385527674074754,2.953179706030702,2.8401737005035956
2026-08-04 00:30:00,0.95,1.8794703948526437,1.603157,1.537121892829481,1.888729352417464,1.7096032600265265
2026-08-04 00:30:00,1.4,1.2758940698324983,1.3004205,1.3088657029204545,1.3344788336166176,1.2922539978301097
2026-08-04 03:30:00,1.05,2.0864712437610344,1.6854519,1.6123630813044338,1.9262798203867304,1.851227348495709
2026-08-04 06:30:00,1.04,1.0991042949899694,1.140176,1.1589697587477723,1.1218186028254664,1.1288084553513507
2026-08-04 09:30:00,0.99,1.058680705463737,1.0937986,1.1309618287865777,1.0687918665520029,1.094545291545768
2026-08-04 15:30:00,1.01,1.0971644054367695,1.0382828,1.1153673177998145,1.1242659551379912,1.1061963613247847
2026-08-04 18:30:00,0.95,1.0633386246899124,1.0616366,1.0530651045534034,1.0385316444657242,1.0582410898099464
2026-08-04 21:30:00,0.9,1.0275709315602564,1.0192533,1.019616464134677,0.9807420582050038,1.0236240686919635
2026-08-05 03:30:00,0.85,0.9825107068146924,0.92897797,1.0042799389247177,1.0203648334368842,0.9933122060590047
2025-06-10 09:30:00,1.76,1.5176679383089664,1.7052865,1.5129811691824464,1.5710681278847516,1.5153424482355218
2025-10-21 18:30:00,1.73,2.1619435577630526,2.2870686,2.006407561074101,2.127630220145078,2.0847694093039797
2025-10-21 21:30:00,1.71,1.8798423789479608,1.9700451,1.870633468107585,1.9271971660598148,1.875273083945706
2025-10-22 00:30:00,1.58,1.828897072931782,1.8789041,1.7664480525894677,2.038593492930951,1.7979109985205985
2025-10-23 00:30:00,1.52,2.0206693840858208,1.8837103,1.8655205599979243,1.9327310309721888,1.943687343668804
2025-10-23 18:30:00,1.52,1.806271280371465,1.8566663,1.6816213748754452,1.962036253090396,1.744422251741795
2025-10-24 18:30:00,1.62,2.143698337905546,2.1735554,2.036187185198525,2.045907361173469,2.0903532484301452
2025-10-25 18:30:00,1.51,1.755198924116845,2.151176,1.9001460469991232,1.9358141617759568,1.827119064908452
2025-10-27 09:30:00,1.4,1.6786591430374784,2.0610483,1.8025118932218704,1.9103991526925013,1.7401126376192482
2025-10-30 09:30:00,1.32,1.507406177866187,1.732455,1.71768763885206,1.5737803961694217,1.6117440355568957
2025-11-06 09:30:00,1.51,1.4529164173687408,1.5076885,1.4377354634631865,1.4476836695839357,1.4453839026107547
2025-11-12 09:30:00,2.26,1.8143672718103303,1.5973433,1.5541723073206593,2.23917490688276,1.6852632364403923
2025-11-21 00:30:00,2.24,2.256853254901961,2.2028825,2.411034208259049,2.31698641726599,2.3333550553677203
2025-11-21 06:30:00,2.68,2.735467055534674,2.6821313,3.0363373206884368,2.653930811746496,2.8847534394213072
2025-11-21 18:30:00,4.38,2.6669288657407413,2.7057528,2.6097213773667125,3.1547684821428588,2.638543544691382
2025-11-23 06:30:00,3.53,3.49725,3.1444595,3.254468538974491,3.221158058342624,3.376786230100076
2025-11-24 00:30:00,3.98,3.662380216348353,3.1684103,3.2122462665670697,3.533208447011907,3.439031891803511
2025-11-24 03:30:00,4.77,3.972062906312437,3.825573,3.6151171346533806,3.863709233014984,3.7949528703061484
2025-11-24 18:30:00,4.75,4.992816924082974,4.6274643,4.717087633995593,4.874816101855043,4.85600503731265
2025-11-25 03:30:00,4.66,4.85660422397171,4.672596,4.5835853718011546,4.555255402882544,4.721137207473447
2025-11-25 15:30:00,5.08,4.9974377877175495,4.485926,4.479653397567273,4.4866359985832425,4.740522538219642
2025-11-25 21:30:00,5.22,5.272809449418442,4.815489,4.810415189750987,4.960760359468987,5.043377780853875
2025-11-26 00:30:00,7.58,5.273594724441121,4.8217697,4.93003009660552,4.988586480456853,5.103124169982301
2025-11-27 00:30:00,7.69,6.44115,6.9409113,6.65920664082611,6.585699999999996,6.549345761301835
2025-11-27 09:30:00,7.73,7.48395,7.2136083,7.2064111527693795,7.342303472222226,7.346240243703711
2025-11-27 12:30:00,7.78,7.648530000000005,6.698362,6.1489726035178975,7.495609043843587,6.9044767415736175
2025-11-27 18:30:00,8.33,7.933224999999997,6.7105937,6.662227274108361,7.675397499999998,7.30257891628173
2025-11-28 09:30:00,8.39,8.245050000000006,7.4037595,8.081340125141175,8.249350000000009,8.163820121029685
2025-11-28 12:30:00,8.38,6.962450000000009,6.76761,5.997358899195615,7.307150000000004,6.483589250877368
2025-11-28 15:30:00,7.87,8.098585714285713,7.5296926,7.333531752813613,7.906100000000004,7.718979775732947
2025-11-29 06:30:00,7.8,7.4946964102564095,7.200276,7.038930862267845,7.381041666666664,7.268553788536877
2025-11-29 09:30:00,7.72,7.594123632478639,7.3219633,7.068194946762647,7.47088140151516,7.333167330822625
2025-11-29 15:30:00,7.64,7.50876474358974,7.1894526,6.810689023899831,7.385400936721943,7.1623921972089715
2025-11-30 00:30:00,5.51,7.24193805555555,6.8161883,6.985132388127725,7.270426317481528,7.114515728087261
2025-11-30 18:30:00,7.49,5.253833456250889,4.6920347,4.64854363369859,4.8294961111111085,4.953499593859952
2025-11-30 21:30:00,7.03,6.702369389880947,6.788279,6.747592404974284,6.910699940476187,6.724808232045309
2025-12-01 12:30:00,6.75,6.076234848484853,6.391342,6.089391749442744,6.262059533263673,6.082763064778192
2025-12-01 15:30:00,6.51,6.301675356348325,6.1569643,6.045446047216801,6.218394207853547,6.174539007442371
2025-12-01 18:30:00,5.84,6.5324389841760455,5.976536,5.937948374302461,6.0707299589491015,6.237463495796591
2025-12-02 00:30:00,4.34,4.707478722943723,4.9407563,5.052014321859643,4.8777468376068365,4.87843105569115
2025-12-02 12:30:00,4.03,4.139766067365527,3.9459407,4.279251101728326,3.9154631193609526,4.208976018623698
2025-12-02 15:30:00,3.86,3.622291061310509,3.4535472,3.514617105780114,3.426700733140162,3.56886519201868
2025-12-02 18:30:00,3.65,3.357833266109825,3.3424838,3.448887599705258,3.5106928530453234,3.4030127795879093
2025-12-02 21:30:00,2.7,3.2727634084947708,3.2354863,3.353624074204457,3.029360942148315,3.3128850083354715
2025-12-03 00:30:00,3.25,2.6385559542763626,2.7339623,2.7546533500019805,2.6924132588027287,2.6961613822427166
2025-12-03 06:30:00,2.95,3.7498355575326494,3.1514452,3.046492756991167,3.811606079626291,3.4008495808962587
2025-12-03 09:30:00,2.88,3.1376413291044867,3.0740838,2.9582269918188264,3.149902961894912,3.048619179916348
2025-12-03 12:30:00,2.84,3.193545645292269,2.9306138,2.79860651959223,3.087116581991973,2.9975839941767095
2025-12-03 15:30:00,2.65,3.1624197735345057,2.917232,2.8497435277767607,3.2562932946543683,3.0072754756007543
2025-12-04 03:30:00,2.46,2.538258842431833,2.843174,2.6995439281748257,2.703310239876073,2.6182855848987625
2025-12-04 09:30:00,2.3,2.654636671066351,2.8343964,2.6858144454361392,2.777063901677065,2.670106518812589
2025-12-04 21:30:00,2.1,3.153717195448635,2.9053037,2.564676838344479,2.7884561710089084,2.861446023917509
2025-12-05 12:30:00,2.07,2.562736699434995,2.4212766,2.477558673681433,2.50140437479767,2.5204729036263487
2025-12-06 00:30:00,1.9,2.6588550255355927,2.4806345,2.7362973393836683,2.50796465451387,2.6972805010084997
2025-12-06 15:30:00,1.85,2.022125479795574,2.0935984,2.45241257551178,1.8328495834565013,2.2356261543129627
2025-12-07 06:30:00,1.76,2.2068195808978923,1.9251003,1.964221102363676,2.6542272257153847,2.0864466036006397
2025-12-07 15:30:00,1.72,2.3058544010912456,1.9005123,1.9216527052933,3.266905735277056,2.115220468490843
2025-12-07 18:30:00,1.68,1.956548969582059,1.7300775,1.6346525330390995,2.4085663846034,1.7968297797414388
2025-12-08 09:30:00,1.6,1.834782858433382,1.7382336,1.6549765803822103,2.342583356049712,1.7455662353262238
2025-12-08 15:30:00,2.31,1.699447907108529,1.745183,1.6874720176950428,1.982064818016148,1.6935056873831869
2025-12-09 09:30:00,4.76,2.7680584959031016,2.392051,2.4070135547885854,2.4110989866987858,2.5889145261525415
2025-12-10 09:30:00,5.23,3.4261625000000016,3.0159667,3.1630353634487385,3.2540750000000016,3.295603573885759
2025-12-10 15:30:00,4.55,5.2355531762119245,4.7916713,4.8802457564996695,4.410045919661733,5.059256060809626
2025-12-11 12:30:00,5.99,4.761658171864734,4.4528093,4.434606520341919,4.643616308376399,4.599381057590778
2025-12-13 09:30:00,4.62,6.036719493911294,5.7379146,5.683129912561206,5.92596994143376,5.861274738834661
2025-12-14 09:30:00,5.75,4.520699660599007,4.2312675,4.333874135897516,4.451488636439508,4.428000214257392
2025-12-17 15:30:00,5.32,5.288302815525751,5.509712,5.369051934359804,5.067418146964465,5.328369067824252
2025-12-18 15:30:00,5.31,4.673998490537239,4.9845777,5.072625735438913,4.821086119193023,4.8717901196955715
2025-12-18 18:30:00,6.06,5.141682459970282,5.1976504,4.903428915435982,5.013543373124113,5.023465360339245
2025-12-19 09:30:00,6.21,6.185246536173656,5.957849,5.8441688762109205,5.891506202031338,6.016009970192869
2025-12-19 12:30:00,6.26,6.252042986051818,5.658335,5.91161004519858,6.012173494771361,6.083126318032467
2025-12-19 15:30:00,5.39,6.225794865708113,5.728555,5.8768576123308645,5.975027910400999,6.052658511627388
2025-12-21 09:30:00,4.85,4.649492687440964,4.816266,4.832062703994676,4.829140614999036,4.740080627606794
2025-12-21 15:30:00,2.38,4.395032643187345,4.1108294,4.342814564626999,4.234878895614333,4.369122977046697
2025-12-24 09:30:00,2.22,2.6002671929541026,2.6359658,2.520841220506963,2.6721515792331387,2.5608574619617324
2025-12-25 09:30:00,1.47,2.466649025262017,2.6876044,2.886355580495254,2.6373218331668307,2.6748998269564424
2025-12-29 09:30:00,2.87,2.4510411972831103,3.3997269,2.409828569687979,2.7967507796462816,2.430592236861583
2026-01-01 09:30:00,2.73,2.7467983062770527,2.3743005,2.3056456501363254,2.871950334301663,2.5279063371967077
2026-01-10 12:30:00,2.73,2.8872348809523825,2.2895377,2.3983980268688763,2.9578410570373435,2.644682875291906
2026-01-10 15:30:00,2.72,2.538850248023925,2.3153229,2.226864209864371,2.516642360224006,2.3840484186169735
2026-01-10 18:30:00,2.58,2.617970583526698,2.7485313,2.620821743384101,2.718605294499988,2.619385277480508
2026-01-11 09:30:00,1.44,2.590127413026439,2.88783,2.6817796629163477,2.8787516918874614,2.635603601755644
2026-02-20 06:30:00,1.57,2.1389084847570063,2.1207364,1.699154095583453,2.175281995786678,1.9207103104560517
2026-02-21 21:30:00,1.53,3.020495715619363,2.40201,3.018037234807869,2.3219493357889167,3.019275861905952
2026-04-15 09:30:00,1.48,1.969187079150214,1.6725223,1.729922517992684,1.7901004598350625,1.8504683313564585
2026-05-10 06:30:00,2.15,1.5015273858598133,1.4691749,1.5085819821261903,1.5592410832215997,1.5050277489344073
2026-05-11 21:30:00,2.15,2.361868075727172,1.9127306,2.1206286026567507,2.238099838042076,2.2421694123614353
2026-05-12 15:30:00,2.16,2.2147288830016807,2.0238914,2.1785868945678004,2.2791271949970224,2.1967958820219753
2026-05-12 21:30:00,2.12,3.33562486018253,3.0410223,3.007954776196685,3.2257951995849647,3.173040890905682
2026-05-13 06:30:00,2.05,3.5403285195209606,3.0837107,2.9368324296280024,2.8656970028318343,3.2408846748332873
2026-05-13 21:30:00,2.05,2.1480766874161863,2.1840835,2.346883227824348,2.1714204370719083,2.246720897057104
2026-05-14 00:30:00,2.83,2.1498374929889867,2.1624563,2.1729266316820057,2.0024129872300844,2.161293906007322
2026-05-15 00:30:00,2.98,2.884297232437262,2.6443102,2.6527245399810098,2.820461859634261,2.769395050774286
2026-05-15 21:30:00,2.93,3.1177206726612727,2.707375,2.7188607192018988,3.162367503160163,2.9198135777254866
2026-05-16 00:30:00,1.29,2.8679766580285366,2.8520544,2.7763794177807624,2.96111898057322,2.8225277640888278
2026-05-23 21:30:00,1.29,2.254004202245582,1.9044939,1.7311258808911711,2.044758427283144,1.9945614362154447
2026-05-24 06:30:00,1.3,1.9653246450252344,1.9486816,1.8369429413553464,1.9124976877481117,1.9016239656367673
2026-05-24 21:30:00,1.28,1.8387319855944049,1.6151428,1.6882945587750358,1.782670115331905,1.7640876552894604
2026-05-25 21:30:00,1.27,1.3544853955816782,1.3409721,1.4788284000481284,1.402102533961532,1.4161821454712333
2026-05-26 09:30:00,1.3,1.3643746558395555,1.3580528,1.486584584937206,1.3631499426335951,1.4250130123109273
2026-05-30 21:30:00,1.29,1.4056568210129876,1.3622733,1.4788284000481284,1.4335140580152024,1.4419632351142566
2026-05-31 21:30:00,1.25,1.3808761501641031,1.3409721,1.4788284000481284,1.4112711805680018,1.4294782849455938
2026-06-12 18:30:00,1.25,1.3650618663701328,1.7988906,1.947243365463814,1.4443917440184706,1.6539297966090276
2026-06-12 21:30:00,1.25,1.3582725317489028,1.5237597,1.525047965892601,1.47202193123491,1.4410234857912108
2026-06-13 00:30:00,1.25,1.3308991508253498,1.4268142,1.5050189548049562,1.480626908196719,1.4172942483464706
2026-06-13 03:30:00,1.28,1.3968619417817152,1.4361295,1.506984124990938,1.4991433557218994,1.4515025773679686
2026-06-13 12:30:00,1.3,1.3966446722021577,1.3801252,1.4748488915481226,1.4605998991870477,1.4354481914029322
2026-06-13 15:30:00,1.35,1.4325839273517085,1.3803368,1.479885871624378,1.4701333910291998,1.456054296574353
2026-06-13 18:30:00,1.38,1.491450778519185,1.4202815,1.530062262807033,1.50334263408881,1.5106090986771525
2026-06-13 21:30:00,1.38,1.5052454017979513,1.4926506,1.594597151747641,1.4363385632316883,1.5495801240647555
2026-06-14 00:30:00,1.38,1.4230733787456007,1.4846971,1.5874418025298418,1.4245192221561618,1.5046300177818797
2026-06-14 03:30:00,1.39,1.43809153534614,1.3919442,1.6111001653783208,1.4492459965429334,1.5239352884517685
2026-06-14 06:30:00,1.56,1.5427733525514749,1.3829231,1.6467842482119928,1.4613589813699637,1.594381677787713
2026-06-14 12:30:00,1.33,1.9343314467011807,1.5917597,1.8313581121567932,1.6776022036868985,1.8832379405249426
2026-06-18 09:30:00,1.28,1.3991220367844128,1.3132519,1.2940009572187792,1.3643153965328187,1.3469628583737698
2026-06-22 21:30:00,1.28,1.3145263108749794,1.2680241,1.2907934059459891,1.32843774814556,1.3027504726938166
2026-06-23 00:30:00,1.28,1.4163400300021902,1.4153217,1.5411580298066792,1.3351775198268652,1.4782724639874885
2026-06-23 06:30:00,1.38,1.3702558179410176,1.3487341,1.473665874147445,1.393636086442885,1.421566017507204
2026-06-23 21:30:00,1.38,1.4325849608885972,1.4604932,1.565567397840018,1.4611178126319162,1.498568440920311
2026-06-24 00:30:00,1.38,1.463886032874767,1.4846971,1.5874418025298418,1.4428001349831063,1.5251921710892207
2026-06-24 03:30:00,1.38,1.4670002316397048,1.3832631,1.5929772215317994,1.4265297624918964,1.5295077355444273
2026-06-24 06:30:00,1.37,1.440669683308809,1.3829231,1.6070950460818578,1.4369408879754406,1.523246938268558
2026-06-24 15:30:00,1.3,1.4411276811446314,1.403717,1.6176225724050135,1.465730034967991,1.5287012540175153
2026-06-29 21:30:00,1.31,1.363977798010288,1.2965183,1.544790933417588,1.3949697185808965,1.4536940055270557
2026-06-30 03:30:00,1.31,1.4172678135704044,1.4044603,1.5294991032002303,1.3678020788563534,1.4729549496162595
2026-07-11 09:30:00,1.2,1.4468920098071112,1.3950223,1.521745705629704,1.4293572053307846,1.4840330598347498
2026-08-01 15:30:00,1.2,1.3361070863208848,1.4164569,1.5698841810594009,1.486493095484775,1.4521030525264522
2026-08-01 18:30:00,1.2,1.3803615256362038,1.4259868,1.5646881980383258,1.5312455906298938,1.4718210866623018
2026-08-01 21:30:00,1.2,1.386886128427472,1.3973999,1.5403553504277328,1.5018108696091423,1.4630347806666855
2026-08-02 00:30:00,1.2,1.3494672749283836,1.3894464,1.5271259906862056,1.475448317781234,1.4376183164674141
2026-08-02 03:30:00,1.2,1.3820404970842513,1.4176128,1.550915595670458,1.4982329327404778,1.4658332666474025
2026-08-02 09:30:00,1.2,1.382130592515136,1.4366462,1.5661750533242167,1.4895277520143415,1.47345012525298
2026-08-03 00:30:00,1.2,1.3494672749283836,1.3894464,1.5271259906862056,1.475448317781234,1.4376183164674141
2026-08-03 03:30:00,1.2,1.3820404970842513,1.4176128,1.550915595670458,1.4982329327404778,1.4658332666474025
2026-08-03 06:30:00,1.2,1.3827220760316197,1.4113681,1.546910476373995,1.5006644278385173,1.4641893906920345
2026-08-03 15:30:00,1.2,1.383284467279731,1.4164333,1.548252176111199,1.4642895822036976,1.46513846071749
2026-08-03 18:30:00,1.2,1.3822551642793608,1.417598,1.5465873459258257,1.4770132037292307,1.4637938206223677
2026-08-04 00:30:00,1.25,1.3494672749283836,1.3894464,1.5271259906862056,1.475448317781234,1.4376183164674141
2026-08-04 00:30:00,1.2,1.3469323895753167,1.7307516,1.669152230714187,1.676458679586566,1.5068120469271784
2026-08-04 03:30:00,1.2,1.392159521129771,1.3564854,1.6474427579466464,1.5305836656292546,1.5188264460643093
2026-08-04 06:30:00,1.21,1.405952147830546,1.4235169,1.5864822282549225,1.5228593493787326,1.495527908584254
2026-08-04 09:30:00,1.23,1.3064682439795718,1.4366432,1.5661750533242167,1.467580978104012,1.4353300655955537
2026-08-04 15:30:00,1.24,1.3111941896549348,1.4285457,1.5579889997320489,1.621781090119627,1.4336493107669255
2026-08-04 18:30:00,1.25,1.4116032970447576,1.7685673,1.6936524885592368,1.741186862876111,1.5515510045984646
2026-08-04 21:30:00,1.25,1.4637447043195988,1.5946071,1.6929662488232484,1.9016330236572156,1.5774802888924728
2026-08-05 03:30:00,1.25,1.4185680230612336,1.7326298,1.6263296391568285,1.8425151170349023,1.5216555792924993
2025-06-10 09:30:00,4.73,3.0994238031331065,2.9043899,2.541659133679232,2.898255,2.8226710621470934
2025-10-21 18:30:00,4.8,5.6099741023012095,5.1285634,5.3202380024869855,5.692427883456413,5.466212289878246
2025-10-21 21:30:00,4.9,4.9101464474835455,5.008318,4.926835054800532,4.963429842761209,4.918427032596147
2025-10-22 00:30:00,4.9,4.754577763189923,4.7698903,4.811491626626178,4.688996957259244,4.782817392855799
2025-10-23 00:30:00,5.61,4.606219785675424,4.747248,4.769386011538938,4.496551101312735,4.6871799158469605
2025-10-23 18:30:00,5.85,5.505620072819936,5.513328,5.422980226208884,5.428108104091413,5.4646156755950885
2025-10-24 18:30:00,6.26,5.69268162245159,5.720739,5.661956249611207,5.5345516982976335,5.677436248161893
2025-10-25 18:30:00,5.74,6.181977260285587,6.274182,6.181262514833995,6.096198737052085,6.181622616519732
2025-10-27 09:30:00,2.47,5.586383913500771,5.5462027,5.572538579669184,5.421763571743831,5.579514109266827
2025-10-30 09:30:00,1.72,2.866342754661049,2.6046708,2.554871066964167,2.706372841929628,2.7117961366508885
2025-11-06 09:30:00,1.67,2.420976096029011,2.2024958,2.3113410329825297,2.439864889343115,2.366577160657223
2025-11-12 09:30:00,3.64,2.776737594557083,2.7240486,2.481131681300324,2.54229824245678,2.6300632868681713
2025-11-21 00:30:00,4.4,3.269788636363637,3.5812626,3.0551639613240957,3.176204066717597,3.163295754412932
2025-11-21 06:30:00,4.58,3.591915,3.8267486,3.613023954407527,3.436158918856953,3.602388881390429
2025-11-21 18:30:00,6.96,4.263442103636017,4.365177,4.349219692786645,4.291521226089334,4.306003391958297
2025-11-23 03:30:00,6.99,6.584409285714291,6.733711,6.68292327887534,6.594931250000001,6.633290147349884
2025-11-23 06:30:00,6.75,6.448837178704914,6.2406425,6.363923562561066,6.457518708949101,6.406704578162369
2025-11-24 00:30:00,6.63,6.271226548725768,6.318468,6.386726902524896,6.453934381868128,6.328535735286581
2025-11-24 03:30:00,5.97,6.419051613426422,6.409759,6.392210265671855,6.456880080532216,6.405733422135983
2025-11-24 18:30:00,5.6,5.280647857413234,5.543499,5.732304806960295,4.9081751136363545,5.5047518668961555
2025-11-25 03:30:00,5.14,5.47542526179782,5.488469,5.281422411109085,5.493450701666301,5.3791645561138655
2025-11-25 15:30:00,4.92,5.510309854970841,4.8176446,5.006143159391723,4.770365122432323,5.260151459223044
2025-11-25 21:30:00,4.84,4.654701970426566,4.9285774,5.029120772735705,4.4659957623971485,4.840481808215884
2025-11-26 00:30:00,4.8,4.104779678139254,4.4551373,4.595568442568629,3.759269170949588,4.348300186410171
2025-11-27 00:30:00,4.57,4.402791073533669,4.5871263,4.613050577244724,4.0791350690631125,4.507118036421742
2025-11-27 09:30:00,4.62,4.4810813949941055,4.686659,4.550187918707011,4.4399593739096215,4.515370802167005
2025-11-27 12:30:00,4.88,4.698526468695255,4.572576,4.626873762849819,4.784716245161976,4.662973691999655
2025-11-27 18:30:00,6.41,4.838959557005987,4.898706,4.854956037329446,4.6067812367144185,4.846896721222539
2025-11-28 09:30:00,6.74,6.301276784346646,6.166122,6.286688074292789,6.075956825396831,6.294038130276268
2025-11-28 12:30:00,7.01,6.549332602740822,6.557029,6.513180587790813,6.19062073662859,6.531394626785158
2025-11-28 15:30:00,7.94,6.593807847008732,6.767129,6.512748771432733,6.612779311957199,6.553587799780901
2025-11-29 06:30:00,8.03,7.781060714285713,7.6751823,7.410729083613564,7.731202499999999,7.5973088571401375
2025-11-29 09:30:00,8.13,7.87195904761905,7.8088827,7.470329952498143,7.83603166666667,7.672677954674823
2025-11-29 15:30:00,8.14,7.7112333333333405,7.731341,7.669847231200488,7.700079880952388,7.690698297983738
2025-11-30 00:30:00,7.78,7.534321428571437,7.847188,7.7177726028458595,7.345091666666669,7.625346583261246
2025-11-30 18:30:00,7.68,7.593374999999994,7.477895,7.50339576387013,7.663802564102554,7.5487289304396
2025-11-30 21:30:00,7.2,7.436949999999997,7.3650284,7.453365960625401,7.411289876115877,7.445095302755453
2025-12-01 12:30:00,7.08,6.934873348416289,6.9542747,7.005395207818341,7.008557536392568,6.969865019559708
2025-12-01 15:30:00,6.97,6.812043103448264,6.577327,6.852298371304367,6.729759514790755,6.832017039282547
2025-12-01 18:30:00,6.68,6.530811817609068,6.454173,6.469577461136039,6.57679805151474,6.500428437440835
2025-12-02 00:30:00,6.56,6.413355350207071,6.3438196,6.388011566555499,6.498364330412767,6.400780223138881
2025-12-02 03:30:00,6.04,6.356891725237727,6.3625274,6.368880103789117,6.372095320512821,6.362840141847411
2025-12-02 12:30:00,5.85,5.678996669741617,5.7609625,5.828159161897607,5.737449945823516,5.753008400525667
2025-12-02 15:30:00,5.69,5.28133163600288,5.3484626,5.534714777798971,5.133760788062965,5.407055768154127
2025-12-02 18:30:00,5.58,5.2422133537443925,5.320005,5.345401029492553,5.428356638293236,5.2934132121492645
2025-12-02 21:30:00,3.76,5.296403087835481,5.267209,5.323489047954131,5.363485766648662,5.309842651356801
2025-12-03 00:30:00,5.14,3.295162929292928,3.0510294,3.3233624313493304,3.1845287700216445,3.3091550121837128
2025-12-03 06:30:00,4.73,5.269448669293966,5.0250616,5.033941478812098,5.369285486699371,5.152594260871881
2025-12-03 09:30:00,4.53,4.425060133697296,4.3616548,4.50653378558198,4.5619155308461385,4.465485886191272
2025-12-03 12:30:00,4.33,4.201704614212063,4.4160867,4.556197039552813,4.283711330204287,4.3775973441475955
2025-12-03 15:30:00,3.66,4.145259706805764,3.943383,4.251264298335785,4.018444608580098,4.197857267873518
2025-12-04 03:30:00,2.9,3.255596446866768,3.3001506,3.385437151759607,3.1377123247468592,3.3200210562738732
2025-12-04 09:30:00,2.47,2.938866793243979,2.9676328,2.9325744407972283,2.8757670084572307,2.935744641766379
2025-12-04 21:30:00,3.62,2.906218524004116,3.2523792,3.0292587153757835,2.785071239439,2.9672688415993367
2025-12-05 12:30:00,3.94,3.117423094163079,3.6614008,3.4552488565483945,3.1340875210191244,3.2850461273813156
2025-12-06 00:30:00,4.05,4.072653288476189,4.0962253,3.896010431885965,3.8260226330726494,3.985006297882808
2025-12-06 15:30:00,3.44,3.884446272916189,3.6135106,3.724746200631144,3.7246732479138704,3.8052059854597857
2025-12-07 06:30:00,2.7,3.119620143548387,3.3793244,3.3658159998264336,3.223164416095374,3.241778074618243
2025-12-07 15:30:00,2.51,2.9331380231160704,2.8644946,2.7551557722207947,2.9168019097153297,2.8448264492934454
2025-12-07 18:30:00,3.46,2.7437317842554863,2.7958927,2.615406541571627,2.713277422422488,2.6800591197871064
2025-12-08 09:30:00,3.41,3.092492906061162,3.3823414,3.3085094167654465,3.3128998411841297,3.1996763916953106
2025-12-08 15:30:00,2.69,3.047515687448952,3.3626587,3.2665721266367003,3.332046472589334,3.1562075306150037
2025-12-09 09:30:00,2.48,2.81861138343969,2.674598,2.624437845377635,2.6632170184270296,2.7222659857682263
2025-12-10 09:30:00,2.51,2.7041135382673183,2.6950634,2.5406785867148893,2.7609655067324512,2.6230200712692415
2025-12-10 15:30:00,3.13,2.6467108056491044,2.6080348,2.547764364481282,2.6377921280728067,2.5976153711340095
2025-12-11 12:30:00,3.59,3.363808161536541,3.097626,2.9888800483161324,3.3867770602545204,3.1777756128846883
2025-12-13 09:30:00,3.76,3.149193447189776,3.3857696,3.33567558219299,3.240298031863107,3.241722509773814
2025-12-14 09:30:00,2.02,3.6590819598348063,3.7582688,3.5547965620645434,3.5179827592902138,3.6073374316164877
2025-12-17 15:30:00,2.16,2.391653084091737,2.3512776,2.320232023622045,2.3602471821913027,2.3562152456419323
2025-12-18 15:30:00,2.14,2.6775572116495745,2.4608245,2.50860239598734,2.4993988412259496,2.5937248879150987
2025-12-18 18:30:00,1.93,2.4189559612726943,2.4566703,2.545563250815579,2.4043641950242027,2.4817762084642396
2025-12-19 09:30:00,1.9,2.141613986722591,2.2564363,2.2511050606923844,2.044916682897731,2.1959414773187813
2025-12-19 12:30:00,1.93,1.9128812045186996,2.0202029,2.0613536041016056,1.913013619408376,1.9865505238493275
2025-12-19 15:30:00,2.8,1.9079348464220924,1.970635,2.100023248019645,1.8273125278986648,2.003245637092639
2025-12-21 09:30:00,2.31,2.380078903318901,2.5566864,2.4681109894794195,2.2026188881333626,2.4237588322815853
2025-12-21 15:30:00,1.91,2.190408193571613,2.3366616,2.2925856736594885,2.2872611411243806,2.2411068111607317
2025-12-24 09:30:00,2.71,2.114393454078851,2.1684935,2.1794634758386424,2.0636548933396868,2.1466800219887086
2025-12-25 09:30:00,1.96,2.547176646067356,2.7011201,2.7360574703558047,2.3111878879668244,2.640895894890893
2025-12-29 09:30:00,1.6,2.2129719021639263,2.2652428,2.214585978761245,2.2067464629062026,2.2137727777785585
2026-01-01 09:30:00,1.36,1.8572777848992263,1.9312348,2.151534952844751,1.823649801225864,2.0032828695587517
2026-01-10 12:30:00,1.29,1.4435495925194832,1.6500494,1.5824424677860665,1.503979537825883,1.512465725144183
2026-01-10 15:30:00,1.26,1.3917463768284946,1.5238758,1.515033223606102,1.5095964188017337,1.4529190803750158
2026-01-10 18:30:00,1.5,1.4138503706292909,1.4253976,1.3953194073608348,1.4044407083143442,1.4046556418152951
2026-01-11 09:30:00,2.18,1.4199800028246736,1.5403601,1.5137436726659117,1.4754533388200255,1.4665038399455832
2026-02-20 06:30:00,2.06,1.976594331577048,2.189807,2.222229008801159,2.028291581379145,2.0984738157500926
2026-02-21 21:30:00,1.75,2.002677606159988,2.1496048,2.0573841675612075,2.012216887056093,2.029822012478393
2026-04-15 09:30:00,3.26,2.2312037483545133,2.1365287,2.091118524885049,2.2820476019660187,2.1616959941169194
2026-05-10 06:30:00,3.64,3.020876204883194,2.9968069,3.0055299823194934,3.1572464195811585,3.013261686806163
2026-05-11 21:30:00,3.88,3.46401298333442,3.7822099,3.625756100914892,3.616606075005277,3.544266992914925
2026-05-12 15:30:00,4.34,3.507572730643012,3.992757,3.728344578643905,3.682783904682674,3.6171157286364464
2026-05-12 21:30:00,4.54,4.543469345333486,4.4901023,4.500184217296396,4.275225352744617,4.521992047676887
2026-05-13 06:30:00,5.9,4.288838429213257,4.6908603,4.602700888639266,4.4074074396271286,4.444571304914776
2026-05-13 21:30:00,5.9,5.892477572576301,5.9995966,5.941796667235859,5.726257852240355,5.916948815337778
2026-05-14 00:30:00,6.62,5.919615247009936,5.958196,5.775338640884195,5.747750046713646,5.848027804505637
2026-05-15 00:30:00,7.02,6.610875029154247,6.5269966,6.541218530317653,6.7259175,6.576312734272085
2026-05-15 21:30:00,7.05,6.823300292669748,6.8937836,6.701578773666421,7.043484630230878,6.762904276453561
2026-05-16 00:30:00,6.68,7.010676781907403,6.9669757,7.031879258007115,6.912651424617054,7.021197067070016
2026-05-23 21:30:00,6.61,6.520532501029253,6.5744467,6.53174789978397,6.627183050900333,6.526097379044309
2026-05-24 06:30:00,6.16,6.502357169276838,6.4577904,6.465660660019472,6.559755834582086,6.484149025093846
2026-05-24 21:30:00,5.06,5.785397750604232,5.9932323,6.02551033612018,5.80360364602117,5.904537272746862
2026-05-25 21:30:00,5.22,5.618715609605906,4.946112,4.898570453742939,4.897793412069668,5.261392608154382
2026-05-26 09:30:00,6.08,5.554873352007467,5.4140525,5.48103559284189,5.280817298065847,5.518236391374325
2026-05-30 21:30:00,4.34,5.742782230683709,6.1509323,6.146268999384964,5.842683361793349,5.942985067659735
2026-05-31 21:30:00,5.96,4.366556047290627,4.2557797,4.232922763478253,4.287732247872097,4.300249628818033
2026-06-12 18:30:00,6.08,5.824490969692525,6.1897087,6.169915539390512,5.804791492088286,5.995884393663667
2026-06-12 21:30:00,6.14,5.913920978996755,6.0728607,6.007633307556869,5.917241844974993,5.960419341502553
2026-06-13 00:30:00,6.24,6.004464323354093,5.93714,5.952273360614939,6.016356896426049,5.97856811159349
2026-06-13 03:30:00,6.47,6.216077034753175,6.022542,6.060824791456168,6.219650877386394,6.139043679595086
2026-06-13 12:30:00,6.5,6.528835961446248,6.2302675,6.570003824297986,6.520339317900241,6.549262710411739
2026-06-13 15:30:00,6.53,6.527221942317223,6.3395934,6.518634076103727,6.537079664089996,6.522960798426317
2026-06-13 18:30:00,6.56,6.622563107540888,7.0470943,7.003055479199267,6.632386188949938,6.811356540591836
2026-06-13 21:30:00,6.55,6.531570975648662,6.7304177,6.733542692505231,6.573576387362631,6.631785688596393
2026-06-14 00:30:00,6.54,6.535587176947362,6.716074,6.601113943517455,6.612326900183145,6.568100373371187
2026-06-14 03:30:00,6.47,6.542753843614026,6.5457444,6.4939385375154455,6.584420233516478,6.518532571624744
2026-06-14 06:30:00,6.3,6.534174169048826,6.470161,6.489409309274595,6.577594052529596,6.511962655267389
2026-06-14 12:30:00,3.11,6.063576184432399,6.1497817,6.162201559901101,6.136004558122959,6.112512311954537
2026-06-18 09:30:00,5.46,3.7961481190476216,3.5493279,3.2396467278795686,3.709668105158733,3.5200221938987815
2026-06-22 21:30:00,5.52,5.52515179405944,5.927083,5.843421520421939,5.652200245662124,5.683071475902919
2026-06-23 00:30:00,5.84,5.386238057494409,5.6241317,5.550422067992094,5.331783892043213,5.467703193993285
2026-06-23 06:30:00,5.9,5.910535920705615,5.6667657,5.718617959158859,5.909044521092158,5.8153096993056135
2026-06-23 21:30:00,5.88,5.564923058025414,5.845409,5.453315310692578,5.791248417667919,5.509545312389642
2026-06-24 00:30:00,5.74,5.551905089553091,5.702534,5.6882833239569,5.7189854013697765,5.619573502862671
2026-06-24 03:30:00,5.6,5.6346550170533884,5.5926704,5.557246887554145,5.659514668733412,5.596246503236097
2026-06-24 06:30:00,4.98,5.437639222338399,5.4448237,5.412707357421965,5.450064905891001,5.425268481896426
2026-06-24 15:30:00,4.86,4.768925216041357,4.8316708,4.864992558545779,4.793366053888142,4.816592093872419
2026-06-29 21:30:00,4.97,4.580559268520181,4.6196384,4.531102390261963,4.477275534246346,4.556019660029067
2026-06-30 03:30:00,2.08,4.8854338632360825,4.772552,4.918156922518089,4.863178995122927,4.9016704534070055
2026-07-11 09:30:00,4.24,2.689984996209956,2.744188,2.561596657377857,2.9549768531468525,2.626281024574006
2026-08-01 15:30:00,4.32,3.843326682698797,4.241391,4.236437173395773,4.134959683878976,4.038380998199397
2026-08-01 18:30:00,4.35,4.150072692973113,4.4689493,4.365264689946694,4.232306113347156,4.256847069806634
2026-08-01 21:30:00,4.38,4.067095511916483,4.1675,4.090441704078964,4.200539782823838,4.078679470217174
2026-08-02 00:30:00,4.31,4.227563708669355,4.189593,4.209714837597928,4.270777422783212,4.218707421666881
2026-08-02 03:30:00,3.49,4.067873248522164,4.1420445,4.180753939240876,4.167398057928453,4.123882605642947
2026-08-02 09:30:00,3.86,3.5141766351141457,3.732589,3.698889207694028,3.6417490250181945,3.605827672828874
2026-08-03 00:30:00,3.86,4.0203819359861805,4.123581,3.9305531677173,4.065154707259499,3.975810525856973
2026-08-03 03:30:00,3.86,3.821879381602856,4.111733,3.785269327713419,3.832115044106954,3.803714135009758
2026-08-03 06:30:00,4.27,3.7642897482641575,4.0882187,3.8426329923347775,3.7679162712427434,3.8031622490188384
2026-08-03 15:30:00,4.5,4.109626970523135,3.9945378,3.994895117200573,4.199383894438407,4.0526990999993275
2026-08-03 18:30:00,4.94,4.606094435920282,4.603237,4.694349209589719,4.583874752785372,4.649884858397259
2026-08-04 00:30:00,5.0,4.689119743494995,4.736648,4.732724603868016,4.758494452523149,4.710755686553851
2026-08-04 00:30:00,5.1,5.119208350828287,4.9158955,4.955538166704124,4.886577845347539,5.037998165682644
2026-08-04 03:30:00,5.36,5.175542629196194,5.1221175,5.065956088033663,5.288500002634138,5.121167769505632
2026-08-04 06:30:00,5.37,5.60362211423241,5.4626093,5.502849233403869,5.358753716962897,5.553620433391522
2026-08-04 09:30:00,5.37,5.420747575212321,5.375482,5.459014028898131,5.314745152400405,5.439734697425944
2026-08-04 15:30:00,5.28,5.406596435338133,5.3851933,5.459692265654702,5.313500445954888,5.432941626024783
2026-08-04 18:30:00,5.15,5.098486518426827,5.394322,5.235013916628107,5.023265060299018,5.1662289441148666
2026-08-04 21:30:00,4.8,4.979232784372563,5.06998,5.053372063261735,4.872506252872912,5.0160193536391215
2026-08-05 03:30:00,4.62,4.593655871271058,4.7281346,4.688270603252135,4.489696124873185,4.640601990033041
2025-06-10 09:30:00,0.29,-0.1872300625702947,-0.15149654,-0.2360309207508688,-0.1889004633342096,-0.21144416576397224
2025-10-21 18:30:00,0.24,0.216823643023643,0.16125576,0.163611514148877,0.4256162580252286,0.1904207470958465
2025-10-21 21:30:00,0.19,0.192261479498762,0.34943128,0.3244698992739213,0.4293536304923145,0.25786090620685775
2025-10-22 00:30:00,-0.06,0.1933520364218448,0.35147098,0.3152108879971175,0.3138242359100894,0.25381619457636795
2025-10-23 00:30:00,-0.07,0.7140952487314697,0.34449914,0.9274290056040536,1.563610182552913,0.8199476004358899
2025-10-23 18:30:00,-0.08,0.4037312076915386,0.29650342,0.4823777914497575,0.856327261904761,0.4427542201128606
2025-10-24 18:30:00,-0.08,0.4299620337941629,0.24685006,0.4333229450794832,0.4597647619047617,0.4316296571868994
2025-10-25 18:30:00,-0.08,0.0572872233673949,0.105058044,0.0428445974441842,0.507524206349206,0.05012105360049691
2025-10-27 09:30:00,-0.17,-0.0218377306214317,0.09556407,0.0673002641906696,0.2336292857142857,0.022390930212178313
2025-10-30 09:30:00,-0.15,0.1907761836368941,0.53937864,0.0512139846505667,2.4709258287487006,0.12152794468816387
2025-11-06 09:30:00,0.22,-0.0507134123851864,0.12432552,0.0421647657780315,1.2634028295290096,-0.00462894021948668
2025-11-12 09:30:00,0.1,0.1729750541125541,0.15613262,0.1904925030242727,0.2186120761738261,0.18166689543363918
2025-11-21 00:30:00,0.16,-0.0317966987179487,0.112561844,0.1197483464377586,0.1148620540862806,0.04339721177257479
2025-11-21 06:30:00,0.1,0.2972243390003715,0.17071734,0.2122769469400715,0.2220864441716207,0.25507497945897145
2025-11-21 18:30:00,0.23,0.1907339982362526,0.13497719,0.180508826481905,0.2699041114359498,0.1856604529490632
2025-11-23 03:30:00,0.25,0.4625761231884056,0.15827848,0.2364091099735612,0.4322192869630368,0.3503561417953314
2025-11-23 06:30:00,0.23,0.388278980331263,0.25481093,0.1977029355054133,0.4008602660533911,0.29371859373763204
2025-11-24 00:30:00,0.24,0.3780265993788823,0.09560506,0.1192000710816774,0.3482419939190214,0.24960155729745853
2025-11-24 03:30:00,0.17,0.3856683696515044,0.25286004,0.3611273786737463,0.3741934362267134,0.37349157378837156
2025-11-24 18:30:00,1.28,0.2086207355496315,0.30372766,0.3557973106550203,0.2040969905708055,0.2816470902114132
2025-11-25 03:30:00,1.41,1.0427710470085467,1.0322528,0.8781109101384809,1.0361899433146642,0.9610696652151427
2025-11-25 15:30:00,1.41,1.560346644043359,1.4383272,1.3491124922199906,1.6261132529690152,1.4555360783899043
2025-11-25 21:30:00,1.41,1.491709311928705,1.5150698,1.4207715144630733,1.5626455718586876,1.4565112598409906
2025-11-26 00:30:00,2.63,1.4611674202641725,1.3982928,1.4122992209241916,1.496050330898841,1.4369199036051614
2025-11-27 00:30:00,5.01,2.059994139873777,1.7606565,1.9746984919749464,2.0927614887724726,2.0176719820840185
2025-11-27 09:30:00,5.88,4.0564210144927575,3.753378,3.8900172919577294,3.623383333333334,3.973854497027718
2025-11-27 12:30:00,6.48,5.826108558712125,5.461954,5.174891449147309,5.802395317460321,5.5029864071683265
2025-11-27 18:30:00,7.48,5.846420238095237,5.762232,5.958313844484578,6.010182942142372,5.901939821824662
2025-11-28 09:30:00,7.58,6.930429166666667,6.0223303,6.041504574791013,6.860775694444445,6.4893608616907725
2025-11-28 12:30:00,7.6,6.956460370879118,6.635023,5.916262985472362,7.206673611111113,6.4403332417447565
2025-11-28 15:30:00,6.94,6.969961607142856,6.3600893,6.124740225243038,7.1675665544375615,6.550578044519938
2025-11-29 06:30:00,6.28,5.390221014492754,5.6050086,5.200565331267401,5.852228304473299,5.296117294679192
2025-11-29 09:30:00,2.9,5.51493409090909,5.300311,5.559680994246883,5.45262166666667,5.537136695031534
2025-11-29 15:30:00,1.65,2.8706735314233267,2.1359499,2.3537076851087964,2.8904379662004653,2.6141644285721433
2025-11-30 00:30:00,0.95,1.981928687007438,1.5534583,1.502215403468486,1.9355486905194987,1.7439036320379346
2025-11-30 18:30:00,0.95,1.454266561223804,1.4674839,1.2174906717400906,1.6455513672173412,1.336782647303297
2025-11-30 21:30:00,0.91,1.041947163699219,1.0343238,1.0640274167459016,1.0678856634756555,1.0529029859070282
2025-12-01 12:30:00,0.9,0.9349863654453494,1.0092201,1.1157877482718048,0.9813141934461124,1.0246967415440649
2025-12-01 15:30:00,0.89,0.8657394545969117,0.95412266,0.999508007743034,0.8999463732994019,0.9321129912663653
2025-12-01 18:30:00,0.88,0.8742379888540606,0.9171486,0.9802037125806832,0.9190798736122848,0.92681626442075
2025-12-02 00:30:00,0.89,0.9113045382143729,0.89014995,0.9680866323573952,0.9284037401099188,0.9394787863401888
2025-12-02 03:30:00,0.42,0.9234863177552912,0.92601293,0.9930683995586244,0.9378479943404046,0.9580116882514909
2025-12-02 12:30:00,0.31,0.6167479724726296,0.76937324,0.7319339905772443,0.5977642218815834,0.673901191347051
2025-12-02 15:30:00,0.27,0.4364366232015811,0.59255946,0.5646650864836068,0.544432570106644,0.5000612674811693
2025-12-02 18:30:00,0.27,0.5283548888678529,0.62427455,0.4590885537808553,1.1140232589433294,0.49398618618155354
2025-12-02 21:30:00,0.62,0.4318575149366128,0.35982788,0.3813310700639916,0.7669022421841913,0.40678720683612274
2025-12-03 00:30:00,0.48,0.6290413675384224,0.4653692,0.5072063481628276,0.5466428390230422,0.5685890344903388
2025-12-03 06:30:00,0.48,1.179914233051499,0.49045143,0.8131295479404067,0.6349449528361969,0.9979223061415767
2025-12-03 09:30:00,0.47,0.5251498278282463,0.53416985,0.5467598901509954,0.6504023938185486,0.5358723499029328
2025-12-03 12:30:00,0.47,0.5068088844657119,0.5686204,0.581333560908035,0.5214421134906011,0.5437866810276618
2025-12-03 15:30:00,0.62,0.4839378382533911,0.5127198,0.5215441415263767,0.5476684238625537,0.5025974057719658
2025-12-04 03:30:00,0.79,0.6366267608065223,0.5216196,0.5833981975078208,0.621452638677632,0.6102157104148098
2025-12-04 09:30:00,0.78,0.7953711980621424,0.71990335,0.7175317623460238,0.7033811432630998,0.7567486779008472
2025-12-04 21:30:00,0.76,0.8459239960259862,0.705699,0.7457799287856987,0.8360979273683362,0.7962343211145688
2025-12-05 12:30:00,0.65,0.8442637616883673,0.7784656,0.8197964874345769,0.8507158790235586,0.8321235427303915
2025-12-06 00:30:00,0.38,0.7569524928878024,0.70437133,0.7631103394939283,0.787824283321036,0.7600079050000206
2025-12-06 15:30:00,0.35,0.5682387445456929,0.6224768,0.6187879733534931,0.4680849905424976,0.5933203576227375
2025-12-07 06:30:00,0.33,0.44058323260035,0.5008303,0.5188848778680407,0.507247602153221,0.4794350927813934
2025-12-07 15:30:00,0.33,0.6450942586225419,0.47889462,0.4778267361122702,0.739712294881528,0.5620991392328842
2025-12-07 18:30:00,0.32,0.5294760237919794,0.3968345,0.4111682856019694,0.6231977451723114,0.4707738638720985
2025-12-08 09:30:00,0.32,0.5312014089563479,0.44139346,0.4428877166580381,0.6300407068398486,0.48738175212135404
2025-12-08 15:30:00,0.32,0.5074802188465725,0.40777212,0.4081736544911482,0.616084879449045,0.4582060977191489
2025-12-09 09:30:00,0.38,0.5100019964908503,0.41671833,0.4370508015572455,0.7358163810074438,0.47380493299479165
2025-12-10 09:30:00,0.35,0.5791685064318272,0.42737952,0.4172514836938189,0.6735373217255103,0.49882820825748375
2025-12-10 15:30:00,0.35,0.5049521204671943,0.39599735,0.398953810075954,0.610551760781335,0.45235767598689924
2025-12-11 12:30:00,0.34,0.5083731064442499,0.43888876,0.4111377899590496,0.5869396688060946,0.46012670104845776
2025-12-13 09:30:00,0.34,0.5078166551001845,0.42559102,0.4172514836938189,0.6140991112509075,0.4628798550530949
2025-12-14 09:30:00,0.13,0.5077265428345692,0.42324474,0.4172514836938189,0.630226265674731,0.46283445486386465
2025-12-17 15:30:00,0.17,0.4038305654421282,0.44198474,0.3342650968617457,0.4475401290943172,0.3693134381266818
2025-12-18 15:30:00,0.29,0.636360343425453,0.5101627,0.4552683837315713,0.6267077186775207,0.5465057883406317
2025-12-18 18:30:00,0.18,0.618359727869353,0.51163286,0.426338370554605,0.871989142135642,0.5230822033593395
2025-12-19 09:30:00,0.17,0.4376857792207792,0.2763592,0.2322375022592478,0.4256468196248199,0.33574606002768437
2025-12-19 12:30:00,0.16,0.3318305474465673,0.27963373,0.2863597070544863,0.3231667213621529,0.30926873885125505
2025-12-19 15:30:00,0.01,0.3964468419975832,0.55364436,0.4507062941923828,0.382718197080697,0.4233694008143928
2025-12-21 09:30:00,0.01,0.1009220456403049,0.24064882,0.2211459647906682,0.3638147869302539,0.16057497989575317
2025-12-21 15:30:00,-0.11,0.0662670789478131,0.1206578,0.0969302666958133,0.1625057704268911,0.08148159811937843
2025-12-24 09:30:00,-0.08,0.0004248664863244,0.11384229,0.1034737984058268,0.1488903034547153,0.05155588271280438
2025-12-25 09:30:00,-0.06,0.0580584183551967,0.112167716,0.1230029907887917,0.1113990551542254,0.09028274057833173
2025-12-29 09:30:00,0.38,0.0619687130394851,0.07187603,0.0723297529447915,0.1175331613756613,0.06710967364580427
2026-01-01 09:30:00,0.67,0.2496851076701079,0.22102371,0.2077324069069235,0.414479087305332,0.2288689363279081
2026-01-10 12:30:00,0.67,0.3839233333333334,0.3891507,0.3654655575164315,0.348759741836745,0.3747649188090958
2026-01-10 15:30:00,0.66,0.4350726200453701,0.5473462,0.571532514881192,0.4548339265566282,0.5027815517843673
2026-01-10 18:30:00,-0.02,0.6778271324373722,0.6437615,0.6570621543856493,0.6887720096266345,0.667523925893373
2026-01-11 09:30:00,-0.05,1.3782444842896162,0.4559271,0.4293672315925656,0.5537935258927783,0.9074287533464737
2026-02-20 06:30:00,-0.12,0.3491554213116615,0.20020251,0.2825178969108619,0.3878021825396825,0.31609108694193366
2026-02-21 21:30:00,-0.01,0.9948885972360964,0.18625118,0.2888279836247004,0.4608235294117639,0.6445540909100745
2026-04-15 09:30:00,1.6,0.0338649028091331,0.038114235,0.1484431070065857,0.027457288367091,0.09071653541603199
2026-05-10 06:30:00,2.39,1.5610995833333323,1.1887834,1.1811138944721484,1.1453134290347338,1.3725575571222448
2026-05-11 21:30:00,2.01,2.3597200000000003,1.9333167,2.285030574066453,2.1773847185381667,2.322660457720242
2026-05-12 15:30:00,1.87,1.9756686410560564,1.9653924,2.048129795231808,1.853330097022085,2.0116225551911784
2026-05-12 21:30:00,0.85,1.8959521701160416,1.8544431,1.891734284393937,1.8552840649978333,1.8938593315074197
2026-05-13 06:30:00,0.9,1.561661379891575,1.3158479,1.249904780330538,1.3328502618188964,1.406973393767472
2026-05-13 21:30:00,0.86,1.1112875735958512,0.93785024,0.9772651237335624,0.9851972054781648,1.0447880579679323
2026-05-15 00:30:00,0.38,0.9341972440772612,0.95107037,1.0447349965694348,0.9200719893597972,0.9890440776255311
2026-05-15 21:30:00,0.38,0.647358881983285,0.65635395,0.6206546982465253,0.6790747313063512,0.6341087489976682
2026-05-16 00:30:00,-0.11,0.4558293326031135,0.49829635,0.4959169178100623,0.455910907960196,0.4757200673396758
2026-05-23 21:30:00,-0.13,0.3030767944007747,0.15419544,0.1661347347148128,-0.0262270810984849,0.23512862118380068
2026-05-24 06:30:00,-0.15,0.6742059042346537,0.026002191,0.0524750581459332,-0.1406871650326797,0.3657143033251135
2026-05-24 21:30:00,-0.14,0.1300925703240547,0.006276462,-0.0537677147540375,-0.1349773560143147,0.03886442225283727
2026-05-25 21:30:00,-0.11,-0.146795706046221,-0.10291864,-0.1001038241221259,-0.1457133036412493,-0.12362803872706103
2026-05-26 09:30:00,-0.19,-0.0881293438864927,-0.095482156,-0.0205045408634904,-0.1038157486708325,-0.054575139720818504
2026-05-30 21:30:00,-0.15,-0.1686406562510285,-0.1993537,-0.2154210953709801,-0.1978558776134328,-0.19185226404908487
2026-05-31 21:30:00,-0.01,-0.1590914074598511,-0.12643611,-0.1001038241221259,-0.1735897273687402,-0.1298228354851496
2026-06-12 18:30:00,0.0,0.935299015151515,0.15358731,0.3337384292973429,0.0005932335257335,0.6368155325614413
2026-06-12 21:30:00,0.04,-0.0296794684385382,0.19647948,0.0701895999380305,0.0035807378229069,0.01987375701046199
2026-06-13 00:30:00,0.04,0.0015669322832843,0.04543202,0.088827688599985,0.0776521639219619,0.044864141328104484
2026-06-13 03:30:00,-0.04,0.0536776683562874,0.01895244,0.0374284417607322,0.0701550460891368,0.04561509601081078
2026-06-13 12:30:00,-0.04,0.4998381598042392,0.17799407,0.1782270437907696,0.0533185146152903,0.3402605408499091
2026-06-13 15:30:00,-0.03,-0.0181103928363814,-0.0063397083,-0.0239255195142389,0.0082394835860755,-0.020995753518788407
2026-06-13 18:30:00,-0.03,-0.0277004796455048,0.08775663,0.0991991468354377,0.0057017273816383,0.03526481984736016
2026-06-13 21:30:00,-0.05,-0.0207181187571657,0.03329466,0.0423387354102494,0.0067790389079647,0.01056955180446095
2026-06-14 00:30:00,-0.06,0.0036075056160959,-0.019779926,-0.0235290076207731,0.0231421446910704,-0.009857141448158096
2026-06-14 03:30:00,-0.09,-0.0005984299006642,-0.031968392,-0.022909948100723,0.0110178208327393,-0.011669001694807243
2026-06-14 06:30:00,-0.11,0.0502209616950226,-0.03968314,-0.0339455859387348,-0.0393834823311407,0.008459043035349497
2026-06-14 12:30:00,-0.1,-0.0537743998940138,-0.07611383,-0.0559913806280339,-0.1274030510853881,-0.05487442563686695
2026-06-18 09:30:00,-0.12,-0.092293215886751,-0.029601855,-0.1003013357509383,-0.1099519111142481,-0.09626670012469743
2026-06-22 21:30:00,-0.12,-0.116736026264358,-0.113509975,-0.0759525688808337,-0.1284796365832236,-0.09650001233965388
2026-06-23 00:30:00,-0.12,0.276958060759729,-0.05782865,0.0754587610862126,-0.1182107476943347,0.17697775267386645
2026-06-23 06:30:00,-0.13,0.9404991097385276,-0.10484982,0.068231105361275,-0.1252929500752871,0.50769550222038
2026-06-23 21:30:00,-0.13,-0.1317716535807551,-0.100485556,-0.0899214261499803,-0.1281672028661471,-0.11100632765271555
2026-06-24 00:30:00,-0.13,-0.1289162369140885,-0.09979235,-0.0901396745709287,-0.1224422028661471,-0.10967600801075536
2026-06-24 03:30:00,-0.12,-0.1290089641868158,-0.10104596,-0.0890082649241741,-0.1243481552470995,-0.1091613406843581
2026-06-24 06:30:00,-0.13,-0.1258256458018288,-0.10484982,-0.0973673302958663,-0.1185918655645597,-0.11170514435839488
2026-06-24 15:30:00,-0.18,-0.1328107633231963,-0.09248867,-0.0833612922569765,-0.1309416076280519,-0.10827483014678238
2026-06-29 21:30:00,-0.18,-0.1841775548504393,-0.100485556,-0.2039891495119648,-0.1874619751189354,-0.1940077097995678
2026-06-30 03:30:00,-0.17,-0.187400054332882,-0.12833114,-0.2127958626466835,-0.1910130237787854,-0.20000099509752672
2026-07-11 09:30:00,-0.25,-0.1551524985491671,-0.12736616,-0.099874226330155,-0.1397722845843611,-0.12772441966320658
2026-08-01 15:30:00,-0.25,-0.2570542576650395,-0.23266223,-0.244973517572751,-0.2138849608426287,-0.25106001292925495
2026-08-01 18:30:00,-0.25,-0.260830360453424,-0.26768163,-0.2667498712494988,-0.2096130926573074,-0.2637675146473496
2026-08-01 21:30:00,-0.25,-0.2574631894007925,-0.2740684,-0.2737808902162422,-0.2410547634893852,-0.2655597374157235
2026-08-02 00:30:00,-0.25,-0.2585143981498838,-0.27337518,-0.2800731491609193,-0.2431990148262836,-0.26921146047973876
2026-08-02 03:30:00,-0.24,-0.2620432934049555,-0.26356953,-0.2724953985365523,-0.2481446196649933,-0.26722943892951095
2026-08-02 09:30:00,-0.24,-0.2422556789327847,-0.2523543,-0.2622673106031385,-0.2533366129294044,-0.25218508862772937
2026-08-03 00:30:00,-0.24,-0.2324175941719712,-0.27337518,-0.266513592124736,-0.242223149270271,-0.24933541167970322
2026-08-03 03:30:00,-0.24,-0.2363854234097268,-0.26356953,-0.2589358415003691,-0.2475221473417997,-0.24757453300872034
2026-08-03 06:30:00,-0.23,-0.2422690770204979,-0.26737338,-0.2672949068720613,-0.2500949739395441,-0.25468644116378647
2026-08-03 15:30:00,-0.22,-0.2424446424180776,0.045963578,-0.1400663701531732,-0.2311178543377129,-0.19164639538233974
2026-08-03 18:30:00,-0.22,-0.2146090987363414,-0.25929135,-0.2477290857362662,-0.2271754353579209,-0.23104263726187235
2026-08-04 00:30:00,-0.22,-0.2096673252576603,-0.2801446,-0.2732237042377247,-0.2160089145574518,-0.24120285099668023
2026-08-04 03:30:00,-0.21,-0.2031658360057701,-0.2761481,-0.2636439289549475,-0.2097028069630632,-0.23317397189160866
2026-08-04 06:30:00,-0.21,-0.194809150714532,-0.17874305,-0.2672243101344531,-0.1980346451647272,-0.2307402430836939
2026-08-04 09:30:00,-0.22,-0.1951335721941365,-0.15816066,-0.2484576759457353,-0.1954262333681904,-0.22159202803058653
2026-08-04 15:30:00,-0.22,-0.2176313985073666,-0.29962182,-0.2904300776158802,-0.2256533644733738,-0.2537527864094887
2026-08-04 18:30:00,-0.22,-0.2187273749148992,-0.30067483,-0.2626058592062532,-0.2243771018471112,-0.24049908521314017
2026-08-04 21:30:00,-0.22,-0.2192281645974388,-0.2740684,-0.2602213331800589,-0.1789924940039741,-0.23956823342619776
2026-08-05 03:30:00,-0.22,-0.2111109724043956,-0.26356953,-0.2589358415003691,-0.1743745481329196,-0.23484080746649694
2025-06-10 09:30:00,1.89,1.5592896969428336,1.3780348,1.3579473254545735,1.539518788996576,1.4593872537842174
2025-10-21 18:30:00,1.98,2.313762882020935,1.9422438,1.9064993982668563,2.396555400920988,2.1116861073431608
2025-10-21 21:30:00,1.74,1.7979348491996066,1.8648044,1.8814150507034575,1.833557610423545,1.8393562153232024
2025-10-22 00:30:00,1.53,1.88398819586208,1.6759295,1.7238147321001172,1.7758242390565937,1.8045130201168136
2025-10-23 00:30:00,1.88,1.5281257502107324,1.5680637,1.5475134659380851,1.752337062853716,1.5377455840992003
2025-10-23 18:30:00,1.95,1.9866759126000852,2.084666,2.053181514980001,1.949073485927031,2.019674789649055
2025-10-24 18:30:00,1.77,1.915074006066113,2.056155,1.914741514587448,1.865182429933712,1.9149090298079983
2025-10-25 18:30:00,1.4,1.883789848592796,1.7928917,1.7553167468188076,1.8476049498170355,1.8200438191181436
2025-10-27 09:30:00,1.58,1.53589684491276,1.622126,1.655882762361696,1.5735234183653015,1.5954316870285719
2025-10-30 09:30:00,1.63,1.8776279669854283,1.7806418,1.767223703549296,2.0792059351203167,1.8228473682924191
2025-11-06 09:30:00,1.56,1.5649993845179149,1.6099455,1.677216701738673,1.666386664472735,1.620679587707102
2025-11-12 09:30:00,1.81,1.6384414458685683,1.6299059,1.5599461185217025,1.5231953554781248,1.5994934841428643
2025-11-21 00:30:00,1.69,1.87803573241968,1.7844945,1.7166260057163103,1.8716739966741784,1.7979471453625266
2025-11-21 06:30:00,2.12,1.786462010364631,1.6374974,1.6336760962510988,1.8237641190815004,1.7106524031401804
2025-11-21 18:30:00,1.79,1.9509224375815175,2.0033836,1.961590007151962,2.027144498693052,1.9562154926636368
2025-11-23 03:30:00,1.79,1.8832744059597004,1.7233299,1.759874806837272,1.8762255689493856,1.8220457567389712
2025-11-23 06:30:00,1.8,1.927478716185136,1.744385,1.7713232506934742,1.9371999147463608,1.849997198510166
2025-11-24 00:30:00,1.7,1.827607342492511,1.8382441,1.864563591014092,1.83036680782452,1.845944364600638
2025-11-24 03:30:00,1.98,1.751110797330059,1.6322439,1.729454497907421,1.812302966391493,1.7403653332426736
2025-11-24 18:30:00,1.7,1.9547947535182764,1.9038131,1.9109896467686207,1.9792829098803444,1.933059451829085
2025-11-25 03:30:00,1.7,1.902006504039329,1.7503257,1.7551342525838691,1.7986500428863386,1.8291311492684996
2025-11-25 15:30:00,1.89,1.7680740589433477,1.711039,1.7370839673268217,1.8368503686179336,1.7526973359847586
2025-11-25 21:30:00,1.53,1.8572659152666275,1.8674015,1.8264102591373927,1.8996199116565924,1.8419558967653682
2025-11-26 00:30:00,1.9,1.816009260058174,1.625433,1.5683001772767695,1.7553188143165437,1.693100493366285
2025-11-27 00:30:00,2.19,1.890403292766872,1.6878133,1.6969922388603005,1.9059565167795005,1.7944362259427087
2025-11-27 09:30:00,2.45,1.9667945609597013,1.9811542,2.01607011495278,2.1367606906763688,1.9912441996299695
2025-11-27 12:30:00,3.39,2.38255025338827,2.1251872,2.0851061089799257,2.426476812850983,2.2349638486490644
2025-11-27 18:30:00,5.05,3.325891467594608,2.7885427,3.1316066010790133,3.0134118223443225,3.2294908307580377
2025-11-28 09:30:00,6.48,4.993649009566552,4.439197,4.718335224918384,4.532363715749118,4.857043289080137
2025-11-28 12:30:00,6.0,5.746363333333335,5.7527847,5.766757287181749,5.747133333333331,5.756482444378172
2025-11-28 15:30:00,3.4,5.028377097069595,4.5713577,4.714288517753707,5.050918749999999,4.872532024768429
2025-11-29 06:30:00,3.15,3.17825,2.281488,1.564031346395005,2.9996749999999976,2.3773038996072473
2025-11-29 09:30:00,2.85,2.9045748768472897,2.5828323,2.2156992695934576,2.9415589712918635,2.562767259859695
2025-11-29 15:30:00,2.75,3.211831134192581,2.8082738,2.7004444062153468,2.7537641880341885,2.958090288953777
2025-11-30 00:30:00,2.55,2.628949889361341,2.4812207,2.4149715872046795,2.677622605653426,2.522777725944514
2025-11-30 18:30:00,2.65,2.479953185271764,2.425275,2.5214287274739764,2.4363413334440223,2.500532599166126
2025-11-30 21:30:00,2.2,2.4803586705030742,2.3738935,2.407052028918546,2.489731485857736,2.4439852408076046
2025-12-01 12:30:00,2.25,2.1246721511329487,2.2934232,2.198653262052537,2.04216732864278,2.1613802403137017
2025-12-01 15:30:00,2.2,2.27965758841981,2.2556782,2.131487721519802,2.169108622796062,2.2061383803346857
2025-12-01 18:30:00,2.05,2.185979487671301,2.0476024,2.0638997737054354,2.1267367329190905,2.1254057415931875
2025-12-02 00:30:00,2.15,1.9575233747459224,1.9337938,1.866033587079032,1.9674072600142725,1.9121277968334096
2025-12-02 03:30:00,1.98,2.1516778677163324,2.0820253,2.055922714942716,2.145100942890511,2.1041658927832834
2025-12-02 12:30:00,1.98,1.9529850463646,1.87642,1.9070420247579187,1.95723132260141,1.9301889499906968
2025-12-02 15:30:00,2.18,2.0662378782595945,1.9338965,1.9163920392652476,1.9040573874932485,1.9918870831336872
2025-12-02 18:30:00,2.18,2.1639556397516624,2.0339842,2.031358589245905,2.0707396719796254,2.098163381504004
2025-12-02 21:30:00,1.98,2.1554782984338137,2.0145578,2.0143910416566224,2.1140283432136173,2.0854733533921768
2025-12-03 00:30:00,2.15,1.9532605829591572,1.9510423,1.8446800637192828,1.922102271878741,1.8993848931512267
2025-12-03 06:30:00,2.11,2.186866037902528,2.072921,2.0377327687543443,2.1663280198594417,2.11286880704641
2025-12-03 09:30:00,2.05,2.1298899643087954,1.9879571,2.018256369762937,2.08267665573412,2.074499393753407
2025-12-03 12:30:00,1.88,2.0249667738293087,1.9024585,1.8997175334486616,2.0108844303757776,1.9628203660697423
2025-12-03 15:30:00,2.25,1.7948844654716567,1.8662248,1.8619367984258104,1.861111884406667,1.8281546203431338
2025-12-04 03:30:00,1.63,2.122570763087856,2.0460262,2.052378891729304,2.1743411833250623,2.0877428260433004
2025-12-04 09:30:00,2.07,1.7169988906919886,1.6076808,1.680535241039899,1.6725697518382907,1.6989062872335259
2025-12-04 21:30:00,1.88,2.119842494142862,1.9418883,1.975917578993896,2.01154017120646,2.048429554340389
2025-12-05 12:30:00,1.88,1.8449994268665773,1.8712267,1.8308783542509064,1.8025893341969368,1.8379928060351145
2025-12-06 00:30:00,1.74,1.8481153631969995,1.8859993,1.8366885961285304,1.8585569026317013,1.842445608047567
2025-12-06 15:30:00,1.89,1.8533772515330045,1.884245,1.8079759726702007,1.84762844699408,1.8308499581103965
2025-12-07 06:30:00,1.47,1.84851347322516,1.8543133,1.7913737747430831,1.834923594538251,1.820161788294107
2025-12-07 15:30:00,1.97,1.4991408097945291,1.4555155,1.494391003557961,1.5678115402668693,1.4967840418471976
2025-12-07 18:30:00,1.59,1.8201550490880376,1.7044417,1.7100922890895105,1.8465886682538133,1.7655438982241747
2025-12-08 09:30:00,1.78,1.8966253043032013,1.6533325,1.659970470456945,1.6987639547624314,1.7792014560005307
2025-12-08 15:30:00,1.84,1.8765039567189896,1.6251341,1.6377695377373451,1.817376794152998,1.758048255884505
2025-12-09 09:30:00,1.58,1.7176325766907337,1.7199835,1.7177516866461808,1.7171901545726669,1.717691676896347
2025-12-10 09:30:00,1.81,1.771340942117169,1.6192054,1.6286834332971176,1.7120297821819692,1.7005568664121902
2025-12-10 15:30:00,1.46,1.7282570469533294,1.6711445,1.7196698801557235,1.7821955138487708,1.7239962500999386
2025-12-11 12:30:00,1.76,1.626609682512935,1.506717,1.5437603251697278,1.6237531576155857,1.5855013298521028
2025-12-13 09:30:00,1.3,1.7916653502340427,1.6631192,1.7081734703405094,1.7327522790714665,1.750238189504707
2025-12-14 09:30:00,1.75,1.5921917206170932,1.516621,1.5084026743708718,1.6116457085601124,1.5506171113182456
2025-12-17 15:30:00,1.5,1.8292797692414184,1.7220558,1.683210020982726,1.7693634141138035,1.7568026020423706
2025-12-18 15:30:00,1.83,1.699965469275017,1.5078377,1.5568531164229904,1.6862078662344928,1.6289557081878974
2025-12-18 18:30:00,1.8,1.7451657312680422,1.603981,1.5826954133284503,1.7271463548878665,1.664550898021833
2025-12-19 09:30:00,1.48,1.728288877069813,1.7049987,1.7441826234126103,1.74672957461269,1.7361750665432558
2025-12-19 12:30:00,1.51,1.6424557382298886,1.4189782,1.4036172588593754,1.600095105087668,1.5239484045125329
2025-12-19 15:30:00,1.57,1.6816218882746747,1.4781405,1.5311391388293882,1.693728429601267,1.6069550697024766
2025-12-21 09:30:00,1.74,1.5952301031851106,1.568764,1.6517725329890345,1.5539030497121842,1.623285434200549
2025-12-21 15:30:00,1.55,1.76935359200227,1.6187493,1.6039081569612286,1.7496847242298044,1.687262559459704
2025-12-24 09:30:00,1.55,1.5808009892625592,1.4517471,1.5034880053783757,1.5528887204590671,1.542439684978612
2025-12-25 09:30:00,1.55,1.6338605006083415,1.5350817,1.600763001040623,1.5658238204250978,1.6174381199399528
2025-12-29 09:30:00,1.57,1.649711269350525,1.5470902,1.6677012266346718,1.569946407940742,1.6586375607799977
2026-01-01 09:30:00,1.45,1.607966995321121,1.5713109,1.5309311365756006,1.5440319214824425,1.5697431955187615
2026-01-10 12:30:00,1.49,1.4767789562328903,1.4201044,1.40130546678334,1.4637946510240958,1.4393303758174372
2026-01-10 15:30:00,1.6,1.5599788044684435,1.403821,1.3870641524840022,1.5043920123348034,1.4741816815703712
2026-01-10 18:30:00,1.46,1.7483443102123537,1.5414177,1.5520416662911347,1.7167074554237065,1.6509424887215944
2026-01-11 09:30:00,1.56,1.4156098222449502,1.4397973,1.4315977694434914,1.405613886011637,1.4235427524792517
2026-02-20 06:30:00,1.85,1.6086387858532083,1.6642333,1.54677962326762,1.526263855625545,1.5779453881924645
2026-02-21 21:30:00,1.32,1.9904341859515928,1.9491113,1.9249458770408072,1.8618138807984588,1.957940071522752
2026-04-15 09:30:00,1.3,1.8292392983554,1.5475048,1.5413950647086638,1.6224895151301189,1.686416195707554
2026-05-10 06:30:00,1.82,1.3157492679910072,1.3424044,1.37288203641713,1.311776783061336,1.3440975143536358
2026-05-11 21:30:00,1.5,2.219292719911225,1.9535496,1.8640011362237696,1.8903409995434128,2.0430034620580146
2026-05-12 15:30:00,1.62,1.4774005989739438,1.4665339,1.5040674839153945,1.5478277998435777,1.4906322249719317
2026-05-12 21:30:00,1.56,1.7264711444144232,1.8350396,1.685469034659003,1.775080378508491,1.7061266391374348
2026-05-13 06:30:00,1.69,1.656068449731048,1.8011773,1.8431323016332648,1.720352353598737,1.748886149719163
2026-05-13 21:30:00,1.57,1.6476105217700043,1.5736772,1.5902205316921751,1.638501853448444,1.6191346466760317
2026-05-14 00:30:00,1.91,1.6254563851595076,1.6918329,1.7101457408733054,1.5714278299565811,1.667477711732741
2026-05-15 00:30:00,1.89,1.9429567681750808,1.7535213,1.7261113882913437,1.8293442667649251,1.8353620126454095
2026-05-15 21:30:00,1.65,1.882707242347673,1.8792802,1.881734497135445,1.8354227357299573,1.8822245837668976
2026-05-16 00:30:00,1.84,1.7203198568472011,1.6470109,1.6426612946023338,1.6800728607665707,1.681787082830977
2026-05-23 21:30:00,1.69,1.84329610285446,1.9154961,1.8932241706996116,1.850922227630364,1.8680695070964508
2026-05-24 06:30:00,2.15,1.6761103396700994,1.671355,1.7172334971948668,1.7157880838897095,1.69651490666091
2026-05-24 21:30:00,1.84,2.1254129924956926,2.2655313,2.270092103009585,2.267833200304859,2.1972001503975056
2026-05-25 21:30:00,1.76,1.8011210055325833,1.726994,1.7925914376207568,1.8551098828100308,1.7968887882045554
2026-05-26 09:30:00,1.84,1.8580521331240345,1.8793207,1.8864367861345157,1.90765323039008,1.8721360845695054
2026-05-30 21:30:00,1.81,1.8578677570481916,2.0083265,1.9345393454330475,1.8579743385302232,1.895910812485956
2026-05-31 21:30:00,2.15,1.7813467340435325,1.7704386,1.7932560813116123,1.8055248809197944,1.7872559367598364
2026-06-12 18:30:00,1.96,2.0452566038111506,2.364499,2.467672798702324,2.086360214282123,2.254851879696013
2026-06-12 21:30:00,1.9,1.9587027238261263,2.0366993,2.2553528446168234,1.96357894833012,2.1058951484073436
2026-06-13 00:30:00,1.92,1.9464394070160984,1.9649813,1.901682087914644,1.903543248554379,1.9242316347801096
2026-06-13 03:30:00,1.84,1.964951620797056,1.9073753,1.9260559127531836,1.9461721092132311,1.9456522739519548
2026-06-13 12:30:00,1.84,1.965582761772688,1.7670127,1.916603131587108,1.9286141450910168,1.9412799551434818
2026-06-13 15:30:00,2.05,1.8819328633973316,1.8907077,1.8090960433304435,1.8514035854246744,1.8457925506414994
2026-06-13 18:30:00,1.94,2.0110458489177265,2.1025126,2.0504992290446933,2.023825128583717,2.0306219025641363
2026-06-13 21:30:00,1.94,1.956317392794356,1.9854716,1.9437416527426663,1.939435702231304,1.950077538031521
2026-06-14 00:30:00,1.87,1.953616699791216,1.9635334,1.956551245656548,1.953321130446295,1.9550727683740017
2026-06-14 03:30:00,1.87,1.8925569394993356,1.872493,1.8714208411823208,1.857209351581536,1.882069589791956
2026-06-14 06:30:00,1.69,1.8817685521051373,1.851737,1.8471788179431816,1.8554194141434892,1.8646057516203522
2026-06-14 12:30:00,1.64,1.7358032801238972,1.6454227,1.6661075709916302,1.708247712691889,1.7012215298021982
2026-06-18 09:30:00,1.86,1.8562095861908676,1.6816597,1.4981293431866611,1.851943154508036,1.6785366460217035
2026-06-22 21:30:00,1.91,2.043439488771611,1.9306962,2.0881263973823665,1.8913399132141129,2.065612324595592
2026-06-23 00:30:00,1.85,1.925208184223548,1.799992,1.7913083476397451,1.861916352795024,1.8587695070867718
2026-06-23 06:30:00,1.81,1.9109170135311075,1.7922472,1.7603901586145188,1.816348608625754,1.8362283106217618
2026-06-23 21:30:00,1.6,1.7980822309151627,1.8333513,1.8128343623122116,1.8032512962448088,1.805401971700316
2026-06-24 00:30:00,1.59,1.616182771896951,1.5781163,1.6322319324491008,1.6121147008924948,1.6241460750901793
2026-06-24 03:30:00,1.97,1.6098972957356574,1.5075474,1.5769694466895012,1.5692049951560585,1.593559092587688
2026-06-24 06:30:00,1.48,1.9561794055041453,1.6645032,1.792741991228739,1.842017283590281,1.875084716547469
2026-06-24 15:30:00,2.01,1.5191263586713666,1.6011078,1.5160240848808555,1.5575827102479043,1.5175870665257136
2026-06-29 21:30:00,1.61,2.0558013947812257,2.132736,2.0417736277375567,1.900143052057221,2.048841070487021
2026-06-30 03:30:00,1.8,1.8667992247293543,1.7947043,1.794723769449426,1.7369861585963773,1.831036687410406
2026-07-11 09:30:00,2.05,1.8894160453830893,1.7557532,1.7681797738164948,1.770897993538337,1.829260800168594
2026-08-01 15:30:00,1.9,2.139290725275326,1.956888,1.9263044537417224,1.998162919496549,2.0336107895113225
2026-08-01 18:30:00,1.9,1.890520941833854,1.9002482,1.9478331549705916,1.8635644321165,1.9189582254163673
2026-08-01 21:30:00,1.73,1.923010700395681,1.824898,1.8947803348047316,1.9113381887836072,1.9090033035772658
2026-08-02 00:30:00,1.7,1.8096556753453417,1.8078414,1.798476520546734,1.7228244497589364,1.8041087809257812
2026-08-02 03:30:00,1.8,1.6686722195352723,1.5921412,1.6410332126147984,1.725119392681619,1.654958244193553
2026-08-02 09:30:00,4.58,1.8862601532583267,1.9027809,1.8115280473369129,1.9085503474837568,1.8491794339405199
2026-08-03 00:30:00,3.39,5.005500000000003,5.6992764,6.108072553974424,5.447175000000004,5.552576559630683
2026-08-03 03:30:00,3.2,3.148509865769153,3.1970687,2.914693859988394,3.4802807730178693,3.032494592608188
2026-08-03 06:30:00,5.33,2.7790896171070307,2.6258147,2.388525920165842,2.808829650584796,2.585298974605528
2026-08-03 15:30:00,3.3,4.275204545454546,4.8718886,4.410154952404359,4.692833333333327,4.342164496605821
2026-08-03 18:30:00,3.05,3.0618799087816964,2.8631108,2.7832092847745047,3.275514285714288,2.9236085853187266
2026-08-04 00:30:00,2.78,2.725070809386973,2.6840842,2.59154470919972,2.786792541666665,2.6588175734905906
2026-08-04 00:30:00,2.77,2.8635575360178227,2.5426235,2.590996354762281,2.760775557651533,2.7283176075499354
2026-08-04 03:30:00,2.83,2.7397603688820267,2.7131908,2.51954051999624,2.7624483053536526,2.630491262865789
2026-08-04 06:30:00,2.98,3.088992670756745,2.775049,2.5810421667661942,2.99870241648206,2.836956817710953
2026-08-04 09:30:00,2.98,3.0034044070018404,2.788553,2.461591411106078,2.7425997490750675,2.7345665979258102
2026-08-04 15:30:00,3.2,3.005392584051588,2.6313674,2.586102086008679,2.742162524419017,2.797348222409995
2026-08-04 18:30:00,2.9,3.0847541343164617,3.1254876,3.252194264344283,2.981822450487941,3.1678348984344655
2026-08-04 21:30:00,2.88,2.832118899562988,2.9905515,2.9826965670280465,2.7824142372138265,2.906832814739864
2026-08-05 03:30:00,2.85,2.915086969120748,2.7030644,2.841778615822186,2.7913697044906898,2.8787126901037334
2025-06-10 09:30:00,1.53,1.3741746761510223,1.242925,1.265165481761145,1.3275790970756367,1.320086285486883
2025-10-21 18:30:00,1.48,1.5316488876516436,1.5195503,1.5675478533452334,2.215830857396276,1.549461305143041
2025-10-21 21:30:00,1.45,1.5408526900105295,1.6179185,1.6685167780644594,2.1041318724867457,1.6041973015094952
2025-10-22 00:30:00,1.3,1.5350112104874645,1.5281551,1.6455551383136091,1.771097579267276,1.5898611081247607
2025-10-23 00:30:00,1.24,1.2975934343568876,1.4379725,1.4749220731521304,1.3409042292086832,1.3855806976770153
2025-10-23 18:30:00,1.17,1.542705367070139,1.4635694,1.4274479271360874,1.6079647610254333,1.48551670997572
2025-10-24 18:30:00,1.15,1.2497207138383868,1.6916955,1.4029127894030116,1.3166305045653994,1.32573185102884
2025-10-25 18:30:00,1.09,1.1469875130626954,1.3459783,1.3380016334213234,1.285739942111441,1.2417652648124484
2025-10-27 09:30:00,1.05,1.242440837687334,1.2211221,1.286634293306579,1.1979407354612293,1.2643688310617534
2025-10-30 09:30:00,1.08,1.1019976149234345,1.2920766,1.274649844949835,1.171095627367161,1.1876645287922147
2025-11-06 09:30:00,1.31,1.0860240754681447,1.1010044,1.08455692149146,1.2050218114050042,1.0852961002005581
2025-11-12 09:30:00,1.65,1.3530659584342124,1.2486557,1.250128313092052,1.2815307533888316,1.3019901605946274
2025-11-21 00:30:00,1.52,1.5016720057951207,1.5412265,1.5036249069429872,1.6391245925666822,1.5026410000235932
2025-11-21 06:30:00,1.53,1.5210145200947751,1.4603482,1.4391677196481174,1.598552276363522,1.4804036180332902
2025-11-21 18:30:00,1.94,1.7111821050712146,1.4183676,1.3616771713886802,1.6784176028809412,1.5377640782903428
2025-11-23 03:30:00,1.84,2.2682998484641974,2.0944555,1.9345988121100293,2.2980289900345205,2.10272342970086
2025-11-23 06:30:00,3.52,1.949747114520151,1.6443049,1.6187651983446312,2.040637241190089,1.7855198740101585
2025-11-24 00:30:00,3.0,2.3759777777777766,1.9391186,2.075404189445655,2.52596736111111,2.2268385995642035
2025-11-24 03:30:00,1.85,2.9055122241410047,2.6671698,2.683706610422075,2.7428114670996795,2.7954562902954585
2025-11-24 18:30:00,2.25,1.955787527415358,2.3923233,2.1218325388168005,2.099858056920556,2.0381760589037317
2025-11-25 03:30:00,1.87,2.618219574123425,2.7866797,2.9649623683541235,2.5887363482498262,2.790267077265663
2025-11-25 15:30:00,1.84,2.3005131122275544,2.0859003,2.051921690603006,2.4922457553252992,2.177166544960097
2025-11-25 21:30:00,1.81,2.0823095526302517,1.9610672,1.9837705141916733,2.1601626626934185,2.033416263980928
2025-11-26 00:30:00,2.5,1.9448189259815445,1.9324961,1.896758749569716,2.1282210329606137,1.9209723356851955
2025-11-27 00:30:00,5.55,2.390899402775997,2.4142647,2.4151910218913666,2.382931167412278,2.4029524648312703
2025-11-27 09:30:00,5.47,4.268366086956516,4.0949054,4.06502797022203,3.931192857142851,4.167473391102719
2025-11-27 12:30:00,4.55,5.3325184015144,5.099843,5.046385141820277,5.278389156614667,5.190544253196352
2025-11-27 18:30:00,3.8,3.8805746446332,4.10997,4.253693591514559,4.384619638661235,4.065709517669058
2025-11-28 09:30:00,3.4,3.5731678663482103,3.6866841,3.856200513662003,3.637385161960785,3.713603546882287
2025-11-28 12:30:00,3.1,3.258509017212633,3.6878603,3.5264112037242348,3.395183488948033,3.3914372367533705
2025-11-28 15:30:00,2.7,3.2084840898898057,3.2746696,3.35498735603008,3.185806483521991,3.2811763608208833
2025-11-29 06:30:00,2.55,2.6391931762552843,2.8173869,2.6525527089363368,2.5100797106011363,2.6458219347447622
2025-11-29 09:30:00,2.39,2.5466934684546536,2.6825159,2.591214594477915,2.717429522209491,2.568784045957143
2025-11-29 15:30:00,2.26,2.7245383027037517,2.4977586,2.58388883184508,3.1640902988790014,2.6547505791168797
2025-11-30 00:30:00,2.0,2.279955334905876,2.4122376,2.4089776294434104,2.5802352745364936,2.343973863896838
2025-11-30 18:30:00,1.98,2.4426577267607468,2.2676008,2.402444575369985,2.690202377542948,2.422704688354826
2025-11-30 21:30:00,1.89,2.4623422020206784,2.085284,2.068767934018858,2.6682121206071643,2.26705776860951
2025-12-01 12:30:00,1.87,2.030998206061442,1.8824385,1.9526460354493496,1.8974885946320696,1.9921212761183316
2025-12-01 15:30:00,1.85,1.8920737316538123,1.9091289,1.901778175502646,1.703932230946814,1.896888901172418
2025-12-01 18:30:00,1.81,1.8844604743534377,1.8796886,1.8365044116114209,1.7625674136674296,1.860665543377
2025-12-02 00:30:00,1.8,1.8131483358904168,1.773964,1.835099133072697,1.850249894007873,1.8240399244397096
2025-12-02 03:30:00,1.77,1.860714367588168,1.813097,1.8490969710603495,1.8615817823865584,1.8549500255488214
2025-12-02 12:30:00,1.75,1.826325343300481,1.7613158,1.825529243963044,1.8181950656856125,1.8259303332078756
2025-12-02 15:30:00,1.75,1.8540595963408648,1.7685605,1.8146472262134217,1.8038767796500448,1.834503891114492
2025-12-02 18:30:00,1.73,1.8969143648075508,1.7513068,1.7888859298886737,1.8168521360329728,1.8433126092544394
2025-12-02 21:30:00,1.67,1.872633833235104,1.7420554,1.7596067875832948,1.7782787227638093,1.8165518574435624
2025-12-03 00:30:00,1.71,1.7453299953540775,1.6265519,1.670969454859646,1.7458930946703748,1.7084336400808304
2025-12-03 06:30:00,1.7,1.8062495941835544,1.6357682,1.6816824935015051,1.7988137746962212,1.7444416518049295
2025-12-03 09:30:00,1.69,1.8238794013269,1.6454713,1.696985330615019,1.814175646154406,1.760916858506159
2025-12-03 12:30:00,1.68,1.7324052293645016,1.6249439,1.6693768337022088,1.8087999746733852,1.7011316793984024
2025-12-03 15:30:00,1.68,1.769892969303082,1.6509556,1.6742618663189952,1.8065679245796165,1.7224425456319743
2025-12-04 03:30:00,1.66,1.7508919268018064,1.6045505,1.6645347716176262,1.7993586558022796,1.708043068295983
2025-12-04 09:30:00,1.64,1.7966397449447578,1.6370288,1.6682458299631375,1.8066853904486324,1.7329330065242685
2025-12-04 21:30:00,1.6,1.6844952246118254,1.5984079,1.6424506065518525,1.763413912010449,1.663633445569419
2025-12-05 12:30:00,1.61,1.6757019331613583,1.5976387,1.6693768337022088,1.6634006937691768,1.6725635332084843
2025-12-06 00:30:00,1.6,1.6916000076598976,1.6723558,1.7129424995342617,1.6843166318764984,1.7021897661175016
2025-12-06 15:30:00,1.56,1.6759382713798252,1.6538383,1.709676445994544,1.7164132188603725,1.6926785434189817
2025-12-07 06:30:00,1.54,1.8540324886638824,1.6571827,1.6643812084687262,1.797601282055871,1.7599309535542687
2025-12-07 15:30:00,1.55,1.8452490914392088,1.5600845,1.6425122958675409,1.7255149682139506,1.7446547602706224
2025-12-07 18:30:00,1.52,1.7637929084186563,1.5485839,1.6123045311862332,1.740935068674096,1.6886271155267432
2025-12-08 09:30:00,1.51,1.5486055302128137,1.5248295,1.53454557548309,1.5427361998530629,1.5416292349709506
2025-12-08 15:30:00,1.48,1.592902519818732,1.4970976,1.4788822612855803,1.5549797431662729,1.5363277297591886
2025-12-09 09:30:00,1.51,1.5469389536316576,1.4914849,1.5105284613567238,1.528329577156636,1.5288727259023098
2025-12-10 09:30:00,1.51,1.5148706473654112,1.5933535,1.5570590998355034,1.5588119354117174,1.535803794440661
2025-12-10 15:30:00,1.5,1.595119531469039,1.5303131,1.4987122536205486,1.623844644832377,1.5472839838684815
2025-12-11 12:30:00,1.61,1.5434141743433258,1.5179915,1.5375621164911235,1.5833267998849048,1.5405104890801635
2025-12-13 09:30:00,1.54,1.5680373344822138,1.5422852,1.5901078342215114,1.6666131988224548,1.5789883172753014
2025-12-14 09:30:00,1.42,1.752631241553703,1.4892396,1.5978046433944808,1.6942648096373103,1.6758090838145632
2025-12-17 15:30:00,1.47,1.502387763060879,1.5042605,1.4586860898871556,1.4664077363558763,1.4807037832413164
2025-12-18 15:30:00,1.52,1.8020652486623647,1.6142203,1.6342661972654318,1.704235742326719,1.7188063942526297
2025-12-18 18:30:00,1.48,1.7678709464454332,1.5882198,1.493913047259484,1.780982802628348,1.6319379918021824
2025-12-19 09:30:00,1.47,1.5450664647947607,1.4170624,1.488030651179812,1.5831264698595302,1.5167663256558657
2025-12-19 12:30:00,1.45,1.526915176278764,1.4256675,1.4591968161590203,1.5925662897840809,1.4933145507738046
2025-12-19 15:30:00,1.35,1.5071653406810013,1.4533889,1.4350398050820632,1.6014158286729847,1.4713779544135368
2025-12-21 09:30:00,1.35,1.4162633029813572,1.3755472,1.4136044069187372,1.4112569630577576,1.4149440068451433
2025-12-21 15:30:00,1.33,1.4076965119674534,1.4344262,1.424300695902385,1.4266393117087162,1.415935207724801
2025-12-24 09:30:00,1.33,1.3765722417464372,1.2933677,1.3328339644051683,1.3939769175162915,1.3548700996009786
2025-12-25 09:30:00,1.28,1.3539946088547763,1.2686337,1.3322690531093628,1.3836161921882206,1.3432147810326325
2025-12-29 09:30:00,1.92,1.3378496752277482,1.238695,1.3121488052559032,1.3799427736615808,1.3250973683858724
2026-01-01 09:30:00,1.44,2.278794924316124,1.9892719,1.6418997768080497,2.4888675474306385,1.9627790713110658
2026-01-10 12:30:00,1.38,1.67261598393694,1.4667233,1.3481120086593597,1.562235648632254,1.5116029805373863
2026-01-10 15:30:00,1.37,1.3817331396911887,1.0259587,0.9979970188576092,1.4209413228721344,1.1913302169674944
2026-01-10 18:30:00,1.32,2.661379456648195,1.6293668,1.4705054001849702,2.9919024585258405,2.0704892885455264
2026-01-11 09:30:00,1.18,1.3591281980751089,1.2720227,1.3184264189145278,1.3863029660258157,1.338932711407358
2026-02-20 06:30:00,1.15,1.2109469221252818,1.26343,1.2940271570190365,1.3698584381094687,1.252169832050934
2026-02-21 21:30:00,1.51,1.292712568349816,1.3150582,1.3022280746972523,1.3414324872500585,1.2974339904974417
2026-04-15 09:30:00,2.56,1.4128691056949572,1.5037806,1.5867973095661587,1.4077489917757908,1.4991691347076581
2026-05-10 06:30:00,2.43,1.8908922595473825,1.8792287,2.0122398224566784,2.1877217145053027,1.9511027255132576
2026-05-11 21:30:00,1.95,2.439382562502353,2.1648357,2.2256078192311013,2.5828347100228592,2.333311401322803
2026-05-12 15:30:00,1.89,2.2881517805324743,1.9016938,2.0289426957051195,2.3069848331985745,2.159536920819889
2026-05-12 21:30:00,1.86,2.2862623376390347,2.256692,2.33970234762113,2.133724510801451,2.3127783040507217
2026-05-13 06:30:00,1.75,2.120040089419641,2.1944182,2.1831087259611484,2.1183340601871583,2.1513336061821904
2026-05-13 21:30:00,1.73,1.9097321292868863,1.8422635,1.883802801817528,1.8112185936747016,1.8968664659667351
2026-05-14 00:30:00,1.62,1.7583341149163485,1.6935964,1.7590316641952826,1.7521510538864211,1.7586802262523475
2026-05-15 00:30:00,1.53,1.5961210565526422,1.5575454,1.6240353389455842,1.628642892569036,1.6099716186050368
2026-05-15 21:30:00,1.52,1.621094641040108,1.5556041,1.5572568777030282,1.642402089099682,1.589419497472388
2026-05-16 00:30:00,1.32,1.5300856735252106,1.4912212,1.5321559992690177,1.4992095190856525,1.5311129317143917
2026-05-23 21:30:00,1.35,1.316550608915257,1.318794,1.364675158835131,1.332103868352682,1.3404291401820077
2026-05-24 06:30:00,1.33,1.365696094357198,1.3374158,1.3794552735346064,1.346179693778396,1.3725231502099717
2026-05-24 21:30:00,1.3,1.4169909786161587,1.2856685,1.319903020165281,1.3386451541163,1.3688176896118098
2026-05-25 21:30:00,1.3,1.2859331393383815,1.247649,1.2719497666797834,1.300414262336373,1.2789948427351114
2026-05-26 09:30:00,1.29,1.275119373167802,1.2426624,1.2806130138813865,1.2899268124316392,1.2778452183292845
2026-05-30 21:30:00,1.27,1.272481162097715,1.20373,1.238244600769982,1.2726940875949833,1.2554935995856198
2026-05-31 21:30:00,1.35,1.2560536932470578,1.1981674,1.238244600769982,1.2616437805456775,1.2472171436636466
2026-06-12 18:30:00,1.38,1.4173221319622968,1.6481864,1.5416554160445644,1.4482379222856645,1.4790140587730278
2026-06-12 21:30:00,1.36,1.4709574207822798,1.6375327,1.6159859937896142,1.5718752409849606,1.542917975652794
2026-06-13 00:30:00,1.32,1.4287932646245411,1.316886,1.446394608011606,1.461894474305791,1.4375267328669374
2026-06-13 12:30:00,1.29,1.387385633981684,1.2757934,1.3456755258020536,1.4046977989146192,1.3666898326917987
2026-06-13 15:30:00,1.29,1.265111443975812,1.2207952,1.262308073491902,1.2863475934157562,1.2637204622447873
2026-06-13 18:30:00,1.28,1.270837815202337,1.2375607,1.286120534120919,1.2766747605612845,1.2784208239192167
2026-06-13 21:30:00,1.28,1.2579218859262855,1.2053459,1.238707124381603,1.2648570675012216,1.2483878687751269
2026-06-14 00:30:00,1.28,1.1028199861598385,1.1973923,1.231551775163804,1.1050484269749026,1.1666943715592648
2026-06-14 03:30:00,1.25,1.2563404192816154,1.2047853,1.2370871941657615,1.2611132846852695,1.246787317202112
2026-06-14 06:30:00,1.25,1.2520886787699537,1.1985407,1.2330820748692988,1.261056618201969,1.2426579456769233
2026-06-14 12:30:00,1.19,1.254563366345324,1.2235843,1.2409500049634077,1.262142995241202,1.2478086626453435
2026-06-18 09:30:00,1.17,1.1708660505479331,1.1919762,1.1992831227901886,1.1929030325180952,1.184966087829861
2026-06-22 21:30:00,1.17,1.175289303945507,1.2955811,1.246295711856955,1.1806722319729288,1.210521399295514
2026-06-23 00:30:00,1.18,1.1698220291283827,1.2460525,1.2367689680398517,1.172746241934692,1.2030398893820866
2026-06-23 06:30:00,1.17,1.182363585732264,1.1509042,1.160853245486634,1.202430232502964,1.171690543948623
2026-06-23 21:30:00,1.18,1.1562916870431703,1.1802386,1.1534450436925006,1.1875121597078309,1.154879234098313
2026-06-24 00:30:00,1.18,1.1525301965451913,1.1770236,1.1430779635558768,1.1743932006934796,1.147840169493473
2026-06-24 03:30:00,1.18,1.1533994424110572,1.1630914,1.1754082372601815,1.181001511090833,1.1643198083536648
2026-06-24 06:30:00,0.14,1.160545262155681,1.1675162,1.1714031179637188,1.1855592342484484,1.1659327338272867
2026-06-24 15:30:00,1.14,1.1535053359788363,0.82272935,1.0438790978518488,1.1037445347303338,1.0991107793724892
2026-06-29 21:30:00,1.13,1.2649914000404594,1.0703319,1.1427921581952971,1.1910231418005148,1.2043583463904772
2026-06-30 03:30:00,1.08,1.0585107760406434,1.1002022,1.2798485171214071,1.217217098479234,1.1683345599452983
2026-07-11 09:30:00,0.92,1.094872704285376,1.0109984,1.0159831936759918,1.1072918627916082,1.0557291559541961
2026-08-01 15:30:00,0.92,1.071725128802794,1.0796375,1.1029577183541883,1.1811543124615824,1.0872221748507318
2026-08-01 18:30:00,0.92,1.230774178459295,1.011083,1.065433154688041,1.22905476465555,1.1487349529003654
2026-08-01 21:30:00,0.91,1.0973078515211805,1.0414183,1.0593386884917937,1.1953063187052018,1.0784682395543337
2026-08-02 00:30:00,0.92,1.1224655109635633,0.9137969,1.0331173212556577,1.3116024620859223,1.07813255522434
2026-08-02 03:30:00,0.92,1.0885005098106262,0.9326679,1.05690692623991,1.401950492389675,1.0728243450594102
2026-08-02 09:30:00,0.92,1.087035757916021,0.9498031,1.0677528425446083,1.3623363579507852,1.0774679240687015
2026-08-03 00:30:00,0.92,1.0788921350183032,0.91813946,1.0331173212556577,1.2863045533870567,1.0561795003343235
2026-08-03 03:30:00,0.92,1.090315926477293,0.9326679,1.05690692623991,1.3438151130514993,1.073738984810566
2026-08-03 06:30:00,0.93,1.0889677956361714,0.9264232,1.052901806943447,1.342530404718166,1.0710725043534604
2026-08-03 15:30:00,0.95,1.0871385695556235,0.9393045,1.0498299653315906,1.2345067449488192,1.0686267149208124
2026-08-03 18:30:00,0.96,1.118433710826291,0.95809793,1.0552183586866768,1.2865185097281042,1.0870673964375288
2026-08-04 00:30:00,0.94,1.1020686463761649,1.0187545,1.0416906019164467,1.1859045340746546,1.0721101527412713
2026-08-04 00:30:00,0.95,1.1057556114623954,1.0646381,1.0416906019164467,1.2288521402550976,1.073967712435918
2026-08-04 03:30:00,0.96,1.141610391765958,0.9377224,1.0603052311205907,1.272521809915897,1.1012682415775186
2026-08-04 06:30:00,0.97,1.1097420550110346,0.98468655,1.0614750876042365,1.2229489759100156,1.0857928587631023
2026-08-04 09:30:00,0.96,1.1514511615483196,1.1269141,1.0763261232053976,1.125291343313341,1.1141754762697231
2026-08-04 15:30:00,0.96,1.092209096327539,1.0561409,1.070559490479484,1.1076028995983058,1.0814669534707986
2026-08-04 18:30:00,0.94,1.0623127790749178,1.06988,1.0610144278542213,1.2093124810968865,1.0616685606818055
2026-08-04 21:30:00,0.95,1.0751772517565756,1.0123171,1.054919961657974,1.1973685975212762,1.0651259507926294
2026-08-05 03:30:00,0.95,1.1209717798371692,0.9377224,1.0603052311205907,1.2615218099158971,1.0908701356080468
2025-06-10 09:30:00,2.97,2.346256060606059,1.1831126,1.5744540267464084,1.6821000000000004,1.9633018505834363
2025-10-21 18:30:00,2.9,2.7289244588744617,2.8907666,3.406016583573584,3.107006801587304,3.064885324940076
2025-10-21 21:30:00,2.74,3.270767750295257,3.041742,2.937518162359495,3.242011526956085,3.1054153320720217
2025-10-22 00:30:00,2.95,2.485656362964001,2.6151605,2.519726775509425,2.506611090987964,2.5025614854553604
2025-10-23 00:30:00,4.79,2.9617071696212065,2.9528377,2.9467580882177926,3.0425785645036734,2.954289705805026
2025-10-23 18:30:00,2.39,4.297831737402089,4.3919044,4.36553481288894,4.319563623534084,4.3314247789486515
2025-10-24 18:30:00,4.64,2.4772948952758584,2.4550688,2.555328338146003,2.32934717779173,2.5160136782780755
2025-10-25 18:30:00,2.15,4.591297671343957,4.382437,4.4734329350788125,4.660202475476902,4.532815320966851
2025-10-27 09:30:00,1.52,2.4391486804796734,2.483979,2.599942079979258,2.486034863018471,2.5189314571254946
2025-10-30 09:30:00,1.02,2.429471797143218,2.7766392,2.383740826457306,3.0421498413391905,2.4067809166009466
2025-11-06 09:30:00,1.0,1.3734512754381367,1.4252542,1.4501514832972595,1.687455261089404,1.4115085313414069
2025-11-12 09:30:00,4.13,1.343414810939261,1.3258258,1.218888412958178,1.2592189638985951,1.2816270645046872
2025-11-21 00:30:00,4.75,2.6148000000000025,2.6183813,2.808521868470415,2.701011590909088,2.710921287389203
2025-11-21 06:30:00,3.5,3.513624425708701,3.7084165,3.3739163935399583,3.159050000000001,3.4443038269724644
2025-11-21 18:30:00,4.68,3.139529505686223,2.7246473,2.8727923696850346,3.4508669335511986,3.0071793631370944
2025-11-23 03:30:00,4.4,4.948215376355599,4.6611567,4.707633166615124,4.995794212559495,4.828842835166604
2025-11-23 06:30:00,3.67,4.351972838858074,4.557262,4.381520295499495,4.416743079513328,4.366633752434197
2025-11-24 00:30:00,3.84,3.7345272516695913,3.3123791,3.426818797500936,3.4352991993485857,3.5818478820725055
2025-11-24 03:30:00,2.6,3.6704254758766552,3.7736695,3.753221007131439,3.77209641321222,3.711507121005935
2025-11-24 18:30:00,3.22,2.882299082488033,2.9691606,2.6934620569514736,2.9208819610871517,2.788601565813018
2025-11-25 03:30:00,2.3,3.427328861834261,3.1695707,3.1909409902595054,3.3397662942912723,3.3100374753823023
2025-11-25 15:30:00,3.9,2.677934159755736,2.4853063,2.610176759281729,2.5759587526006995,2.6443141631330933
2025-11-25 21:30:00,4.3,4.268045527734284,3.5774436,3.6975838653651056,3.5562906207718714,3.9849927685075475
2025-11-26 00:30:00,2.88,4.021215106839107,3.5335078,3.3781938546111188,3.921359095546795,3.70215959147167
2025-11-27 00:30:00,2.96,2.7709126362188834,2.5938146,2.814435693880249,2.7598347589531573,2.792507990251739
2025-11-27 09:30:00,3.09,2.9013908300640714,2.8408275,3.063572182263151,3.02281855060774,2.9818622837362097
2025-11-27 12:30:00,3.56,3.3822785009068834,3.2907455,3.237586676027215,3.284546667788085,3.31048503436673
2025-11-27 18:30:00,4.98,3.7136758698434527,3.4278827,3.282457084339077,3.517103132921647,3.4997129077041578
2025-11-28 09:30:00,5.2,4.578902277524954,4.3514132,4.560673335196073,4.417435315857918,4.569857406038681
2025-11-28 12:30:00,5.36,5.035430192852801,4.88881,5.073461276899916,4.896848897362139,5.054300528908711
2025-11-28 15:30:00,5.17,5.455230791699981,5.368103,5.343787000270012,5.332887557453452,5.399934398017828
2025-11-29 06:30:00,4.89,4.572951012193253,4.5222454,4.625849254287205,4.876910915372182,4.5991981631775145
2025-11-29 09:30:00,4.53,4.720477651041465,4.712555,4.721705370607761,4.554630016854343,4.721086823285141
2025-11-29 15:30:00,4.22,4.52489456708217,4.6009717,4.564924603427452,4.616844682764163,4.5447567471144295
2025-11-30 00:30:00,2.89,3.671448223512714,3.871832,4.133764467644911,3.929169849013249,3.9008411821797107
2025-11-30 18:30:00,2.63,2.674964691089857,2.6376889,2.736179430981411,2.712954761462027,2.7053383378651557
2025-11-30 21:30:00,2.13,2.6624291514763883,2.6178563,2.5229016426184314,2.66418614844434,2.593198125141933
2025-12-01 12:30:00,2.16,2.4630514688199296,2.3761199,2.364601042056837,2.348307221343434,2.4142021476813094
2025-12-01 15:30:00,2.21,2.369966179667987,2.331567,2.335954125467755,2.112674833505172,2.3530900135320145
2025-12-01 18:30:00,2.18,2.14946618688495,2.2449372,2.2410480222932296,2.1117122764584737,2.1949074372219206
2025-12-02 00:30:00,2.15,2.203725192865229,2.1261268,2.1782670835746787,2.1585610349639515,2.1910933394827263
2025-12-02 03:30:00,1.94,2.167422942615372,2.2065456,2.2007853093035186,2.1028679515199293,2.1839767455584043
2025-12-02 12:30:00,1.89,1.9692835359142344,1.9667248,2.071773871340467,2.008774145628906,2.0201373866637957
2025-12-02 15:30:00,1.87,1.9361209074180497,1.908046,1.984098670152426,1.7888592964491647,1.9599266055382192
2025-12-02 18:30:00,1.85,1.823537601892176,1.8741635,1.900904368885152,1.8376745096519576,1.8619255923819589
2025-12-02 21:30:00,1.63,1.810320982219754,1.8431517,1.8730590918250447,1.875881768276444,1.84145049749462
2025-12-03 00:30:00,1.76,1.7408750439154266,1.6690824,1.7369367233141402,1.775330445417628,1.738920920463407
2025-12-03 06:30:00,1.72,1.861132406937713,1.776311,1.7946289921005485,1.8795070675089216,1.8281346153078915
2025-12-03 09:30:00,1.7,1.8419408796369248,1.765837,1.772362433567336,1.8561475889838652,1.8074173131260511
2025-12-03 12:30:00,1.67,1.7319662670927785,1.8138978,1.7529755065788557,1.813180302919724,1.7423906717426756
2025-12-03 15:30:00,1.62,1.9416528874078347,1.8011862,1.780336041219163,1.8806179088125707,1.8616103859821935
2025-12-04 03:30:00,1.6,1.7698375760610163,1.6846371,1.7703360469578309,1.7446926655997606,1.7700849083044337
2025-12-04 09:30:00,1.61,1.7698060461480822,1.7136971,1.7763104192154135,1.7189939936369232,1.773033398422908
2025-12-04 21:30:00,1.99,1.8818593813925355,1.904064,1.9603069619789812,1.9346418949498516,1.9207836520392894
2025-12-05 12:30:00,4.16,2.069532653650553,2.0242724,2.2985552812324883,2.0646606771120166,2.1831695392445782
2025-12-06 00:30:00,2.62,3.6831003676470586,3.0595376,3.15487501996434,3.173457222222223,3.421004503861675
2025-12-06 15:30:00,2.48,2.4988027842237903,2.4039478,2.2896445001251813,2.480758608439054,2.39502222659023
2025-12-07 06:30:00,2.0,2.4594950340434782,2.7989106,2.5121655070498594,2.593535984070217,2.4856291701260274
2025-12-07 15:30:00,1.94,2.1142681954830365,2.057183,2.1354898605398813,2.1879805848989,2.124798001859119
2025-12-07 18:30:00,2.41,2.0422466807133515,2.2208998,2.2658608575633017,1.911823991528669,2.1531999908739774
2025-12-08 09:30:00,2.17,2.6433764457429185,2.466231,2.514099840560854,2.700443310204001,2.579231732409723
2025-12-08 15:30:00,1.87,2.10977715026758,2.1495821,2.160233046703506,2.115446110453033,2.1348124535097543
2025-12-09 09:30:00,1.95,1.9635476813566568,2.0782475,2.14864679917533,1.957486766718308,2.055390515827632
2025-12-10 09:30:00,1.84,1.9699112657262767,2.038566,2.0273308688552887,1.928967813985488,1.99840183428065
2025-12-10 15:30:00,1.74,1.7556309926199818,1.90895,1.9127372269007208,1.855110161739861,1.833584264572035
2025-12-11 12:30:00,2.68,1.7730117992386525,1.8538809,1.9024785749649344,1.9090368200761825,1.837250871756373
2025-12-13 09:30:00,2.52,2.408026810189672,2.4721463,2.342694896470272,2.2767362561996443,2.375610296226159
2025-12-14 09:30:00,1.45,2.442192604485382,2.3310287,2.273998698983821,2.31689891361514,2.3587378306104494
2025-12-17 15:30:00,1.34,1.7310283038618306,1.8276458,1.970843627089116,1.7020395114981568,1.8500203298332538
2025-12-18 15:30:00,1.33,1.5982086904577677,1.7351661,1.575618373282276,1.5324421643299126,1.5869997836545053
2025-12-18 18:30:00,1.3,2.2298653316589543,1.723613,1.4863985758875584,2.2032785980809586,1.860970574138412
2025-12-19 09:30:00,1.29,1.3219160140252373,1.3800176,1.3882327668622725,1.315046307363288,1.354821187346652
2025-12-19 12:30:00,1.28,1.3357000892794608,1.3347837,1.3679497207024085,1.3349383160735793,1.3517017731093603
2025-12-19 15:30:00,1.54,1.3189468697897269,1.350905,1.3205703426986406,1.3257730587896357,1.3197524076842266
2025-12-21 09:30:00,1.5,1.705566779168186,1.6216701,1.6676463178529937,1.6362615300078245,1.68675133211108
2025-12-21 15:30:00,1.21,1.5380779750828972,1.5661336,1.518708618406739,1.5826563669556404,1.5284672506235815
2025-12-24 09:30:00,1.9,1.2455285839564625,1.463673,1.407334160561254,1.2082049771475278,1.3258135845751713
2025-12-25 09:30:00,1.07,2.169534763224498,2.0402215,1.887230904098832,2.1337142078040454,2.029460694208159
2025-12-29 09:30:00,0.95,1.3859623287831089,1.6013398,1.4983949371665088,1.392187856720674,1.4417493555533407
2026-01-01 09:30:00,0.76,1.2086418732416335,1.0749272,0.996414647478524,1.085294219710801,1.1033385622604865
2026-01-10 12:30:00,0.76,1.0141996671807287,1.1518072,1.1016742506245856,0.9517753469258626,1.0576029733786645
2026-01-10 15:30:00,0.76,0.8600480011619189,1.0134618,0.9720871627304036,0.969409511916432,0.915639806738656
2026-01-10 18:30:00,0.77,0.8498006956512669,0.9644445,0.9177145967082868,0.8686425104993792,0.8834983450326561
2026-01-11 09:30:00,1.17,0.8796287220651012,0.9689216,0.8801172240405138,0.9503680849537748,0.8798711079100219
2026-02-20 06:30:00,1.2,1.1768267213192514,1.389036,1.3325241825537395,1.1297588943831385,1.2540809855654942
2026-02-21 21:30:00,1.29,1.302598242127775,1.2516307,1.311527292050964,1.412920103264832,1.3070286752046192
2026-04-15 09:30:00,1.54,1.395182693513157,1.5436156,1.398739720633741,1.4224654240608057,1.3969476260363072
2026-05-10 06:30:00,1.94,1.5719212195541348,1.6507741,1.6068704842971098,1.6483920773595415,1.58926241261058
2026-05-11 21:30:00,2.29,2.276282228119902,2.0968027,1.9882900729460884,2.1320144016936444,2.1333857294856995
2026-05-12 15:30:00,3.54,2.1428170267078768,2.2215886,2.3058383492304064,2.4575865169965065,2.2237052584624086
2026-05-12 21:30:00,2.34,2.853010475067938,2.9264352,2.966581209099592,3.296280842605212,2.909362219200152
2026-05-13 06:30:00,5.16,2.70715480603988,2.6672354,2.6977980889442112,2.699139078881162,2.702512172247043
2026-05-13 21:30:00,5.07,5.272931214256715,5.0825787,4.935120232144197,5.072083749999997,5.105315514742517
2026-05-14 00:30:00,4.97,5.064683626587224,5.155334,5.030731655539102,4.971505915281242,5.047837272624637
2026-05-15 00:30:00,4.16,4.84148768805265,4.838839,4.819426909165399,4.822223924337798,4.8305415285705315
2026-05-15 21:30:00,4.07,3.9086114988867497,3.993997,4.010026012303432,3.8999385029907097,3.958931546213
2026-05-16 00:30:00,3.18,3.959202527385615,3.9192486,3.9491307553354034,3.8837670779438778,3.9542050962571578
2026-05-23 21:30:00,2.52,3.1366669132130287,3.1850595,3.2808317161135903,3.078668217250188,3.208198880979119
2026-05-24 06:30:00,2.11,2.552565690438402,2.6139321,2.540646526466539,2.5459159254207204,2.54665161685123
2026-05-24 21:30:00,2.39,2.2402672567429645,2.219337,2.1605187426918664,2.121648763200362,2.2006974864403506
2026-05-25 21:30:00,2.78,2.720409950846356,2.7108579,2.815821057714331,2.761668472701936,2.767751216423603
2026-05-26 09:30:00,2.58,2.8225572032669555,2.922543,3.052347459622644,2.709263636265009,2.9365749723748182
2026-05-30 21:30:00,2.16,2.6852347378454864,2.4632096,2.520683938269664,2.64059900598165,2.6035876072399597
2026-05-31 21:30:00,4.6,2.1350770942108888,2.1651258,2.255920459090287,2.178447204168358,2.1950373862334938
2026-06-12 18:30:00,4.68,3.576939642857144,4.5697517,4.098158541097755,4.100430143467639,3.8355590331513287
2026-06-12 21:30:00,4.73,4.290250309862568,4.4613104,4.700616064971907,4.088062761779709,4.493866375477667
2026-06-13 00:30:00,4.72,4.51090778341835,4.567467,4.420301292988767,4.577396034630721,4.465950481619255
2026-06-13 03:30:00,4.15,4.63551600875813,4.49983,4.553362453445131,4.605926446209773,4.594752900480081
2026-06-13 12:30:00,4.05,3.7459430468947272,4.039525,3.856796863790354,3.884473162472263,3.8009467058834994
2026-06-13 15:30:00,4.03,3.9440033937182473,4.0431476,4.026841912951733,3.974983526776727,3.9851063687050585
2026-06-13 18:30:00,3.92,3.956879793411157,4.136242,4.088434678780103,3.92895133837124,4.022154948167023
2026-06-13 21:30:00,3.73,3.848126241610676,3.8903987,3.883891717201101,3.8546884894908056,3.8658724237272484
2026-06-14 00:30:00,3.55,3.565897689934381,3.6467776,3.693700415223712,3.531726810775218,3.6293110907220933
2026-06-14 03:30:00,3.15,3.3706839194048603,3.3998866,3.299971934299952,3.507792196856396,3.3355979113263867
2026-06-14 06:30:00,2.78,3.074290273304328,3.238345,3.2097463973475957,3.0283318906424124,3.1415011521307354
2026-06-14 12:30:00,1.87,2.7048326778076865,3.0547187,2.8057342622787336,2.771497973435477,2.754898219068189
2026-06-18 09:30:00,3.58,2.065143952596217,2.215223,2.2080565614929206,2.0107164809259914,2.136054604345369
2026-06-22 21:30:00,3.9,3.4994170910470537,3.602572,3.605777463338801,3.737857693722974,3.552191184093956
2026-06-23 00:30:00,4.03,3.976558201074898,4.084547,3.6279985026449326,3.987853851345789,3.8036091829303764
2026-06-23 06:30:00,2.65,3.713956209238885,3.624942,3.591179496672791,4.033601746978242,3.6530366250615858
2026-06-23 21:30:00,2.5,2.693925357738613,2.573641,2.64371449244423,2.9219605709033845,2.669011634517122
2026-06-24 00:30:00,2.37,2.5152529007168094,2.6467326,2.574817750246714,2.576164294883954,2.544807901735359
2026-06-24 03:30:00,2.23,2.46381267994085,2.4466655,2.4468739792369467,2.7871148594369792,2.4554080030129675
2026-06-24 06:30:00,2.02,2.2110626631826404,2.279587,2.3064255292414733,2.324500407383771,2.2583799925428973
2026-06-24 15:30:00,2.96,1.9930984432658136,2.1017115,2.0862136627381567,1.940507124412961,2.0393005310418593
2026-06-29 21:30:00,2.6,2.6466276180724115,2.7863398,2.687258155170914,2.746597592626334,2.6667877557174764
2026-06-30 03:30:00,1.15,2.4011837318853835,2.5234299,2.533632794557417,2.5440888767453527,2.466902561246526
2026-07-11 09:30:00,2.9,2.112944222165041,1.9641837,1.9141791190730493,2.9408184104572097,2.0143205729709517
2026-08-01 15:30:00,2.5,2.6448006517094003,2.952512,2.7992825590219645,2.8462544139529204,2.7214517800846707
2026-08-01 18:30:00,2.29,2.392443345810584,2.6002336,2.560955153092277,2.454933353328378,2.4760558567990945
2026-08-01 21:30:00,2.05,2.1173733044139698,2.1840925,2.248552301941746,2.270104179873647,2.1824619504215343
2026-08-02 00:30:00,1.8,2.047963638588547,2.0976496,2.201855666846599,2.114863445365128,2.1243220796458013
2026-08-02 03:30:00,1.56,1.8725551320901084,2.1294193,2.0588688277768754,1.9284495928228755,1.9650006181317994
2026-08-02 09:30:00,2.01,2.0278578841263784,2.1224792,2.105451598320993,1.9028837880096692,2.066358481712939
2026-08-03 00:30:00,2.4,2.1301951095291805,2.3766465,2.3585810285550197,2.184386682009824,2.2435160718534846
2026-08-03 03:30:00,2.43,2.60990074924883,2.7560203,2.5562091669223683,2.8260505533239364,2.583259957189925
2026-08-03 06:30:00,2.19,2.367029370969986,2.4485426,2.520899262674659,2.628409303075916,2.443376828269826
2026-08-03 15:30:00,2.97,2.244315620678515,2.4409688,2.469751631258674,2.3196896559163047,2.356172891785519
2026-08-03 18:30:00,3.21,2.773066183456541,2.9423587,3.046753659689992,2.743093080531384,2.9088649591217597
2026-08-04 00:30:00,2.11,3.1180250843953026,3.0924785,3.2255493583712824,3.2529461525157943,3.171376684407042
2026-08-04 00:30:00,3.04,2.456526087988373,2.4668028,2.381847456404151,2.5316941923790623,2.4194719016695183
2026-08-04 03:30:00,2.6,3.299905412750205,3.1346917,3.3773926842290485,3.3395584597444463,3.3383531953863734
2026-08-04 06:30:00,2.38,2.434235240771048,2.5659714,2.7522217924116803,2.599857753354231,2.5920144164391705
2026-08-04 09:30:00,2.29,2.487781759875322,2.5289671,2.559848127312545,2.5352608563123744,2.523539787971086
2026-08-04 15:30:00,2.21,2.362943733871492,2.479246,2.507090905162172,2.362785925036598,2.4344669531516527
2026-08-04 18:30:00,2.17,2.375456406557385,2.3919435,2.466190849078454,2.127296747537615,2.420477195870072
2026-08-04 21:30:00,2.03,2.113634966822041,2.1619136,2.249561630957821,2.1052008389672285,2.181079319131941
2026-08-05 03:30:00,1.93,2.003978932995043,2.0713713,2.2007979740543715,2.0224516733484847,2.101636981405928
2025-10-22 00:30:00,0.78,0.8960877635719662,0.6718019,0.6765970453390908,0.6837765461458062,0.7871804389982997
2025-10-23 00:30:00,0.63,0.9537871680478224,0.8572576,0.8562314769168946,0.9591594047732528,0.9053817985472683
2025-10-23 18:30:00,0.3,0.9172089679528334,0.81615335,0.7627733160540275,1.1002794525832025,0.8405807906772722
2025-10-24 18:30:00,0.23,0.9099304458301998,1.0016793,0.5672519336597653,0.8843982801798592,0.739899565937727
2025-10-25 18:30:00,0.19,0.3987761447723136,0.7511833,0.5462381615769459,1.1287301924493152,0.4719441304426257
2025-10-27 09:30:00,-0.43,0.2749598717240952,0.4916181,0.5139534990569665,0.4184480241558843,0.39354418705429295
2025-10-30 09:30:00,-0.4,1.2731562499999989,0.4050771,1.3059228214029197,0.3585004444444443,1.289414430098339
2025-11-06 09:30:00,-0.04,-0.1470491666666667,-0.05634529,-0.149028752014397,-0.1658921489563567,-0.14803140111248866
2025-11-12 09:30:00,-0.74,0.0300507183908046,0.08929852,-0.0032774316962286,0.0803683928571428,0.013513893106387
2025-11-21 00:30:00,0.8,-0.4354116666666667,-0.25913933,-0.5483910563669109,0.1010583333333333,-0.49146999643696987
2025-11-21 06:30:00,0.61,0.3639749999999999,0.22508664,0.2789155379654223,0.3756662617298639,0.32177003336431415
2025-11-21 18:30:00,0.97,0.2120777777777776,0.30221084,0.2412566698732877,0.4336319692426595,0.2265558162922542
2025-11-23 03:30:00,1.68,0.78796596721048,0.78510624,0.7801980651747772,0.8884035182289763,0.7841116747143336
2025-11-23 06:30:00,1.35,1.41287125,1.5132333,1.3967616763114807,1.4150237171741051,1.4048779709011656
2025-11-24 00:30:00,1.31,1.547865391430924,1.3650887,1.41419897161402,1.4012736838915612,1.4815425314721962
2025-11-24 03:30:00,1.53,1.3166414439784015,1.2256166,1.2651912599498751,1.38250856916714,1.291112793215937
2025-11-24 18:30:00,2.43,2.16853695556191,1.6123439,1.522118951434451,1.8818738209586403,1.8477960333372256
2025-11-25 03:30:00,2.68,1.8792843230482763,1.835827,1.7313043115355142,2.0270678763671324,1.8058593177724886
2025-11-25 15:30:00,2.57,2.13867416336666,2.0412781,2.069132596251739,2.188083346308892,2.104168895526082
2025-11-25 21:30:00,2.5,2.394097019016402,2.2527719,2.2432362463617,2.4656530556237546,2.3192426321647996
2025-11-26 00:30:00,5.15,2.517945964175617,2.3458164,2.3918610767013835,2.510557414726469,2.4553849234421237
2025-11-27 00:30:00,5.35,4.524370329670333,3.8934076,3.911003705999022,4.269824999999998,4.220028904645008
2025-11-27 09:30:00,5.38,4.555346428571427,4.2073474,4.5157025769396855,4.49596710784314,4.5356758664093055
2025-11-27 12:30:00,5.5,4.575906674956624,4.7099853,4.53156034921477,5.106085119047619,4.553902830192246
2025-11-27 18:30:00,3.03,5.4966931181532415,5.036858,4.780331604578728,5.382825912363472,5.141247491572495
2025-12-10 09:30:00,2.69,2.6469741022427105,2.4954536,2.492364562167068,2.690117086271623,2.570259644798827
2025-12-10 15:30:00,1.97,2.605067327681559,2.477339,2.5435432309692625,2.6649494820737094,2.574540183646982
2025-12-11 12:30:00,2.15,2.246303296406327,2.0987935,2.1043197683732067,2.081116265914947,2.1758536377778865
2025-12-13 09:30:00,2.27,2.1981811300173613,2.2393267,2.25616121157379,2.2333635932924283,2.22694979783034
2025-12-14 09:30:00,2.1,2.2023293230830445,2.1426382,2.1789702050312205,2.181664520773767,2.1907389511898447
2025-12-17 15:30:00,4.36,2.202107608576325,2.1135213,2.095948734218142,2.09438727175033,2.149433495159669
2025-12-18 15:30:00,4.66,3.623093882100303,3.5279546,3.717482592613537,3.5653736235436218,3.669927853097874
2025-12-18 18:30:00,4.81,4.148416642332787,4.011349,4.27855876523559,3.998328439915229,4.212990809904847
2025-12-19 09:30:00,4.7,4.436901296190131,4.3248363,4.439349652050354,4.65664293403843,4.438116126085845
2025-12-19 12:30:00,4.57,4.616753785454216,4.5874248,4.629323961084715,4.61278719047149,4.622990879251896
2025-12-19 15:30:00,2.85,4.339917732849452,4.4259157,4.513556339338279,4.391805806517426,4.4260740688788145
2025-12-21 09:30:00,2.73,2.930092331021777,2.5855024,2.607492477820597,2.678271475055062,2.7700241185576755
2025-12-21 15:30:00,1.98,2.488186676092843,2.332107,2.353045984756057,2.431404995964391,2.4211323092703254
2025-12-24 09:30:00,1.72,2.324301008408522,2.0322533,2.256499283696835,2.1845269209035107,2.2906590189008122
2025-12-25 09:30:00,1.35,1.8820749790744904,1.869003,1.854081751335285,1.7741012390542636,1.8681852457691228
2025-12-29 09:30:00,1.62,1.6096534901449358,1.5134156,1.563899759041664,1.578071270740877,1.5869513162952265
2026-01-01 09:30:00,2.05,1.7856742788041595,1.7211581,1.6789811517050175,1.7290410382949768,1.7327350788401887
2026-01-10 12:30:00,2.05,1.6877947251761,1.9061693,2.005750853992329,1.731127819479213,1.8455588055889955
2026-01-10 15:30:00,2.05,1.844709955073009,1.7449044,1.8206534723366576,1.8330510683290464,1.8327735634362157
2026-01-10 18:30:00,1.95,1.890495176567622,1.7982799,1.8661326972043224,1.9507266634459888,1.8784069549389373
2026-01-11 09:30:00,1.91,1.9262123881357187,1.9041332,1.8904719333367168,1.975196278475194,1.908478620883312
2026-02-20 06:30:00,2.15,1.9920183497678707,1.9681402,1.9055540976277652,1.975121545700067,1.9491163516895238
2026-02-21 21:30:00,0.19,2.280483090733933,2.2046528,2.2738524878340485,2.173577216135417,2.2771931054992467
2026-04-15 09:30:00,1.15,0.8532378822055133,0.95555407,1.0962864595860649,1.0232250000000007,0.9738341904096155
2026-05-10 06:30:00,1.1,1.6762865839557912,1.4150785,1.2809174186198804,1.293128833476517,1.480111554950814
2026-05-11 21:30:00,0.91,1.237544808544127,1.3537698,1.2437556999325778,1.3382397403992128,1.2406265405179417
2026-05-12 15:30:00,1.15,1.0375243617429488,1.0541202,1.0861193914841774,1.0584832429992663,1.0616363365877342
2026-05-12 21:30:00,1.19,1.2568869930214444,1.1455427,1.1952925217627128,1.2874760762316126,1.2263249304097539
2026-05-13 06:30:00,1.09,1.290689296918437,1.2795308,1.22326910949484,1.2760230768606016,1.2572366193124125
2026-05-13 21:30:00,0.96,1.077000810704678,1.1259651,1.0990541236934657,1.1005213941900376,1.0879432657430104
2026-05-14 00:30:00,0.66,1.0176557933416293,1.3068562,1.2052217211094582,1.0095235055385814,1.1107226142934783
2026-05-15 00:30:00,0.6,0.8134292298241335,0.79658383,0.818118637542811,0.8404354769025842,0.8157560291192836
2026-05-15 21:30:00,0.6,0.6197800213038244,0.6963675,0.7070594063815494,0.6336176934215857,0.663086473602936
2026-05-16 00:30:00,0.1,0.6371828705336311,0.66040874,0.6349207536182252,0.6209910485076264,0.6360604490339287
2026-05-23 21:30:00,0.13,0.8943875710639534,0.39308292,0.4765274996964884,0.5508735086699132,0.6870529612673386
2026-05-24 06:30:00,0.01,0.2490871520977366,0.21977244,0.3390662028883469,0.2845386253247851,0.2937331296961444
2026-05-24 21:30:00,0.02,0.2401138260999831,0.18869624,0.27273795118812,0.1482740128493446,0.25630132691327917
2026-05-25 21:30:00,0.02,0.0491945644724673,0.0055451095,0.0378860651020048,0.0688849833086642,0.043583491615740017
2026-05-26 09:30:00,-0.1,0.0469421585427211,0.0077586942,0.0467217168801562,0.0443331619527707,0.04683277937676911
2026-05-30 21:30:00,-0.15,-0.0290772018460111,-0.07203093,-0.0324872373977257,-0.0766481363081362,-0.0307691998112476
2026-05-31 21:30:00,-0.18,0.0162624454542582,-0.07792569,-0.0178142138127258,-0.1510863988125268,-0.0006457765473580797
2026-06-12 18:30:00,-0.18,-0.1420984039520528,-0.058225833,-0.1400278492571909,-0.1751435631964055,-0.14107103216149897
2026-06-12 21:30:00,-0.19,-0.1811103059602776,-0.1345206,-0.2167955532277984,-0.2209804426689275,-0.19881668023407284
2026-06-13 00:30:00,-0.1,-0.1832996701274263,-0.22833502,-0.2279832238961411,-0.256019211105965,-0.2054708413394644
2026-06-13 03:30:00,-0.04,-0.1181785669075063,-0.13138175,-0.1018146686400078,-0.1936311056696927,-0.11005909655241777
2026-06-13 12:30:00,-0.06,0.2147784944951666,-0.06086699,0.4434212329235368,-0.0217358089668615,0.3282268859620489
2026-06-13 15:30:00,-0.05,0.0210569675236892,-0.06360609,-0.0676227955451739,-0.0390799821404313,-0.0229443270067232
2026-06-13 18:30:00,-0.01,0.0224149096098305,-0.0645571,-0.0001300493521765,-0.027353665308317,0.011228508731729366
2026-06-13 21:30:00,0.04,0.0092283851074284,-0.027745355,-0.0281869497711818,-0.0001445286283001,-0.00933642734780232
2026-06-14 00:30:00,0.05,0.0250629926127748,0.0009499628,0.0315962206453311,0.0322570784293515,0.028304662199460828
2026-06-14 03:30:00,0.05,0.1079722655946702,0.021323826,0.0406241065987734,0.0546075268744548,0.07455532719173034
2026-06-14 06:30:00,0.05,0.0922047548284762,0.021742571,0.0322650412270812,0.050905983863719,0.0624637530376224
2026-06-14 12:30:00,-0.09,0.1122902586549649,0.03421901,0.046271079265971,0.0507246771358736,0.07953273589641323
2026-06-18 09:30:00,-0.14,0.0233784878778443,-0.030074023,-0.0196952498693299,-0.0699348938069951,0.0020060782597966786
2026-06-22 21:30:00,-0.13,-0.0340608580279738,-0.07016265,-0.0173516902011049,-0.1450369913419914,-0.025770071162235106
2026-06-23 00:30:00,-0.05,1.1073741468652067,-0.063543566,0.1347783455102047,-0.1406215409207162,0.6247897010629366
2026-06-23 06:30:00,-0.09,-0.0303140850264159,-0.11166818,-0.0816288335840638,-0.0561096476282002,-0.05577553515778087
2026-06-23 21:30:00,-0.09,-0.0650762778939581,-0.11436509,-0.0741829294381778,-0.1152980087665958,-0.06959483368297034
2026-06-24 00:30:00,-0.08,-0.0460489663668327,-0.06266738,-0.0136868087247538,-0.119029393939394,-0.02999144906220278
2026-06-24 03:30:00,-0.05,-0.0404597388094216,-0.065024376,-0.0732697682123716,-0.1012251430976431,-0.05673948198137414
2026-06-24 06:30:00,-0.15,0.0572587956429535,-0.068029836,-0.0816288335840638,-0.0359151500389346,-0.01165473399179644
2026-06-24 15:30:00,-0.16,-0.0494747084735123,-0.06360609,-0.0600032286927272,-0.1847097809057798,-0.05469876978246428
2026-06-29 21:30:00,-0.14,1.456992322245652,-0.06527168,0.3801262873856845,-0.1371344083968966,0.9226708724592363
2026-06-30 03:30:00,-0.06,-0.1483476376069343,-0.10786432,-0.1018146686400078,-0.216926664000251,-0.1252588200229461
2026-07-11 09:30:00,-0.12,1.219653587227721,-0.10159286,0.1421867553199814,-0.0723008570437846,0.6850340328125019
2026-08-01 15:30:00,-0.11,-0.0560954129309652,-0.033844702,-0.0778185119357952,-0.0119827173913043,-0.06687402176286503
2026-08-01 18:30:00,-0.1,-0.0200866416746426,0.06592427,-0.0201132042810968,0.0375097826086956,-0.020099821559541244
2026-08-01 21:30:00,-0.13,-0.0428289208184266,-0.089735396,-0.0806839678989164,-0.0217802173913043,-0.06161191051538603
2026-08-02 00:30:00,-0.15,0.32373306234376,0.14918916,0.0646533515444013,0.1237831159420289,0.19518239568394663
2026-08-02 03:30:00,-0.15,-0.1158612733061915,0.26370496,-0.093367333488373,0.3390417996245386,-0.10470018720468019
2026-08-02 09:30:00,-0.1,-0.1123235126640559,0.18254864,-0.0928591199154838,0.3492604321031713,-0.10266563302447597
2026-08-03 00:30:00,-0.1,-0.0919574980255397,-0.07649805,-0.1069429853589873,-0.0162315421776291,-0.09939302580574766
2026-08-03 03:30:00,-0.1,1.0008145385342355,-0.069079705,0.0770208303515495,0.021575615942029,0.5424448087062087
2026-08-03 06:30:00,-0.17,-0.1086207471800495,-0.033981502,-0.0914758613811376,-0.0230766567852437,-0.10011376493718546
2026-08-03 15:30:00,-0.15,0.0117080527585999,0.08963209,-0.0964088202992018,0.8721700630925734,-0.04193758419951123
2026-08-03 18:30:00,-0.14,-0.0947750885589212,0.14035816,-0.1077931862205736,0.3549456885134274,-0.10123443316712938
2026-08-04 00:30:00,-0.02,-0.1175068251169812,0.16221358,-0.1106649584732647,0.1671984097454478,-0.11411201463362214
2026-08-04 00:30:00,-0.08,0.2184521170812407,-0.05048095,0.0311301658504382,0.0061990272154745,0.1255063528743883
2026-08-04 03:30:00,0.03,-0.0455057393311485,-0.08442055,-0.0940714998042264,-0.0561747727272726,-0.06960319129445533
2026-08-04 06:30:00,0.07,0.0326564933888565,0.024835104,0.0461948383734885,0.057329378056927,0.03937397530928672
2026-08-04 09:30:00,0.05,0.0843822725203213,0.035144918,0.0280116495651228,0.0519415976363044,0.056412188955839854
2026-08-04 15:30:00,0.01,0.1767051294136606,0.047027912,0.1050181041458586,0.0906039569774492,0.14113532404139967
2026-08-04 18:30:00,-0.05,0.0444715820547008,0.027637212,0.0555371315362689,0.0251202855645147,0.04996210757066587
2026-08-04 21:30:00,0.12,0.0190175900406722,-0.030052656,-0.0122487216362748,-0.0258220536495059,0.0035038116839495904
2026-08-05 03:30:00,0.19,0.1632089186886066,0.04,0.0835599270309735,0.1388927574060749,0.12368852959762111
2025-06-10 09:30:00,4.98,0.5206165240905785,0.5363015,0.5775485464659567,0.5247783318029251,0.5488651638936162
2025-10-21 18:30:00,4.08,3.3592500000000016,3.594749,3.626347098070389,3.6178500000000025,3.491778749217421
2025-10-21 21:30:00,3.16,3.1415841758241743,3.591491,3.212006892606936,3.451205765765763,3.1765266541930424
2025-10-22 00:30:00,2.26,2.346797228854077,2.8856966,2.7764718822563808,2.7428069124473047,2.5599940205722307
2025-10-23 00:30:00,4.3,2.6811953018390176,2.5676959,2.6312063111354944,2.4934218306940097,2.6563916687765823
2025-10-23 18:30:00,2.87,4.756435703868607,4.7689166,4.729863576302724,4.543824949494948,4.743251094766547
2025-10-24 18:30:00,2.6,3.222237660570908,2.945639,2.9210610406713364,3.3581919499666206,3.0727992690002814
2025-10-25 18:30:00,1.79,2.560928911523474,2.6834676,2.566596771648739,2.627430880545749,2.5637412012060175
2025-10-27 09:30:00,0.79,1.867587571747643,2.4489439,2.2654166388048527,1.9736182970371248,2.0649831594957764
2025-10-30 09:30:00,0.46,1.6543487050985788,2.137002,1.7053903632680023,1.958435020315942,1.6796746527185493
2025-11-06 09:30:00,1.27,0.8700305421871238,1.06931,0.8769127532988196,1.1666374032994826,0.8734453708658049
2025-11-12 09:30:00,0.76,1.435360241909904,1.4026273,1.2940667603277884,1.2884193863748417,1.3652529718499438
2025-11-21 00:30:00,0.7,1.0807935851831534,0.8857917,0.8950679931788669,0.9971949340372274,0.9886399055519861
2025-11-21 06:30:00,0.71,0.804307984084629,0.72026837,0.773120130853903,0.8778996693882725,0.7888331353898844
2025-11-21 18:30:00,2.76,0.964433322123368,0.79592216,0.6716713969277565,0.9934268872381892,0.8191701498726776
2025-11-23 03:30:00,4.91,2.959883333333335,1.7049627,2.0594889977523363,1.9423459490740729,2.5131239489780874
2025-11-23 06:30:00,6.0,3.3772,3.5226884,3.848688024993447,3.3410745098039225,3.61114383044516
2025-11-24 00:30:00,6.01,5.767512609180503,5.77271,5.57134302159896,5.968777107184673,5.6701768078389705
2025-11-24 03:30:00,5.64,5.690541362263312,5.8108315,5.677523690683838,5.618159474400787,5.684082229069374
2025-11-24 18:30:00,5.12,5.21344696464748,5.148368,5.13700855316838,5.177913493619803,5.175519607373003
2025-11-25 03:30:00,3.7,4.8552306670969525,4.6880684,4.776846054448798,4.882947421561941,4.81633764000231
2025-11-25 15:30:00,3.38,3.296617755619656,3.2834864,3.3133901067815503,3.30094554819722,3.3049398929134703
2025-11-25 21:30:00,3.19,3.3681161886765567,3.435868,3.358617495462492,3.1920521756448936,3.363403108901619
2025-11-26 00:30:00,4.78,3.1254036700044123,3.0816014,3.145115003434158,3.1737237094377893,3.1351840771437036
2025-11-27 00:30:00,6.08,4.3459311987072615,4.4722905,4.67757367114249,4.481634207983889,4.510486195286186
2025-11-27 09:30:00,6.27,6.000727646170008,5.922213,5.938720170632831,6.012131041861104,5.969960658305144
2025-11-27 12:30:00,6.9,5.931670868441026,5.955113,6.039032081960315,5.709268751181615,5.984941560803344
2025-11-27 18:30:00,1.47,6.525969849312447,6.0477767,6.492489744153419,6.544662880379425,6.509357626669637
2025-12-13 09:30:00,1.46,2.1942281818181866,1.291581,1.8313054483175883,1.886966666666668,2.0141524854482986
2025-12-14 09:30:00,1.53,2.1483968055555573,2.0658243,2.255738114636753,2.170495000000004,2.201657621695695
2025-12-17 15:30:00,1.48,2.1266332212078054,1.6428859,1.589824174756444,2.0765143340412147,1.8602782813422787
2025-12-18 15:30:00,1.49,1.5664016746050025,1.6459436,1.5677451181616988,1.5984740313234371,1.567068266999676
2025-12-18 18:30:00,1.53,1.6112717668515155,1.5771973,1.5447879029318394,1.6095722655449294,1.5782836760333445
2025-12-19 09:30:00,1.54,1.5577740194271084,1.6138004,1.540261251811181,1.5584344990045336,1.5490845008803267
2025-12-19 12:30:00,1.59,1.6186160480148746,1.5684493,1.5832479798790828,1.653129195467787,1.6010670522895905
2025-12-19 15:30:00,1.36,1.6333417447477423,1.6319822,1.6152449099905153,1.6732419524967397,1.6243624226491635
2025-12-21 09:30:00,1.29,1.44416519294547,1.4875091,1.4589248972805338,1.4289353139476546,1.4514886912854985
2025-12-21 15:30:00,0.68,1.281796258101821,1.3977301,1.3741824601684829,1.318628732412504,1.327636620626523
2025-12-24 09:30:00,0.64,1.4620792152312612,1.2703668,1.0868519092033802,1.6834744307682368,1.2758982125196843
2025-12-25 09:30:00,0.54,0.9591744474114372,0.971233,0.9142710302361224,0.9021978918460992,0.9368941839535982
2025-12-29 09:30:00,0.97,0.7334694299550094,0.7743614,0.7400084907174086,0.7158019373916141,0.7367139936367499
2026-01-01 09:30:00,0.7,0.9974455910557528,0.85616684,0.8471560693031736,1.0016533282725404,0.9228746485698681
2026-01-10 12:30:00,0.75,0.8097239048689192,0.73411524,0.7677944013181558,0.776904301239626,0.7889192435639668
2026-01-10 15:30:00,0.63,1.021827590231348,0.75637376,0.7799406156739183,0.8985864233911143,0.9018076483387778
2026-01-10 18:30:00,0.56,0.8462140760373551,0.79565006,0.7357025727982996,0.7865189867930344,0.7913802668937258
2026-01-11 09:30:00,0.08,0.6613317663262919,0.7404395,0.7467306247392234,0.6599354842678012,0.7037051353064324
2026-02-20 06:30:00,0.05,0.8448369148451728,0.42515418,0.3997560530664941,1.1890067218350766,0.6239958411746713
2026-02-21 21:30:00,0.38,0.4225714671956019,0.38327104,0.4016456340152893,1.148895290309107,0.4121884472460988
2026-04-15 09:30:00,3.24,0.4865429248714548,0.39918172,0.390871722891603,0.5319080487928356,0.439072604803898
2026-05-10 06:30:00,2.45,2.3611499999999985,2.3270872,2.4959831202800955,2.2736392857142853,2.428051755627063
2026-05-11 21:30:00,2.2,2.645312476928754,2.4239006,2.2738821012942587,2.482379421896883,2.4610154424052864
2026-05-12 15:30:00,1.53,2.327897478233561,2.2769635,2.36899553076914,2.295794649584677,2.348289588582797
2026-05-12 21:30:00,1.82,1.8424959099433664,1.7669568,1.823649838289952,1.6786609876239742,1.8331448300479543
2026-05-13 06:30:00,2.8,2.1856238616499595,1.840526,1.92010432824795,1.974556356672609,2.053877871488404
2026-05-13 21:30:00,1.66,2.950909199134199,3.3600037,2.996218760853101,2.859480813746809,2.973390984168842
2026-05-15 00:30:00,3.97,2.102738186631316,1.8346373,1.8884235975729045,1.8322907611039312,1.9963991637360852
2026-05-15 21:30:00,3.95,3.608311696805948,3.5891979,3.584579808864525,3.992413604391252,3.5965363632356224
2026-05-16 00:30:00,0.67,4.031917115802501,3.8471892,3.738119365341856,4.046374078860307,3.886139985789729
2026-05-23 21:30:00,0.62,1.487332367120351,1.2297188,1.517987366782937,1.4537742857142866,1.5025428235120273
2026-05-24 06:30:00,0.61,1.0083805688731684,0.94653124,1.0886638813542848,1.1244230524311996,1.0482156964841383
2026-05-24 21:30:00,0.55,0.7820007025921063,0.649695,0.6216572781126917,0.7897176707502376,0.7024411954128308
2026-05-25 21:30:00,0.46,0.6406559390242725,0.5929249,0.6548335156630168,0.569921352953205,0.6476905961300256
2026-05-26 09:30:00,0.38,0.469720803316588,0.55261546,0.5030369005394434,0.5301440278316373,0.4862516481877943
2026-05-30 21:30:00,0.28,0.4177002340639803,0.43918994,0.4621530658759129,0.420073424663379,0.4397569252140101
2026-05-31 21:30:00,0.61,0.8384567296015724,0.38029668,0.3663368242895848,0.4174313683659008,0.60419937157084
2026-06-12 18:30:00,0.62,0.6640324216969202,0.6313389,0.6955259733062401,0.7202870332270295,0.6796589523981167
2026-06-12 21:30:00,0.63,1.08810145513681,0.6080893,0.8891857251580305,0.7260421613770142,0.989403067605806
2026-06-13 00:30:00,0.66,0.5526630674958898,0.5458309,0.5720470518885257,0.7102857441616071,0.5622810499635578
2026-06-13 03:30:00,0.98,0.8593461126954707,0.7206241,0.7019039594931431,0.8766391322366454,0.7812261638501141
2026-06-13 12:30:00,1.01,0.997995886442024,0.8254846,0.8523435933611558,0.9960074797612306,0.9257258529519199
2026-06-13 15:30:00,1.02,1.1200758871164918,1.0600578,1.0548979638642768,1.041805247575457,1.0877357804376513
2026-06-13 18:30:00,0.98,1.0799011081414382,1.1232245,1.0829543357697315,1.081392163873128,1.0814160644684707
2026-06-13 21:30:00,0.97,1.020241750002735,1.0519869,1.0166930526745528,1.05756735951743,1.018480950571918
2026-06-14 00:30:00,0.98,1.0023176278600971,1.0654762,1.0007917666082662,1.005375288105216,1.0015605231043905
2026-06-14 03:30:00,0.97,1.0360725453413948,1.0389023,1.0081462108816304,1.017918053936271,1.022216003271422
2026-06-14 06:30:00,0.94,1.0155201194337384,1.0204701,0.9909856461249292,0.9969193601096548,1.0033465575200564
2026-06-14 12:30:00,0.46,0.9773959488006864,0.99195725,0.993394374572216,0.9845940843317508,0.9853340783133844
2026-06-18 09:30:00,0.53,0.6474223564394349,0.7357543,0.6900160452629668,0.8064921568476302,0.6685565744639642
2026-06-22 21:30:00,0.55,0.906061897540732,0.8506047,0.8178513311712035,0.8624084678678348,0.8622934099264148
2026-06-23 00:30:00,0.59,1.052575851229382,1.2336998,0.9170219476403774,0.8711193591552003,0.9853164559608669
2026-06-23 06:30:00,0.58,0.7484354723849159,0.61468744,0.500720263307612,0.6863419090557731,0.6255236659358047
2026-06-23 21:30:00,0.58,0.6206696644424929,0.5247834,0.541093732164508,0.6094901284588827,0.5811855260943022
2026-06-24 00:30:00,0.57,0.5569915790888689,0.5389032,0.5692419273605438,0.6010216323237675,0.5630699803356507
2026-06-24 03:30:00,0.56,0.5485440426869527,0.548542,0.5873349660023034,0.5975192582226235,0.5677913972449475
2026-06-24 06:30:00,0.52,0.5454273376958647,0.52151877,0.5443306602896848,0.5866416692732869,0.5448831862019472
2026-06-24 15:30:00,0.06,0.5228326166127854,0.53869575,0.5399930232169061,0.5500895438660749,0.5313472999984773
2026-06-29 21:30:00,0.05,0.5313125958262279,0.24347323,0.241053152877064,0.4418667946663121,0.38729111000514116
2026-06-30 03:30:00,0.02,0.2841081633225873,0.15137179,0.1756534015772447,0.1889611033490237,0.2302948721089338
2026-07-11 09:30:00,-0.05,1.0761573002834404,0.20160863,0.4493637075963532,0.1008096613172367,0.7651536560790327
2026-08-01 15:30:00,-0.05,0.0172770227933271,0.03040106,-0.0010993837422549,-0.030381753196875,0.00815898223479694
2026-08-01 18:30:00,-0.05,0.0046092111219036,0.013555754,0.0103559787526441,-0.0399617202865444,0.0074606532815053766
2026-08-01 21:30:00,-0.03,0.0192226638545693,-0.002402128,0.0006483873195811,-0.0304350139373381,0.010006443781104669
2026-08-02 00:30:00,-0.03,0.0725566087784976,0.041350543,-0.0074858816947687,0.0260861745228944,0.0328409726922016
2026-08-02 03:30:00,-0.04,0.0604215650167604,0.051156215,0.0527779891160367,0.0075875029860979,0.056628960900169154
2026-08-02 09:30:00,-0.04,0.0391017967170243,0.069959,0.0222217634927276,-0.0340660386805687,0.030726229531434748
2026-08-03 00:30:00,-0.03,0.0032998695223216,0.046059832,-0.0048093092284491,-0.0384110386805687,-0.0007237583073484424
2026-08-03 03:30:00,-0.03,0.0012867209942955,0.051156215,0.0554545615823563,-0.0187304136805687,0.0281638237887724
2026-08-03 06:30:00,-0.02,0.0042244052050275,0.048150748,0.0470954962106642,-0.0151565376301485,0.025496265175089527
2026-08-03 15:30:00,-0.02,0.0140122801323853,0.059460104,0.0644177499595108,0.0111176615040505,0.039022562603312494
2026-08-03 18:30:00,-0.02,0.0048087953062795,0.05661524,0.0612000888694099,0.0085782865040505,0.03278913525255829
2026-08-04 00:30:00,0.02,0.0112764959971363,0.046059832,0.0460348008883166,0.0123971683901383,0.028522938228911936
2026-08-04 00:30:00,-0.01,0.0464150767662772,0.06404613,0.0460348008883166,0.0229740259519132,0.046226390753483476
2026-08-04 03:30:00,-0.01,0.0209288562670247,0.055865534,0.0554545615823563,0.0002989232744863,0.03805988679617073
2026-08-04 06:30:00,-0.01,0.0092617477067701,0.05286003,0.0470954962106642,-0.0093508284988825,0.02803416943523893
2026-08-04 09:30:00,0.01,-0.0053629698940223,0.069959,0.0730658736094934,-0.0201245009144299,0.033552003751069745
2026-08-04 15:30:00,0.01,0.0226310668864343,0.059460104,0.0644177499595108,0.0022772793402733,0.043364863253477395
2026-08-04 18:30:00,0.01,0.0370185028977465,0.05661524,0.0612000888694099,0.0191687819495062,0.0490169684972249
2026-08-04 21:30:00,0.02,0.0555905855370175,0.04536663,0.0541690699026664,0.0317101050749101,0.054885255189460094
2026-08-05 03:30:00,0.02,0.069317480637097,0.07385181,0.0554545615823563,0.0308023607567283,0.06243895093347977
2025-06-10 09:30:00,0.85,1.0233284395404725,0.94266903,0.8991391205317064,1.0696655899406475,0.9617079455953919
2025-10-21 18:30:00,0.86,0.9286127955364286,0.94889873,1.010931405067668,1.0157194126715736,0.9694578007323194
2025-10-21 21:30:00,0.86,0.9495094634876704,1.0124698,1.1226934488150329,0.9833103164469912,1.035440224719209
2025-10-22 00:30:00,0.78,0.8984538552160215,0.9456744,0.945496454454552,0.9414640697358364,0.9217955421233641
2025-10-23 00:30:00,1.08,0.8260368163468523,0.96137285,0.9853847942212958,0.92817798106346,0.9051024009248616
2025-10-23 18:30:00,0.88,1.1208424848392926,1.1222558,1.20791878700778,1.1264026481689549,1.1640481710718946
2025-10-24 18:30:00,1.4,1.0774401669344456,1.1401889,1.0978527166243062,1.075113130218398,1.0875685048994754
2025-10-25 18:30:00,0.83,1.4049915876232328,1.3741269,1.5462896617934705,1.832913879379399,1.4751011364423552
2025-10-27 09:30:00,0.77,1.3228926569556132,1.1516001,1.1387083688642998,1.72708835166299,1.231503744449308
2025-10-30 09:30:00,0.95,1.1868356334107064,1.1141353,1.0954860499753798,1.1816784402695142,1.1415096223020953
2025-11-06 09:30:00,1.1,0.9930623894368,0.96464884,0.9704157306838646,1.0814443213080454,0.9818255269618308
2025-11-12 09:30:00,3.1,1.13294278307407,1.1047164,1.0975731526128925,1.130671728820845,1.1153930121511864
2025-11-21 00:30:00,1.95,1.9347999999999983,1.7041533,1.6636507259672215,1.916829310528557,1.800260634359622
2025-11-21 06:30:00,1.32,2.273602667820334,2.0142965,1.8311932458438904,1.918323095213216,2.054087114262771
2025-11-21 18:30:00,1.6,1.3465940587565597,1.4905281,1.445133416395639,1.3878248593396594,1.3954875057873983
2025-11-23 03:30:00,1.58,2.277635645154113,1.8176585,1.835929222035178,2.070194841920287,2.0584689069148743
2025-11-23 06:30:00,1.28,1.6279770581478914,1.6819069,1.673636482169565,1.8247167115890577,1.650632438529394
2025-11-24 00:30:00,1.27,1.2584693413389598,1.1978306,1.2480931028940412,1.42612408868449,1.253320839492173
2025-11-24 03:30:00,1.5,1.4031277681678396,1.4172266,1.392270765327971,1.4082006583488944,1.3977407197236118
2025-11-24 18:30:00,1.6,2.032101592720445,1.5605987,1.4897486832043791,1.7477906653199693,1.762995888271155
2025-11-25 03:30:00,1.3,1.4862966025606872,1.5068812,1.546990851583701,1.5333083544850177,1.5164119911808616
2025-11-25 15:30:00,1.22,1.3070667591220448,1.3871837,1.323185169464351,1.3919380920297388,1.315064422808664
2025-11-25 21:30:00,1.2,1.2491739997923894,1.274747,1.293434466390699,1.290276916055532,1.271135242802628
2025-11-26 00:30:00,1.2,1.3954295950098183,1.2788866,1.2789062254141497,1.31992944368407,1.3376128065135107
2025-11-27 00:30:00,1.75,1.2466376751511083,1.2996672,1.2352461141217412,1.2278434310120827,1.240985388601525
2025-11-27 09:30:00,1.8,1.685978530273868,1.6583897,1.6519515805405454,1.675009139730376,1.669094973243784
2025-11-27 12:30:00,2.1,1.7963139622702888,1.7383528,1.6646512147266206,1.8614472437972855,1.7309852882541712
2025-11-27 18:30:00,4.45,1.898434011417212,1.8156223,1.9125466163916236,1.9428752082940373,1.9054364307582314
2025-11-28 09:30:00,4.78,3.0380500000000006,2.770298,3.183131453331141,2.9941263398692803,3.1100367931307686
2025-11-28 12:30:00,4.7,4.157765253657119,4.2291503,4.236842540858239,4.084686915111207,4.197001973336901
2025-11-28 15:30:00,2.98,4.550768763522367,4.452855,4.366831213007125,4.453446551262784,4.459502277738695
2025-11-29 06:30:00,2.45,3.075700750002327,2.7709522,2.666630153324117,2.912234224039847,2.872727318575902
2025-11-29 09:30:00,2.25,2.475683883912491,2.620481,2.580151775310286,2.593889899083202,2.5275189621681236
2025-11-29 15:30:00,1.88,2.448974560624344,2.3935726,2.430879460381516,2.3808314261379504,2.439996099160439
2025-11-30 00:30:00,1.74,2.30663855128544,2.2863584,2.115494559218896,2.118737035900321,2.2117963595431402
2025-11-30 18:30:00,1.65,1.8331268564017111,1.856431,1.8120496950209315,1.830265318788051,1.8226687501361298
2025-11-30 21:30:00,1.21,1.704751323738524,1.5916245,1.6441361042902722,1.7286089621632297,1.6746751481639794
2025-12-01 12:30:00,1.86,1.3339210299064432,1.4349504,1.4471535021924369,1.503497165560045,1.390104934678423
2025-12-01 15:30:00,1.58,2.401794123059894,2.0329754,1.916013407815324,2.048032982276912,2.160758518216517
2025-12-01 18:30:00,1.4,1.775600680290977,1.8071758,1.8635824373918324,1.9704254951725295,1.8192556368845314
2025-12-02 00:30:00,1.37,1.5245089609274336,1.3164451,1.42529868195915,1.5056410951554255,1.475282614867646
2025-12-02 03:30:00,1.76,1.5776412954464931,1.3315388,1.4020669339267922,1.6743042010133065,1.4905244727817961
2025-12-02 12:30:00,1.71,1.7999297355327857,1.6973968,1.6836762179530618,1.8874853549828448,1.742246842726118
2025-12-02 15:30:00,1.69,1.6530017881325685,1.7836775,1.8292104667536344,1.7189777124936905,1.7404333474704017
2025-12-02 18:30:00,1.49,1.7553220642556429,1.5209837,1.5363978930195747,1.676439447658104,1.6466958500549538
2025-12-02 21:30:00,1.07,1.4973950153178452,1.5277236,1.5931161209326772,1.5675761008842113,1.544890096666498
2025-12-03 00:30:00,1.15,1.2339516946271052,1.1089015,1.2167627898437436,1.1909257981452863,1.2254228709603052
2025-12-03 06:30:00,1.14,1.5570584788137207,1.2699239,1.3053190530058356,1.3973460757312728,1.4321499288067923
2025-12-03 09:30:00,1.14,1.284459202288696,1.1527394,1.1998944722790963,1.2437776835947936,1.2424997127358455
2025-12-03 12:30:00,1.11,1.1299330195722606,1.1457986,1.1678156718280706,1.1626511700489706,1.1487297064579334
2025-12-03 15:30:00,1.08,1.120074683197798,1.1294588,1.1420702762248252,1.158222794175244,1.1309884986350554
2025-12-04 03:30:00,1.11,1.1155636872518335,1.0358139,1.081890648869038,1.1538871123448071,1.0988557346328722
2025-12-04 09:30:00,1.06,1.1290041049388364,1.1415938,1.153009734063802,1.1570964033564757,1.1409152639334224
2025-12-04 21:30:00,1.3,1.0943255982125608,1.0236789,1.0697908899728712,1.1467583955140177,1.0821519197304248
2025-12-05 12:30:00,1.2,1.3788682755732506,1.2489926,1.2308854637395206,1.3746981157775926,1.3054418808288466
2025-12-06 00:30:00,1.17,1.2728058628248171,1.2142354,1.20390496271847,1.2192459224002163,1.2386184823664856
2025-12-06 15:30:00,1.1,1.3536126433318814,1.2625993,1.2298510023150433,1.320895282167134,1.292204355471208
2025-12-07 06:30:00,1.07,1.1310712910227665,1.2090895,1.0851211294682408,1.1482341027028695,1.1082716519358795
2025-12-07 15:30:00,1.04,1.0988544230844006,1.0719795,1.0848294889017405,1.1624115513978797,1.0918955044045924
2025-12-07 18:30:00,1.02,1.080214420937615,1.0390341,1.0647137340777404,1.137779120063663,1.0725232604705375
2025-12-08 09:30:00,1.01,1.0822871874389253,1.0538834,1.032799474460104,1.1336723869331342,1.0577322793171398
2025-12-08 15:30:00,1.02,1.0651479487222604,1.041113,1.020699715563937,1.116996299202774,1.043093539340978
2025-12-09 09:30:00,1.01,1.145016622210692,1.0554566,1.0278814245664498,1.1098412542838174,1.086896255702495
2025-12-10 09:30:00,1.01,1.077655097140937,1.0457255,1.0314020616392865,1.1155531022922307,1.054705177479409
2025-12-10 15:30:00,1.0,1.073635836781254,1.0398968,1.0093737081682272,1.1216987284219655,1.0417501308388815
2025-12-11 12:30:00,1.03,1.0661062857691883,1.0440814,1.0222694561154495,1.09817269122224,1.0443552437487462
2025-12-13 09:30:00,1.0,1.0907178422145452,1.0457255,1.0676948782497813,1.1442587256403418,1.0792942638995018
2025-12-14 09:30:00,0.97,1.031200164126271,1.0470713,1.0165554171707407,1.1132558137438109,1.023933705558793
2025-12-17 15:30:00,1.0,1.0548137914347553,1.0489475,1.0415622117260204,1.0778060796451732,1.0482385972576518
2025-12-18 15:30:00,1.0,1.1926625627645693,1.0693169,1.064201767843178,1.211625569956053,1.1289226397275882
2025-12-18 18:30:00,0.97,1.1094939071412215,0.93115395,0.9656049170513176,1.2309466890211802,1.0380987927032976
2025-12-19 09:30:00,0.96,1.069887919942091,0.88981354,0.91528896574575,1.1696107143517154,0.9931787150200558
2025-12-19 12:30:00,0.94,1.0528158001091796,0.98156404,0.9828757940431684,1.179793421903638,1.0181128340674273
2025-12-19 15:30:00,0.97,0.9810951578280716,1.0287049,1.095314354693831,1.1007124361445153,1.0377686574901617
2025-12-21 09:30:00,0.96,0.9516670987950652,1.0066019,1.016344391789904,1.0095541967266466,0.9837588017948322
2025-12-21 15:30:00,0.96,0.9561399947837776,0.9885388,0.9962542932820247,0.9975374083002176,0.9760439841723328
2025-12-24 09:30:00,1.2,1.0390516483804446,1.0187899,1.008354052178191,1.0649981735731138,1.0238200563562063
2025-12-25 09:30:00,0.99,1.3475646881436358,1.1907641,1.1857039560560467,1.2781732211396788,1.2672523203719308
2025-12-29 09:30:00,1.01,0.9650784378376104,1.0431197,1.0233367893879437,1.125979552701191,0.9939851781886406
2026-01-01 09:30:00,0.92,1.050787944088717,1.0793829,1.0014644926816776,1.1498498308577771,1.0263145395879367
2026-01-10 12:30:00,0.91,1.0529251033041402,1.0042905,0.9994443225314076,1.1101415163785906,1.0263889071635386
2026-01-10 15:30:00,0.9,0.9391916048768748,0.9534593,1.0525774692330103,0.9271304295590996,0.9954516200197374
2026-01-10 18:30:00,0.93,0.8939138441673404,0.93449634,1.0332731740706589,0.9334811932137028,0.9630614231462682
2026-01-11 09:30:00,0.78,0.913138793974842,0.97079784,0.9970750949426684,0.9740714322698156,0.9547864684032308
2026-02-20 06:30:00,1.78,1.0573162914573653,0.9807994,0.9760984084809876,1.0382736913979371,1.0170174468697328
2026-02-21 21:30:00,0.96,2.0801343253968274,1.7160158,1.7023272006199952,2.157031908870619,1.8926732632818495
2026-04-15 09:30:00,1.0,1.5270645413209554,1.5817207,1.480420426471087,1.7675993065139837,1.5039205751600884
2026-05-10 06:30:00,1.31,1.1169139897755098,0.87475616,0.9531076986590074,1.1245743770538903,1.0356362708019637
2026-05-11 21:30:00,1.07,1.3906532822707507,1.4680923,1.3289481938567738,1.4811302961393702,1.3600363334273018
2026-05-12 15:30:00,1.07,1.2259340758933883,1.2367535,1.2897067542087106,1.0702439440046156,1.2575769254504705
2026-05-12 21:30:00,1.61,1.181493797392409,1.078969,1.0883095443164883,1.1017173309494783,1.1352574563908424
2026-05-13 06:30:00,2.03,1.6052185066904996,1.4010818,1.5140558907518105,1.398268602782857,1.559985265472137
2026-05-13 21:30:00,1.9,1.8674729016437308,1.7574196,1.7655251916497128,1.9058998128450813,1.8168882918194527
2026-05-14 00:30:00,1.17,1.9213468117749,1.8000817,1.8475367869955632,1.944468779433768,1.8847236124425937
2026-05-15 00:30:00,1.13,1.6087058087988717,1.5348643,1.4593776549879172,1.5493847732462698,1.5346118796978634
2026-05-15 21:30:00,1.1,1.2822962985412574,1.3161736,1.2760679513558535,1.3783616918692427,1.2792059053167084
2026-05-16 00:30:00,0.93,1.2659510777875602,1.2450277,1.204982186558983,1.132727037459066,1.2356994166722943
2026-05-23 21:30:00,0.93,1.1081782268461782,1.0231397,0.9978826590977836,0.9634676822502396,1.0534515609875028
2026-05-24 06:30:00,0.88,1.072706533506346,0.9805379,0.9648167928563712,0.9736022499889826,1.0191735955409738
2026-05-24 21:30:00,0.87,0.9810135077891315,0.9495227,1.0325083362521932,0.8907823729029356,1.006564310312552
2026-05-25 21:30:00,0.9,0.8952375123797017,0.92783886,1.0165082965841672,0.8831131000697277,0.9554098821408963
2026-05-26 09:30:00,0.87,0.8971256144852906,0.9457189,0.972305474901592,0.933292064802844,0.9344285014851597
2026-05-30 21:30:00,0.81,0.8737489894537528,0.9384212,1.002674258137084,0.907435148957682,0.937719375970715
2026-05-31 21:30:00,1.36,0.9033228441241544,0.85422045,0.9098934966393022,0.9289623816536504,0.9065830830622252
2026-06-12 18:30:00,1.25,1.72549982500303,1.6046507,1.4446116122801185,1.8033984466905533,1.5861281741276843
2026-06-12 21:30:00,1.2,1.1480635651640518,1.2761663,1.2687355011296055,1.3129040895444897,1.2079387972601523
2026-06-13 00:30:00,1.42,1.2446148107912802,1.2706196,1.2383036672514436,1.2699263216401149,1.2414833355131558
2026-06-13 03:30:00,1.12,1.4616704426566298,1.3724184,1.3463602830035186,1.4768914248398024,1.4044556269911275
2026-06-13 12:30:00,1.04,1.1264812485834776,1.1689157,1.1375355236290747,1.1207393767948874,1.1319661799282286
2026-06-13 15:30:00,1.02,1.091515916770554,1.1427248,1.0663474180718744,1.0750698694584504,1.0790277629257028
2026-06-13 18:30:00,1.02,1.0982188985755854,1.0627749,1.012716262871703,1.061329185489799,1.0557940371806402
2026-06-13 21:30:00,1.05,1.023359174336016,1.0274997,0.9898484821723164,1.0321671296995192,1.0067317749746991
2026-06-14 00:30:00,1.05,1.0518048649418394,1.0322052,1.0440867325850132,1.0596775238987235,1.0479752672601936
2026-06-14 03:30:00,1.01,1.0465766068950575,1.0326077,1.0420478365002852,1.0704437118130583,1.044329512934666
2026-06-14 06:30:00,0.94,1.0171160016266,1.0166452,0.987467359943207,1.0311271627095042,1.0024048818627302
2026-06-14 12:30:00,0.81,0.954961812905468,1.0185242,0.9860921124119716,0.967430720445558,0.9704081044831974
2026-06-18 09:30:00,0.95,0.8934109763853871,0.9569607,0.9700970353371174,0.8841276201062894,0.9314612118567132
2026-06-22 21:30:00,0.98,1.113952262567898,1.0365022,1.0829216438035332,1.114593778054912,1.0985554307715444
2026-06-23 00:30:00,0.93,1.0648735736307822,1.0907905,1.0544877829797032,1.0791490095699423,1.0597203321520643
2026-06-23 06:30:00,0.93,0.988187143124091,0.9384859,0.9815799143979808,0.9970403665934604,0.9849087557316751
2026-06-23 21:30:00,0.93,0.9673562881719068,0.96994346,1.014834549651468,1.023207973108203,0.9909141428036543
2026-06-24 00:30:00,0.94,0.9586459183647734,0.9527214,0.9413378530930616,0.9798429827050592,0.9500579694188475
2026-06-24 03:30:00,0.9,0.91306321129932,0.95832014,0.9783425531868044,0.9560339939375948,0.9454536400706753
2026-06-24 06:30:00,0.85,0.8738956422974362,0.946369,0.9706045812025484,0.9150724454315994,0.9218808686583038
2026-06-24 15:30:00,0.83,0.8649096914247507,0.9393882,1.0175354893645965,0.8951796884037114,0.940639851899755
2026-06-29 21:30:00,1.03,0.9005012043827776,0.86713636,0.9151101745000608,0.9034812412016447,0.9077499111301941
2026-06-30 03:30:00,0.81,1.0810866496966196,0.99296415,1.034067381655647,1.021072896446869,1.0577565393075257
2026-07-11 09:30:00,0.77,0.8696970903852624,0.9356598,0.9507253056645536,0.947999370682227,0.9099018252920203
2026-08-01 15:30:00,0.77,0.9295216153245824,0.949111,1.0495575953570455,0.944969005306934,0.9890812975888847
2026-08-01 18:30:00,0.79,0.9233175458852813,0.9803334,1.0599382382197828,0.9020182740481772,0.9911062624348632
2026-08-01 21:30:00,0.79,0.9297492884536714,0.8833929,0.9712714594915648,0.9332046876728668,0.950351838732947
2026-08-02 00:30:00,0.73,0.959557525331264,0.8855076,0.9244581517943036,0.9288629592375556,0.9421418510061819
2026-08-02 03:30:00,0.82,0.7832367167534211,0.85082936,0.8752059291965631,0.800745548930972,0.8288701765688054
2026-08-02 09:30:00,0.81,0.9868999522839494,0.93818337,0.9441160314569458,0.9357912576598476,0.9656713445799237
2026-08-03 00:30:00,0.81,0.8960503030703368,0.9026622,0.9409301771435435,0.91338268946547,0.9183188848667214
2026-08-03 03:30:00,0.83,0.8518552593836559,0.9112063,0.9656086159784584,0.8956243109835544,0.9082976175287056
2026-08-03 06:30:00,0.71,0.9031234709159154,0.92595035,0.9718332053251112,0.8943545877958009,0.9372159984128339
2026-08-03 15:30:00,0.84,0.755249186663132,0.81637204,0.9358576280387252,0.8144671070496906,0.8448638287035606
2026-08-03 18:30:00,1.32,0.9871633353564672,0.93932956,1.0004487121116246,0.945728587937771,0.9937552990167356
2026-08-04 00:30:00,0.83,1.2745996710393457,1.2372782,1.3387139475408572,1.415728150494646,1.3064120154381076
2026-08-04 00:30:00,1.25,1.1537178462216784,1.0391604,1.184767152768203,1.0198464703153098,1.1691239505575433
2026-08-04 03:30:00,1.12,1.152023336107987,1.2501744,1.3127064411266187,1.3752944705465786,1.231751386627198
2026-08-04 06:30:00,1.08,1.2139368593782158,1.2315097,1.204939960527027,1.2041612741221093,1.209472760890446
2026-08-04 09:30:00,0.95,1.096838331412433,1.1221191,1.1440597692610588,1.2391629762629155,1.1202687548035448
2026-08-04 15:30:00,0.87,1.017889310560629,1.0615083,1.0785748692622177,1.1294488812277217,1.0480003872004897
2026-08-04 18:30:00,0.85,1.0239938215939517,1.0348939,1.1854612406022056,1.07502794369181,1.1041110345293377
2026-08-04 21:30:00,0.84,0.8888155263321983,0.97689587,1.096683278094724,0.9396778097619314,0.9919557451617748
2026-08-05 03:30:00,0.85,0.8708816810746174,0.9336814,0.9466317849332228,0.875469284217358,0.9084675125568638
2025-06-10 09:30:00,2.3,1.615618645903251,1.5502825,1.5816709847603754,1.3868579802362917,1.5987744304376958
2025-10-21 18:30:00,2.0,1.8811613925258592,2.124249,2.070144868388147,1.9594302605326104,1.9749315752037298
2025-10-21 21:30:00,2.8,1.8916959153158748,1.9082142,2.0127647460761597,2.078438545689928,1.9517680794306929
2025-10-22 00:30:00,2.4,2.377750012013261,2.4194493,2.4598526168127,2.4431125243173843,2.4184878395679963
2025-10-23 00:30:00,2.8,2.53829810671861,2.3636904,2.4712546236438637,2.3605851010317007,2.5050323429972314
2025-10-23 18:30:00,2.8,2.619895339699482,2.7073698,2.625284405023061,2.633598921645865,2.622569296443844
2025-10-24 18:30:00,2.5,2.8652856838380303,2.7022898,2.6822024116735674,2.772540768477349,2.7744430755211305
2025-10-25 18:30:00,1.7,2.410075519034474,2.4659674,2.4777894671106417,2.3906945196576843,2.4436739553632085
2025-10-27 09:30:00,2.0,2.147734371127921,2.1587706,2.050968993466217,2.467478121748548,2.0997211408768104
2025-10-30 09:30:00,0.8,2.1250632119927406,2.3275807,2.2628958699714263,2.136496586939096,2.1934532839747796
2025-11-06 09:30:00,1.7,1.6451386123527107,1.4758402,1.3931380000648148,1.5190790445619229,1.5201004663383437
2025-11-12 09:30:00,2.1,1.8304103547743755,1.5490774,1.5972596474214895,1.7360814067586483,1.7147251906604175
2025-11-21 00:30:00,2.0,1.8520207125347152,2.1431265,1.8802379561364744,2.086669416711157,1.8660215984594242
2025-11-21 06:30:00,1.9,1.716830784489175,1.7795019,1.804012951159341,1.8304054786968031,1.7600889987727943
2025-11-21 18:30:00,2.5,1.9095650786501892,1.8378454,1.8906328944286053,1.8629302650930053,1.9001712712559242
2025-11-23 03:30:00,2.3,2.476012672459189,2.2337456,2.301647667830628,2.453355537038107,2.389495910810872
2025-11-23 06:30:00,1.9,2.120098558768189,2.1786609,2.1138516797403657,2.1029635670344984,2.1169989703786074
2025-11-24 00:30:00,2.8,2.006198033863043,2.0219111,2.096770446924014,2.046259083512491,2.0511384270881714
2025-11-24 03:30:00,2.6,2.3283768763831527,2.3942041,2.516347187227099,2.3036380569406547,2.4216443449035063
2025-11-24 18:30:00,2.5,2.182210218942396,2.2225404,2.290169936964728,2.23927672246341,2.2357778784142877
2025-11-25 03:30:00,2.1,2.642541543121317,2.4233453,2.450013330913805,2.480344852430538,2.5470125263807324
2025-11-25 15:30:00,1.6,2.28664200539535,2.1567967,2.2220401891415382,2.158098978859656,2.254587752589372
2025-11-25 21:30:00,2.0,1.922665922183021,1.9633248,1.98543241026902,1.8270189209657348,1.9538095183467479
2025-11-26 00:30:00,2.0,2.143220001037303,1.8543563,1.8854145434146763,2.125728836478803,2.015301595757035
2025-11-27 00:30:00,2.2,1.885790271134029,1.8760365,1.9063234689212207,2.060097473850085,1.895978472502856
2025-11-27 09:30:00,2.2,2.0654980338442157,2.0263252,2.0556295403771347,2.009200336805107,2.0606014658721143
2025-11-27 12:30:00,3.2,2.175607071645377,2.1090605,2.101835790343928,2.1956967101412577,2.139003096126066
2025-11-27 18:30:00,5.7,2.9976420216284283,2.7576518,2.778296427128694,2.8682492618540176,2.8888067048263695
2025-11-28 09:30:00,5.7,5.0014656095307215,4.9580393,4.914861020899232,4.869916176470591,4.958493979023542
2025-11-28 12:30:00,5.8,5.5682909698097385,5.400014,5.235700014413201,5.488780477299198,5.4032653531401245
2025-11-28 15:30:00,6.4,5.676165532693521,5.37763,5.475701408818636,5.390609207145879,5.576698860116258
2025-11-29 06:30:00,6.2,6.156877248433906,6.140891,5.955973227779275,5.89088275210084,6.057192307030714
2025-11-29 09:30:00,6.2,5.879100684676726,5.5705066,5.702806540415538,5.828797596153847,5.791626718834036
2025-11-29 15:30:00,6.8,5.908142970252611,5.69932,5.903461119982601,5.795433843866707,5.905819920826801
2025-11-30 00:30:00,7.6,5.847022568542567,5.9883585,5.773450018155096,5.8146673015873,5.810517199708429
2025-11-30 18:30:00,7.9,7.215936071428569,6.5183473,6.206518295633766,7.13567833333333,6.715081227889006
2025-11-30 21:30:00,8.5,7.655277380952381,7.0652776,6.514681961003973,7.625175,7.089334562925039
2025-12-01 12:30:00,8.4,8.170183333333343,7.194054,7.161467158917474,7.98430222222223,7.6696766117085104
2025-12-01 15:30:00,8.2,7.947733333333343,7.226884,7.312217114719108,7.799716666666674,7.632401679905444
2025-12-01 18:30:00,8.1,7.555450000000004,6.9766283,6.972507193331243,7.707591666666669,7.266204322711724
2025-12-02 00:30:00,7.9,7.384400000000004,6.864118,6.717625197237366,7.200025000000003,7.053558402475281
2025-12-02 03:30:00,7.1,7.373036428571425,7.0592265,6.650774242854132,7.269736666666668,7.014662995195792
2025-12-02 12:30:00,6.75,6.525431250000001,5.966335,5.783298915697799,6.182652462121207,6.157198608277492
2025-12-02 15:30:00,6.3,5.39522534482759,5.882159,5.750651512592687,5.769560010822514,5.5715813808659735
2025-12-02 18:30:00,6.15,5.576259090909091,5.6668777,5.767715886851698,5.484722023809519,5.671256490277173
2025-12-02 21:30:00,3.3,5.68713184488997,5.661607,5.783919135252766,5.699631255482866,5.735155947827038
2025-12-03 00:30:00,5.0,3.3895287236038847,2.7120466,2.8266584502511045,3.0622503589692065,3.1102426743056144
2025-12-03 06:30:00,4.7,4.541531720675155,3.9918356,4.458729265468907,4.790070439436037,4.500446640006388
2025-12-03 09:30:00,4.65,4.416651322468091,4.2665663,4.44260673052248,4.502611595732681,4.429529926502828
2025-12-03 12:30:00,4.3,4.238612975508077,4.362962,4.4067542940517495,4.4159682726123055,4.322041656685617
2025-12-03 15:30:00,3.8,3.8309812861613217,3.9679184,3.958570667062481,3.8359493063873424,3.8942888293222717
2025-12-04 03:30:00,2.7,3.687331383904422,3.3637297,3.512922513614821,3.661661814433857,3.600792856908472
2025-12-04 09:30:00,2.3,2.367318949217362,2.4744735,2.5380418922339136,2.555149819566537,2.4520285857658575
2025-12-04 21:30:00,2.6,2.6735517461340788,2.3301435,2.325079087417905,2.704399264027012,2.5006459155212992
2025-12-05 12:30:00,2.3,2.2751264400738624,2.2991495,2.5020521740670185,2.287174134915878,2.3877228849945498
2025-12-06 00:30:00,2.9,2.392214198055095,2.2823074,2.232335103772173,2.4624457527620107,2.3128850831212224
2025-12-06 15:30:00,2.7,2.5563285575118435,2.6511977,2.664398955624834,2.559962838499452,2.609951134442907
2025-12-07 06:30:00,2.7,2.384114011211252,2.3309639,2.3672453899215022,2.44054131461211,2.375744106421183
2025-12-07 15:30:00,2.0,2.531377673893737,2.5081933,2.456812011803038,2.588655063282406,2.4943795409943483
2025-12-07 18:30:00,1.9,2.329145151472662,2.1428778,2.1090441190282734,2.4459872729666805,2.2199350000256755
2025-12-08 09:30:00,2.6,2.0603962359125028,2.0377994,2.068106331932046,2.0112373906899883,2.0642218461089374
2025-12-08 15:30:00,1.7,2.3998997060410376,2.277064,2.37912175925792,2.3553528237721912,2.389590064647079
2025-12-09 09:30:00,1.9,1.861888973749838,1.8256258,1.8532705213261045,1.8518126888636304,1.8576126535346096
2025-12-10 09:30:00,2.0,2.0420269380738056,2.1350124,2.0773011277519187,2.000408493106095,2.0595293530063197
2025-12-10 15:30:00,1.4,1.8986184905770327,1.9039286,1.9698246143332856,1.906554804910905,1.9339496813170762
2025-12-11 12:30:00,2.4,1.7269132933188942,1.5301075,1.5601388010798052,1.736725945413223,1.6441628066326173
2025-12-13 09:30:00,1.6,2.1960084055016997,2.1978414,2.289637660257235,2.256900484656636,2.2424655482881786
2025-12-14 09:30:00,1.9,1.6093423881766649,1.6729203,1.776076100457626,1.6517374269313363,1.692072640585284
2025-12-17 15:30:00,2.5,1.806268350087154,1.8617388,1.9237448828500048,1.9444130604383016,1.8645580809076547
2025-12-18 15:30:00,1.9,2.3545963067845865,2.2816443,2.280629308573801,2.372476025496395,2.317895220074692
2025-12-18 18:30:00,1.3,1.9875332892398263,1.8004535,1.8430178783998687,1.918229986827104,1.915827356155469
2025-12-19 09:30:00,1.8,1.391365287452511,1.8089927,1.7881486122100063,1.5484688817099626,1.5882419967853187
2025-12-19 12:30:00,2.3,2.0632347707900918,1.719848,1.826106416345588,1.733004394802561,1.9455759701308895
2025-12-19 15:30:00,1.3,2.213487191486991,2.0837045,2.038718940828096,2.141021592303467,2.126770346451722
2025-12-21 09:30:00,2.1,1.396456344936019,1.4728488,1.480364501036275,1.5279328347775214,1.4380900543901607
2025-12-21 15:30:00,1.0,1.914702586505276,1.937889,1.925447041471218,1.7364044667220933,1.9200337907300553
2025-12-24 09:30:00,1.4,1.8246673315977104,1.8024095,1.4751206425195278,1.780482326187998,1.6512285865447258
2025-12-25 09:30:00,1.9,1.5905543755558762,1.3502015,1.388443433393972,1.5848024537137593,1.4902705815297324
2025-12-29 09:30:00,1.2,1.6301608152750242,1.9140835,1.8538552127142376,1.780244767050679,1.7411539294411345
2026-01-01 09:30:00,0.8,1.4054430885031863,1.438716,1.480898779183213,1.34874529262452,1.4428828374911187
2026-01-10 12:30:00,1.6,0.9855914586286288,0.9695292,0.9964006451076528,0.9478586987999266,0.9909547814594346
2026-01-10 15:30:00,2.4,1.4632797360636505,1.5192286,1.6218406476683214,1.7317937707564608,1.5419547925938533
2026-01-10 18:30:00,1.4,1.9311910110479835,1.7927328,1.8575265897293805,1.9703623534798536,1.89464005751944
2026-01-11 09:30:00,2.0,1.4516577258221353,1.4643162,1.4466133543526096,1.5561393931536869,1.4491547999338572
2026-02-20 06:30:00,1.0,1.9788568580974704,2.0674138,2.053799601829029,2.0137495103625267,2.016042092086975
2026-02-21 21:30:00,0.9,1.9255545209176788,1.8907589,1.516327162026447,2.059815039645291,1.7225033069164286
2026-04-15 09:30:00,1.8,1.3494935889533368,1.1196359,1.1351499254663229,1.6317424748777132,1.2431401398524875
2026-05-10 06:30:00,2.1,1.4673009876994276,1.7609465,1.5914526744963924,1.7303480517583998,1.5289028092216463
2026-05-11 21:30:00,1.9,1.7662761974728116,1.7561831,1.812561267706656,1.9537343762486408,1.7892420121890587
2026-05-12 15:30:00,1.8,1.7560239216260085,1.8549994,1.864178304644215,1.7768878924968987,1.8096881703480494
2026-05-12 21:30:00,1.4,1.820619138407748,1.7121155,1.8219351875948968,1.8301651020314171,1.8212721382117196
2026-05-13 06:30:00,1.7,1.540822123489236,1.538421,1.5407789579205555,1.56565118504561,1.5408007055147697
2026-05-13 21:30:00,2.6,1.7160159841604112,1.7113117,1.6652638785527765,1.6915476030391037,1.6908337072846147
2026-05-14 00:30:00,3.0,2.3398561455124907,2.2799602,2.42975478037289,2.485162354309897,2.384462222180768
2026-05-15 00:30:00,2.6,2.7496753325534757,2.5030794,2.54354682818632,2.7834146515625497,2.6473980968246265
2026-05-15 21:30:00,3.0,2.3992276819664347,2.427107,2.450675984830525,2.4632101955039767,2.4247553993291295
2026-05-16 00:30:00,3.8,2.9530461246030097,2.8146327,2.811533294238354,2.878366651834646,2.882830017644399
2026-05-23 21:30:00,3.0,3.4894935217303016,3.5711892,3.59431365065563,3.510501695187104,3.5415033738763606
2026-05-24 06:30:00,2.5,2.9871454949509824,2.8664715,2.767352989901805,3.2293582612219023,2.8780884292173265
2026-05-24 21:30:00,2.2,2.4933135057282017,2.5137484,2.451877672485463,2.558906159146617,2.472753794701335
2026-05-25 21:30:00,2.1,2.346992385302657,2.1978858,2.1706941673619187,2.49933940999952,2.2595163981738526
2026-05-26 09:30:00,1.0,2.05154205260091,2.1775966,2.1498841020815256,2.0082988888237323,2.1003375988921276
2026-05-30 21:30:00,1.2,1.5290449674088953,1.5187033,1.307484818946925,1.6117715806362296,1.419110828984251
2026-05-31 21:30:00,2.1,1.364808093370848,1.2859521,1.3075712566416209,1.523515302078721,1.3364082101984476
2026-06-12 18:30:00,1.9,1.9609915875688932,2.088885,1.935362195905893,1.9537705528909115,1.9482747469710753
2026-06-12 21:30:00,2.5,1.8315569474064923,1.7605064,1.7760812175213327,1.8344513703796768,1.8040308935979024
2026-06-13 00:30:00,2.4,2.5651100785020025,2.180909,2.281971123549847,2.564895263887303,2.4246216500405
2026-06-13 03:30:00,3.3,2.443125494556948,2.37122,2.310698596479575,2.573464400467509,2.377417662866796
2026-06-13 12:30:00,3.1,3.3235140466231288,3.208226,3.183760626493255,3.306344797916722,3.254170927201487
2026-06-13 15:30:00,2.0,2.941131670039863,2.9765005,2.993401948275372,2.987885774650568,2.967067236715218
2026-06-13 18:30:00,1.9,2.2650112511535365,2.1461115,2.089462456615328,2.496046363993164,2.1779071143626396
2026-06-13 21:30:00,2.6,1.894382208148823,1.8513849,1.9837525996179657,2.0255826622529614,1.9387261800004203
2026-06-14 00:30:00,2.5,2.6983177601861463,2.5865042,2.576777184046338,2.772841802990911,2.6380115245462195
2026-06-14 03:30:00,1.9,2.318871510982314,2.3644826,2.3059569679354763,2.442912589920693,2.3124635483010385
2026-06-14 06:30:00,2.7,2.0285690051955934,2.0445454,1.9781795221545644,2.011868041493309,2.0035666550787825
2026-06-14 12:30:00,1.1,2.9244579542564564,2.609112,2.61676518576744,2.8312161982141117,2.7717863676099093
2026-06-18 09:30:00,2.1,1.5734049826389294,1.5837239,1.5460844518106776,1.506423359221951,1.5598490293740608
2026-06-22 21:30:00,1.8,2.079034038225472,1.9044641,1.98455983201766,2.0215298528813515,2.0321576458105666
2026-06-23 00:30:00,2.4,1.8764203161870892,1.9942656,1.852335171266276,2.0538398073560127,1.8644697028927637
2026-06-23 06:30:00,1.5,2.646926547405664,2.1819417,2.188360014952944,2.5976466258218647,2.4193941278549547
2026-06-23 21:30:00,2.1,1.5276088667287495,1.8813319,1.7142762920250607,1.6199041524957207,1.6202298670049744
2026-06-24 00:30:00,1.6,2.1744580109740137,2.0366397,2.036907255891162,2.0632447451817413,2.106207814110257
2026-06-24 03:30:00,1.95,1.8780980442768385,1.7617686,1.7148560371114352,1.7094715367458255,1.7971003127939198
2026-06-24 06:30:00,1.85,1.9529105474139228,1.7523153,1.817700485765017,1.9188484144277855,1.8858217602971958
2026-06-24 15:30:00,1.1,1.8005480204936437,1.9134551,1.8420476016472596,1.8818122168423344,1.821139362080912
2026-06-29 21:30:00,2.1,1.394271107803896,1.4112582,1.3505810236953328,1.3858980133209209,1.3725928782688603
2026-06-30 03:30:00,1.25,1.8331953948173456,1.7759237,1.7954554639917464,1.733694322637063,1.8144695237240152
2026-07-11 09:30:00,3.0,1.853672873158401,1.6496766,1.5306645698394936,1.6808264554858527,1.6934019951333064
2026-08-01 15:30:00,3.0,2.492932142857144,2.4681783,2.435121519059191,2.67105320835146,2.464247556919027
2026-08-01 18:30:00,2.6,2.814742457925476,2.9518564,2.783252794607096,2.777370339968003,2.7991178565239183
2026-08-01 21:30:00,2.5,2.2897825067131365,2.384354,2.326538512123275,2.3279195545013733,2.308020171811058
2026-08-02 00:30:00,2.8,2.4584789081246314,2.4114604,2.499199262577928,2.401488796219997,2.478683611516666
2026-08-02 03:30:00,1.6,2.587258473029777,2.6581461,2.665418896342376,2.320794970037474,2.6260402614309113
2026-08-02 09:30:00,0.6,2.0772209961775845,2.0845745,1.9725234662326747,2.423836535275837,2.025271975428225
2026-08-03 00:30:00,1.3,0.970819863159353,1.3506525,1.1384356299120335,1.2599875903067064,1.0539877750435829
2026-08-03 03:30:00,2.0,1.575004826268574,1.3682613,1.3978481986510312,1.5290749651881483,1.487102911783745
2026-08-03 06:30:00,2.55,1.6580926919682757,2.0323665,1.909837605957757,1.8479511404766231,1.78300396511165
2026-08-03 15:30:00,2.75,2.355080549505742,2.1962435,2.382886222278128,2.41426263107869,2.3688772214287814
2026-08-03 18:30:00,2.7,2.206786796866083,2.2475913,2.2824725372629597,2.379317367573855,2.2443406923627274
2026-08-04 00:30:00,2.8,2.5672804515033287,2.5049274,2.486227482123037,2.576696434780648,2.5270634340593685
2026-08-04 00:30:00,3.6,2.765215570174521,2.6864533,2.683101283563419,2.568854624101241,2.724471946316121
2026-08-04 03:30:00,4.1,3.5346244510668416,3.3722136,3.352513925001494,3.460450133597945,3.4442645017707743
2026-08-04 06:30:00,3.75,3.993964194402461,3.8601098,3.7940949566023705,4.102424036864303,3.8947926935361177
2026-08-04 09:30:00,3.3,3.4638778084109187,3.6515622,3.5608137773922937,3.541730981288722,3.5119756829894535
2026-08-04 15:30:00,3.5,3.130438185764797,3.0904536,3.162805738553204,3.1921519850911064,3.1464983800434556
2026-08-04 18:30:00,3.0,3.2626987809271744,3.2080932,3.3074006840527144,3.2876010516702583,3.284879056758194
2026-08-04 21:30:00,2.5,2.887238861016824,2.7901573,2.77219185717842,2.8721626994993805,2.830154618507018
2026-08-05 03:30:00,2.4,2.400455629318349,2.4480584,2.436877142963732,2.468101630115243,2.4185273256523754
2025-06-10 09:30:00,1.81,0.7985275836064271,0.6888896,0.7400036011725897,0.7535206703134182,0.7694890420153283
2025-10-21 18:30:00,1.68,2.3346857142857163,1.9954766,2.254192907609492,1.8962232000404535,2.2947466394441456
2025-10-21 21:30:00,1.37,2.0098778962021626,1.9064358,1.948115163873972,1.876238390133708,1.9792323454910559
2025-10-22 00:30:00,0.96,1.5379666033220474,1.5426117,1.6775598126897713,1.5053047844370868,1.607230229061158
2025-10-23 00:30:00,0.84,1.2767215114157735,1.2956461,1.3212674305964938,1.5264408436587014,1.2988243908345731
2025-10-23 18:30:00,0.77,1.2248708110594528,1.2971368,1.250984211636636,1.330780449777872,1.2378278081264726
2025-10-24 18:30:00,0.78,0.9133587663185864,1.0375962,0.9989397391077794,0.951611452463369,0.9558224971584207
2025-10-25 18:30:00,0.7,0.9092087448677738,1.0460793,0.995405836647868,0.8977957708092669,0.9519781828074723
2025-10-27 09:30:00,0.63,0.7739479553593256,1.0307386,0.947784049993137,0.8880597548226568,0.8602022814343652
2025-10-30 09:30:00,0.64,0.7276958619212124,1.0286602,0.9517793371147794,0.7406419868257998,0.8388820294319879
2025-11-06 09:30:00,0.68,0.7550488730834104,0.7954277,0.7731904436012215,0.7255144438361606,0.7640503922572783
2025-11-12 09:30:00,0.88,0.7491714150451066,0.90142834,0.8310668130480088,0.78178852777818,0.7898064303350413
2025-11-21 00:30:00,0.88,1.0459865053435806,0.9310388,0.8341857837520775,1.013856984419718,0.9408948180184277
2025-11-21 06:30:00,0.79,1.000240331036338,0.8206992,0.8572240787404318,0.9776468848076432,0.9292782533070449
2025-11-21 18:30:00,1.03,0.8440154167413723,0.9285968,0.8456024625154619,0.9088367129532452,0.844802880150411
2025-11-23 03:30:00,1.0,1.0716643436700308,0.9956418,1.0634051350027272,1.0313376841674282,1.0675662737092892
2025-11-23 06:30:00,1.89,1.0196232004352392,1.0383166,1.0029076933638414,1.030900921950625,1.0113292681510198
2025-11-24 00:30:00,1.58,2.0273449856611965,1.729827,1.7268045413238102,1.9868916975422743,1.878222252898353
2025-11-24 03:30:00,1.2,1.6553932906750717,1.8414675,1.7898379324122191,1.6410979811789046,1.7221022902753322
2025-11-24 18:30:00,2.38,1.3566824234566603,1.1285836,1.2306073865597629,1.6145851503558104,1.2941262704014793
2025-11-25 03:30:00,2.58,2.2665847502739758,2.144793,2.1721519915619867,2.151939043117116,2.2197289233568585
2025-11-25 15:30:00,1.92,2.074807509649338,1.9622885,2.127189137550385,2.2262816225770674,2.10079832601481
2025-11-25 21:30:00,2.14,2.201061690438463,1.8453884,1.9489094353878649,2.172125002932008,2.075948302027926
2025-11-26 00:30:00,4.36,2.875163855593525,2.1807396,2.237940425148236,2.9138718604528764,2.558985114532502
2025-11-27 00:30:00,6.62,3.558308333333337,3.3395543,3.44399137315688,3.386789583333337,3.5015863252846726
2025-11-27 09:30:00,4.86,5.564027083333332,5.937557,5.880361027627153,6.041901394523324,5.720986265125808
2025-11-27 12:30:00,5.72,3.261867755154764,3.8014967,2.973868852904129,3.118614924242425,3.1189679087430733
2025-11-27 18:30:00,2.7,5.677441028405047,5.239156,5.393879688351374,5.6571453787878765,5.53674302009563
2025-11-28 09:30:00,2.5,2.9924471523412937,2.7871835,2.664463365127663,3.0286252758756524,2.8297075291966047
2025-11-28 12:30:00,2.35,2.7298759191144693,2.8011253,2.8430023506669624,2.9316059166987696,2.7860072083923892
2025-11-28 15:30:00,2.3,2.601427428629793,3.0556731,2.9546173905362987,2.584070258088324,2.7766738997662266
2025-11-29 06:30:00,2.25,2.430679125781538,2.6215444,2.4586280160538965,2.4362934750881258,2.4445468596377644
2025-11-29 09:30:00,2.0,2.267346333460198,2.470416,2.402051172532621,2.3007205101117685,2.3341844382721693
2025-11-29 15:30:00,2.03,2.184181927333198,2.1777067,2.088286154658417,2.242834725889341,2.1366001793485094
2025-11-30 00:30:00,1.77,2.161400656366532,2.0465484,2.061968421125857,2.264629930654297,2.1120641796187902
2025-11-30 18:30:00,1.76,1.7778396077267395,1.8550776,1.9064002948576049,1.8529465557846272,1.8416290954713634
2025-11-30 21:30:00,1.67,1.7136122479930325,1.8589059,1.8704133385324544,1.808554604337215,1.791414113139619
2025-12-01 12:30:00,1.63,1.70855102760455,1.757619,1.766124004967639,1.720751966863905,1.737117697679873
2025-12-01 15:30:00,1.6,1.8658903872775543,1.7360833,1.7667991384190516,1.8646898624384889,1.8167231018054046
2025-12-01 18:30:00,1.57,1.7576175107734064,1.6891427,1.7393124642403672,1.6983327507920685,1.748534877757487
2025-12-02 00:30:00,1.58,1.7408306207032544,1.628262,1.7026546448675923,1.6561756076848937,1.7218883919624484
2025-12-02 03:30:00,1.53,1.6289276954258864,1.6174692,1.696415182887912,1.6267215334991127,1.6624137660937581
2025-12-02 12:30:00,1.5,1.5543099241334497,1.595821,1.5903682915250963,1.579916411260141,1.5722014338644081
2025-12-02 15:30:00,1.48,1.5632455186575804,1.6483265,1.5651694079827152,1.5255909867326698,1.5642001177443352
2025-12-02 18:30:00,1.47,1.5031815950644607,1.5979519,1.553897059970586,1.5009455077742118,1.528345691486869
2025-12-02 21:30:00,1.39,1.4908532235427856,1.4941779,1.4880795645497784,1.5289730501690286,1.4894769841161706
2025-12-03 00:30:00,1.41,1.3674123306916175,1.4191318,1.4627087790846487,1.3965749405422845,1.4146967048073653
2025-12-03 06:30:00,1.46,1.433701489364546,1.4529966,1.475830963023478,1.4497596036669018,1.4546053722204169
2025-12-03 09:30:00,1.44,1.448953677058318,1.487414,1.5297186791182047,1.4890273922325283,1.4890278103262067
2025-12-03 12:30:00,1.42,1.4343165487116822,1.4572988,1.4741484610704714,1.4458852555315744,1.4540804232052085
2025-12-03 15:30:00,1.38,1.403707862751667,1.47342,1.4655483042722477,1.4548560692283337,1.4343919713585518
2025-12-04 03:30:00,1.36,1.3740122337152554,1.3985394,1.4238344608341122,1.400706226294988,1.3987331217031445
2025-12-04 09:30:00,1.26,1.397799298025505,1.403591,1.4287603346679807,1.4055440688592038,1.413161604431472
2025-12-04 21:30:00,1.29,1.3239427697643946,1.3064592,1.3260445183365508,1.3310664871257802,1.3249856193926743
2025-12-05 12:30:00,1.77,1.3487866005107276,1.3011347,1.3189893377371462,1.3452154659064772,1.334001737649938
2025-12-06 00:30:00,1.34,2.187788047292202,1.8607329,1.7616607972258098,2.114280257564298,1.9763514129493038
2025-12-06 15:30:00,1.27,1.4082948654244951,1.52388,1.4701291540789507,1.449006804834573,1.4389759210904922
2025-12-07 06:30:00,1.25,1.2501281126078587,1.3635861,1.3484152686236563,1.3065011527242212,1.2988964217546632
2025-12-07 15:30:00,1.26,1.4198278126715522,1.4906617,1.5156490055413572,1.3467432282113203,1.467372555505897
2025-12-07 18:30:00,1.25,1.34638979663542,1.3989358,1.3155691977752717,1.3377627696636032,1.3310971729170187
2025-12-08 09:30:00,1.2,1.338090276962543,1.3260599,1.2880514553341436,1.316613814696548,1.3132619186964498
2025-12-08 15:30:00,1.22,1.3261450871922305,1.299016,1.2284134243774674,1.3748198678040324,1.2776524037248649
2025-12-09 09:30:00,1.2,1.3071182149850795,1.2986615,1.2692290750326138,1.4027855286076012,1.2883183090216654
2025-12-10 09:30:00,1.18,1.302757636871404,1.378499,1.271233967894814,1.3536905681391267,1.2871161624772847
2025-12-10 15:30:00,1.14,1.2885585655448897,1.3613665,1.2527081207877424,1.3657822150827337,1.2707702232645819
2025-12-11 12:30:00,1.23,1.113728180817902,1.2423878,1.181061465395687,1.171949347211628,1.1471377388036004
2025-12-13 09:30:00,1.16,1.3463531390329913,1.3569506,1.2558748212169173,1.4049297196673527,1.3014594341665289
2025-12-14 09:30:00,1.12,1.163906045541141,1.2488699,1.2461497879035752,1.2293794904538686,1.2047139030019538
2025-12-17 15:30:00,2.56,1.1802055765359925,1.3103989,1.2173465168589357,1.15729847759346,1.1986342393755316
2025-12-18 15:30:00,2.52,1.6349889698661562,1.7879844,2.010764506614516,1.6147777447250826,1.8214419947456728
2025-12-18 18:30:00,1.72,1.9914922441860088,1.9528313,2.108665152904489,2.1079038354684574,2.0496313222471816
2025-12-19 09:30:00,1.67,1.939248566713905,1.8782915,1.864924052490194,1.912881588328916,1.9023700870246012
2025-12-19 12:30:00,1.59,2.1133439427748746,2.1694791,2.1799305444263237,2.014476344903482,2.1463830101973875
2025-12-19 15:30:00,1.34,1.8829582337319704,2.0362833,1.9450247861852883,1.8637482945357844,1.9137545344941294
2025-12-21 09:30:00,1.3,1.3723210395442562,1.5581342,1.5409828356656252,1.3935038045951944,1.4560079722822448
2025-12-21 15:30:00,1.14,1.3060369535745795,1.495915,1.4969666870211409,1.3513957768187124,1.4007728340648269
2025-12-24 09:30:00,1.15,1.3770445918402965,1.4708313,1.3636202044991497,1.228148221189513,1.3703836536414713
2025-12-25 09:30:00,1.03,1.2064988323010963,1.2956556,1.262424415774812,1.2960305147989477,1.2342480953240615
2025-12-29 09:30:00,1.23,1.229774378487301,1.0995535,1.13084894251988,1.3764724189986586,1.1806893663727354
2026-01-01 09:30:00,1.13,1.2310357344503158,1.3382052,1.2503649739608798,1.2592622249627226,1.2406265534976417
2026-01-10 12:30:00,1.12,1.2710319460207415,1.3230832,1.2505635209819004,1.367551917589895,1.2608758837181355
2026-01-10 15:30:00,1.11,1.089018648291025,1.0453488,1.0433392617444837,1.1730040924896492,1.0663533628657342
2026-01-10 18:30:00,1.08,1.1089986354225956,1.2091213,1.1410392401855485,1.1687834685484513,1.1248966040043613
2026-01-11 09:30:00,1.52,1.06924744180167,1.1261641,1.1075318909750762,1.1414692562303472,1.088243493050764
2026-02-20 06:30:00,3.6,1.4758071042496057,1.5521749,1.6184645658554295,1.4241310180006728,1.5465911565277386
2026-02-21 21:30:00,0.68,2.549950000000002,2.6497085,2.7796706382884118,3.1816875000000016,2.663933225882026
2026-04-15 09:30:00,1.54,1.8223443537725803,1.702052,1.7485438300108558,2.192166187343361,1.7857258686733735
2026-05-10 06:30:00,2.15,2.068259961036897,1.7076199,1.761470858170424,1.86917477195233,1.9160367569281296
2026-05-11 21:30:00,1.09,2.85525404761905,3.366434,2.80869567275449,2.792284090909092,2.8321526240881587
2026-05-12 15:30:00,3.9,1.540903737071834,1.3681957,1.5067712083892542,1.640293503451148,1.5239677936766798
2026-05-12 21:30:00,1.46,3.1093282934131765,3.0320113,2.86137404859632,3.6434992398648633,2.986297881753413
2026-05-13 06:30:00,1.16,2.1978960375298517,2.4429114,1.9981232280814647,2.302491377445776,2.0987723826675753
2026-05-13 21:30:00,1.12,1.3936388577701584,1.3127184,1.543930818764278,1.6634000637642408,1.4682110105635777
2026-05-14 00:30:00,1.07,1.3829671830513484,1.2391578,1.261635238744553,1.359413993468159,1.322764466753548
2026-05-15 00:30:00,1.38,1.302824075696504,1.0785853,1.1274417755638777,1.100619025560886,1.2158025504183598
2026-05-15 21:30:00,1.23,1.504956667703787,1.3454866,1.3137843754712897,1.4451128233412198,1.4101004339309915
2026-05-16 00:30:00,0.7,1.2216505788481802,1.2875768,1.2531089614575044,1.2558331067475683,1.2372596593276621
2026-05-23 21:30:00,0.68,1.1440008130172743,1.2483524,0.9278483429058056,1.0766916516430276,1.0367498667843071
2026-05-24 06:30:00,0.68,0.8688882645322069,0.81692165,0.8380644364967711,0.8295736201126432,0.8535940385554326
2026-05-24 21:30:00,0.68,0.8199721176213788,0.7475138,0.7700584502223152,0.7631368834450211,0.7952058586202833
2026-05-25 21:30:00,0.68,0.7247349441392555,0.6937835,0.7246313804540335,0.6500428744638023,0.7246835577117503
2026-05-26 09:30:00,0.66,0.7243537117452867,0.713363,0.7319641354421171,0.6836879610825022,0.7281298663379125
2026-05-30 21:30:00,0.66,0.7061786124627012,0.6901263,0.7140952902294925,0.644552543691971,0.7101067247857848
2026-05-31 21:30:00,0.62,0.7287320122305188,0.6914964,0.7140952902294925,0.647390035999667,0.7214695355003224
2026-06-12 18:30:00,0.62,0.9282828072112836,1.0251718,0.9721785933665312,0.872730682138052,0.9500631023814589
2026-06-12 21:30:00,0.66,0.6337325687135422,0.64304,0.6760265861556651,0.6672298474781964,0.6547180952186155
2026-06-13 00:30:00,0.78,0.6441186282684839,0.6335695,0.654099096342456,0.6716594537251145,0.649070756015298
2026-06-13 03:30:00,0.74,0.7750686268227807,0.7668512,0.8082562569559245,0.7630479833604634,0.791535728647589
2026-06-13 12:30:00,0.68,0.7417372227848137,0.7737034,0.7702890686113922,0.7621143722820378,0.7559041322817033
2026-06-13 15:30:00,0.67,0.6996556923014202,0.6984054,0.6827130108201938,0.6827807467709636,0.6912490401838283
2026-06-13 18:30:00,0.66,0.9596485418734928,0.72297525,0.7430791285973163,0.8873152157009528,0.8521907159832299
2026-06-13 21:30:00,0.66,0.6976739356183935,0.6951053,0.7193527991761869,0.6645633400355707,0.7084305956215371
2026-06-14 00:30:00,0.65,0.7391375178922077,0.6891913,0.6874111795930345,0.6621446628777388,0.7134718443753055
2026-06-14 03:30:00,0.65,0.6810203485067251,0.67758375,0.7000063175241963,0.6544288078482497,0.6904408429439317
2026-06-14 06:30:00,0.64,0.6839528413970482,0.6648048,0.6746415845872501,0.6795852158673648,0.679332764175844
2026-06-14 12:30:00,0.61,0.7247650173935726,0.68055767,0.6842488128553734,0.6655356099027059,0.7046616094970567
2026-06-18 09:30:00,0.6,0.6185763159558576,0.6282625,0.6489069072742559,0.6221254219140774,0.6336258067945516
2026-06-22 21:30:00,0.6,0.5973309678553173,0.5834133,0.6367791669510988,0.6027136975150585,0.6169044507677596
2026-06-23 00:30:00,0.63,0.5886780122824774,0.5774993,0.6324192544440136,0.6063804055771812,0.6103816255181291
2026-06-23 06:30:00,0.62,0.6211447431630074,0.5766083,0.6366553270034833,0.638839335837546,0.6288408143328577
2026-06-23 21:30:00,0.62,0.6143251512654205,0.60868305,0.6591105671895519,0.6174340001040727,0.6365468646366489
2026-06-24 00:30:00,0.62,0.6073527169414885,0.602769,0.651955217971753,0.6100453304461025,0.629483671250666
2026-06-24 03:30:00,0.62,0.6142309420042357,0.6081227,0.6645503559029148,0.6188578220728898,0.6391985250799161
2026-06-24 06:30:00,0.6,0.6161168407923864,0.60187805,0.6561912905312227,0.6233944904447118,0.6360010579472457
2026-06-24 15:30:00,0.6,0.5887879459246766,0.62882286,0.6462625552716066,0.6102546049041189,0.6173058075695124
2026-06-29 21:30:00,0.6,0.5871104108234229,0.5834133,0.6395746036618124,0.6036683173384517,0.613142194417496
2026-06-30 03:30:00,0.55,0.5858825622993981,0.58285296,0.6450143923751753,0.6060443736768804,0.6152227068966059
2026-07-11 09:30:00,0.54,0.6385781945206231,0.60532755,0.6461054541992688,0.8012998784278649,0.6423130846315697
2026-08-01 15:30:00,0.53,0.5571208575949383,0.63951975,0.6382690012602237,0.9566881692679242,0.5973850987977448
2026-08-01 18:30:00,0.53,0.6218463542864977,0.64765245,0.6488048276852695,0.9660043925400946,0.6352226612032009
2026-08-01 21:30:00,0.53,1.0052973296540908,0.5870622,0.5796691608112966,1.0980853187893764,0.794108330387722
2026-08-02 00:30:00,0.53,0.7367503753797924,0.58114815,0.5703679039123456,1.0540927267405358,0.6541944023101304
2026-08-02 03:30:00,0.53,0.7273210996049667,0.5975611,0.5809546524909864,1.0479094575097665,0.6546967158001618
2026-08-02 09:30:00,0.56,0.7247474884938555,0.6177151,0.5935259466496206,1.0474412756915843,0.6596377327659408
2026-08-03 00:30:00,0.56,0.5712235971451703,0.6170177,0.6408541132368183,0.7476576304237775,0.6057729998592263
2026-08-03 03:30:00,0.56,0.5583827377353382,0.63542724,0.7104768180944261,0.8713970871324546,0.6338490695636674
2026-08-03 06:30:00,0.59,0.5691669313064961,0.5686382,0.6054229487192075,0.7743626076114025,0.5871565114031148
2026-08-03 15:30:00,0.58,0.593721675005998,0.54928905,0.6105343836783022,0.6383626017285843,0.6020638369665526
2026-08-03 18:30:00,0.57,0.5890226666341605,0.618126,0.6242845181763008,0.6344057908717637,0.6065189596067583
2026-08-04 00:30:00,0.68,0.6533086459734239,0.59564453,0.6086156249222954,0.8026689416404225,0.6311327772670818
2026-08-04 00:30:00,0.57,0.86029707467979,0.6879841,0.6534850661428475,0.8487588220876748,0.7576806965440739
2026-08-04 03:30:00,0.57,0.6728662359752334,0.6934803,0.8208334897095543,0.7693175689854154,0.7462849110721016
2026-08-04 06:30:00,0.58,0.5860927960750265,0.6403083,0.6458363848065384,0.774255884477183,0.6157364842526518
2026-08-04 09:30:00,0.63,0.6290219229397593,0.69736856,0.7045795046923387,0.7452440723080592,0.6665122284350419
2026-08-04 15:30:00,0.66,0.874531444776932,0.63216144,0.6958541930576065,0.9075433237881498,0.785875024115529
2026-08-04 18:30:00,0.65,0.8884863502205574,0.80987793,0.9855247191468934,0.9385603354331208,0.9366350337997282
2026-08-04 21:30:00,0.69,1.3223609950781867,0.67454183,0.721454217850505,0.9028795765915124,1.0242019205034838
2026-08-05 03:30:00,0.66,1.0918520321444154,0.6695794,0.7409586213251887,0.9312776619485752,0.9177450681209747
2025-06-10 09:30:00,1.72,1.2685206871970458,1.1931659,1.159953299585635,1.274430566279114,1.214651513065654
2025-10-21 18:30:00,1.81,2.044314731296928,2.0137465,1.8379175433202584,2.0546407218750296,1.9419041796205772
2025-10-21 21:30:00,1.73,2.147092656180099,1.8159099,1.8292968342427,2.2764644731503973,1.9894081171410924
2025-10-22 00:30:00,1.45,1.772149822166683,1.7740607,1.754327857982114,1.74644122064859,1.7633068858748173
2025-10-23 00:30:00,1.8,1.6464705104661028,1.658507,1.6981812330011776,1.4551273503645477,1.6721284357232933
2025-10-23 18:30:00,1.53,1.9066938579833592,1.8864444,1.8260374077765515,2.1599263404486924,1.8666735861816472
2025-10-24 18:30:00,1.71,1.7550181269861127,1.7566416,1.7089556889491149,1.723789934181906,1.7321627783393088
2025-10-25 18:30:00,1.39,1.9436932123158408,1.7976705,1.7116673250752472,1.8350373170298204,1.828566163597571
2025-10-27 09:30:00,1.19,1.4514248611375524,1.6948378,1.7432381510490218,1.457758848548653,1.59621733771772
2025-10-30 09:30:00,1.15,1.284126880705092,1.4992476,1.4278640804202911,1.470211053901458,1.35544667950444
2025-11-06 09:30:00,1.02,1.421260720126836,1.335529,1.36101647012607,1.327465222781353,1.3913686128826042
2025-11-12 09:30:00,1.26,1.0462398575245992,1.0942733,1.0755483771793766,1.079589042225388,1.0607822148894783
2025-11-21 00:30:00,1.2,1.2559834188991272,1.2061346,1.214806289855569,1.2563913592316107,1.235552072216847
2025-11-21 06:30:00,1.55,1.2463310221617545,1.2007858,1.2120204010710398,1.2245623828929753,1.2293067125347479
2025-11-21 18:30:00,1.34,1.5652836123041107,1.3923762,1.3654454591987937,1.480250126686539,1.4661275351011018
2025-11-23 03:30:00,1.33,1.336760076310464,1.3107945,1.3312917883675708,1.3641546504337192,1.3340468107352557
2025-11-23 06:30:00,1.91,1.3069413610042964,1.2422086,1.2174116239354251,1.4223296121188014,1.2625183247481138
2025-11-24 00:30:00,1.71,1.8960306774017692,1.7531683,1.722640336598425,1.8874943572636984,1.8099975263152914
2025-11-24 03:30:00,1.44,1.6477412904330109,1.8562899,1.7738520840348857,1.8445730736499504,1.7103151853184886
2025-11-24 18:30:00,1.43,1.4940042415015296,1.4065846,1.3780028436231202,1.6029934009521067,1.4364464459306974
2025-11-25 03:30:00,1.36,1.6254976824188494,1.6041603,1.6498825267072132,1.5354899368822683,1.6375970011188479
2025-11-25 15:30:00,1.43,1.5523478679867415,1.5352749,1.49235937539953,1.6158653597807078,1.5225826629453652
2025-11-25 21:30:00,1.44,1.5044872526649746,1.4479817,1.440431399716056,1.4788441478760048,1.4727038969763326
2025-11-26 00:30:00,2.8,1.4335036376465304,1.4941102,1.4590244485718482,1.4850978368429089,1.4461666024461528
2025-11-27 00:30:00,4.0,2.1386058333333318,1.9377694,2.120954508572621,2.2766962868282064,2.129847565237319
2025-11-27 09:30:00,3.76,3.91695637085668,2.9934268,3.404785106131333,3.2839416305304177,3.662826252672967
2025-11-27 12:30:00,5.07,3.115229857503718,2.970528,2.998700084736911,3.13720078804348,3.0574098918697024
2025-11-27 18:30:00,1.85,4.574081078713397,4.3327765,4.559689606828483,4.660395027151212,4.566940290655106
2025-12-01 15:30:00,1.66,2.432195382627463,2.3510344,2.2628868424298205,2.331871658312449,2.348187547176148
2025-12-02 12:30:00,1.64,1.736243205993146,1.7866178,1.8301131990407635,1.7582831765835376,1.7828197987660492
2025-12-02 15:30:00,1.63,2.0830939686673187,1.7274708,1.7259374803235488,2.1501625645978675,1.9058793788531974
2025-12-02 18:30:00,1.61,1.6219544295446915,1.5561764,1.6161420068979055,1.6419715050322117,1.6190704105535958
2025-12-02 21:30:00,1.53,1.6250327901105577,1.5410341,1.6281460430997816,1.6067952511367094,1.6265775299360365
2025-12-03 00:30:00,1.58,1.526720933407674,1.4550447,1.507695687827041,1.5437293842741473,1.5172809506502007
2025-12-03 06:30:00,1.58,1.6125751072674828,1.5259877,1.624697632676911,1.5885322407903395,1.6185900851218826
2025-12-03 09:30:00,1.57,1.614930589060503,1.5692612,1.6671722670361302,1.5783126029453012,1.640851964804183
2025-12-03 12:30:00,1.55,1.669372016100153,1.5474933,1.6297967770489803,1.6036906896294247,1.6497354982595502
2025-12-03 15:30:00,1.5,1.6109566012632828,1.5262451,1.5867645171207108,1.621563529001194,1.5989529266612743
2025-12-04 03:30:00,1.46,1.531384362229957,1.4673536,1.515264172960204,1.4805568642321154,1.523385815871713
2025-12-04 09:30:00,1.41,1.4722503695180535,1.487013,1.5191767677858576,1.447163555794669,1.4955343996053876
2025-12-04 21:30:00,1.39,1.4082725166310337,1.4126484,1.4354533052651557,1.3698506481768056,1.4217591323466185
2025-12-05 12:30:00,1.4,1.400748804124626,1.437229,1.4472949472546908,1.4183844210809673,1.4238441584900892
2025-12-06 00:30:00,1.31,1.4938113627771237,1.4623408,1.4536997701243228,1.4325229620037836,1.4739087159801394
2025-12-06 15:30:00,1.27,1.3938996402008794,1.3466196,1.341835311194265,1.3792653859182678,1.3680662618080053
2025-12-07 06:30:00,1.27,1.2834779963829102,1.2684504,1.2904278780176766,1.2988786553016494,1.2869264019512174
2025-12-07 15:30:00,1.25,1.3301828225783496,1.2608824,1.2702261057115625,1.3075868562389197,1.3004333840747373
2025-12-07 18:30:00,1.28,1.3495035189329454,1.2235447,1.233135923835171,1.3776587888294745,1.2917640229250813
2025-12-08 09:30:00,1.23,1.334129322114052,1.2723083,1.274318324011031,1.2988388375896889,1.3044521866254815
2025-12-08 15:30:00,1.2,1.3680480655867069,1.2265011,1.2202585074944603,1.3187618871452422,1.2947175598535479
2025-12-09 09:30:00,1.16,1.3447418772371895,1.2073792,1.216560673468882,1.3057692679572015,1.28114068227355
2025-12-10 09:30:00,1.16,1.1855673767577024,1.2378808,1.2153797316816255,1.2024716184982047,1.2003597280705276
2025-12-10 15:30:00,1.14,1.165343508886686,1.2134193,1.199409971817479,1.1911041469908168,1.1822466716507
2025-12-11 12:30:00,1.09,1.128256987508219,1.1445146,1.1796365853985198,1.1616076536764433,1.1537506147055503
2025-12-13 09:30:00,1.03,1.0824856319805602,1.0848626,1.0976344754857643,1.1148683841749982,1.0900022141386563
2025-12-14 09:30:00,0.97,1.0323492769192637,1.061498,1.0976344754857643,1.0665257858776476,1.0647426116688203
2025-12-17 15:30:00,0.98,0.979067946769687,1.0258896,0.9966562191903025,0.984430680613195,0.987794929434939
2025-12-18 15:30:00,0.95,0.9923135938619804,1.034072,1.0138971767399154,1.0116626102728306,1.0030229773150698
2025-12-18 18:30:00,0.96,0.9687942842857216,0.9667049,0.9900084588169116,0.9801475657409164,0.9793203739984511
2025-12-19 09:30:00,0.95,1.0342616309695531,0.9853494,0.9953103574888824,0.9741274643130198,1.0149347135596956
2025-12-19 12:30:00,0.95,0.930058310010805,0.9474938,0.9889431008451028,0.977159120655485,0.9592758782044597
2025-12-19 15:30:00,0.91,0.935426629838073,0.95077753,0.9750189811830238,0.9749160419460042,0.955071638489347
2025-12-21 09:30:00,0.91,0.9002781092802786,0.97600114,1.0009315586730692,0.977195678507469,0.9502205304028399
2025-12-21 15:30:00,0.83,0.8895290659764612,0.95780826,0.9792117770371426,0.9113237124383946,0.9340280051606196
2025-12-24 09:30:00,0.89,0.9340681066170866,0.9469283,0.9732972713086644,0.900904958271485,0.9535329086197234
2025-12-25 09:30:00,0.8,1.0741608720315257,0.9729981,1.0021135291095589,0.9512799095716094,1.0384122835561445
2025-12-29 09:30:00,0.84,0.8446716293562656,0.86321044,0.8822513420418182,0.8382586156694823,0.8633180031062859
2026-01-01 09:30:00,0.75,0.8205154406820969,0.86437863,0.830567597526566,0.8757878069935139,0.8255031391002343
2026-01-10 12:30:00,0.75,0.8178356487508427,0.8197924,0.8145163324350603,0.7656650565737686,0.8161886640296845
2026-01-10 15:30:00,0.76,0.7604833522283801,0.7618393,0.7817061756967615,0.7956465524174204,0.7710137333873153
2026-01-10 18:30:00,0.75,0.8114614163863466,0.8008328,0.7901163093708805,0.81113304827807,0.8008703603430263
2026-01-11 09:30:00,0.61,0.7711830354727067,0.8040984,0.8071164636080453,0.7878954716175502,0.7890125526043958
2026-02-20 06:30:00,1.74,0.7417233048328646,0.788439,0.7646604327566547,0.7275186985587639,0.7531042928568481
2026-02-21 21:30:00,0.76,1.6025861904761904,1.5715863,1.575577733164768,1.6428352177032275,1.5891850824460625
2026-04-15 09:30:00,1.02,1.3876833281855918,1.6644975,1.5781863647625225,1.2832333661522912,1.4822074894065709
2026-05-10 06:30:00,1.07,1.0433049507419307,0.99273205,0.9247528021963012,1.06632661277174,0.9844815188241132
2026-05-11 21:30:00,0.94,1.2287701605504435,1.1893816,1.2448601633808156,1.1351180153483194,1.236753728943433
2026-05-12 15:30:00,1.15,0.9473169833954448,1.0378462,1.0352221134090256,0.9735947546103536,0.9909339190142077
2026-05-12 21:30:00,1.18,1.1717010130096746,1.1564733,1.173517458697562,1.2208991255293349,1.172602300506904
2026-05-13 06:30:00,1.4,1.1753207649657862,1.2571044,1.2880794742860102,1.2065074273389325,1.2312695971228536
2026-05-13 21:30:00,1.33,1.4422104068104662,1.410684,1.4401510104468476,1.5607186873760823,1.4411885715820603
2026-05-14 00:30:00,1.84,1.312935416663456,1.4055264,1.3787497602037928,1.3504095240835745,1.3455913035786624
2026-05-15 00:30:00,1.8,2.066981646278292,1.8610086,1.7633874113252532,1.981182064774325,1.9163436778442706
2026-05-15 21:30:00,1.75,1.846041595601834,1.7855469,1.812730200130325,1.850960640169993,1.8295130836546072
2026-05-16 00:30:00,1.26,1.8033068446519345,1.7568247,1.7210182413507211,1.844276955465527,1.7624767280046756
2026-05-23 21:30:00,1.17,1.507023841881022,1.6150165,1.5878386928889974,1.6227354502928215,1.5471227092953606
2026-05-24 06:30:00,2.0,1.461393525970536,1.4668154,1.5102213583108175,1.4064439440246543,1.4856210132543928
2026-05-24 21:30:00,1.5,2.0413682325019127,1.8201978,1.8231248166491805,1.920826272117209,1.9330797968099693
2026-05-25 21:30:00,1.7,1.562602385986099,1.5662413,1.502766120915099,1.5397250501473223,1.5329127134850078
2026-05-26 09:30:00,1.44,1.6658324095413044,1.6629078,1.6395651137053118,1.739737791741352,1.6527990524302858
2026-05-30 21:30:00,1.3,1.5171419067939576,1.5859045,1.582764505525058,1.5324303631131075,1.5497026534028087
2026-05-31 21:30:00,2.55,1.283012231273119,1.3586019,1.3150978221886995,1.3367727582496878,1.2989325211701774
2026-06-12 18:30:00,2.21,2.0542598493494864,2.6945026,2.5651632784614296,2.185252843141944,2.3077608904325055
2026-06-12 21:30:00,1.98,2.0310405876647684,2.1336615,2.3806124843890317,2.0922187539812764,2.2044918402958205
2026-06-13 00:30:00,1.9,1.940512546241469,1.9603467,1.9233474169375364,1.882642821520991,1.9319955195375471
2026-06-13 03:30:00,1.84,1.959071958052108,1.8770324,1.722981277951963,1.9071584382062967,1.841928032634705
2026-06-13 12:30:00,1.85,1.8921031298659017,1.8827206,1.9261557983424868,1.908195404111192,1.9089994480712307
2026-06-13 15:30:00,1.8,1.869888011459868,1.9288901,1.942724988346357,1.8615459249446664,1.9060284020267495
2026-06-13 18:30:00,1.93,1.8970546147749547,1.8801347,1.930864157846945,1.8407867172201813,1.9138302985518054
2026-06-13 21:30:00,1.81,1.967867569525612,1.8780912,1.8686308122020887,1.932279031732573,1.9186280853848543
2026-06-14 00:30:00,1.75,1.8777095877942915,1.7677125,1.7963938006186415,1.8468488996966117,1.8373621649137222
2026-06-14 03:30:00,1.7,1.8503677799797484,1.6888937,1.7656557163837787,1.8336016261450232,1.8083351861660866
2026-06-14 06:30:00,1.67,1.6985160739173362,1.7031059,1.7085793858505158,1.6999197802635737,1.7035093072887355
2026-06-14 12:30:00,1.46,1.7134885090887335,1.7087922,1.73880320506019,1.709209932558445,1.7260492033761428
2026-06-18 09:30:00,1.57,1.52270491525315,1.4956462,1.5812343218732912,1.5170912344691263,1.5517461482273882
2026-06-22 21:30:00,1.62,1.6797757920172287,1.7934921,1.9282624085855224,1.781896111576206,1.8030703569113262
2026-06-23 00:30:00,1.5,1.7169588787178764,1.7498915,1.775396112015569,1.8653010927178455,1.7459543769566062
2026-06-23 06:30:00,1.29,1.4984280219791748,1.4232726,1.4254719234898952,1.6806275618342434,1.4622285254274783
2026-06-23 21:30:00,1.28,1.325067691941269,1.4066328,1.5459366591664394,1.2968367598785848,1.4346588787372454
2026-06-24 00:30:00,1.27,1.2535868946895952,1.34387,1.4141507570275749,1.254069744460167,1.3332557791473465
2026-06-24 03:30:00,1.25,1.3247321841720168,1.2627766,1.2688557216365082,1.2694583195904936,1.297007294070165
2026-06-24 06:30:00,1.25,1.251648753985939,1.2257948,1.2307740929064528,1.2645923307438072,1.241291124707343
2026-06-24 15:30:00,1.91,1.2527973539916006,1.2549348,1.250389932379553,1.2772577268199836,1.2516028349294743
2026-06-29 21:30:00,1.73,2.014944745865996,1.9893253,1.8792713216902937,1.922878980838104,1.9476260466440676
2026-06-30 03:30:00,1.47,1.812975105984154,1.887433,1.8761739291797133,1.809876107072532,1.844333219009826
2026-07-11 09:30:00,2.13,1.5032582991821437,1.3716068,1.467567937880274,1.5727919735724958,1.4855493874169992
2026-08-01 15:30:00,1.96,2.102688262996184,2.036366,2.0858545100757038,2.0316075120731325,2.0943356592603006
2026-08-01 18:30:00,1.91,1.9966836418193563,2.026764,2.03477209564643,1.841896330268856,2.015582443722465
2026-08-01 21:30:00,1.82,2.0003296417219603,1.9420706,1.932092339142516,1.9047216227510488,1.9664715263543375
2026-08-02 00:30:00,1.75,1.891847503512257,1.8973317,1.89913202426806,1.915539963073044,1.8954619509599806
2026-08-02 03:30:00,1.96,1.9201478073797231,1.9127146,1.9555865406596376,1.887384075353248,1.937731865871437
2026-08-02 09:30:00,5.58,1.9461907870464383,1.9626192,1.9822795085034963,2.0094981154392544,1.9640973579156555
2026-08-03 00:30:00,6.48,5.000600000000005,5.0655093,5.6538521137026745,5.253633333333335,5.324731883790953
2026-08-03 03:30:00,4.89,5.0148625,5.78368,5.270016127778457,5.857150000000005,5.141465115273846
2026-08-03 06:30:00,7.85,3.2085500000000047,2.964372,2.752144369792123,3.085850000000002,2.9820897810600786
2026-08-03 15:30:00,6.1,7.189149999999999,6.7875047,6.643509692308886,7.188150000000003,6.918413148033697
2026-08-03 18:30:00,3.2,5.420245454545451,5.3549604,5.17636436806637,5.20985684523809,5.299236070383813
2026-08-04 00:30:00,2.84,3.713683333333336,2.261382,2.213927316997912,3.1716000000000006,2.9695315233280657
2026-08-04 00:30:00,2.78,2.7254993897088453,2.4860065,2.5876884743652813,2.6082865658445566,2.6571201060291054
2026-08-04 03:30:00,2.62,3.040208179350505,2.7691984,2.682827534837588,2.973863702717677,2.8628823672994477
2026-08-04 06:30:00,2.63,2.631608736451661,2.8533869,2.582772025101401,2.618596139426592,2.6073768435636424
2026-08-04 09:30:00,2.94,2.606508421023701,2.5166907,2.3981187384101514,2.742243629279453,2.5031092295457356
2026-08-04 15:30:00,2.81,3.073171338552004,2.6733513,2.340957687486627,2.699361879408262,2.7098601680575864
2026-08-04 18:30:00,2.87,2.895567630603066,2.5908306,2.6063242558637807,2.967738952645104,2.752050299450628
2026-08-04 21:30:00,3.38,2.795147414158428,2.8474839,2.894188591416012,2.78017590771404,2.84428985500782
2026-08-05 03:30:00,3.22,4.301442948502293,3.6046307,3.600438917160012,3.8453660593855887,3.9536174268424547
2025-06-10 09:30:00,1.07,0.7948708307205085,0.7139021,0.7444517503049773,0.7242587858502025,0.7698537949217819
2025-10-21 18:30:00,1.06,1.0237389624324529,0.94223756,0.9791151090089556,0.983903334906518,1.0015974134519428
2025-10-21 21:30:00,1.05,1.0825153833146262,1.0129654,1.108235969380045,1.0536232888329509,1.0952774729255386
2025-10-22 00:30:00,0.98,1.0658071153618849,0.95883256,1.0692756931987475,1.0667664256315836,1.067528160950188
2025-10-23 00:30:00,1.05,0.9741880327244848,0.9616338,0.9647372631659784,1.08005442110194,0.9694987318006654
2025-10-23 18:30:00,1.0,1.045688509163594,1.0123639,1.0304994206023137,1.0321186271204037,1.038151958136564
2025-10-24 18:30:00,1.1,1.0771902517225316,1.0132842,1.0086819475198106,1.0351130226802523,1.0431976702509034
2025-10-25 18:30:00,0.9,1.0912764209697683,1.1971694,1.130958476840634,1.1391354865652392,1.1109659393843625
2025-10-27 09:30:00,0.78,1.1132722734795255,1.0601194,1.0765600913833206,1.4613552450221037,1.0950563527173687
2025-10-30 09:30:00,0.65,0.820662783909427,1.0183911,1.006057114367232,0.8951971742895762,0.9126520975525838
2025-11-06 09:30:00,0.62,0.720068193177699,0.7410378,0.7259278551036532,0.7468853880579974,0.7229756514447259
2025-11-12 09:30:00,1.28,0.7618403101377652,0.7455148,0.7411339644430578,0.7395295045105789,0.7515661959088643
2025-11-21 00:30:00,1.01,0.8630508993154663,1.0515023,1.0242003617843212,1.0201946126279575,0.9430103479667156
2025-11-21 06:30:00,0.95,0.9984694324057856,0.9418783,0.9494390861519848,0.9837298210936016,0.9741414613808033
2025-11-21 18:30:00,1.08,0.9717144160471772,0.9327813,0.8681281693662141,0.9972379978092278,0.9203167939541905
2025-11-23 03:30:00,1.01,1.1220888874812736,0.9487536,0.9914983756438236,1.102125085823731,1.0572922374296168
2025-11-23 06:30:00,1.81,1.0352432408879533,0.86478084,0.907683696134962,1.0316144483406715,0.9719505018840933
2025-11-24 00:30:00,1.6,1.7642098041672511,1.6658565,1.6054262110295194,1.7306862634166418,1.6854242570878673
2025-11-24 03:30:00,1.19,1.711806292896183,1.8554561,1.6892238461368998,1.6591262796064152,1.7006012912510955
2025-11-24 18:30:00,1.45,1.2860089822668983,1.1991315,1.2388573342465663,1.2919944168997486,1.2626131873263335
2025-11-25 03:30:00,1.18,1.914344145694116,1.5980006,1.548319460693965,1.5736184416760808,1.7327293170935194
2025-11-25 15:30:00,1.1,1.3963917994066506,1.2460722,1.2387039352719091,1.2327062109386135,1.318149933240675
2025-11-25 21:30:00,1.12,1.1913316581021456,1.0930346,1.0579455662715171,1.1313956823311724,1.1251478918200626
2025-11-26 00:30:00,1.55,1.2508068409141049,1.0528836,1.0621974970347166,1.1628833593647494,1.1572222957594196
2025-11-27 00:30:00,2.2,1.3907629422608403,1.3120579,1.3575207637477062,1.3588628269872636,1.3742687745164686
2025-11-27 09:30:00,2.53,1.8569578547015664,1.7676505,1.8191985448086816,1.9920002135010364,1.838222368065548
2025-11-27 12:30:00,2.87,2.389312510010239,2.052049,2.086658044385296,2.4004967689044445,2.2391408381197033
2025-11-27 18:30:00,2.54,2.633144024390244,2.0464685,2.0331401707202823,2.45494425101042,2.335432964154177
2025-11-28 09:30:00,2.89,2.493652235808272,2.3746402,2.448035141715828,2.384707982679727,2.4710178587720533
2025-11-28 12:30:00,1.7,2.6979042458389286,2.5237522,2.6833926248495903,2.6086464771675235,2.6907038419680953
2025-11-29 15:30:00,1.58,1.9799583230583664,1.7684566,1.7583219193947563,2.031981412655972,1.8699863481818562
2025-11-30 00:30:00,1.38,1.8236406369920664,1.814888,1.876149577828334,1.6444381667236274,1.849694623733353
2025-11-30 18:30:00,1.36,1.7587410160077963,1.4409542,1.4256216665033108,1.9314917968630223,1.5934532197386064
2025-11-30 21:30:00,1.26,1.3968944161468295,1.319037,1.3719415417606278,1.4211506038727115,1.384513251185946
2025-12-01 12:30:00,1.23,1.3815110813607996,1.2541957,1.2932346495765588,1.320019020885841,1.3377099125189753
2025-12-01 15:30:00,1.22,1.3587049456089104,1.1632676,1.162307430541052,1.2774869536398112,1.261256050771073
2025-12-01 18:30:00,1.21,1.377135016519496,1.1493609,1.1333244942686245,1.246751613692045,1.256160645051638
2025-12-02 00:30:00,1.19,1.3220000108494163,1.135304,1.1149486169922185,1.2368195410932503,1.219264854047426
2025-12-02 03:30:00,1.13,1.313281786393086,1.1326699,1.1134687963100476,1.2294557440768623,1.2141381946266214
2025-12-02 12:30:00,1.11,1.1271760104013488,1.0618136,1.0698888069279648,1.1446527865796643,1.0987511361614546
2025-12-02 15:30:00,1.07,1.129117456713919,1.0566959,1.0615016753181183,1.1145755298168063,1.0955677289164927
2025-12-02 18:30:00,1.1,1.038079261351786,0.9750513,0.9880378652014788,1.0530472363056729,1.0132496256544863
2025-12-02 21:30:00,1.02,1.10363415200163,1.0236669,1.0217636594206,1.1020041243207586,1.063011494331577
2025-12-03 00:30:00,1.07,1.008986694896032,0.95712876,0.9341769975609556,1.0372421597851678,0.9718674761221211
2025-12-03 06:30:00,1.06,1.0404528766943186,0.96316683,0.9815570008896216,1.0631728306966082,1.0112298083388396
2025-12-03 09:30:00,1.04,1.0258607018312145,0.990273,1.014765582504737,1.0432309656644692,1.0203555042930197
2025-12-03 12:30:00,1.03,1.0134512951520993,0.98143554,0.994384461131724,1.0296418775801248,1.0039906769630145
2025-12-03 15:30:00,1.02,1.0163463571386837,0.96120816,0.9863525258426163,1.042747659361185,1.0014639605322682
2025-12-04 03:30:00,0.99,1.0183045868640614,0.95560104,0.9376619914047528,1.02530419226615,0.9782911895374753
2025-12-04 09:30:00,1.02,0.990237472647147,0.9698019,0.9382027928467608,0.9922475357761664,0.9644188056541538
2025-12-04 21:30:00,0.95,1.1069769701511478,1.0286314,0.9694135996337718,1.0874447081625709,1.038720513736949
2025-12-05 12:30:00,0.96,0.9928763352756594,0.9591433,0.9474063098818304,0.9937899013235908,0.9703149310677393
2025-12-06 00:30:00,0.91,1.0844984000130298,0.9987964,0.9212744323280856,1.0741710374710425,1.0035096193940443
2025-12-06 15:30:00,0.92,1.0471485630681248,0.9243076,0.9599406873057956,1.064499232773383,1.0038775923979606
2025-12-07 06:30:00,0.88,1.1469340949860083,1.2148302,1.1713323801268398,1.0731470535443284,1.1590400827939036
2025-12-07 15:30:00,0.87,0.874632765046178,0.8764187,0.9121215700073874,0.951609298706172,0.8932340320275796
2025-12-07 18:30:00,0.87,0.8938559317548582,0.873533,0.8914544089909254,0.9206027478729496,0.8926643395944771
2025-12-08 09:30:00,0.86,0.983245541230648,0.87731594,0.911426025840788,0.91594903198092,0.9476099966561011
2025-12-08 15:30:00,0.86,0.8551034989601567,0.8249271,0.8056606896972646,0.9111049216842936,0.8305708712500652
2025-12-09 09:30:00,0.85,0.8557154101090965,0.8563574,0.8333029704161168,0.8817632227509913,0.8445947628954802
2025-12-10 09:30:00,0.83,0.8569667002426853,0.82816267,0.844073083052233,0.8728350761388464,0.8505691205928736
2025-12-10 15:30:00,0.8,0.8469371634984928,0.82008755,0.8005627829227446,0.8665048750231938,0.8239270346059022
2025-12-11 12:30:00,0.81,0.852787956175558,0.75594425,0.7993873353866268,0.8399474247515403,0.826291533969107
2025-12-13 09:30:00,0.82,0.8222725372294752,0.8118656,0.8178349630343352,0.8372118911821649,0.8200706931739234
2025-12-14 09:30:00,0.73,0.8240489031004797,0.8192666,0.8251562274311686,0.8417589067794128,0.8245983374057732
2025-12-17 15:30:00,0.73,0.7449081681296722,0.751831,0.7709970083663347,0.7463871702280761,0.7578529787999356
2025-12-18 15:30:00,0.71,0.7498573457740529,0.73326427,0.7507847355587144,0.7490280266983252,0.7503174998119893
2025-12-18 18:30:00,0.71,0.967349736692402,0.6964772,0.7110555144133159,0.8379991306155372,0.8401811790566781
2025-12-19 09:30:00,0.7,0.7570561725337938,0.69369584,0.7231626568710434,0.746097803504004,0.7402388230761758
2025-12-19 12:30:00,0.69,0.7765266035718649,0.6903208,0.7156251157336709,0.7471077940651446,0.7463083867998175
2025-12-19 15:30:00,0.78,0.7426714816937756,0.6821301,0.7126579623613406,0.7367840473700042,0.7277793162398019
2025-12-21 09:30:00,0.66,0.8937281701106516,0.75798076,0.7921624779614193,0.8335300716405004,0.8433331106315999
2025-12-21 15:30:00,0.62,0.7148855255132296,0.6869061,0.706916857471873,0.7696295782965941,0.7109316165562273
2025-12-24 09:30:00,0.7,0.6540338524935323,0.68723303,0.7225363170893877,0.6468944190047775,0.6880235364578516
2025-12-25 09:30:00,0.58,0.8253811139693792,0.7085019,0.7256104383227997,0.7204923512013899,0.7758767092134219
2025-12-29 09:30:00,0.64,0.5880722507456384,0.6437036,0.648238156391123,0.6238827699456627,0.6179254849377525
2026-01-01 09:30:00,0.52,0.6381647583782901,0.49668804,0.5801937502126646,0.6435503940471896,0.6094005926177226
2026-01-10 12:30:00,0.51,0.6928540462966449,0.63423014,0.6098285405131133,0.7042329339380278,0.6516582919656284
2026-01-10 15:30:00,0.51,0.5173615118651687,0.52809656,0.5270765817605647,0.5814343835193642,0.5221819538358909
2026-01-10 18:30:00,0.5,0.4842427398670965,0.55276215,0.5358732001053194,0.5250454210746256,0.5098608404242512
2026-01-11 09:30:00,0.4,0.4758611155994031,0.528863,0.5137825999694876,0.4874077129553242,0.494677070277843
2026-02-20 06:30:00,1.36,0.4521201944280237,0.5166197,0.4996933104767389,0.4695780455880524,0.47572511418140073
2026-02-21 21:30:00,0.55,1.374012764637323,1.0286638,1.0438599990276791,1.3085189346046666,1.2101969336417069
2026-04-15 09:30:00,0.84,1.0733696554834045,0.74909765,0.7765785774286439,1.0021174429431363,0.9261072904571785
2026-05-10 06:30:00,0.8,1.032772252534784,0.93102413,0.9620358206785542,0.9771769677779508,0.9976741144204607
2026-05-11 21:30:00,0.73,0.9546324345801352,0.90593904,0.9269894333248464,0.8913755465867951,0.9409164773217242
2026-05-12 15:30:00,0.72,0.6801928013203273,0.70986485,0.6882775246305889,0.7106437428119091,0.6842042948027294
2026-05-12 21:30:00,0.72,0.7164826050750892,0.72203547,0.6999464037593244,0.7334359549332433,0.7082776410638056
2026-05-13 06:30:00,0.93,0.757861443293828,0.7164212,0.7416649208473792,0.7309847680791052,0.7498250217939055
2026-05-13 21:30:00,0.86,0.8691182404418829,0.854973,0.8741068171702483,0.8272904283535718,0.8715934819887272
2026-05-14 00:30:00,1.02,0.8874216098891776,0.85189086,0.8380691557335841,0.9124526076896264,0.8629338147491223
2026-05-15 00:30:00,0.85,0.9960977498184692,1.0626705,1.0183392943505851,1.013339481489845,1.007133601944156
2026-05-15 21:30:00,0.84,1.0087246252880775,0.95499855,1.010027443556759,1.095197028894028,1.0093710601496066
2026-05-16 00:30:00,0.67,0.9307437603685154,0.97270185,0.9474189230253504,0.9537634456196996,0.9390176744839168
2026-05-23 21:30:00,0.66,0.7343536556120699,0.7190291,0.7045142947621797,0.7228510305055502,0.7195479044472217
2026-05-24 06:30:00,0.67,0.7017149412806326,0.67776906,0.6788392583299051,0.6925409117363291,0.6903644411409595
2026-05-24 21:30:00,0.63,0.7585366332027551,0.6910459,0.7091940746091477,0.804651608334495,0.7340537480615816
2026-05-25 21:30:00,0.67,0.680528766871286,0.63929206,0.7148412339603415,0.681495653455134,0.6975539924492817
2026-05-26 09:30:00,0.56,0.7677482220511088,0.70809734,0.6938413252772033,0.6973953594788784,0.7310769565871708
2026-05-30 21:30:00,0.54,0.632462334622472,0.6035181,0.6875304555089107,0.606679011278214,0.6597861402181064
2026-05-31 21:30:00,1.4,0.5716070068324105,0.55519843,0.5346542005152068,0.5708524717609442,0.5532716926838381
2026-06-12 18:30:00,1.36,1.5082888426927212,1.5459483,1.514229237643096,1.2589481037503594,1.5112363592262896
2026-06-12 21:30:00,1.37,1.4769241334678775,1.6054318,1.5306808933837937,1.3832170334189202,1.5035972654678367
2026-06-13 00:30:00,1.36,1.4939721742832035,1.524917,1.4899411766876949,1.4287211026873488,1.491972066182851
2026-06-13 03:30:00,1.08,1.4031499169953972,1.3867247,1.4177635689570354,1.418684674728435,1.4104009467893044
2026-06-13 12:30:00,1.02,1.0038709462356723,1.0419737,1.0956503791488492,1.058071028391411,1.0494102408807306
2026-06-13 15:30:00,0.99,1.0057616556641829,1.0612668,1.087881941265521,0.9836516541316566,1.0465082561130374
2026-06-13 18:30:00,0.96,1.0208325412176915,1.0494143,1.004816281450144,1.036936554835301,1.0128855627987234
2026-06-13 21:30:00,0.95,0.9906055271848492,0.9733855,0.92595288657386,0.9981518386423128,0.9585260562520732
2026-06-14 00:30:00,0.94,0.9872095268361224,0.9383712,0.9111825963224582,0.96566337255583,0.9494863389744543
2026-06-14 03:30:00,0.92,0.9431627013778576,0.91306746,0.9133622434212162,0.9446518528225112,0.9283762531250233
2026-06-14 06:30:00,0.85,0.97516808010018,0.9117997,0.912555904203776,0.9250393719894524,0.9441010508539662
2026-06-14 12:30:00,0.68,0.863170173800403,0.8882182,0.8808966582662481,0.8623257109892978,0.8719657347827292
2026-06-18 09:30:00,0.65,0.6901791323091984,0.7387971,0.716621094305795,0.7000173603858367,0.703299155610013
2026-06-22 21:30:00,0.65,0.7688977634775225,0.7610633,0.7755658369201184,1.0113948971865716,0.7722063409177918
2026-06-23 00:30:00,0.64,0.9260356890609424,0.87111914,0.7564372300293031,1.0370820738627,0.8418840011278081
2026-06-23 06:30:00,0.61,1.148450318521006,0.78511375,0.747610887012909,0.966610265235733,0.9495610423792247
2026-06-23 21:30:00,0.61,0.6297267743386397,0.68505526,0.8571749588537044,0.6824292949572559,0.7425824497590098
2026-06-24 00:30:00,0.6,0.6354245568183674,0.6367891,0.6186239109004568,0.6425007113650536,0.62708838017837
2026-06-24 03:30:00,0.61,0.6048813664346774,0.5692333,0.5900228688459344,0.617375091290267,0.5975088486689949
2026-06-24 06:30:00,0.59,0.6045074285341555,0.56298864,0.5876964671454172,0.6388272320689619,0.596166133544104
2026-06-24 15:30:00,0.82,0.5997455564464411,0.58193207,0.5965051777380833,0.5915348451411461,0.5981377391383839
2026-06-29 21:30:00,0.7,0.8849632559639319,0.80093306,0.797671041064404,0.8261165851790299,0.8416504377392877
2026-06-30 03:30:00,0.56,0.7125000242449278,0.783157,0.7652907671486567,0.7298216333353679,0.7386938360752826
2026-07-11 09:30:00,0.72,0.7222470706089917,0.6776726,0.6983562649252621,0.7372622052154537,0.7103928849291954
2026-08-01 15:30:00,0.61,0.9635511043512464,0.7411965,0.7280298569224706,0.9351641237006696,0.8466897211263469
2026-08-01 18:30:00,0.66,0.9951776707670138,0.73713577,0.7290765980768199,0.965058018205716,0.8631431313286573
2026-08-01 21:30:00,0.64,0.7893657199335731,0.69100374,0.6974777002176259,0.8650911233857108,0.7437725464809326
2026-08-02 00:30:00,0.64,0.8135606421448426,0.74975383,0.718982284476501,0.8395651666102545,0.7666325716589553
2026-08-02 03:30:00,0.65,0.8281387476045374,0.72106564,0.7659933089191198,0.765962000102558,0.797303304920784
2026-08-02 09:30:00,1.39,0.7378421502382588,0.77063894,0.7383233516574276,0.7655206588802348,0.7380809136792126
2026-08-03 00:30:00,2.08,1.4066126762638296,1.366323,1.3605143332551877,1.4131600616066755,1.3837395122194902
2026-08-03 03:30:00,2.13,2.209147412577112,1.8055766,1.8366546894540128,2.014921022401928,2.0243232604439214
2026-08-03 06:30:00,3.11,2.250050954352327,2.196342,2.2044009020365203,2.04115961467361,2.227400224041774
2026-08-03 15:30:00,2.28,3.0755982900432906,2.9218652,2.8334065094334617,3.366922432207096,2.9554271089003867
2026-08-03 18:30:00,1.56,2.2366126288420496,2.2332225,2.136469971748048,2.163016905873402,2.186923653619715
2026-08-04 00:30:00,1.14,2.238288344201089,1.6435242,1.53254327778899,1.7888582079544404,1.8881104066882215
2026-08-04 00:30:00,1.45,1.7428429166666668,1.1300582,1.073646830671591,1.478106872294372,1.4107999221944891
2026-08-04 03:30:00,1.33,1.8511700521465408,1.7425189,1.4663740043525673,1.5868497442300031,1.6602412128354418
2026-08-04 06:30:00,1.32,1.8894687087593476,1.4127226,1.4323984316622171,1.4444057404081785,1.662678704054096
2026-08-04 09:30:00,1.26,1.5238051014775145,1.22065,1.040869671104084,1.4113308495687982,1.2841812755260225
2026-08-04 15:30:00,1.33,1.74099425155625,1.1507673,1.0802878842673744,1.4682735053512943,1.413163701957
2026-08-04 18:30:00,1.29,1.3487534767008855,1.1019582,1.1791658207646365,1.2572429239508702,1.264607149068294
2026-08-04 21:30:00,1.11,1.492417239886574,1.3311054,1.3873272891797508,1.3140063476829018,1.4402735070526616
2026-08-05 03:30:00,1.25,1.1581253645578036,1.1107539,1.1732877328321,1.1207225866266328,1.1656486574617078
2025-06-10 09:30:00,0.44,0.3646972594395004,0.24412589,0.2624318925398288,0.280867755460465,0.3139550340039309
2025-10-21 18:30:00,0.44,0.4739965809591527,0.41642356,0.3402677167648306,0.6137144101756654,0.407642737229749
2025-10-21 21:30:00,0.44,0.5520179238967533,0.538985,0.3742234684681885,0.7447590002010952,0.4637995307881523
2025-10-22 00:30:00,0.32,0.6343502448050828,0.6514203,0.5313492953658995,0.7324497923112601,0.5832430366175032
2025-10-23 00:30:00,0.29,0.4228642662438686,0.6174545,0.4769913798110785,1.2708760429327697,0.4497211610272075
2025-10-23 18:30:00,0.25,0.4153770168772642,0.50300616,0.3994109038086261,2.349553246509829,0.40745492034331793
2025-10-24 18:30:00,0.23,0.3832308146409543,0.44109,0.4124974686610686,0.6134252797266513,0.3977523990351156
2025-10-25 18:30:00,0.18,0.2679351964062334,0.47874358,0.4234868498731791,0.3630586573662683,0.3451171134753705
2025-10-27 09:30:00,0.1,0.1817730564605112,0.44357783,0.4516279249101933,0.189000686360222,0.3156701614617907
2025-10-30 09:30:00,0.09,0.2401719417014027,0.49102587,0.3598618784111913,0.3424937262862843,0.2995599235276981
2025-11-06 09:30:00,0.13,0.1859336617609656,0.25982353,0.2466019723548524,0.2845363527034896,0.2160361802017422
2025-11-12 09:30:00,0.63,0.2699555640649762,0.24996054,0.2333835399780849,0.2267388298593392,0.25180918717207645
2025-11-21 00:30:00,0.5,0.4544313095238095,0.36547193,0.206253806438252,0.5858167004303716,0.33129012114907214
2025-11-21 06:30:00,0.4,0.5391631433239964,0.47709185,0.2342732751536893,0.6774702525237842,0.38788230512100497
2025-11-21 18:30:00,1.6,0.3793346083814645,0.29589415,0.3591703191658731,0.4338961567124667,0.36932945277360985
2025-11-23 03:30:00,1.0,1.3783156944444446,1.4437803,1.314362431765069,1.3434085323287823,1.3465832421920536
2025-11-23 06:30:00,1.06,1.2781018099424224,1.1700672,1.0884761197778818,1.3186147639504904,1.1840129721431667
2025-11-24 00:30:00,1.06,1.0462124591359745,0.9835699,0.9924398554400048,1.084093377641527,1.0195314657389107
2025-11-24 03:30:00,2.1,1.1888037865194436,1.0107125,1.1847280225933714,1.164008697761046,1.1867814661755305
2025-11-24 18:30:00,1.9,1.743529776614942,1.7212535,1.7225870263134295,1.7643539032810034,1.7331383626958705
2025-11-25 03:30:00,1.9,1.636894741584794,1.60505,1.6121892038505798,1.6760524945383113,1.6246363005971785
2025-11-25 15:30:00,1.6,1.87777142434024,1.7369689,1.7959059288698267,1.904649624957232,1.8371512461460946
2025-11-25 21:30:00,1.6,1.883343037079752,1.6248322,1.7186326679902288,1.845330306613698,1.8016167309675768
2025-11-26 00:30:00,5.7,1.7899387390119923,1.4637729,1.4893103936175245,1.758352489172189,1.640772391334445
2025-11-27 00:30:00,5.15,4.631500000000002,3.2698698,3.718259348340112,4.350350000000002,4.178366505950988
2025-11-27 09:30:00,4.3,4.110208367826621,3.5330775,3.7909138643929,4.275345877762479,3.951780210135005
2025-11-27 12:30:00,6.65,3.5541701068858047,3.4359374,3.3886048555903647,3.9320447976463817,3.4720196236848597
2025-11-27 18:30:00,1.03,6.264549166666666,5.8249097,6.21100532741023,6.152075245098038,6.237981682046955
2025-12-01 15:30:00,1.02,1.521760515149644,0.81141716,1.0974366539411995,1.5479900000000004,1.3112186897411116
2025-12-01 18:30:00,0.93,1.6078202523899745,0.94181424,1.2623325430852468,1.5869116666666665,1.4363954996879404
2025-12-02 00:30:00,0.92,1.045655938957932,0.8611405,0.8232188043301512,1.0266565684785,0.9352866558594013
2025-12-02 03:30:00,0.89,1.0516294148445342,0.9540727,1.000104061271528,1.0501304104709317,1.0260634663136508
2025-12-02 15:30:00,0.85,0.9103078631314894,0.96141225,0.99267036226847,0.9567496409882944,0.9511746455559407
2025-12-03 06:30:00,0.85,0.8886834874311285,0.8941176,0.950711066669752,0.9307700597018556,0.9194604503890444
2025-12-03 09:30:00,0.84,0.8698083522984176,0.91214323,0.8793517233539525,0.9146765548043868,0.8745436004102276
2025-12-03 15:30:00,0.81,0.8406942058894092,0.8803507,0.8610540497360876,0.9010924370133258,0.850796392168315
2025-12-04 09:30:00,0.82,0.8202399337552688,0.8719634,0.8745975691048146,0.8705954364160684,0.8472112092776761
2025-12-04 21:30:00,0.8,0.8261627656892395,0.8332147,0.8468269104688673,0.8817984476435395,0.8364159405873435
2025-12-05 12:30:00,0.88,0.8399281642932483,0.8717725,0.8718809545681456,0.8700278319396016,0.8557825609142955
2025-12-06 00:30:00,0.92,0.8893261961042161,0.8156056,0.8854764580150483,0.9373830087626712,0.8874160256925644
2025-12-06 15:30:00,0.81,0.9532144268093564,0.99832445,0.9374936829224376,1.082002583132609,0.9454140780255156
2025-12-07 06:30:00,0.8,0.9388883830212044,0.846579,0.91486357773923,0.8908986949661037,0.9269677091643395
2025-12-07 15:30:00,0.81,0.8650356303598891,0.81356716,0.8471418645248588,0.8627839220527781,0.8561570673877035
2025-12-07 18:30:00,0.81,0.8459357193625054,0.9203294,0.8807127043419503,0.8678425120689741,0.8631914303162209
2025-12-08 09:30:00,0.8,0.8290208989168737,0.8622423,0.8981462785967288,0.8447332442044242,0.8633196620795354
2025-12-08 15:30:00,0.81,0.853489151595544,0.8302338,0.8396977414710602,0.8545849508268362,0.8466461033297756
2025-12-09 09:30:00,1.2,0.84712743901296,0.8614769,0.8611376504113375,0.8556799261335826,0.8540790525134903
2025-12-10 09:30:00,0.95,0.8471799987448674,1.1096491,1.1785671517743377,0.9763950075126908,1.0116083104524833
2025-12-10 15:30:00,0.89,1.0070716990392723,1.0465451,1.0272652429873934,1.1376585441743006,1.017091370316293
2025-12-11 12:30:00,1.13,1.1535831953785192,1.1376716,1.0682413522750909,1.0605306196230675,1.111238116363748
2025-12-13 09:30:00,0.97,1.3544220062829024,1.162293,1.1619571611299495,1.235722477323217,1.2589244311287033
2025-12-14 09:30:00,0.9,0.9601828840851456,1.0198419,1.0670293123491643,0.963577056896154,1.0131981493144502
2025-12-17 15:30:00,1.18,0.9581542961059712,1.0191242,0.987443102288636,0.9598064741288388,0.9726868720025355
2025-12-18 15:30:00,2.3,1.5033354500924787,1.1990201,1.2021082255891729,1.242230165975334,1.3538719494327385
2025-12-18 18:30:00,1.85,1.5281636842105268,1.6627942,1.8301268270581257,1.6123390949255658,1.677992334242536
2025-12-19 09:30:00,2.35,1.7765696619410003,1.602692,1.66030929337126,1.6733303908152997,1.7188833697969965
2025-12-19 12:30:00,2.45,2.2151266355260795,2.1825407,2.1415200054925023,2.2784055664266094,2.1786043569879254
2025-12-19 15:30:00,1.38,2.115631503037749,2.4992845,2.366546928892528,2.1104421889585474,2.2401311991712003
2025-12-21 09:30:00,1.32,1.4681269038458564,1.5138807,1.5339914584638177,1.4672872988128185,1.5008077045896386
2025-12-21 15:30:00,0.93,1.416875289274597,1.4005063,1.4233171528747748,1.3720207084888865,1.4200716254823973
2025-12-24 09:30:00,0.95,1.0015023442342454,1.1757694,1.1731507096637006,1.045184618381341,1.086671158646394
2025-12-25 09:30:00,0.74,1.0206460872842504,1.0734726,1.038791327279498,1.0145048436534705,1.0296494271864545
2025-12-29 09:30:00,0.75,0.8814842919980819,0.9163238,0.9351910853074272,0.7722547237142021,0.9081326314715803
2026-01-01 09:30:00,1.2,0.8097181960841202,0.8262066,0.8176789280421549,0.8106041997702553,0.8136681673001138
2026-01-10 12:30:00,1.19,0.973555442798752,1.1803406,1.1552967208351472,1.0160592471212566,1.063732177901248
2026-01-10 15:30:00,1.18,1.233907305796947,1.1367959,1.162164864884316,1.2447800627115009,1.1983100041839956
2026-01-10 18:30:00,1.12,1.1742384735355087,1.1761248,1.1566471699995011,1.185393151990996,1.165509986885621
2026-01-11 09:30:00,3.5,1.2016624907804712,1.2085364,1.3838577382552204,1.2084383300114072,1.2920644773075716
2026-02-20 06:30:00,1.35,2.947887500000001,2.810924,2.86709293594434,2.6604950000000027,2.9077986986044806
2026-02-21 21:30:00,0.22,1.9560926029623225,1.5212831,1.5899561509271656,1.778647233005522,1.7744223175804277
2026-04-15 09:30:00,0.35,0.7090957854305635,0.8642036,0.796462901686424,0.8583687499999995,0.7524457683535183
2026-05-10 06:30:00,0.3,0.6710243334126954,0.56125087,0.5086986483699484,0.7133825493533514,0.5904812643940014
2026-05-11 21:30:00,0.44,0.5599538779345229,0.4930172,0.4454725037250936,0.3918722147675579,0.5031502906163678
2026-05-12 15:30:00,0.38,0.4553679963831918,0.2978116,0.266690998775254,0.4687140776567918,0.36174988267201785
2026-05-12 21:30:00,0.37,0.4951141872353353,0.41383243,0.3972082370271274,0.4678111902750837,0.4465350255155871
2026-05-13 06:30:00,0.3,0.4185370263906238,0.43724015,0.4466765959684003,0.4271564002939268,0.4324993718694822
2026-05-13 21:30:00,0.3,0.3125750499894961,0.3337471,0.3032804130850047,0.3303808307538254,0.3079632192647096
2026-05-14 00:30:00,0.28,0.2977995737575967,0.2972775,0.2918723287043225,0.3206482055842663,0.29485858196513415
2026-05-15 00:30:00,0.25,0.2938869455763465,0.29702112,0.31135692770396,0.2893783906850788,0.30255523473766543
2026-05-15 21:30:00,0.25,0.2635958592679416,0.25549394,0.2964004076480009,0.2600376853837616,0.2798728828554682
2026-05-16 00:30:00,0.12,0.274197114565673,0.25618714,0.2930646484537096,0.2603578394310054,0.2835588436337283
2026-05-23 21:30:00,0.12,0.182333454765646,0.21282347,0.2066773958188817,0.1769254973279167,0.19441247802016937
2026-05-24 06:30:00,0.12,0.1907531099004915,0.16617338,0.1775953975039432,0.1676375878816055,0.18422449098596644
2026-05-24 21:30:00,0.11,0.1804095601059292,0.14552815,0.1850413016498293,0.1696346602201782,0.1827077464881327
2026-05-25 21:30:00,0.1,0.1238056911984133,0.08228727,0.1288040338890241,0.1506628861045786,0.126285778439092
2026-05-26 09:30:00,0.12,0.0769022487551034,0.09052216,0.136277329007834,0.0856710997872046,0.1063630896905771
2026-05-30 21:30:00,0.11,0.134363619685694,0.09172504,0.1288040338890241,0.1569417399938274,0.13160505376669837
2026-05-31 21:30:00,0.09,0.1190952211129432,0.08228727,0.1288040338890241,0.1456360936152251,0.12391255841423061
2026-06-12 18:30:00,0.09,0.0631057384716341,0.17938644,0.1995560231181839,0.0662989338153829,0.13080990180852897
2026-06-12 21:30:00,0.09,0.0531024522241949,0.11199058,0.153868414007607,0.0709169747615924,0.1031006999600302
2026-06-13 00:30:00,0.09,0.0480282220099646,0.12350965,0.1214099018378247,0.0617719901876522,0.08443888432459823
2026-06-13 03:30:00,0.08,0.044606536403904,0.08732724,0.1175632446136169,0.0559972122572493,0.08080633548785174
2026-06-13 12:30:00,0.08,0.040620348344677,0.08101061,0.1018136710020857,0.0536788758225335,0.07098336827575537
2026-06-13 15:30:00,0.07,0.0513246934886635,0.12950234,0.1212535624358627,0.0565317155077367,0.08602213349349241
2026-06-13 18:30:00,0.07,0.1092814555222645,0.07787684,0.1438274106370605,0.0644321002917908,0.12642253363565725
2026-06-13 21:30:00,0.07,0.0758071536158752,0.028861186,0.122428222384436,0.0707891994170992,0.09893968472801942
2026-06-14 00:30:00,0.07,0.0793260930098146,0.029554388,0.1222099739634876,0.0740097263778836,0.10060429912076715
2026-06-14 03:30:00,0.07,0.0734954396354112,0.02830079,0.1233413836102421,0.0654681906219728,0.0982280954982804
2026-06-14 06:30:00,0.08,0.0691125706064249,0.022056153,0.1149823182385499,0.0535322849490453,0.09187230975942096
2026-06-14 12:30:00,0.08,0.0684248115062061,0.0498627,0.1289883562774398,0.059269889713248,0.0984753470406267
2026-06-18 09:30:00,0.07,0.0965528675377325,0.33040777,0.1508318159326473,0.0506332436188435,0.12348510001642171
2026-06-22 21:30:00,0.07,0.1138802678507453,0.2699714,0.1166193018447039,0.0699442708095226,0.11523932697907646
2026-06-23 00:30:00,0.07,0.0761179869492086,-0.0057901605,0.0994610125186498,0.075188285901693,0.08770037404370648
2026-06-23 06:30:00,0.07,0.0723203073141616,0.022056153,0.1149823182385499,0.0561443728611332,0.09348842552942992
2026-06-23 21:30:00,0.07,0.0747016896354112,0.028861186,0.122428222384436,0.0699979448383447,0.09838273198071451
2026-06-24 00:30:00,0.07,0.0763183563020779,0.029554388,0.1222099739634876,0.0724726384657956,0.09908894696805329
2026-06-24 03:30:00,0.07,0.0734954396354112,0.02830079,0.1233413836102421,0.0654681906219728,0.0982280954982804
2026-06-24 06:30:00,0.07,0.0691125706064249,0.022056153,0.1149823182385499,0.0535322849490453,0.09187230975942096
2026-06-24 15:30:00,0.02,0.0707636282450229,0.03765646,0.1289883562774398,0.0567015751572032,0.09965368521459411
2026-06-29 21:30:00,0.02,0.0336706551632299,0.028861186,0.0880263466713987,0.0521684041089466,0.06064096618670334
2026-06-30 03:30:00,0.06,0.0259346648430365,0.007844044,0.0414176284392996,0.0423888211592166,0.0336170313472613
2026-07-11 09:30:00,0.04,0.0862830980213614,0.008293234,0.0582352378619445,0.0546736906571969,0.07236625709719287
2026-08-01 15:30:00,0.04,0.1161496011328801,0.07067225,0.1037102956021482,0.0790845490647421,0.109977442711725
2026-08-01 18:30:00,0.04,0.1076228994734285,0.069267854,0.0603539791478653,0.09158917946906,0.08416891613605094
2026-08-01 21:30:00,0.09,0.1048848689875204,0.06208282,0.0533229601811218,0.088702256908369,0.0793007824109831
2026-08-02 00:30:00,0.04,0.1368294573123921,0.07737064,0.0746743678628962,0.1033910646696807,0.10598922609405152
2026-08-02 03:30:00,0.04,0.0682910362950842,0.11653726,0.108968666434926,0.0771369687120882,0.08847454065551488
2026-08-02 09:30:00,0.02,0.0978331782709844,0.087473005,0.0648365397942257,0.0734039087859033,0.08146084305170839
2026-08-03 00:30:00,0.04,0.0606487333891937,0.055753417,0.0456683445771034,0.0372111787466183,0.05321573540306894
2026-08-03 03:30:00,0.02,0.0525941358786894,0.05272996,0.0536808505880238,0.0673986407695688,0.05313334406262221
2026-08-03 06:30:00,0.02,0.0358728748753978,0.06383869,0.0414820847630832,0.0211104513427724,0.03865606337083038
2026-08-03 15:30:00,0.07,0.0354013009430476,0.0509817,0.0514211144182067,0.0196563576668405,0.043350042647458446
2026-08-03 18:30:00,0.1,0.1489473328342466,0.09391609,0.0880983871161483,0.0847247470464117,0.11875518651188899
2026-08-04 00:30:00,0.1,0.1484979721140155,0.08896412,0.1236593453219747,0.0969650540850456,0.13617349474301849
2026-08-04 03:30:00,0.1,0.0810556688378431,0.13875425,0.1391573637792115,0.089714601096609,0.10988467901287105
2026-08-04 06:30:00,0.11,0.0710071409858175,0.13503797,0.1307982984075193,0.0720925916057344,0.10067443188716521
2026-08-04 09:30:00,0.1,0.1183074949099741,0.15329629,0.1493854517126255,0.1115435927859507,0.13372781498474703
2026-08-04 15:30:00,0.1,0.1149447637041235,0.15375619,0.134083916522189,0.1042819318314353,0.12444126517263006
2026-08-04 18:30:00,0.1,0.0913073296044499,0.16314113,0.136668654185667,0.0938381627001802,0.11381479843516648
2026-08-04 21:30:00,0.1,0.0841417692214205,0.12037714,0.1353268413816875,0.0853917212319262,0.10953887626979403
2026-08-05 03:30:00,0.1,0.0794424699789962,0.13122495,0.1366123330613774,0.0823717792685188,0.10780912203914875
2025-06-10 09:30:00,3.63,3.006762320874792,2.6069353,2.7706682496401287,3.044680265535135,2.8896167128377748
2025-10-21 18:30:00,3.54,3.7499943695340754,3.6045904,3.5335946950577366,3.713536733404494,3.642620764966315
2025-10-21 21:30:00,3.43,3.413386309943748,3.9027758,3.648311371469617,3.4870060363775504,3.5299518765065265
2025-10-22 00:30:00,2.92,3.277865078390938,3.500117,3.4967884745264715,3.301282781720003,3.38649090800076
2025-10-23 00:30:00,3.96,2.727163272722219,3.043217,2.959672046089791,2.802340260380117,2.8425299208029866
2025-10-23 18:30:00,2.98,3.904227641713756,3.9074535,3.892119647469628,3.913161142864465,3.89821987396076
2025-10-24 18:30:00,5.22,2.9177224409840177,3.1267917,2.9862365685487235,3.046126256832285,2.9517179119025383
2025-10-25 18:30:00,3.17,5.078855809915231,5.149719,5.179446138965583,4.980202224744209,5.1287669118654975
2025-10-27 09:30:00,2.31,3.7777068462517382,3.7124088,3.407343948625967,3.7817982899971465,3.593939475009285
2025-10-30 09:30:00,2.04,2.7126905345435604,2.593477,2.911928692944342,2.7242690273507773,2.8115489052259677
2025-11-06 09:30:00,2.23,2.342646757945264,2.6458228,2.482616276477437,2.4299476067848564,2.4120971014856676
2025-11-12 09:30:00,2.83,2.245899682353782,2.7659268,2.4931388253536806,2.3266598611926845,2.368575273425642
2025-11-21 00:30:00,3.46,2.584592207252771,2.5337586,2.5136074833740225,2.6280161504313084,2.5493708711276017
2025-11-21 06:30:00,3.56,3.28099129942101,3.071676,3.031199298826784,3.280398196040762,3.1570490265830404
2025-11-21 18:30:00,6.15,3.09300785490335,3.18856,3.153317061192189,3.1081836376362584,3.1229321922828928
2025-11-23 03:30:00,6.01,5.927047734137599,5.995117,6.233723422417826,5.921416886221703,6.07921466397994
2025-11-23 06:30:00,4.99,5.6750806906823685,5.5094724,5.658671010714787,5.6715668144429925,5.666938504275728
2025-11-24 00:30:00,4.83,4.490215546035618,4.4224977,4.608067716064496,4.702133265408202,4.548691661273567
2025-11-24 03:30:00,4.17,4.781945277945161,4.977059,4.925026133931306,4.509414271589379,4.852939410857097
2025-11-24 18:30:00,5.31,3.915372697467602,4.0598683,3.840182585859532,3.956356887058581,3.878064724011785
2025-11-25 03:30:00,4.74,5.137042329364379,5.2287073,5.218891014242534,5.060718010105427,5.17765416644669
2025-11-25 15:30:00,4.67,4.6454606225792965,4.6220136,4.619375119462631,4.558209376999947,4.632517467727618
2025-11-25 21:30:00,4.81,4.4502711348651465,4.61151,4.658285276243888,4.360599665107213,4.553483989574617
2025-11-26 00:30:00,4.96,4.4815148828027525,4.5612316,4.619573561215407,4.232210892389886,4.550017102036214
2025-11-27 00:30:00,5.58,4.590957747576146,4.6272345,4.757081114792021,4.332349690225158,4.6733851578024606
2025-11-27 09:30:00,5.45,5.498535195499955,5.447142,5.399510583942534,5.426456345524973,5.449400974251368
2025-11-27 12:30:00,5.25,5.415048924068516,5.453772,5.404930960596644,5.415306393427235,5.41002857359207
2025-11-27 18:30:00,5.08,5.037614727857458,5.185266,5.1377360184680905,4.939956796708855,5.087293101417189
2025-11-28 09:30:00,5.21,5.101364268666575,5.1678557,5.099677586768667,5.092045442887844,5.100527367614964
2025-11-28 12:30:00,5.28,5.22741204136453,5.167679,5.12341532369927,5.06869093489318,5.175810750993108
2025-11-28 15:30:00,4.89,5.113173363019525,5.030049,5.101007938798734,5.055945902059486,5.1071370995508145
2025-11-29 06:30:00,4.69,4.619488872517562,4.6824718,4.705965090026796,4.583265948789731,4.662396807595658
2025-11-29 09:30:00,4.46,4.449380418491796,4.493576,4.550565053271403,4.501687727901458,4.499586404196024
2025-11-29 15:30:00,4.32,4.36558289233818,4.432567,4.519573638528486,4.323182576690369,4.44199031544796
2025-11-30 00:30:00,3.64,4.225316787379112,3.9781163,4.211360162714164,4.085956027244956,4.2183917626465135
2025-11-30 18:30:00,3.61,3.178038066681477,3.244602,3.310079404126286,3.10768823890105,3.2435545901591833
2025-11-30 21:30:00,3.33,3.17014617605788,3.285444,3.320805800441541,3.092878485954813,3.244900756775455
2025-12-01 12:30:00,3.31,3.13429837705271,3.3556333,3.376502176617413,3.245634819892644,3.2544755217836414
2025-12-01 15:30:00,3.27,3.090976127700636,3.4376113,3.3687818123316284,3.2108625650308262,3.22881828388884
2025-12-01 18:30:00,3.18,3.116456799150781,3.3030727,3.2269490971002286,3.189506429621075,3.1712810789770627
2025-12-02 00:30:00,3.15,3.085981129077904,3.1903005,3.2212690858124624,3.2307961587083587,3.1531085663272833
2025-12-02 03:30:00,3.09,3.1794579696383103,3.2742972,3.2235379057301303,3.3348246388525338,3.2013296366763893
2025-12-02 12:30:00,3.09,3.224832824878809,3.0912352,3.076240898879695,3.224234306597412,3.15110419870227
2025-12-02 15:30:00,3.08,3.18592213821222,3.0437322,3.07586843875317,3.1227777096210474,3.1313154830241725
2025-12-02 18:30:00,3.07,3.153324523347253,3.0542917,3.0393552871441143,3.116648627239012,3.0967750496450477
2025-12-02 21:30:00,2.85,3.125955903738304,3.0829031,3.0468182343694674,3.1374657368195664,3.086689223519001
2025-12-03 00:30:00,3.05,2.998753148943825,2.876414,2.8370994293054688,2.891414680739516,2.9185434970053037
2025-12-03 06:30:00,3.02,3.202039335783323,3.1092312,3.0598525350842087,3.236861506974316,3.1314888169345023
2025-12-03 09:30:00,2.96,3.1199926898586834,3.0623467,2.905418066109807,3.0462178952423544,3.013524642453155
2025-12-03 12:30:00,2.89,3.109494655238264,3.0221052,2.876980217244428,2.9554608626159324,2.994125196472396
2025-12-03 15:30:00,2.83,3.197644867409273,2.9921172,2.8620387120838613,3.0389154619845997,3.0311231630692914
2025-12-04 03:30:00,2.8,3.06150428509747,2.9325514,2.835016848701684,2.9021111633014858,2.949125315517338
2025-12-04 09:30:00,3.75,3.1774539860558177,2.9826138,2.8545033856119466,2.995674354681467,3.0172117391536744
2025-12-04 21:30:00,4.59,4.010195335938575,3.899727,3.472684735074249,3.725726434326544,3.7434922974619815
2025-12-05 12:30:00,4.33,4.046433095654345,3.9774663,3.604941667795041,3.928918124326653,3.8273730341744283
2025-12-06 00:30:00,3.76,4.224624928594181,4.155778,4.101318215653655,4.221051999540031,4.163442367816927
2025-12-06 15:30:00,3.17,3.5315408931306758,3.579857,3.6370373069869686,3.45220207888748,3.583886305627869
2025-12-07 06:30:00,3.01,3.0222621628707684,3.5259256,3.568012224103184,3.1249724762633453,3.2930534725592095
2025-12-07 15:30:00,2.96,3.049730920790328,3.0114827,2.891307462380559,2.9664808467506925,2.9711240660493914
2025-12-07 18:30:00,3.75,3.038157428942921,3.2740269,3.0325400217560725,2.962494963979275,3.0353701730959037
2025-12-08 09:30:00,3.5,3.6157518954117966,3.5537353,3.546955932384934,3.497609820505988,3.5816165828343633
2025-12-08 15:30:00,3.36,3.1764655706560467,3.1639404,3.2550551181711485,3.168353143636623,3.215460282725118
2025-12-09 09:30:00,4.18,3.3275016429735427,3.6001425,3.4260054554511394,3.606450651837589,3.37637745313814
2025-12-10 09:30:00,3.76,3.814697094826448,4.110171,3.994058276637859,3.7541216075075816,3.9036928692296584
2025-12-10 15:30:00,2.96,3.466052296112157,3.5180216,3.529239821350426,3.3612029490055546,3.497404803295762
2025-12-11 12:30:00,3.21,2.812193358466465,2.868132,2.895903560757967,2.763405189381752,2.8537288468209896
2025-12-13 09:30:00,4.12,3.2672706931755933,3.4025233,3.302021119490895,3.3172243153843164,3.284513226200513
2025-12-14 09:30:00,2.69,3.841040983059833,3.8030014,3.832198024955533,3.76902941178873,3.8366532671864233
2025-12-17 15:30:00,2.64,2.7398719559197486,2.7829847,2.6717377620183296,2.728867472561223,2.7060650012132896
2025-12-18 15:30:00,2.7,2.8411760847766088,2.6500123,2.5691236282029037,2.8320952165028457,2.7061885762948124
2025-12-18 18:30:00,2.68,2.710098880869538,2.6921856,2.52967025582848,2.70941339054424,2.6205734604420616
2025-12-19 09:30:00,2.68,2.7370496334869894,2.712119,2.606992572390059,2.6142331010839746,2.6725176720445347
2025-12-19 12:30:00,2.67,2.746344802670306,2.6587405,2.5606298657858386,2.657577802857972,2.6541964099168793
2025-12-19 15:30:00,3.86,2.717205252169752,2.7042208,2.58533872572591,2.689171413859256,2.6517754667490108
2025-12-21 09:30:00,3.52,3.507331626108484,3.5015323,3.4486446465404628,3.342633234283555,3.478212208287447
2025-12-21 15:30:00,3.31,3.2839867920081414,3.1861887,3.268769890651973,2.917203559660986,3.276436440775323
2025-12-24 09:30:00,2.97,3.25185559654349,3.5547028,3.299191645968066,3.442854545765269,3.2753428881256683
2025-12-25 09:30:00,2.44,2.913461693162767,3.0821784,2.973105235758673,2.962917910637955,2.9430557402573863
2025-12-29 09:30:00,2.3,2.62710461920851,2.6789606,2.548484501610992,2.825442504886048,2.588094738817448
2026-01-01 09:30:00,2.34,2.642800253741492,2.574126,2.470998411760045,2.9998992044671784,2.5575552870400946
2026-01-10 12:30:00,2.34,2.763749174298667,2.660385,2.5816295169818324,2.697364337215189,2.673384694240764
2026-01-10 15:30:00,2.34,2.6210753131883866,2.5870047,2.411769616110292,2.656243506650585,2.5172216119005872
2026-01-10 18:30:00,2.31,2.532850462312623,2.466047,2.323291203380367,2.643167673425354,2.428870948218829
2026-01-11 09:30:00,1.94,2.450723929484904,2.4502184,2.2887706747955283,2.539356846362469,2.3703656536716
2026-02-20 06:30:00,3.11,2.356512120070514,2.4162304,2.363317566764941,2.423991851501435,2.3598888596337435
2026-02-21 21:30:00,2.1,3.0470082643442,3.0352535,3.0571165413461783,3.1944826967852653,3.0520238085694773
2026-04-15 09:30:00,2.42,2.5116423837177986,2.4996235,2.4657662569896983,2.589330751805633,2.4888794793727547
2026-05-10 06:30:00,2.67,2.8396739844047274,2.6589143,2.657578673261417,2.639115675956024,2.7493215844777907
2026-05-11 21:30:00,3.27,2.6353148481085573,2.7514744,2.8658356103049485,2.710327273486387,2.749695081002301
2026-05-12 15:30:00,3.93,3.8178595159396425,3.4167628,3.3099315519562174,3.983822334838921,3.5658348468377166
2026-05-12 21:30:00,3.49,4.061005688064235,3.9553113,3.906467515237414,3.962345364148514,3.9843266417584347
2026-05-13 06:30:00,5.29,3.383634171971263,3.5603547,3.644596110525848,3.5158869282038423,3.5131187660003533
2026-05-13 21:30:00,4.92,4.740278270506654,5.219592,4.968480326025919,5.206160452363222,4.853508003084438
2026-05-14 00:30:00,3.69,4.543726979768186,4.851726,4.758111522082309,4.649387804115882,4.650100712203693
2026-05-15 00:30:00,3.98,3.579446718791792,3.9550953,3.8306970945319927,3.5089370968086167,3.704112611000327
2026-05-15 21:30:00,3.86,3.939181710560339,4.133165,3.977224283028324,3.881596410853908,3.9580577469628997
2026-05-16 00:30:00,2.68,3.5164304072445587,3.8714585,3.9680604611878953,3.665107429213372,3.7405210716153596
2026-05-23 21:30:00,2.57,2.9213987745394854,2.791066,2.641710494397227,2.885949564197117,2.7826225085081084
2026-05-24 06:30:00,2.45,2.946820676765177,2.8482695,2.572825271541058,2.9286404767017946,2.761250920951683
2026-05-24 21:30:00,2.72,2.6611120095935554,2.549435,2.5490901703028066,2.6394925806608542,2.6055287990177316
2026-05-25 21:30:00,2.76,2.73096500926798,2.7960434,2.688109320747632,2.6551026402023723,2.7097007917325415
2026-05-26 09:30:00,3.25,2.831587493186727,2.8224769,2.8709844252400427,2.954265948504444,2.8511355383199377
2026-05-30 21:30:00,2.79,3.111428621044812,3.2726994,3.21364411251857,3.328446920920369,3.1621460991961134
2026-05-31 21:30:00,4.16,2.991452984144989,3.0626705,2.887286463189448,2.8494869287801765,2.939767440452073
2026-06-12 18:30:00,4.31,4.002121897761821,4.473237,4.476442498159204,4.133154500867589,4.237471200891108
2026-06-12 21:30:00,4.56,4.296455691356979,4.4653773,4.580661233234909,4.211733332485111,4.437473340960252
2026-06-13 00:30:00,4.82,4.547993815511311,4.586595,4.601427724727762,4.697103947331951,4.574506754833426
2026-06-13 03:30:00,4.56,4.744913206487215,4.706305,4.665472407551309,4.812769706168029,4.705496118859278
2026-06-13 12:30:00,4.44,4.70316529304829,4.53785,4.707406187868423,4.655594418730663,4.705269548355199
2026-06-13 15:30:00,4.33,4.608963169238676,4.5983024,4.496248000566837,4.585080762751439,4.55303594116384
2026-06-13 18:30:00,4.27,4.31904658551187,4.1913867,4.414355250352172,4.250086989897144,4.366337021207801
2026-06-13 21:30:00,4.2,4.11007058465514,4.0163116,4.064749302558345,4.126010140582615,4.087582984180965
2026-06-14 00:30:00,4.15,4.035587368632338,3.9796124,4.034362711623193,4.079242244447307,4.034979715974129
2026-06-14 03:30:00,4.05,4.041987975062793,4.009872,3.979629756575775,4.060759824215215,4.011046954889922
2026-06-14 06:30:00,3.8,3.985578176723197,3.9232347,3.9436564740448903,3.975194900713703,3.9647773860700672
2026-06-14 12:30:00,3.76,3.5443398801800647,3.6919165,3.70804543846994,3.532371464193888,3.62556761734694
2026-06-18 09:30:00,3.95,3.4952462675393114,3.8060431,3.731947664842053,3.569914205111003,3.6126932197869204
2026-06-22 21:30:00,3.99,3.9648213644537,3.9201899,3.991299941172833,3.881674464746896,3.9779595553176055
2026-06-23 00:30:00,4.05,3.9576269234391694,4.028206,3.962721602184835,3.968812866370408,3.9601548108879863
2026-06-23 06:30:00,3.44,4.047934149204222,3.867174,3.898142423358588,4.065424262793031,3.9736102040439896
2026-06-23 21:30:00,3.29,3.254224841217146,3.2849658,3.3420213162489123,3.238811058909744,3.297787864199118
2026-06-24 00:30:00,3.14,3.2008331887143804,3.3813381,3.260190174182513,3.202544136201644,3.2302850513450068
2026-06-24 03:30:00,3.02,3.1647791905279656,3.1325576,3.1829792605212104,3.21243479666502,3.173809736083494
2026-06-24 06:30:00,2.82,2.8674714349623427,3.0934644,2.908084272627638,3.048331271911365,2.887622790468771
2026-06-24 15:30:00,4.33,2.9244763361758874,2.9402452,2.853848900115344,2.9360349349703654,2.8894322798040335
2026-06-29 21:30:00,4.09,4.193644426125991,4.196264,4.292476131108129,4.06935501887047,4.242682930620922
2026-06-30 03:30:00,2.33,3.998277209203256,4.0765347,3.9989215731041288,4.018519646178312,3.9985969309165967
2026-07-11 09:30:00,2.34,2.8280334364088366,2.5802362,2.468445046075784,2.936138787811285,2.6496121808121686
2026-08-01 15:30:00,2.35,2.9131632264547944,2.7673624,2.672199675563744,2.6625930326784286,2.7936014706840018
2026-08-01 18:30:00,2.34,2.59658135937721,2.7619169,2.50874607763322,2.6604774766940613,2.552999081206509
2026-08-01 21:30:00,2.33,2.4303112880175206,2.4763882,2.4617294224910125,2.4298806833646505,2.4459003980999494
2026-08-02 00:30:00,2.33,2.3808980889349005,2.4658678,2.3243370738862072,2.4425931541574726,2.3528335362571484
2026-08-02 03:30:00,2.3,2.3961113667732445,2.505531,2.428758135886414,2.4507560679593112,2.412310103142211
2026-08-02 09:30:00,2.99,2.466641624097805,2.760291,2.7469540167565203,2.5022616719766533,2.6057275634718517
2026-08-03 00:30:00,3.55,2.9620789658261923,3.111795,2.9763246578803755,2.95260673703897,2.969147420569118
2026-08-03 03:30:00,3.79,3.5239260682959226,3.445174,3.4171939125719257,3.555737169018016,3.4709675030341893
2026-08-03 06:30:00,3.59,3.684752970241613,3.7980125,3.676738038236973,3.709556220353013,3.680776105942781
2026-08-03 15:30:00,3.7,3.473786593884969,3.5919974,3.451523284725363,3.4738442752262397,3.4627399425447667
2026-08-03 18:30:00,4.85,3.706066308825624,3.8520467,3.803794076468598,3.812224670082669,3.7545570595791973
2026-08-04 00:30:00,3.53,4.973177117000961,4.8617644,4.795100317456537,4.9132591545954,4.88481862984868
2026-08-04 00:30:00,4.75,3.575444832022494,3.3159938,3.454865421489264,3.4794115895008786,3.515615509372453
2026-08-04 03:30:00,4.55,4.97939274547337,4.8746467,4.743922067841287,5.087639327250128,4.86255645406696
2026-08-04 06:30:00,4.38,5.105683787306361,4.790691,4.725265872593622,5.077138081293377,4.916927298445174
2026-08-04 09:30:00,3.99,4.385844202245589,4.363552,4.321682399019786,4.419003937952848,4.354008275945824
2026-08-04 15:30:00,3.87,3.7448259721782575,4.0214744,3.975599171059968,3.645539007830696,3.8593314595895665
2026-08-04 18:30:00,3.7,3.502600440223812,3.8374016,3.7637393880407215,3.575051944870585,3.6321728630473937
2026-08-04 21:30:00,3.35,3.468792289160798,3.6983838,3.633203030047073,3.520671975806614,3.5503699251777388
2026-08-05 03:30:00,3.2,3.31123650712817,3.4064276,3.409418712842636,3.2240267124737563,3.359952741833635
2025-06-10 09:30:00,2.4,2.9025379949074246,2.4100928,2.6134901002815414,2.7641817157606754,2.7591176574517107
2025-10-21 18:30:00,3.45,2.705711430634149,2.9007215,3.155009004048732,2.949369981018055,2.9286447603529346
2025-10-21 21:30:00,3.7,3.528329378886048,3.6290145,3.5601316414336868,3.7323171234214874,3.5441090863713454
2025-10-22 00:30:00,2.96,3.5121551887064344,3.8687673,3.58609233303375,3.5815076514435584,3.5488414624593023
2025-10-23 00:30:00,2.9,3.036663810330256,3.1246576,2.9706000466812306,3.222873756121045,3.0038841656682482
2025-10-23 18:30:00,2.73,3.243217885621826,3.0468976,3.0729086978279327,3.4043021168433483,3.1587135469314394
2025-10-24 18:30:00,2.6,2.63865069797621,2.840266,2.835106570683157,2.832963479262818,2.736128548819078
2025-10-25 18:30:00,1.88,2.5927933997334467,2.9005394,2.871148412307562,2.8150687541037014,2.7309081225116216
2025-10-27 09:30:00,2.1,2.113891714074195,2.505562,2.394833304077872,2.431157277267689,2.2532898497908493
2025-10-30 09:30:00,1.87,2.38554354354315,2.7158432,2.536796910312836,2.522019150610859,2.460592728493963
2025-11-06 09:30:00,1.98,2.1797991805359658,2.11982,2.040993004028475,2.41053428265152,2.110926066267452
2025-11-12 09:30:00,3.35,2.0495126151003973,2.2180116,2.4193061788063845,2.151968849616412,2.2329974931490972
2025-11-21 00:30:00,3.26,2.92329734922757,2.690954,2.675507297845116,3.019302109529681,2.8003484073802767
2025-11-21 06:30:00,3.2,3.179038031960157,2.9942052,3.011266869499338,3.327902303053905,3.095793015536109
2025-11-21 18:30:00,3.15,3.347620037167057,2.9341888,3.098477515276461,3.377853608818981,3.224000023915048
2025-11-23 03:30:00,3.0,3.5893857026616085,3.2348096,3.265728489788015,3.4048202597548207,3.428792847451965
2025-11-23 06:30:00,4.05,2.917038567115989,2.938607,2.90348336174756,3.0044553292649603,2.910312719378063
2025-11-24 00:30:00,3.9,3.928675204915036,4.0180755,3.944440625155071,3.847303328089469,3.936497721297255
2025-11-24 03:30:00,3.03,3.584322717842356,3.8995605,4.041345531967525,3.681408113163237,3.811089172279358
2025-11-24 18:30:00,3.43,3.09359919588465,2.8518014,3.106946094740968,2.880177640442521,3.1002216856987963
2025-11-25 03:30:00,3.1,3.5249038255280447,3.548779,3.5015988640252824,3.6711816579753447,3.5133403251349877
2025-11-25 15:30:00,3.27,3.104780751864208,3.2366714,3.2007008530198955,3.094422490328016,3.152374571201105
2025-11-25 21:30:00,3.32,3.5247745363802663,3.3043582,3.663897452658036,3.67495610029406,3.5938048111940857
2025-11-26 00:30:00,6.67,3.4208812295319104,3.3242333,3.336371864172281,3.488087795806593,3.378949210917024
2025-11-27 00:30:00,7.9,6.540584722222224,6.5452914,6.313778754673622,6.635699999999997,6.428047703245171
2025-11-27 09:30:00,8.62,7.842049999999999,6.9825406,6.823522820897481,7.411599999999997,7.336675235296147
2025-11-27 12:30:00,9.53,8.455950000000009,7.047174,7.628476124695761,8.458899999999991,8.04537242915997
2025-11-27 18:30:00,3.0,9.682449999999994,8.585992,8.86550286164527,9.366149999999994,9.277095605642739
2025-12-08 09:30:00,2.68,3.375427264036048,3.348655,3.264714943695536,3.150881250000002,3.320493813078749
2025-12-08 15:30:00,2.82,3.0382703731055107,2.9226449,2.7733833764837765,2.9889244539218685,2.906838236253967
2025-12-09 09:30:00,2.63,3.565200758752196,2.729826,2.8298568973340346,3.1124981152265416,3.2003364344951994
2025-12-10 09:30:00,2.56,2.6067577594110087,2.60655,2.684723750103821,2.655581920001915,2.6454430738628054
2025-12-10 15:30:00,2.69,2.649537756519851,2.6114614,2.569094899774554,2.794694690455705,2.609623465930588
2025-12-11 12:30:00,2.69,2.59818828959404,2.5780432,2.589390215530614,2.6417767224610604,2.5938228443699183
2025-12-13 09:30:00,2.68,2.667469772049847,2.663777,2.598782786631968,2.64410369320296,2.6333885321909705
2025-12-14 09:30:00,2.55,2.666714208764057,2.6736932,2.593792060397873,2.646245168299713,2.6305315576494026
2025-12-17 15:30:00,2.98,2.642983678631096,2.639638,2.5983040893003984,2.835631617674642,2.6208144745014987
2025-12-18 15:30:00,2.82,2.940684503502014,3.1034853,2.934769680909281,3.297228437894179,2.937749675509793
2025-12-18 18:30:00,2.79,3.1737306790939006,2.993512,2.945088315429792,3.041588998439307,3.0602824735782663
2025-12-19 09:30:00,2.68,3.044314745968596,2.923308,2.960887854565652,2.976616676781745,3.002919831352878
2025-12-19 12:30:00,2.6,2.6505274229560936,2.8285887,2.744048255814183,2.711861806584798,2.6969307687580297
2025-12-19 15:30:00,2.58,2.566398121898503,2.755036,3.106827126663618,2.711854497174271,2.8345492196070268
2025-12-21 09:30:00,2.7,2.600935089995767,2.6492965,2.6019736826385005,2.62503506402476,2.601450420880611
2025-12-21 15:30:00,2.4,2.606078024120196,2.707829,2.5751691067840707,2.6701974278304066,2.590741578371385
2025-12-24 09:30:00,2.1,3.2744488444485427,2.6481857,2.7201883716619646,2.987038894729193,2.999434822470275
2025-12-25 09:30:00,1.68,2.1940684697548285,2.2693295,2.261846827170594,2.2399424712505667,2.227698864832934
2025-12-29 09:30:00,2.11,2.888880401657855,2.2769804,2.175440416398825,2.144176621785665,2.5348843845871007
2026-01-01 09:30:00,1.98,2.2534786494306887,2.1104434,2.135608026666642,2.0681695710788164,2.1949933782792934
2026-01-10 12:30:00,1.56,2.007033858983299,1.9698485,2.0129391097016853,2.0142142548946524,2.00996393758459
2026-01-10 15:30:00,1.5,1.891879698417537,1.7530241,1.9387895489793647,1.8315990701225944,1.9151555178324553
2026-01-10 18:30:00,1.7,1.8034158658493984,1.578054,1.5368624413579082,1.817228229602237,1.6711568776286885
2026-01-11 09:30:00,1.2,1.6856057183839426,1.7087247,1.715157256472714,1.7378859562938165,1.7002686571004226
2026-02-20 06:30:00,4.2,1.4944980099338507,1.5733554,1.594371090434844,1.6228317347346972,1.544053226126425
2026-02-21 21:30:00,1.04,2.824700000000001,3.6960692,3.769889359255296,3.5938249999999994,3.293685864918338
2026-04-15 09:30:00,1.6,2.206163736263737,1.9484363,1.612207894791536,2.754884429824564,1.9114535902929746
2026-05-10 06:30:00,2.6,2.182886309523808,1.5422853,1.5992635174537522,1.935687646478504,1.8933032357779456
2026-05-11 21:30:00,1.52,3.3368604166666667,3.01629,3.1661672699226773,3.012116468253968,3.2521655644897063
2026-05-12 15:30:00,1.44,1.646539895891884,1.7232877,1.724271637837587,1.669013453157309,1.6851089803520996
2026-05-12 21:30:00,1.55,1.6408467978521486,1.861864,1.765753558891877,1.7130734573363309,1.7028232735569948
2026-05-13 06:30:00,2.28,1.987395678683088,1.768133,1.8600716518809868,1.778291768944191,1.9242197994267698
2026-05-13 21:30:00,2.08,1.9621570084351752,1.7968696,1.9831951201620843,2.164749879456344,1.972595738968776
2026-05-14 00:30:00,2.28,1.945678365947672,1.9058961,2.0029761033124145,2.033580904791821,1.974108466913937
2026-05-15 00:30:00,2.12,2.674711664460054,2.4174933,2.391094188012497,2.5759545477850616,2.5339858022873
2026-05-15 21:30:00,2.0,2.680299838487819,2.422811,2.6363823553175,2.4933300819038395,2.6585087776511873
2026-05-16 00:30:00,1.58,2.1372644778463545,2.1741364,2.483189191260811,2.095406511133683,2.3089060640837715
2026-05-23 21:30:00,1.44,1.9708865623447485,1.790722,1.923658843125899,1.831293127278024,1.9474530222513393
2026-05-24 06:30:00,1.43,1.4889759472471544,1.4789294,1.5723686735226192,1.4829819440221328,1.5303539097445436
2026-05-24 21:30:00,1.72,1.540532149659125,1.6234924,1.706775105100902,1.5610425305280191,1.6230188974002027
2026-05-25 21:30:00,1.58,1.764317930356393,1.6275094,1.6683339466788571,1.7637176021214946,1.7166924136675636
2026-05-26 09:30:00,1.6,1.5747810142550818,1.7415298,1.7045042567718416,1.569851259600146,1.639147340955657
2026-05-30 21:30:00,1.36,1.6458002853811995,1.534111,1.5668952841840127,1.6249512558186974,1.606649050900522
2026-05-31 21:30:00,2.2,1.4143051510409046,1.4589058,1.4579007154950454,1.4600214836589105,1.435936481632943
2026-06-12 18:30:00,2.82,1.9870860288205756,2.3039343,2.2535503512207007,2.050484677425373,2.119300806195093
2026-06-12 21:30:00,3.32,2.38885707010582,2.6126223,2.563546335244642,2.530472935139073,2.475534723954598
2026-06-13 00:30:00,2.51,3.357514427342412,2.88629,2.975568665239358,3.4348611656746733,3.167999848239525
2026-06-13 03:30:00,2.39,2.624430910306549,2.4820077,2.4837780606833784,2.670533364417598,2.5546415102378432
2026-06-13 12:30:00,2.3,2.607774655881704,2.5001912,2.5640544133452416,2.798451595671187,2.5860814622802044
2026-06-13 15:30:00,2.19,2.548596296099088,2.5959756,2.5814555444621425,2.4278428113939063,2.564900460828847
2026-06-13 18:30:00,2.4,2.2491316036118776,2.5293825,2.70457624281926,2.224801097607662,2.475114996198296
2026-06-13 21:30:00,2.58,2.6737376844566088,2.6692991,2.708281812427763,2.699903429094712,2.6908778559743727
2026-06-14 00:30:00,2.38,2.566111035492751,2.508316,2.493446954241226,2.567302081112962,2.5300564326128656
2026-06-14 03:30:00,2.14,2.569168115948214,2.3290696,2.4182165188396905,2.482046472675004,2.494268663645319
2026-06-14 06:30:00,2.04,2.3320598147346523,2.1799707,2.227220602208128,2.259948583538801,2.2800404936508336
2026-06-14 12:30:00,1.76,2.0668404194347287,2.2412167,2.189660311477764,2.079585174958275,2.1277814284875207
2026-06-18 09:30:00,2.36,1.801867121635909,1.8120043,1.8428258177611472,1.9610440935267293,1.8221900858548001
2026-06-22 21:30:00,2.92,2.5976588091149733,2.3705995,2.509785718927064,2.437506706077435,2.5540577710782206
2026-06-23 00:30:00,1.9,3.003711970594188,3.0311592,2.8548710134700963,2.816667861071509,2.92985977967753
2026-06-23 06:30:00,2.24,2.216245007554424,2.0932963,2.2435027058498838,2.2370303719715268,2.22976978445294
2026-06-23 21:30:00,2.9,2.644712942948397,2.212451,2.3139338968563345,2.483393988028228,2.480586362904611
2026-06-24 00:30:00,2.23,2.936225973035848,2.7626688,2.772701699279702,2.8778760307059024,2.85508818597581
2026-06-24 03:30:00,1.57,2.1582471449488,2.112841,2.14811190161476,2.2217500132258707,2.1532182205172785
2026-06-24 06:30:00,1.44,2.568106518075418,1.9111968,2.073209973803744,1.710088111237804,2.3225478037420104
2026-06-24 15:30:00,3.18,1.7574634856211142,1.6206852,1.61540342562786,1.752812806572115,1.6869758532182484
2026-06-29 21:30:00,2.65,2.9587825,2.8918612,2.98648671875694,3.128079225740956,2.972528832275521
2026-06-30 03:30:00,1.6,2.2325543065681885,2.462572,2.4550967993236616,2.4077188700295764,2.3429758664641227
2026-07-11 09:30:00,4.52,2.076816402380029,1.8437314,1.8428214212633336,2.4311564794076914,1.9607123248944054
2026-08-01 15:30:00,3.6,3.704500000000002,3.9789684,3.3837136327451693,4.007991666666667,3.5453316064629092
2026-08-01 18:30:00,3.44,3.5323928424730475,3.517403,3.31504113913594,3.3319020164757505,3.4245468584034207
2026-08-01 21:30:00,3.26,3.3109521555071466,3.3103743,3.301745953488337,3.387567489988432,3.3063842045731597
2026-08-02 00:30:00,3.13,3.1499609193588207,3.2215981,3.1597689380387,3.1777019149769665,3.1548274808352876
2026-08-02 03:30:00,2.28,3.155008681016811,3.2294247,3.1539634277382667,3.166638664139033,3.1544900452449447
2026-08-02 09:30:00,3.28,2.8929084030236583,2.6592367,2.6462816848312096,2.8907339344052136,2.7705366860646485
2026-08-03 00:30:00,5.3,3.415425397236837,3.4301138,3.346756955542292,3.7016482290940127,3.381353358438088
2026-08-03 03:30:00,7.5,5.422517473997474,5.2757444,5.599324812970292,5.0778039316239285,5.510246077774191
2026-08-03 06:30:00,9.2,6.9660791666666695,7.282289,7.129485758066463,7.068549999999999,7.047158561869942
2026-08-03 15:30:00,9.72,9.169749999999988,8.676133,8.74190354301806,8.917899999999998,8.957460326279993
2026-08-03 18:30:00,7.76,9.708399999999996,9.29265,9.801108946204945,9.304699999999992,9.75440050232881
2026-08-04 00:30:00,4.55,7.168450000000012,7.2836146,7.06953851181835,7.008650000000009,7.1193719085244735
2026-08-04 00:30:00,6.2,5.169477756410254,4.1326156,4.236628535546881,4.370116666666664,4.706614844972378
2026-08-04 03:30:00,5.4,6.152679807692306,6.7976823,6.416235779271012,6.035825612745099,6.28345151399105
2026-08-04 06:30:00,4.72,4.931237468098347,5.365589,5.264858730872279,4.754454682640535,5.0967743046539935
2026-08-04 09:30:00,4.45,4.608767721010555,4.643775,4.518510295526765,4.715449647701979,4.563983618924208
2026-08-04 15:30:00,4.7,4.632910746043493,4.408419,4.442164346514295,4.672136679071475,4.538265832527175
2026-08-04 18:30:00,4.66,4.760755933122837,4.656128,4.549623699316661,4.718913074835272,4.655995937346175
2026-08-04 21:30:00,4.53,4.63514403325997,4.5418057,4.577820090960397,4.59392783626099,4.606700929878997
2026-08-05 03:30:00,4.62,4.5371778362918125,4.606613,4.524367847079772,4.538310864536469,4.530821751332352
2025-06-10 09:30:00,0.87,1.0480549140012565,1.0526786,0.9450538191324503,1.0027777518239525,0.9969476336541283
2025-10-21 18:30:00,0.95,1.2412687473031645,0.9562334,0.9901342085159168,1.0981046571637294,1.116660331295602
2025-10-21 21:30:00,1.06,1.115236638928529,1.1046169,1.1409758534399783,1.1152925971564085,1.1280079716374387
2025-10-22 00:30:00,0.6,1.11040646457944,1.0122125,1.085208894142217,1.0956142923910135,1.0979038858637291
2025-10-23 00:30:00,1.32,0.9405994676275864,0.85636526,0.9098997390397494,1.184349019036061,0.925366817552189
2025-10-23 18:30:00,0.81,1.4791926838064888,1.3472248,1.3307265686363277,1.6741727975719725,1.4055264826878016
2025-10-24 18:30:00,2.36,1.1901686537550713,1.1595885,1.1468277354092082,1.182598975155943,1.1686636739563094
2025-10-25 18:30:00,0.7,1.772966666666667,1.7269545,1.9362807958548125,1.8910999536096076,1.8540001837928366
2025-10-27 09:30:00,0.43,1.2284463618220705,1.2317346,1.2188545063160103,1.4818307329595422,1.2236870566028224
2025-10-30 09:30:00,0.3,0.6639341395046706,0.9951219,0.9065276328239212,0.9309808211226296,0.784304643228422
2025-11-06 09:30:00,0.4,0.55806786981066,1.0284041,0.8611621852367245,1.3921019228022604,0.7084577872171787
2025-11-12 09:30:00,1.98,0.6280103758798524,0.50895065,0.5240896854124284,0.5977102016172023,0.5764468088289332
2025-11-21 00:30:00,1.63,1.474566666666667,1.370555,1.5708195930349722,1.4463045238095245,1.5223256278544304
2025-11-21 06:30:00,1.06,1.9246063677576293,1.5807842,1.5348968232216815,1.6772676627131022,1.7312395402310008
2025-11-21 18:30:00,2.9,1.0840524320731624,1.085853,1.104454810159695,1.1919586553540686,1.0941757230725893
2025-11-23 03:30:00,2.53,2.13814244047619,2.071549,2.273755597426553,2.1175166857733765,2.2054312361909263
2025-11-23 06:30:00,1.29,2.0118979547799998,1.9455073,1.9845481720500375,1.9610285313263036,1.9983274872505663
2025-11-24 00:30:00,0.95,1.299309003176985,1.4103417,1.3974255931381157,1.5924572151179737,1.3479926805324025
2025-11-24 03:30:00,1.87,1.3515387818928282,1.2759296,1.3000257400506767,1.3237617996973912,1.325978942220119
2025-11-24 18:30:00,2.9,2.116498383838384,2.1798244,1.8987897911348075,2.218322299633241,2.008475317719986
2025-11-25 03:30:00,1.5,2.156943102240896,2.0441296,2.1496375386153286,2.075278533276231,2.1533182137017866
2025-11-25 15:30:00,2.1,1.4792850957237622,1.6632345,1.4743231080913912,1.7128138737580612,1.476823047205447
2025-11-25 21:30:00,2.15,2.4824125320867383,2.1581557,2.291516437007893,2.2104660260917925,2.387693342346152
2025-11-26 00:30:00,2.77,2.1611717742247865,2.3193223,2.284636530784604,2.2506189928156397,2.2224327533874795
2025-11-27 00:30:00,2.43,2.351573622336577,2.1755896,2.1882342168972038,2.252838251753732,2.270527563591706
2025-11-27 09:30:00,2.24,2.34016309374835,2.3231697,2.312141409500335,2.3244877372629387,2.326259240837989
2025-11-27 12:30:00,2.08,2.155716669021133,2.2914464,2.16444377084938,2.190883367413526,2.1600468991057964
2025-11-27 18:30:00,2.24,2.32758311005482,2.0722606,2.1569599737229503,2.231472707897934,2.242922995778112
2025-11-28 09:30:00,2.49,2.308545595558471,2.2319052,2.1962327533721813,2.2092548348356957,2.2528179946090967
2025-11-28 12:30:00,2.31,2.3352342396366965,2.3195813,2.4097391554602017,2.4287618758379264,2.372202231336989
2025-11-28 15:30:00,1.63,2.1069729474392016,2.2028887,2.124858592281241,2.123555820785487,2.115847480921545
2025-11-29 06:30:00,1.57,1.843253517449169,1.8582059,1.897852929410884,1.9467202881570211,1.8703447581536476
2025-11-29 09:30:00,1.49,1.9766836825754075,1.8626653,1.816925668542721,1.8036944625814728,1.8974146454717866
2025-11-29 15:30:00,1.41,1.6800355014089516,1.6704851,1.59218193035968,1.7685372553107492,1.6364441484157588
2025-11-30 00:30:00,1.21,1.3825348003212026,1.4460442,1.5207261409168196,1.4009341102009398,1.4511028441304588
2025-11-30 18:30:00,1.19,1.3664191821649163,1.3209637,1.348089210402815,1.4123058017909478,1.3573241817011459
2025-11-30 21:30:00,1.01,1.2549599444267645,1.2127639,1.2490425741915272,1.2630113137795462,1.252023852340411
2025-12-01 12:30:00,1.0,1.0937076840811408,1.0727775,1.0739982348110089,1.0640740994573838,1.0839282118277715
2025-12-01 15:30:00,1.0,1.0182770897718918,1.0496522,1.0293854662163655,1.0514164902851664,1.0237888652522615
2025-12-01 18:30:00,1.0,1.0180011162220912,1.0052006,1.0043516614987118,1.0388004085910063,1.011228503658878
2025-12-02 00:30:00,0.99,0.982742959005532,0.97219914,0.988700185419983,0.9981736100765692,0.9856988270071532
2025-12-02 03:30:00,0.99,0.9672723175397572,0.98106927,1.0061669861946936,0.9996871095912894,0.9865711486588669
2025-12-02 12:30:00,0.99,0.970052978653962,1.0179317,1.0112615199380772,0.9952267879673916,0.9904999115218697
2025-12-02 15:30:00,0.98,0.9754540269664717,1.0074407,1.002096451844048,1.0332826658914824,0.9886735163231616
2025-12-02 18:30:00,0.98,0.9604486887645486,0.98278743,0.9827921566816974,1.0184420385025283,0.9715351134304537
2025-12-02 21:30:00,0.9,0.9549438314197196,0.9689342,0.987182914010798,1.0069362102020636,0.9709402811100369
2025-12-03 00:30:00,0.96,0.9187729154451716,0.89875203,0.9820188829105104,0.9278052236714396,0.9501544206048349
2025-12-03 06:30:00,0.95,0.9135054296006854,0.93596345,0.9936994142389102,0.9691024308387408,0.9532962343516382
2025-12-03 09:30:00,0.94,0.9180326534165076,0.9753773,1.0197077268958838,0.9774188871471376,0.9684819859332539
2025-12-03 12:30:00,0.93,0.9116050866504262,0.9843156,1.0105751213720469,0.9445573945184962,0.9607122278601912
2025-12-03 15:30:00,0.89,0.898281425279355,0.9632421,1.0013862501406376,0.9248706762582458,0.94944017457264
2025-12-04 03:30:00,0.88,0.8842539181102645,0.9214883,1.0063557535869236,0.914150564739214,0.9448386404819332
2025-12-04 09:30:00,1.86,0.8888163662568764,0.9539368,1.0072955388258449,0.9120669631163812,0.9476035888149528
2025-12-04 21:30:00,1.6,2.0454957142857166,1.582677,2.1681569983888203,1.4343059464649568,2.1063580249473732
2025-12-05 12:30:00,1.07,2.154189380176495,1.6451395,1.629197207360789,1.7884472497692503,1.8936977592833855
2025-12-06 00:30:00,0.92,1.1201484086998272,1.1743647,1.209682801767747,1.113216481683425,1.1645737551785271
2025-12-06 15:30:00,0.89,1.1024213381342205,1.0869564,1.130207834366883,0.936352686402444,1.1162084950050857
2025-12-07 06:30:00,0.87,1.2144407893719706,1.0446132,1.1136845280115302,0.950938767824928,1.1644473548105672
2025-12-07 15:30:00,0.95,0.8745005834570275,0.94624066,0.9951972032423528,0.9284457141688376,0.9343880632180555
2025-12-07 18:30:00,1.13,1.4654803813714954,1.1036758,1.023274196772845,1.36292315707067,1.2460656705249455
2025-12-08 09:30:00,0.98,1.3485211448558718,1.080843,1.1404547501877076,1.207508630649503,1.2452823630092673
2025-12-08 15:30:00,0.93,1.030337380281235,1.1600798,1.0967367822901812,1.0572437066981055,1.06328356262692
2025-12-09 09:30:00,1.5,1.045030627575471,1.2263231,1.1501055688735664,1.1195134657525136,1.0971669130122397
2025-12-10 09:30:00,1.06,1.5759788593727075,1.3740112,1.3669488071823697,1.4838382069329603,1.4722619280927685
2025-12-10 15:30:00,0.92,1.0329681332103633,1.0208806,1.0752853499405592,1.103249911525365,1.053965170782585
2025-12-11 12:30:00,0.92,0.9797186865520524,1.0152823,1.0192437771587486,0.970638680915312,0.9993303216415141
2025-12-13 09:30:00,1.34,1.0476609893865805,1.0497352,1.06412829683093,1.020340773837009,1.0558317695049149
2025-12-14 09:30:00,0.71,1.460989040960798,1.2765075,1.3005907754248087,1.4754257492103022,1.3814023226411316
2025-12-17 15:30:00,0.69,0.9140210311261256,0.91426235,0.912740140504642,0.920903324914818,0.9133854763665421
2025-12-18 15:30:00,0.71,0.919371548287289,0.980654,0.923483810754844,0.8586707482533329,0.9214119785473556
2025-12-18 18:30:00,0.71,1.0989506915141478,0.82461095,0.8196930290380774,1.0617951139862587,0.9603880901803776
2025-12-19 09:30:00,0.71,0.7368668478244916,0.7149696,0.7562665202551944,0.7410283496745876,0.7464926144129072
2025-12-19 12:30:00,0.7,0.7912087559902211,0.7268695,0.7476061296938437,0.7560893416077227,0.7695739214397885
2025-12-19 15:30:00,1.07,0.7505447755667535,0.69558054,0.73197921704778,0.7328855796042848,0.7413328812151572
2025-12-21 09:30:00,0.93,0.9711200899644352,0.93095136,0.9967772805076072,0.9152676508111276,0.9838507238638102
2025-12-21 15:30:00,2.0,1.0232211892239769,0.95847696,1.0186684018036287,0.9472153573804962,1.020962178449878
2025-12-24 09:30:00,1.13,1.7341051159951155,1.6490483,1.616502905371829,1.5390242771255045,1.6757530260933358
2025-12-25 09:30:00,0.63,1.4736943898985466,1.4223859,1.4104524827945195,1.2479402936165156,1.4423148994167283
2025-12-29 09:30:00,0.52,0.9820357967275574,0.9211458,1.4255112207534515,0.7787467553523925,1.2020802812218374
2026-01-01 09:30:00,0.58,0.9259567217638196,0.8416941,0.8343183535776354,0.7854706330284315,0.8804874208849311
2026-01-10 12:30:00,0.57,0.6806916163836264,0.64349765,0.6601814542238726,0.6799900600150286,0.6705148448765008
2026-01-10 15:30:00,0.57,0.5835368133274978,0.6149281,0.6227454969614441,0.6172975665585813,0.602991452999768
2026-01-10 18:30:00,0.56,0.6061120717667495,0.55177385,0.5609174999125778,0.5904550851273974,0.5836873426232236
2026-01-11 09:30:00,0.2,0.5920015022682867,0.57785976,0.5901514277203705,0.6072879021159359,0.5910835287389385
2026-02-20 06:30:00,1.7,0.6085704663096964,0.67417413,0.4979786915489759,0.9381484249202604,0.5536968278888458
2026-02-21 21:30:00,0.25,1.4045952380952371,1.3840584,1.4705267289660855,1.4048064598827097,1.437309251397061
2026-04-15 09:30:00,0.74,1.0171323917748922,0.8833788,1.0221123574352953,0.8795040510466986,1.0196033606655575
2026-05-11 21:30:00,1.8,1.156114178066434,0.78557295,0.8445993988145883,0.9958215484491048,1.0015461788060747
2026-05-12 15:30:00,1.3,1.681735118006992,1.8401159,1.658098320465098,1.7094300639397395,1.6700069665730624
2026-05-12 21:30:00,0.85,1.5739675160093929,1.5228097,1.4739985626256653,1.549556387753512,1.524364729426408
2026-05-13 06:30:00,1.74,0.9495332229165244,1.0234632,1.1145151876092396,1.0739287198282774,1.0313942898547959
2026-05-13 21:30:00,1.49,1.670841712968714,1.5847095,1.6415471348604551,1.8089805405869133,1.6563062731470635
2026-05-14 00:30:00,1.16,1.65528764805561,1.6093247,1.556871686671139,1.6901996794314185,1.6064554280145047
2026-05-15 00:30:00,0.84,1.259300358706818,1.2628733,1.289855889976853,1.4006972258358803,1.274461460681143
2026-05-15 21:30:00,0.85,0.9139785935632756,1.0522605,1.1333798908679815,0.937133833357482,1.0228415490896936
2026-05-16 00:30:00,0.64,0.9983217383321172,0.999501,1.0245178344165875,0.944032493769602,1.0113197674141827
2026-05-23 21:30:00,0.62,0.7083471534495805,0.7624349,0.7255586894104723,0.7646063278434808,0.7168872062973524
2026-05-24 06:30:00,0.48,0.6361676358979277,0.7008512,0.7038343775724949,0.6553872652045105,0.669742649263986
2026-05-24 21:30:00,0.9,0.5913007246259199,0.665645,0.6224565816674053,0.5485132423306105,0.6067596973902614
2026-05-25 21:30:00,0.72,0.9786765158785558,0.80212176,0.7987204536498352,1.013413624080619,0.8893855725715658
2026-05-26 09:30:00,0.78,0.7206807822358979,0.74510807,0.7417319185479843,0.7043244375811429,0.731125975333095
2026-05-30 21:30:00,0.7,0.8586057270332441,0.74486715,0.746018682732892,0.9059071921820256,0.8027420719542218
2026-05-31 21:30:00,1.29,0.7275107985519458,0.7375481,0.7114405035242969,0.715624722488053,0.7195370088142228
2026-06-12 18:30:00,1.6,1.1001944538447364,1.3722365,1.40931590810176,1.2890968237340406,1.2535749285294786
2026-06-12 21:30:00,1.97,1.6183802808302803,1.5060915,1.5681122580915363,1.626904346001915,1.5934381971186744
2026-06-13 00:30:00,2.2,1.897787865478717,1.7364752,1.7813016966596138,1.8587172969415544,1.8399895353349103
2026-06-13 03:30:00,1.49,1.9789454410907672,2.0164666,2.0403983770375542,2.010673786401656,2.0094372764405457
2026-06-13 12:30:00,1.38,1.7898722778766114,1.4667847,1.5124448413613498,1.6405151630151869,1.6522178015622575
2026-06-13 15:30:00,1.35,1.4654573248769296,1.4597079,1.442196881472499,1.659872028919053,1.4539159135590896
2026-06-13 18:30:00,1.32,2.7162557930702502,1.7640247,1.513206133572114,3.686922971162194,2.1193243109554043
2026-06-13 21:30:00,1.32,1.338311723457451,1.2958143,1.3246802665794657,1.3102221722621268,1.3315480410996048
2026-06-14 03:30:00,1.32,1.3112143104602074,1.2858738,1.299151453850641,1.3196365853486562,1.3052289391851004
2026-06-14 06:30:00,1.15,1.3972172851572229,1.2796291,1.2907923884789487,1.3155027434340187,1.344411176276744
2026-06-14 12:30:00,1.31,1.2746970295107825,1.2002767,1.2212519363524816,1.1876961261787664,1.2481785409189987
2026-06-18 09:30:00,1.4,1.3536652853416853,1.4205967,1.3178818799476306,1.35836954304893,1.3359102067808384
2026-06-22 21:30:00,1.4,1.4718950606716532,1.4753525,1.4784653395136114,1.4728650367569127,1.4751551141998458
2026-06-23 00:30:00,1.46,1.631291909669663,1.5205941,1.548435592115175,1.596058903580425,1.5901801034778789
2026-06-23 06:30:00,0.93,1.5645039559574547,1.4690075,1.4980734387974306,1.565113901771064,1.5315423348365682
2026-06-23 21:30:00,0.89,1.023845124259867,1.1137332,1.1123137368185994,1.0669068284146062,1.067741649726121
2026-06-24 00:30:00,0.85,1.103035398773701,0.99932367,1.0036362009491229,1.0167725020645189,1.0537153145942961
2026-06-24 03:30:00,0.81,0.9114431563292624,0.9275507,0.9748301638274102,0.886605040298222,0.9428946430022884
2026-06-24 06:30:00,0.75,0.8853163585859715,0.84422994,0.8344063360411692,0.8906644929012724,0.8600557261821133
2026-06-24 15:30:00,1.33,0.8423826731045417,0.8593248,0.8506353848580468,0.8523441544677517,0.8464775194141623
2026-06-29 21:30:00,1.21,1.2152216951140038,1.2411075,1.219188996863814,1.3330683556670624,1.2171901984877538
2026-06-30 03:30:00,0.55,1.2267921458990512,1.2123177,1.2103957905150622,1.3035656626975165,1.2186565709097947
2026-07-11 09:30:00,0.53,1.3315404863099258,0.8947582,0.8889083067780129,1.5829072000332247,1.111914404482238
2026-08-01 15:30:00,0.52,0.7676018465496418,0.6715196,0.7184480463685878,0.8822470262901965,0.7432126199188029
2026-08-01 18:30:00,0.52,0.6816677619621219,0.6561167,0.6881513310559846,0.7973195917196779,0.6848847916815832
2026-08-01 21:30:00,0.51,0.7663198222639703,0.567941,0.5588715001546068,0.8058881455225507,0.6633877168422886
2026-08-02 00:30:00,0.51,0.7560282358416498,0.5659912,0.5514122533253286,0.818517830042728,0.6545014860989953
2026-08-02 03:30:00,0.45,0.7546250091221941,0.5789363,0.5601569918342967,0.824394107255853,0.6581334961849594
2026-08-02 09:30:00,2.2,0.483546168237863,0.51029307,0.5148856391680899,0.6007798470792559,0.49909624689287
2026-08-03 00:30:00,2.38,4.029350000000004,2.6832016,3.373562030065352,2.319274515180128,3.7039598702114467
2026-08-03 03:30:00,2.4,2.2529169014417416,1.9943877,2.0982146220228715,2.174134158625856,2.1761564284130763
2026-08-03 06:30:00,1.13,2.2659731397362006,2.1749012,2.26689548632862,2.319826961117472,2.26643079143336
2026-08-03 15:30:00,1.69,1.8529836865929568,1.654039,1.627066817996426,1.7679605459001786,1.7408878224352553
2026-08-03 18:30:00,2.63,2.422036906879353,1.9855748,1.8781145692226824,1.940565063452631,2.152152480572118
2026-08-04 00:30:00,1.12,2.953278849765973,2.6682277,2.7783789893601067,2.759909650777082,2.8664967023546133
2026-08-04 00:30:00,1.99,1.4187904870482473,1.3463293,1.420625497509112,1.5897528690303175,1.4197009860500565
2026-08-04 03:30:00,1.2,2.0122137407656253,2.0567057,2.1179285994328927,1.9835347597195805,2.064667541627127
2026-08-04 06:30:00,1.27,1.7878126232247304,1.7377731,1.8316718790074933,2.1219135946324523,1.8095747926847843
2026-08-04 09:30:00,1.24,1.3007205353422668,1.3252791,1.402814889843654,1.3647756413032812,1.351377907518819
2026-08-04 15:30:00,1.16,1.5364399579922252,1.4737587,1.537027761667448,1.4746856192967706,1.5367316155445738
2026-08-04 18:30:00,1.13,1.1661037780143042,1.2915517,1.2983171809470724,1.1718149020974915,1.2317056772750776
2026-08-04 21:30:00,1.1,1.165928215765499,1.1602684,1.2170447315773638,1.160449335583144,1.191291306393738
2026-08-05 03:30:00,1.07,1.1651847730524705,1.1747715,1.1815809171763334,1.1739473125128854,1.173320243218273
2025-06-10 09:30:00,2.15,0.9081093436930392,0.75625485,0.6043908964737716,1.0020084523809532,0.7574097433790773
2025-10-21 18:30:00,2.17,1.877232066355804,2.1157653,1.77771104023699,1.8916255057458216,1.8278515331802436
2025-10-21 21:30:00,2.2,2.262639243301626,2.3742793,2.263897297742355,2.1357114142496134,2.2632634671613445
2025-10-22 00:30:00,2.0,2.234008909885616,2.064511,2.15254420680339,2.1769182588768965,2.1935875976255677
2025-10-23 00:30:00,2.18,2.093144079779034,1.8939319,1.9956360894291172,2.179801529266912,2.0447623785432785
2025-10-23 18:30:00,2.45,2.2215340466742144,2.2414124,2.1809431618010477,2.187353257411781,2.2013935837461913
2025-10-24 18:30:00,2.8,2.5477350101612397,2.4923162,2.4704153267157576,2.6294311942712927,2.5093703816761472
2025-10-25 18:30:00,2.53,2.7526709676579504,2.6086915,2.5789514532597697,2.667098308269493,2.6664744865873047
2025-10-27 09:30:00,0.77,2.555955722411464,2.51825,2.539757687758482,2.456688535920489,2.5479185505820103
2025-10-30 09:30:00,0.4,1.3202558077517534,1.3689754,1.4724216057238126,1.4494305694045562,1.39575772456252
2025-11-06 09:30:00,0.68,0.6885907449554888,0.7332659,0.8208018586007215,0.9048399742728024,0.7541915083131923
2025-11-12 09:30:00,0.96,0.8382672343116417,0.7042893,0.8501453008202796,0.9134057066369164,0.8441609160808695
2025-11-21 00:30:00,1.03,0.8855063921364361,0.9460294,0.9754090244074516,0.924352860569627,0.9301144522475626
2025-11-21 06:30:00,1.23,0.9295474558573492,0.94943696,1.006813753018758,0.9338192086858088,0.9678855950338535
2025-11-21 18:30:00,2.46,1.2227100978106105,1.1585625,1.1994143805027664,1.2169975516844425,1.2111511842198772
2025-11-23 03:30:00,2.51,1.777199809913683,1.7292978,1.8311587130592584,1.928091260822509,1.8039732417281402
2025-11-23 06:30:00,2.4,2.137481924648357,1.9000429,2.024900729655074,2.168875989771972,2.081621171889709
2025-11-24 00:30:00,2.27,2.2785957146056326,2.1596074,2.110407404038935,2.2456650818996744,2.1951437168361867
2025-11-24 03:30:00,2.0,2.225209058530706,2.2214165,2.221104917687325,2.139079359852934,2.223172658073663
2025-11-24 18:30:00,1.87,2.2153673390245645,2.1903186,2.022423199392672,2.282201015029002,2.1196319466186635
2025-11-25 03:30:00,1.95,1.954805405009555,2.0810044,2.104727953126252,1.9979930677081823,2.029194261814574
2025-11-25 15:30:00,1.98,1.9269907652538965,1.8416675,1.8528159904036576,1.9387403126523108,1.890186583533452
2025-11-25 21:30:00,2.0,1.938877954195336,1.9056811,1.865334319725228,1.9507283301260747,1.9023869329164074
2025-11-26 00:30:00,1.6,1.9604889353817605,1.8492601,1.8342343926623648,1.9645728905368067,1.8978437147840832
2025-11-27 00:30:00,1.53,1.6250112941745718,1.7168872,1.682412837030229,1.6097893213023542,1.6534929015479531
2025-11-27 09:30:00,1.5,1.7567454862778618,1.5782557,1.5934923504864509,1.5908223683186238,1.6757422329719958
2025-11-27 12:30:00,1.72,1.792039602881843,1.57708,1.602131600906518,1.8133001845843717,1.6978106870681018
2025-11-27 18:30:00,2.25,1.7679883721731944,1.6556755,1.6472569119286269,1.7420015616254505,1.7080836052064314
2025-11-28 09:30:00,2.92,2.0832781979372115,1.9003445,1.9194430228306285,2.18522510657123,2.001986147250197
2025-11-28 12:30:00,3.09,2.4770487555527247,2.2293925,2.312508705541488,2.5403119450503366,2.3954069586867237
2025-11-28 15:30:00,3.68,3.018693365759364,2.695769,2.6909285562487613,2.907428155361822,2.8560623953903823
2025-11-29 06:30:00,3.75,3.536404327508044,3.1877015,3.280006208230537,3.547881665653143,3.409184218060834
2025-11-29 09:30:00,3.87,3.6867695016470328,3.3741162,3.467821549757546,3.684816948980514,3.578131487916225
2025-11-29 15:30:00,4.02,3.729989480945229,3.602846,3.620647854275207,3.531958238587708,3.67573614339621
2025-11-30 00:30:00,4.28,3.8080803320489047,3.8115544,3.884653742612109,3.778394125194575,3.846074673427256
2025-11-30 18:30:00,4.28,3.857452731908447,3.9750304,3.868035969184952,3.7631690628258982,3.8627039428315877
2025-11-30 21:30:00,4.23,3.802638807674788,4.0024185,3.8852440159795214,3.728277383218412,3.8436260179985244
2025-12-01 12:30:00,4.2,3.83665417696032,3.873452,3.893161138283048,3.86385207694556,3.864691909156889
2025-12-01 15:30:00,4.15,3.8171614472685103,3.820736,3.873316649467206,3.7070961726462457,3.845024642949817
2025-12-01 18:30:00,4.04,3.917535387484817,3.7594287,3.806415141803584,3.974841903784189,3.862399531351384
2025-12-02 00:30:00,4.0,3.8041371709016607,3.6709588,3.752718306095091,3.875236685340426,3.778624060170676
2025-12-02 03:30:00,3.78,3.825227715204698,3.7447414,3.714646660206839,3.880928242700774,3.770359395736296
2025-12-02 12:30:00,3.7,3.4688330828889757,3.4406059,3.52155920651001,3.585701698462343,3.494994831799992
2025-12-02 15:30:00,3.6,3.3509864381300383,3.3488607,3.41882955766274,3.415765386978356,3.384648966999249
2025-12-02 18:30:00,3.5,3.0235295026286724,3.2795053,3.30148368532946,3.0330780577563017,3.1614453408733016
2025-12-02 21:30:00,1.7,2.9993654239872627,3.159016,3.239619898888743,2.9710075244886265,3.118575349076715
2025-12-03 00:30:00,3.14,1.917695361366705,1.7807885,1.825080502314853,1.895280171081151,1.87174154338155
2025-12-03 06:30:00,2.98,3.1123287482435824,2.6053078,2.8079561434968032,2.782530579029674,2.961304566795873
2025-12-03 09:30:00,2.85,2.824650067858648,2.5633593,2.6453604786006126,2.6225312307515662,2.7356898163855647
2025-12-03 12:30:00,2.5,2.8506328113044024,2.6364667,2.634637521572691,2.763588761012591,2.7434598551330316
2025-12-03 15:30:00,1.54,2.2156234099344188,2.4567304,2.4861821932524912,2.1314922460117085,2.3498697847620544
2025-12-04 03:30:00,1.1,1.9020094105997247,1.6086498,1.759913076889125,1.701927505932459,1.8315037798343758
2025-12-04 09:30:00,0.96,1.5980933370613326,1.3422352,1.2895595898401786,1.514662183939974,1.4450044719782398
2025-12-04 21:30:00,1.12,1.003229650703295,1.1625388,1.3114434360360492,1.021683086291516,1.1561597564843464
2025-12-05 12:30:00,0.98,1.3116126226096498,1.1128227,1.112966883558853,1.229267939533819,1.2130481996939264
2025-12-06 00:30:00,1.25,1.1103436753663651,1.038102,0.9891244369561728,1.0507601847292931,1.050196881696007
2025-12-06 15:30:00,1.2,1.352815254689444,1.2288033,1.2298318147493033,1.3228833368773336,1.2917930961281132
2025-12-07 06:30:00,0.87,1.29472945024562,1.2279205,1.1686205200568662,1.2363067951111228,1.23215647995203
2025-12-07 15:30:00,0.97,1.0007627180287164,1.0068341,1.036725529133533,0.9964614324733746,1.0186068144584262
2025-12-07 18:30:00,1.15,1.1870776001561396,1.0221783,0.9713349420906632,1.0138597054264915,1.080029995248338
2025-12-08 09:30:00,1.02,1.348469597642226,1.1500052,1.1885374313396098,1.208257029219999,1.2691141493320668
2025-12-08 15:30:00,0.97,1.0285621838785115,1.0066458,0.9941434423027524,1.0307677044160235,1.0114842268223443
2025-12-09 09:30:00,0.81,0.9565316178422814,1.0057912,0.982575175891908,0.9982661615045176,0.9694539603103327
2025-12-10 09:30:00,0.71,0.9540057476744112,0.9462256,0.96761102727835,0.959649041960596,0.96075644134233
2025-12-10 15:30:00,0.75,0.715725677876204,0.75428736,0.7701166672505244,0.8014656590599217,0.7427135030624478
2025-12-11 12:30:00,1.19,0.9482271031730553,0.8060374,0.8119427743307185,0.8300971607689136,0.8806052841046552
2025-12-13 09:30:00,1.0,0.8616693123830439,1.1364572,1.1631772942848129,0.8821806406745502,1.0112721197859895
2025-12-14 09:30:00,0.7,0.9171685780113168,0.98568,0.9831743264410322,0.9636138297343112,0.949919436570793
2025-12-17 15:30:00,0.78,0.9211079109033964,0.9730067,0.903844303938612,0.9338638960738412,0.9125420213652737
2025-12-18 15:30:00,0.58,0.8744315739809925,0.80136627,0.8408583723935006,0.877993449832043,0.8577731585741651
2025-12-18 18:30:00,0.62,1.0139876751600123,0.75992626,0.7662471550839953,0.9562171156511988,0.8910633098511264
2025-12-19 09:30:00,0.59,0.6347281819148279,0.67096454,0.7244346228705381,0.6964700326574412,0.6792388954437094
2025-12-19 12:30:00,0.77,0.6644304300645022,0.65421623,0.6470403591897405,0.7006078565768302,0.6558017914215353
2025-12-19 15:30:00,0.64,1.0007916176932552,0.75895274,0.6955973834141335,0.7468670307608768,0.8493597585319801
2025-12-21 09:30:00,0.82,0.6639036422021297,0.6969311,0.7242583959948102,0.6675861550412263,0.6938505794292851
2025-12-21 15:30:00,0.55,0.8373188790609799,0.7951572,0.7996496153134502,0.8402726239290617,0.8186280716936695
2025-12-24 09:30:00,0.76,0.9314655621672332,0.76924306,0.748168380047897,0.6999411263607389,0.8405168155996026
2025-12-25 09:30:00,0.71,0.7996920481863102,0.76193655,0.8016320289198628,0.77504883119759,0.8006546315388849
2025-12-29 09:30:00,0.45,0.811428277998642,0.79023,0.787292273522019,0.757318776183025,0.799452429112594
2026-01-01 09:30:00,0.33,0.5736361737310369,0.4890594,0.4999266147647066,0.5049297443433448,0.5370628237180723
2026-01-10 12:30:00,0.45,0.4190037808713084,0.5259702,0.5295572355773945,0.4975292720945728,0.47385840557412406
2026-01-10 15:30:00,0.77,0.6156473598071212,0.53089774,0.4906635638562209,0.5323944513709682,0.5536326607726413
2026-01-10 18:30:00,0.6,0.8614980454551335,0.6749002,0.5961010822774734,0.5691649866204437,0.729812872422037
2026-01-11 09:30:00,0.83,0.5739535238356432,0.599748,0.5684217323010591,0.5590234291424673,0.5712087489267943
2026-02-20 06:30:00,0.6,0.9076209915311664,0.7817309,0.7936371486479153,0.8930772678056753,0.851064270258473
2026-02-21 21:30:00,0.36,0.8539978813586733,0.7865913,0.7845803696524919,0.8837553657582891,0.8195541675681871
2026-04-15 09:30:00,0.7,0.6487604600195637,0.6437242,0.5974228096247962,0.6697254561698134,0.6232876464108335
2026-05-10 06:30:00,0.99,0.8457201102507815,0.6214608,0.5903929132093123,0.8185467964593711,0.7190313730478849
2026-05-11 21:30:00,1.05,0.8350886463470762,0.94578624,0.9384177769274736,0.8753042521954305,0.886358692081286
2026-05-12 15:30:00,0.89,1.0929323015636985,1.0770051,1.177597556298174,1.1024322549013434,1.134941669666894
2026-05-12 21:30:00,1.12,1.0505716324594123,1.1753454,1.036584820418339,1.0185191219193823,1.043631629296764
2026-05-13 06:30:00,2.26,1.1542382870383907,1.0683417,1.080428328929065,1.1316282509760434,1.1176151207865384
2026-05-13 21:30:00,2.32,1.977053084393676,2.0245204,2.014364579491853,2.13045792704338,1.9955663734279514
2026-05-14 00:30:00,2.59,2.1287099566847343,2.0819752,2.0565099303439736,2.248200003682495,2.0928856094584525
2026-05-15 00:30:00,2.92,2.4309560062802915,2.3164873,2.3462180267771098,2.432800818395365,2.388910553462198
2026-05-15 21:30:00,2.93,2.779186739091072,2.7105823,2.6181341130199542,2.820395328324988,2.6992753389089508
2026-05-16 00:30:00,3.2,2.8239465681848244,2.8506904,2.836721973298581,2.8946593883358527,2.8302854931402193
2026-05-23 21:30:00,3.3,3.1916862962176418,3.1925647,3.153653417670641,3.168899197456536,3.1728150697633435
2026-05-24 06:30:00,3.27,3.234814114469805,3.2421784,3.1938824769288794,3.1788333742993853,3.2145045762310547
2026-05-24 21:30:00,2.76,3.224790770078209,3.2667272,3.197690735915653,3.22498561336767,3.2113442232708507
2026-05-25 21:30:00,2.53,2.5763615302913623,2.6825993,2.645238332304161,2.7165675281677237,2.610536953711524
2026-05-26 09:30:00,2.44,2.462898258588186,2.7382486,2.89243531579969,2.433099183310559,2.6760267775650948
2026-05-30 21:30:00,1.0,2.415130104004245,2.3558245,2.4205786801800966,2.3758384596167663,2.417833588957163
2026-05-31 21:30:00,2.17,1.2589562275766857,1.3143933,1.6523172841604818,1.2847377727089486,1.454134869338473
2026-06-12 18:30:00,2.19,2.38633946018589,2.3581636,2.381862443585544,2.1353480389289072,2.384118045522249
2026-06-12 21:30:00,2.25,2.252478844819214,2.3888893,2.3626904471259182,2.1912835592969717,2.307163848544361
2026-06-13 00:30:00,2.29,2.323924385618997,2.158774,2.044593642089072,2.238984248917816,2.185325522788083
2026-06-13 03:30:00,2.5,2.2799055078608985,2.2318373,2.201053725193284,2.2823620021178668,2.240780679452059
2026-06-13 12:30:00,2.54,2.5545758324141907,2.4519863,2.526186819456972,2.569472107334539,2.5404897176420045
2026-06-13 15:30:00,2.62,2.54965961933104,2.5049317,2.521775491401216,2.5445717263908345,2.5358240193778565
2026-06-13 18:30:00,2.66,2.6452864323647747,2.6569717,2.6798746363343557,2.5606780800673903,2.6624484735957785
2026-06-13 21:30:00,2.71,2.656701669736352,2.5543296,2.558265629436314,2.6142995505471065,2.607859486900499
2026-06-14 00:30:00,2.7,2.6886114794535616,2.5863743,2.553342536336386,2.675069967969029,2.6214934764172373
2026-06-14 03:30:00,2.66,2.7133087680423675,2.4806228,2.4705812788338246,2.674433943402469,2.5928717779818626
2026-06-14 06:30:00,2.63,2.667090688845641,2.4525766,2.46719194200868,2.6265336245523105,2.5679045461289176
2026-06-14 12:30:00,0.99,2.6580842696615754,2.5499835,2.5404011649541287,2.615702669443353,2.599692041578324
2026-06-18 09:30:00,1.94,1.2515033749019313,1.3919796,1.6555971387698725,1.2662889030956972,1.4520073919012648
2026-06-22 21:30:00,2.03,2.16598115721735,2.2735918,2.2105203490182324,2.015950070991937,2.1880806986319485
2026-06-23 00:30:00,2.2,2.056155056952293,2.2760172,2.1631894230309108,2.124879012878626,2.1092635735260687
2026-06-23 06:30:00,2.36,2.277458056952384,2.1266384,2.0171415550281835,2.144371497498466,2.1482937169056164
2026-06-23 21:30:00,2.37,2.455449201326622,2.3756623,2.315778195227807,2.3470714624808733,2.3861469742566124
2026-06-24 00:30:00,2.37,2.441991459664333,2.3056376,2.21360922104997,2.3699614058318867,2.3286723234936373
2026-06-24 03:30:00,2.38,2.4233117519351066,2.340805,2.3439458133445585,2.361637231234449,2.383931808656576
2026-06-24 06:30:00,1.9,2.437004556886458,2.3313296,2.3280515229705854,2.3681352321231386,2.382944032033775
2026-06-24 15:30:00,1.47,2.0334720776169752,1.981912,2.123746149041976,1.8549047757910069,2.078264439118284
2026-06-29 21:30:00,1.63,1.5894089232482096,1.5974925,1.7295583715977982,1.553794355466004,1.6589485447097188
2026-06-30 03:30:00,0.4,1.7771785412585603,1.6366199,1.6663505399800569,1.6111803350918683,1.7221876915120908
2026-07-11 09:30:00,0.95,0.8979207425846134,0.84908617,0.855415841185382,1.1315320612309927,0.8768305792741703
2026-08-01 15:30:00,1.16,1.2845645231223692,0.97096866,0.903302842963112,1.244148837607569,1.0953893731073632
2026-08-01 18:30:00,1.37,1.2957952368925,1.2100462,1.2072206637939034,1.2338045348368298,1.2518461357228179
2026-08-01 21:30:00,1.53,1.5693678159452418,1.2389805,1.2504020552327808,1.501657163936892,1.4111027744461184
2026-08-02 00:30:00,1.65,1.571344728383424,1.4339123,1.4595367803173012,1.5685418835950622,1.5158676467647214
2026-08-02 03:30:00,1.18,1.6429218206761935,1.603532,1.5923509995652965,1.7116038847547967,1.6178294938888806
2026-08-02 09:30:00,0.92,1.2640927546409064,1.3383844,1.4041641601659325,1.274625297401353,1.3335936526643872
2026-08-03 00:30:00,0.89,0.9722059702458188,0.9997498,1.0365356966699264,0.9313047991225192,1.0041252169994432
2026-08-03 03:30:00,0.95,1.082812007495001,1.1088809,1.0580937500616048,1.1370332213132366,1.070547255222706
2026-08-03 06:30:00,1.35,0.9297476781508744,0.9381472,1.0024022260336904,0.9437654688267808,0.9657975507456311
2026-08-03 15:30:00,1.5,1.481860148038193,1.3704586,1.3058128392499777,1.4567784451521175,1.3945086574928085
2026-08-03 18:30:00,1.72,1.609841783555754,1.435468,1.4463396302949063,1.5532520365596465,1.5287149722854019
2026-08-04 00:30:00,2.13,1.709617650859484,1.6139576,1.6173245988588207,1.7245091572860691,1.6638235077127739
2026-08-04 00:30:00,1.8,2.10675511976828,1.9347787,1.951363895286496,2.0277469494470943,2.029652804659985
2026-08-04 03:30:00,1.83,1.915417627125,1.7800392,1.7715713955735766,1.760907429062174,1.8440437287005187
2026-08-04 06:30:00,2.0,1.898483858257629,1.7805856,1.8184144791508456,1.81070055302933,1.858754880517702
2026-08-04 09:30:00,2.03,2.0317120951816405,2.0092194,1.968525840824653,1.96529631133793,2.000360218586341
2026-08-04 15:30:00,2.1,1.9873497136480736,1.8770642,1.9006065841714717,1.9905442344945088,1.944309341679265
2026-08-04 18:30:00,2.14,2.097805531071153,1.9326786,1.944501902575407,1.9918513364167572,2.021739043333876
2026-08-04 21:30:00,2.12,2.158217968579662,2.0368052,2.043123449052504,2.093747781897546,2.1011101496444877
2026-08-05 03:30:00,2.1,2.082305386768979,2.0288625,2.007148690778987,2.056541580240116,2.0450139935384812
2025-06-10 09:30:00,2.67,2.5864752380952405,1.7632201,2.305474562422922,2.305066666666669,2.447047785138457
2025-10-21 18:30:00,2.71,3.866894337557603,3.2528498,3.4197072221848384,3.182273788594206,3.6450081789484194
2025-10-21 21:30:00,2.92,3.4286670549723226,3.2106586,3.7726030911348007,3.361493838612369,3.5993218955254704
2025-10-22 00:30:00,2.48,2.7441780399912705,2.8105662,2.667743403359697,2.837096467267303,2.706252555727862
2025-10-23 00:30:00,4.65,2.65526359572583,2.8405929,2.6685642976588166,3.0620900454402182,2.661863163462159
2025-10-23 18:30:00,3.38,4.319397358985895,4.317709,4.343790831035526,4.666352128205122,4.3315009586249875
2025-10-24 18:30:00,5.91,3.611946497791241,3.849706,3.6730028050147663,3.942492341776015,3.6422415331421525
2025-10-25 18:30:00,2.35,5.300321184932306,6.1876,5.766534515222583,5.5085438937974605,5.531647807266389
2025-10-27 09:30:00,1.28,2.5338073384767976,3.2131293,2.9651514352338078,3.015145377481993,2.74783247779321
2025-10-30 09:30:00,1.56,2.612634100140058,1.9473569,1.8573037800720404,2.756674723019517,2.2378528565855964
2025-11-06 09:30:00,1.7,2.937027499999998,3.205512,2.3415423764346306,2.576067142857144,2.6415585519139295
2025-11-12 09:30:00,1.9,1.948949958273171,2.1527216,1.9329887294887564,2.056792894308431,1.941030285232717
2025-11-21 00:30:00,2.04,2.1048181332712077,1.9206792,1.7596739406197668,2.2077146849722173,1.9335638273195288
2025-11-21 06:30:00,1.89,2.223468423578579,2.0703905,2.167755524017589,2.7769555100787566,2.195824690466406
2025-11-21 18:30:00,3.55,2.464737131354702,2.0321565,1.9268776358819957,2.442884009014425,2.197860977683704
2025-11-23 03:30:00,3.26,2.5907419464869297,2.5161526,2.5044302319798044,2.526884833333333,2.547915634823199
2025-11-23 06:30:00,3.23,3.1953461011409803,3.1300848,2.9488905891639896,3.157320858708856,3.0730593336095637
2025-11-24 00:30:00,3.29,3.191022260929089,3.0081325,3.0328075402583035,3.3782309177564622,3.1125189780789055
2025-11-24 03:30:00,4.03,3.30363542221613,3.3985336,3.27459019155817,3.463716179898051,3.289223704089501
2025-11-24 18:30:00,6.59,4.903144585606299,3.7148008,3.928653018673416,4.485298225108229,4.419619495212001
2025-11-25 03:30:00,4.17,6.581784301115547,6.2166686,6.212202277642608,6.412799999999996,6.398404385504467
2025-11-25 15:30:00,3.61,3.750032141246948,2.8892257,3.182244354946082,3.8094264285714337,3.4683061109643143
2025-11-25 21:30:00,3.71,3.258477938811674,3.2368722,3.385772250454833,3.3995616231999826,3.321639073943567
2025-11-26 00:30:00,2.78,3.439571184066533,3.4315066,3.48258149730628,3.497277729906114,3.460912123591121
2025-11-27 00:30:00,3.94,3.3855399176194845,3.0983315,3.06938749294419,2.963672019096844,3.22867080257867
2025-11-27 09:30:00,4.57,4.45994773327204,3.887751,3.5044387072498973,4.019106273853209,3.985841436350392
2025-11-27 12:30:00,5.65,5.028494073851479,4.3857684,4.389508341680087,4.705982877595235,4.711440910547791
2025-11-27 18:30:00,8.85,5.395207600284741,4.9269056,4.881914682495599,5.213876801753951,5.140520938137524
2025-11-28 09:30:00,9.6,7.892149999999999,7.4734087,8.14939279295697,7.749200000000002,8.019789221249788
2025-11-28 12:30:00,10.05,9.50225,8.987936,9.059081484054817,9.163874999999994,9.282357797744481
2025-11-28 15:30:00,9.1,9.67941333333333,9.842352,9.566009486149076,9.656100000000004,9.623144395436398
2025-11-29 06:30:00,9.01,9.500900000000009,9.054182,9.464660168161773,8.954475000000004,9.482918450892704
2025-11-29 09:30:00,8.55,8.85315000000001,8.381735,8.591198702430034,8.575067500000007,8.723174503921499
2025-11-29 15:30:00,7.85,8.322582500000008,8.165469,8.179473626330251,8.107707272727277,8.251574465220205
2025-11-30 00:30:00,6.57,7.330264999999993,7.2775865,7.297858897884472,7.038566666666663,7.314185678242441
2025-11-30 18:30:00,6.4,6.036627456140358,5.7305393,6.054698211987924,5.910700000000005,6.045593838355638
2025-11-30 21:30:00,5.43,5.947804033189039,5.8801475,6.247577216336609,5.836159087301594,6.096546064826546
2025-12-01 12:30:00,5.23,5.122603443431566,4.9502883,5.195773085405228,5.082395456950456,5.158908896397963
2025-12-01 15:30:00,5.0,5.224725912776668,4.73927,4.828062762503607,4.938272060370184,5.027908831849503
2025-12-01 18:30:00,4.55,5.28119882345709,4.623261,4.756473997269948,4.901408613426669,5.020839855125715
2025-12-02 00:30:00,4.36,3.950163021232504,4.2058253,4.3049486546762346,4.066494193266966,4.126201235725634
2025-12-02 03:30:00,3.59,4.2102155755464326,4.2377744,4.156549846034206,4.207627249412836,4.183587611186365
2025-12-02 12:30:00,3.33,2.9958106296676306,3.0877337,3.179322459068942,3.019424247779233,3.086865880334364
2025-12-02 15:30:00,3.08,3.072070622723221,3.1161273,3.2512995468139003,3.3602566002780376,3.1610007732374807
2025-12-02 18:30:00,2.81,3.0564188629421567,3.0222447,3.0833923945679422,3.121041443790107,3.069802641478754
2025-12-02 21:30:00,1.83,2.999077831323361,2.6720932,2.738352112532987,2.822398916226777,2.869710445268889
2025-12-03 00:30:00,2.21,1.923877405858583,1.8698483,2.140204115970715,1.891778815508817,2.0312148068284914
2025-12-03 06:30:00,2.1,2.586649770619946,2.3220863,2.370077144401085,2.481561943973639,2.479190350525634
2025-12-03 09:30:00,2.01,2.5456167556579583,2.3513625,2.3760026949687387,2.658725296427653,2.4614573264645117
2025-12-03 12:30:00,1.96,2.1181551946588666,1.980344,2.116745575905316,2.325029585405898,2.11745576732839
2025-12-03 15:30:00,1.8,1.955634939462704,2.0606158,2.100972257612245,1.9404877999258647,2.0277486880886695
2025-12-04 03:30:00,1.75,2.0119228693704394,1.8431554,1.966421985436629,2.141171884964487,1.9893461537131025
2025-12-04 09:30:00,2.42,2.2027118176706524,1.9794825,1.9468633771170416,2.798386890358343,2.075764448864489
2025-12-04 21:30:00,2.19,2.676789083306682,2.4413476,2.4394615592078384,2.675142832507804,2.559031458267273
2025-12-05 12:30:00,2.77,2.1894216344914463,2.2586737,2.297054080473399,2.3782873036002123,2.2428269074960996
2025-12-06 00:30:00,1.91,2.584912794705216,2.7511957,2.5975411698446784,2.5241945873418468,2.59117876604662
2025-12-06 15:30:00,1.87,2.052586045997993,2.2028282,2.2698888126061374,1.9587239821440807,2.160407748547801
2025-12-07 06:30:00,1.57,2.8651280109557966,2.7674296,2.7020088407870144,2.5848026382636324,2.784191228968913
2025-12-07 15:30:00,1.58,1.9672723635764688,2.2444587,2.1931441519294115,2.118447630497284,2.079345859732644
2025-12-07 18:30:00,2.56,1.9867339390801493,1.7334673,1.848986916367377,2.10957522830502,1.9183863577682159
2025-12-08 09:30:00,2.07,2.5069039589591946,2.2096438,2.3138945578732835,2.398521847593592,2.411136185000159
2025-12-08 15:30:00,2.39,2.4436480359602983,2.025482,2.1585143044884,2.786791474560414,2.3021698354681757
2025-12-09 09:30:00,1.61,2.3706050221002486,2.3641467,2.4108084598636763,2.316267816808478,2.3905532407799712
2025-12-10 09:30:00,1.56,1.9267730819603293,2.0364513,2.0528897354180997,1.8845487375572172,1.9893498844003186
2025-12-10 15:30:00,1.44,2.326503748323818,2.1687305,2.053870294310159,2.22576877521783,2.1912279594205124
2025-12-11 12:30:00,1.98,1.8226752608338432,1.6903042,1.5876464692268546,1.8410532868637,1.7060582252809242
2025-12-13 09:30:00,1.85,2.1542845515559743,1.959023,1.966752669297952,2.574685482203967,2.0612346233703276
2025-12-14 09:30:00,1.21,2.009238685606025,1.8487419,1.7727961897139315,2.1296171436130384,1.891920195555765
2025-12-17 15:30:00,1.19,1.4396107142902776,1.5088171,1.553921803878137,1.4960263491236503,1.4963298094590582
2025-12-18 15:30:00,1.23,1.5424440172934006,1.4412814,1.3816477173138124,1.5269454483949565,1.4626598014818606
2025-12-18 18:30:00,1.12,1.8207648903868423,1.8703979,1.398341404796386,1.7084601718792392,1.6111659969888585
2025-12-19 09:30:00,1.13,1.2652308819482316,1.3293525,1.2310761392016496,1.2894155987855038,1.2482839163362938
2025-12-19 12:30:00,1.12,1.2514344943177471,1.3117254,1.2252052917102263,1.2822950738241417,1.2384200383777242
2025-12-19 15:30:00,1.52,1.222191716246986,1.3074559,1.2612706577589454,1.2529910682863947,1.241581980224904
2025-12-21 09:30:00,1.28,1.3964704567527366,1.6409563,1.5690312407336633,1.5876856641588497,1.4820919967476895
2025-12-21 15:30:00,0.97,1.443259699187533,1.6753329,1.3964192643790625,1.574020476519869,1.420018322613944
2025-12-24 09:30:00,1.84,1.2718245630908491,1.5894122,1.2388183235332215,1.2603844797482011,1.2554474639888955
2025-12-25 09:30:00,0.88,2.043685260770977,1.7895027,1.7700672427120172,2.167133750812353,1.9079209489956865
2025-12-29 09:30:00,1.04,2.1676635058394664,1.9136348,1.5751029661254032,1.6979446487508556,1.873645683365001
2026-01-01 09:30:00,0.67,1.30945594189064,1.0576098,1.0285951201748167,1.3943832980092532,1.1700978819376044
2026-01-10 12:30:00,0.68,1.094864497705872,1.1063166,1.0287725517633417,1.046208310222117,1.062070869499546
2026-01-10 15:30:00,0.69,1.156216363935326,0.9619867,0.9475336509098222,1.0506483173506558,1.0526717760668365
2026-01-10 18:30:00,0.8,1.1953104513276591,1.0237538,1.0467560043138315,1.0637941911263165,1.1216004215457565
2026-01-11 09:30:00,0.64,1.075993850617075,1.1216943,1.019502106948155,1.1144597001980427,1.0479636691450915
2026-02-20 06:30:00,4.56,0.9269301025427242,0.85629827,0.9172836716318724,0.9320763295745054,0.9221437179946952
2026-02-21 21:30:00,1.03,4.175750000000001,5.3094096,4.727680960199218,3.8936,4.449608159965091
2026-04-15 09:30:00,1.32,2.6829820575975094,2.462073,2.5729227183452754,2.8782250000000027,2.6283726040460875
2026-05-10 06:30:00,2.2,1.3901089045812347,1.4093904,1.1856034913397466,1.4181656530588738,1.2886370173129436
2026-05-11 21:30:00,1.68,3.3657500000000016,3.5968497,3.259773160057001,3.354625000000002,3.313166208767798
2026-05-12 15:30:00,3.24,1.7839942474427624,1.9509819,1.9514443195191216,1.7264866631458973,1.8670799446254343
2026-05-12 21:30:00,4.45,3.034251900093372,2.8769739,2.887798232697873,3.05462669866173,2.961584239162385
2026-05-13 06:30:00,5.86,4.447549999999998,4.6561465,4.504817717559782,4.15920446859903,4.4759652056819945
2026-05-13 21:30:00,5.49,5.3263844340664095,5.9575887,5.4361758363142,5.921334761904765,5.380860942122261
2026-05-14 00:30:00,4.89,5.11150852450005,5.4803057,5.287559792760495,4.830582640021006,5.198861979663942
2026-05-15 00:30:00,4.17,4.755280658110225,4.8858957,4.874823402285059,4.501828444240823,4.81459560566287
2026-05-15 21:30:00,4.02,4.007883628040189,4.0918984,3.909298164313699,3.8425839609441534,3.958967304002673
2026-05-16 00:30:00,5.38,3.780014620489149,3.8950932,3.912409083203454,3.7861023733318366,3.8457063583387874
2026-05-23 21:30:00,4.69,5.323212213385481,5.2374296,5.374279937511108,5.376890843564962,5.348551094461478
2026-05-24 06:30:00,5.08,4.569970509159602,4.470294,4.631202951191695,4.549123868693446,4.600352939416867
2026-05-24 21:30:00,3.95,5.082798580439903,4.970002,4.973172141476394,5.071399121400227,5.028403924182106
2026-05-25 21:30:00,4.94,3.5032038842212487,3.8093224,3.83595577848784,3.7010678545438727,3.6683093558473647
2026-05-26 09:30:00,2.24,4.949462761302395,5.180339,4.863292574569535,4.781554420548481,4.906706673160516
2026-05-30 21:30:00,1.76,2.6169807277164385,2.9078853,2.6808834190709905,2.6453916666666664,2.6486880873921086
2026-05-31 21:30:00,6.08,1.8541769073435528,1.8801228,1.959485593093298,1.8534204205851637,1.906429172549617
2026-06-12 18:30:00,6.71,4.500387037037033,3.997487,4.871323184529661,5.024199999999994,4.68443884449535
2026-06-12 21:30:00,6.44,5.854360833333333,6.1955085,6.193986833051443,6.580154166666662,6.022877111756152
2026-06-13 00:30:00,6.26,5.988552843137257,5.903451,6.023374941858548,6.201364512856426,6.005830938713728
2026-06-13 03:30:00,5.54,6.19843015250645,5.970609,6.043130506258141,6.176703463582173,6.121373276861277
2026-06-13 12:30:00,5.21,5.341809817948668,5.405649,5.335799634482263,5.180558294183559,5.338827673615674
2026-06-13 15:30:00,4.98,5.06993362097812,5.1226754,5.151004511187451,4.708115320926002,5.110159530413324
2026-06-13 18:30:00,4.78,5.030092626766045,5.161372,5.018067744597375,5.04468167485806,5.024126097721687
2026-06-13 21:30:00,4.51,4.5640035102525625,4.6141305,4.605418593935259,4.542055192062643,4.584552925723022
2026-06-14 00:30:00,4.24,4.377334608195573,4.4714794,4.493600276385618,4.497037525650487,4.43502352991532
2026-06-14 03:30:00,3.96,4.036916047246367,3.8725402,3.916471708478917,3.9051377396222495,3.977153744763534
2026-06-14 06:30:00,3.34,3.804175238338492,3.751719,3.765529159117089,3.7858212964172058,3.7849997528001946
2026-06-14 12:30:00,2.04,3.3406851205803947,3.1605952,3.3671659886394405,3.4201049519765534,3.3538244483657227
2026-06-18 09:30:00,3.13,2.666973129779637,2.543134,2.6018810866343025,2.5024200000000008,2.6346756352565617
2026-06-22 21:30:00,3.88,3.6906715253903,4.0126143,3.519138242968048,3.5140251207331503,3.605559813084879
2026-06-23 00:30:00,3.88,3.922558814758759,4.1725926,3.774833439765069,4.522790561445411,3.8492601555182575
2026-06-23 06:30:00,2.41,3.3275199715069887,3.5803888,3.3901588766538566,3.906720049099371,3.358600263323844
2026-06-23 21:30:00,2.23,2.7553105826722377,2.687298,2.663488129473572,2.6521205628178355,2.709749942139605
2026-06-24 00:30:00,2.02,2.3760994736585483,2.4019208,2.4360349531520744,2.563247686956194,2.4058383745616574
2026-06-24 03:30:00,1.88,2.19331462224408,2.2986498,2.187284640047158,2.1903329952267487,2.190322654139092
2026-06-24 06:30:00,1.6,2.024648159815969,2.062291,2.0105405996001284,1.9715732466918667,2.01764824359291
2026-06-24 15:30:00,5.75,1.6368091255842172,1.8308376,1.7560625190183816,1.69985373614677,1.6959805025326768
2026-06-29 21:30:00,4.84,4.309100000000002,3.6738393,4.0012031139269215,4.457533333333334,4.156327133900009
2026-06-30 03:30:00,1.0,4.5787760295260265,4.7315464,4.3527770720669166,4.440304950980388,4.466639434359411
2026-07-11 09:30:00,3.78,2.78244226313723,1.754511,2.3814296370524644,2.633682142857144,2.5834670509789848
2026-08-01 15:30:00,3.24,3.4231480015082965,3.5096543,3.925795783514386,4.238726190949351,3.6725527398129496
2026-08-01 18:30:00,2.76,3.237240781962261,3.77532,3.8588669770541375,3.3169286897671286,3.5456804569399347
2026-08-01 21:30:00,2.34,2.8276823120830814,2.3659923,2.429637494969153,2.8360392362650515,2.6301796730589615
2026-08-02 00:30:00,1.96,2.604500557058805,2.7067668,2.9065125680189623,2.7307696325459934,2.7543534545644137
2026-08-02 03:30:00,1.57,2.5287527903027303,2.686966,2.41997339818556,2.702671508838385,2.4747784233699948
2026-08-02 09:30:00,3.18,2.503302974530348,2.9025047,2.470248753440948,2.9616630865903,2.4869020678601457
2026-08-03 00:30:00,6.28,3.4284219696969744,3.8170393,3.42260732258426,3.515092878787881,3.4255368469661174
2026-08-03 03:30:00,6.63,5.651049999999997,5.892217,6.225865552295278,5.3518,5.936263080661542
2026-08-03 06:30:00,7.65,6.244592583943841,6.076749,6.12558839202477,6.232260245098038,6.185544856279993
2026-08-03 15:30:00,8.24,7.88165,7.384698,7.701019767657589,7.71801875,7.7920245456759565
2026-08-03 18:30:00,7.9,8.079850000000016,8.149975,7.91195879785229,8.133900000000011,7.996545422054419
2026-08-04 00:30:00,5.71,7.6742,7.583827,7.764095178237035,7.496610000000007,7.718804361554282
2026-08-04 00:30:00,7.65,5.583074951617006,5.037767,5.123242826102359,5.142636994309447,5.354914567679087
2026-08-04 03:30:00,7.42,7.467199999999996,7.4456167,7.715856012287173,7.4376437500000065,7.590578615986031
2026-08-04 06:30:00,7.11,7.205226535353543,7.4338765,7.25144194170826,7.142562648809534,7.22815778411294
2026-08-04 09:30:00,6.43,6.926250235930734,6.6478763,6.859693402781035,6.807237083333328,6.893225939100381
2026-08-04 15:30:00,6.15,6.09702131431521,6.114608,6.197790689777217,6.124261405597337,6.147021255856622
2026-08-04 18:30:00,5.98,5.507988311757688,5.8344126,5.792544604441643,5.691575834839074,5.649179997567065
2026-08-04 21:30:00,5.36,5.327982764099469,5.775044,5.940903410702045,5.408467774898693,5.63210290336944
2026-08-05 03:30:00,5.08,4.905846396633776,5.2078576,5.149470012593348,4.992238434818107,5.026728028580367
2025-06-10 09:30:00,0.65,0.5071636760712931,0.48872888,0.4643502243381457,0.4650313204897266,0.4859204156657489
2025-10-21 18:30:00,0.62,0.7572925314520869,0.7002572,0.649283087368091,0.696357180988752,0.7037001988077667
2025-10-21 21:30:00,0.61,0.8921301804736119,0.93739927,0.7413601572331296,0.7077029272644065,0.8173208218400081
2025-10-22 00:30:00,0.53,1.048284750505541,0.77989215,0.7456156086240815,0.8761011503342293,0.8981057965219641
2025-10-23 00:30:00,0.52,0.7654421497732035,0.9369222,0.825854800537358,1.4567141411238616,0.7954178144304521
2025-10-23 18:30:00,0.51,0.6395847926527813,0.76742387,0.6975890971199755,1.0830753481423383,0.6683654794359744
2025-10-24 18:30:00,0.51,0.5144722266503395,0.72190726,0.6832454302901316,1.2752001231317496,0.5982144377840004
2025-10-25 18:30:00,0.48,0.5294169968950905,0.6891311,0.6267650740829481,1.317062790090237,0.5777193521120974
2025-10-27 09:30:00,0.45,1.0528657009707785,0.8947952,0.8579658136498677,2.54286501340883,0.9561599019341693
2025-10-30 09:30:00,0.45,0.718263760161932,0.8267103,0.6584590228258953,1.1481866349411098,0.688589731152704
2025-11-06 09:30:00,0.52,0.5010683142672031,0.5534642,0.5458079628197166,0.5364654689394723,0.5232673186964052
2025-11-12 09:30:00,0.98,0.5114590997662308,0.57349396,0.6440719747330124,0.6363999068183945,0.5772592098252406
2025-11-21 00:30:00,0.72,0.9100132599581984,0.8677061,0.8032724176403399,0.93191415515196,0.8570503845657007
2025-11-21 06:30:00,0.58,0.7414484479514606,0.6367398,0.6492595224170163,0.8060717398471945,0.6957059704740075
2025-11-21 18:30:00,0.77,0.6495627452835488,0.6245412,0.6555161344338485,0.7671905719404232,0.6525167093041008
2025-11-23 03:30:00,0.87,0.9320551622357212,0.81620544,0.8187172345681758,0.8449297806653706,0.875818932410731
2025-11-23 06:30:00,2.15,0.9520076072202204,0.83157843,0.8843506783442003,0.9140532486044468,0.9184374627873222
2025-11-24 00:30:00,1.95,1.9308714285714303,1.8707373,1.6656365044685353,1.6476708056265983,1.7992666563965165
2025-11-24 03:30:00,0.98,1.7674540613134493,1.6559697,1.6163759903661137,1.650858663486949,1.692491854979202
2025-11-24 18:30:00,2.1,1.3680908608043516,1.4773046,1.250505225112726,1.3940017829564315,1.3097469950838798
2025-11-25 03:30:00,2.49,2.1806305068686807,1.9588771,1.914043500601553,2.0197854842945664,2.048354855978275
2025-11-25 15:30:00,1.71,2.409291805632318,2.2128882,2.410529926779176,2.3600738865206647,2.409906138952141
2025-11-25 21:30:00,2.09,1.7340229298564005,1.566788,1.6504457559762764,1.8997466704491928,1.692553447793586
2025-11-26 00:30:00,5.03,2.6519064140004223,2.017282,2.1437554528381617,2.5056881897687684,2.399771097731591
2025-11-27 00:30:00,4.6,3.181350000000001,3.3584483,3.2824732765937976,3.945652777777781,3.231525540882183
2025-11-27 09:30:00,4.57,3.966697004205324,3.8302026,4.243242588332785,3.864902344797392,4.103913921314452
2025-11-27 12:30:00,4.25,4.132967784941677,4.35984,4.258189805654834,4.2461972265683405,4.195100686794541
2025-11-27 18:30:00,2.85,3.890693905708155,3.8039148,3.874898709265561,3.8549316010594135,3.8828566149127717
2025-11-28 09:30:00,2.55,2.73795970253399,3.0493946,2.951339606586008,3.0066742734620147,2.8438349516342054
2025-11-28 12:30:00,2.36,2.637197606611986,3.0350153,2.793479659040037,2.548248314414801,2.7147419344352803
2025-11-28 15:30:00,1.69,2.511162222692801,2.6075733,2.770396934494408,2.554628084104902,2.639789798046508
2025-11-29 06:30:00,1.63,1.934202464095495,2.1200984,2.010809611247561,1.961890608733184,1.9722135449590636
2025-11-29 09:30:00,1.62,1.9207064131162117,2.172618,2.03377645200696,2.0576846728638247,1.9768097213753184
2025-11-29 15:30:00,1.47,1.75751943275495,1.7969289,1.721145663405446,1.7640108148245093,1.7394714262770123
2025-11-30 00:30:00,1.36,1.4613331156458031,1.546491,1.5898153602640406,1.505589602134067,1.5250836816344095
2025-11-30 18:30:00,1.33,1.4898480951252275,1.5511415,1.4729731891375166,1.918195324426042,1.481475071981698
2025-11-30 21:30:00,1.19,1.3053203771712694,1.4420512,1.423103164013303,1.3534146131871667,1.363762065726804
2025-12-01 12:30:00,1.18,1.2926067318669765,1.2929027,1.3001530158347177,1.3143373416421278,1.2963510614860898
2025-12-01 15:30:00,1.14,1.233611884337922,1.3120005,1.2726695862773478,1.3176739266545567,1.2529916096240978
2025-12-01 18:30:00,1.09,1.286522199425859,1.3337418,1.2644923898895335,1.2538570198473924,1.2755914063755434
2025-12-02 00:30:00,1.14,1.337664372296353,1.0923059,1.0987115151807691,1.204733768936186,1.2191002864105838
2025-12-02 12:30:00,1.1,1.160648215856536,1.1619238,1.1995138645751569,1.2497417279453735,1.1799326478081142
2025-12-02 15:30:00,1.08,1.17518399083468,1.1249524,1.137685805351235,1.1682544413296956,1.1565780694078054
2025-12-02 18:30:00,1.05,1.117770050549842,1.114445,1.0945246017927313,1.1828390354951772,1.1062360793048018
2025-12-02 21:30:00,0.98,1.1226868846128126,1.0968634,1.099601757687862,1.1905506048943115,1.1112324621612335
2025-12-03 00:30:00,1.02,0.9943308532227356,1.024901,1.0166992761644942,1.02943671939674,1.0054296601205037
2025-12-03 06:30:00,1.01,1.1453175182473694,1.155227,1.03860640101058,1.154080168856665,1.0923693919024764
2025-12-03 09:30:00,1.0,1.0594507960272253,1.0753361,1.0626904638771717,1.131557968953429,1.0610582606201955
2025-12-03 12:30:00,1.0,1.0017885315433837,1.060785,1.0337838104075368,1.086032374779741,1.0176640102339505
2025-12-03 15:30:00,0.97,1.0309113324265975,1.0814415,1.038077327544835,1.0839176305617977,1.034466969596672
2025-12-04 03:30:00,0.96,0.9804397443488376,1.0368338,1.0211743102376336,1.001133216550985,1.0006514991981321
2025-12-04 09:30:00,0.96,0.9707522414032992,1.0401728,1.034715050938824,0.9948814971333968,1.0024894306330423
2025-12-04 21:30:00,0.92,1.1088129673706002,1.1129205,1.0616734689923784,1.0161287611464085,1.0854232008627065
2025-12-05 12:30:00,0.99,0.9728737587215835,1.0508769,1.035257027758096,0.9837159890788288,1.003827208524037
2025-12-06 00:30:00,1.01,1.045612904053415,0.9868794,1.0016258366377415,1.114507976018872,1.0237873167727725
2025-12-06 15:30:00,0.95,1.0824603294960768,1.0183729,0.9525462360115624,1.17424173198986,1.0179993059971228
2025-12-07 06:30:00,0.84,1.0554477569974354,1.0099665,1.016684272866735,1.0181737960632835,1.0362140172665857
2025-12-07 15:30:00,0.83,0.9396924234067398,0.9377474,1.030802608808247,0.9053499457643096,0.9848996495408362
2025-12-07 18:30:00,0.84,1.1617920600411764,0.9247293,0.930544633966524,0.9220366390921074,1.047051269673828
2025-12-08 09:30:00,0.82,0.8783257529903071,0.90678793,0.9079383337655575,0.8882148438556082,0.8930189799837711
2025-12-08 15:30:00,0.75,0.8292130539222371,0.90242106,0.8895129212128033,0.8824809995571062,0.8591327574597467
2025-12-09 09:30:00,0.96,0.8072100083418454,0.8818923,0.8877335257726735,0.7765554669641714,0.8471643213044012
2025-12-10 09:30:00,0.88,0.9245617713428068,0.9632524,0.935800943688838,0.9378724830119194,0.9301384453838927
2025-12-10 15:30:00,0.77,0.9604433982555638,0.9771882,0.9649538393881384,1.013333364296198,0.9626813975675643
2025-12-11 12:30:00,0.87,0.9214716167088116,0.91087466,0.9698242815633809,0.8470331234372064,0.9454633344803631
2025-12-13 09:30:00,0.79,0.9594793616852806,0.9255903,0.9169446968672688,0.9001183007142772,0.9383744303047539
2025-12-14 09:30:00,0.86,0.8159421933441832,0.8704017,0.8660031465755649,0.8356675817649301,0.8407815329113931
2025-12-17 15:30:00,1.35,0.8780007023728517,0.9441051,0.9266863674524952,0.9100992901526596,0.9021576488332845
2025-12-18 15:30:00,1.46,1.328525473395568,1.3468089,1.289284216971298,1.5575335118196325,1.309054671693866
2025-12-18 18:30:00,1.13,1.5089210821421974,1.4789754,1.4124730021078138,1.692328518022954,1.4610652892349676
2025-12-19 09:30:00,1.09,1.242185482955949,1.3499405,1.4313262195720189,1.2397693605776663,1.3360336955755536
2025-12-19 12:30:00,1.07,1.1648062602332825,1.2083634,1.169351453516067,1.250450786175182,1.1670615029336733
2025-12-19 15:30:00,0.97,1.320818529295712,1.1210222,1.150991886145192,1.3390150583351192,1.2365536205298355
2025-12-21 09:30:00,1.19,1.2337125311519617,1.1865848,1.0550808357846495,1.112666712444855,1.1450787147284738
2025-12-21 15:30:00,0.74,1.2952212933179783,1.2433538,1.244795424086791,1.277005097722408,1.2702008890317087
2025-12-24 09:30:00,0.7,1.0809768226899024,1.0171145,1.0521175439065262,1.07424813065674,1.066657370520228
2025-12-25 09:30:00,0.64,0.8521862742668046,0.86339945,0.8729449640737312,0.8459831746656932,0.862486360697468
2025-12-29 09:30:00,1.72,0.789263359315337,0.8076198,0.8094887604552701,0.7472515757061382,0.7992988375547505
2026-01-01 09:30:00,1.02,1.405517857142857,1.4025444,1.46844991608401,1.3995443450444316,1.436743606570318
2026-01-10 12:30:00,1.01,1.3506318830695638,1.3099631,1.0735192034341186,1.2242265210427472,1.2131335834261323
2026-01-10 15:30:00,0.99,1.0116234214924196,0.89819705,0.8948479176572708,1.0342460670225635,0.9536815285467016
2026-01-10 18:30:00,0.96,1.0387191273946872,1.3073905,1.1197258937703674,1.099955764588746,1.0789132197434084
2026-01-11 09:30:00,0.98,0.9882313297183484,1.0282279,1.0255429831913778,0.9866684930561062,1.006744697335361
2026-02-20 06:30:00,0.75,1.162502209762981,1.112949,1.0766434136373475,1.113512281830668,1.1199006280084496
2026-02-21 21:30:00,0.46,1.0399279704419806,0.98281753,1.0993302124097883,1.1403417799621989,1.0694022885292158
2026-04-15 09:30:00,0.43,0.678053212433349,0.8030097,0.719594831819225,0.884004369297298,0.6986654126311416
2026-05-10 06:30:00,2.75,0.4791891921460455,0.51486784,0.5075923938061359,0.5047238550693602,0.4932823470959728
2026-05-11 21:30:00,0.68,1.96575,1.8232692,2.00777840763484,2.0643124999999998,1.9866037357226447
2026-05-12 15:30:00,1.6,1.0692326151634213,1.1889279,1.2110788585986694,1.436044210228794,1.139614155657392
2026-05-12 21:30:00,0.99,2.118341944444446,1.6934719,1.5635826299599538,1.8036663511189224,1.8430804062379615
2026-05-13 06:30:00,0.65,1.5268995231757791,1.4503409,1.3913587644605685,1.4961977363960692,1.459646650155896
2026-05-13 21:30:00,0.63,0.8950686279353666,0.8844116,0.9571354087939826,0.985605765745548,0.9258650420281036
2026-05-14 00:30:00,0.49,0.8536627054588101,0.86710423,0.8975983684120552,0.923924106475727,0.875462786774921
2026-05-15 00:30:00,0.43,0.7750912239738846,0.84885,0.7217157020052213,0.7297726919239511,0.7486072553481014
2026-05-15 21:30:00,0.42,0.4652406556205491,0.45203584,0.6639028543607124,0.483587417844374,0.5638132455364382
2026-05-16 00:30:00,0.44,0.4405126767076776,0.45841572,0.4793152011743501,0.451753402022615,0.4597657875471344
2026-05-23 21:30:00,0.44,0.4359682172091456,0.40347016,0.3962215081721233,0.4490116664666266,0.4162466190628522
2026-05-24 06:30:00,0.46,0.4527427173179844,0.38759354,0.4038948538825677,0.4459163813798719,0.4285052909670133
2026-05-24 21:30:00,0.46,0.4595340441589193,0.4225542,0.4410240692637269,0.454154614806967,0.45034972939613127
2026-05-25 21:30:00,0.45,0.4584642016641783,0.4225542,0.4410240692637269,0.4582139500885542,0.4498107233976007
2026-05-26 09:30:00,0.39,0.4533198584301863,0.42768764,0.4471370039931551,0.451752560002817,0.45025203788457635
2026-05-30 21:30:00,0.42,0.3913946683900765,0.383574,0.4017759697682183,0.4026655793608329,0.3965456823727579
2026-05-31 21:30:00,0.38,0.4226084675513054,0.3849988,0.3903615353325378,0.4267941194839848,0.4066081230177007
2026-06-12 18:30:00,0.38,0.3935514741675816,0.40278932,0.3948454432970731,0.3838955587245887,0.39419351824629434
2026-06-12 21:30:00,0.38,0.3887488602006007,0.43989468,0.4009827709465935,0.3826549389599403,0.39481910544443594
2026-06-13 00:30:00,0.38,0.3884340702510342,0.46911243,0.3767210678146487,0.385179326760378,0.38262229028903066
2026-06-13 03:30:00,0.42,0.3876067883774519,0.44462183,0.3604546717658488,0.382869479987807,0.37413439920086483
2026-06-13 12:30:00,0.42,0.4052649110645687,0.38767663,0.3602152295647373,0.4093643510627328,0.3829120738943107
2026-06-13 15:30:00,0.4,0.4060146595934321,0.38222843,0.3659273176726708,0.4110904476959353,0.3861240455710757
2026-06-13 18:30:00,0.38,0.3924914443218319,0.40540022,0.3930688428518306,0.4026654584675195,0.3927779390293129
2026-06-13 21:30:00,0.38,0.3799958706560667,0.37734294,0.3741182062342144,0.3801327127759717,0.3770794798761768
2026-06-14 00:30:00,0.38,0.3794647680128753,0.37489685,0.3708909598589919,0.3784522596685893,0.375210599476889
2026-06-14 03:30:00,0.38,0.377942854689365,0.3767825,0.3750313674600205,0.3781085627301689,0.3764982273847065
2026-06-14 06:30:00,0.4,0.3770915631362841,0.3705379,0.3666723020883283,0.3776462124713667,0.37192171425199755
2026-06-14 12:30:00,0.37,0.3819494670938963,0.4044143,0.3863731766135945,0.390071179558145,0.3841444317482569
2026-06-18 09:30:00,0.38,0.3696866573533239,0.39371812,0.3828965543581999,0.371369530917385,0.3762411693266655
2026-06-22 21:30:00,0.37,0.3771690132270283,0.37734294,0.3741182062342144,0.3782276457145533,0.3756552579755398
2026-06-23 00:30:00,0.37,0.3710633387059136,0.37489685,0.3708909598589919,0.3729144186251396,0.3709778074397968
2026-06-23 06:30:00,0.36,0.3662037244752241,0.3705379,0.3666723020883283,0.3691537946498427,0.3664362242119289
2026-06-23 21:30:00,0.36,0.3592265417867171,0.34559143,0.3480785520249575,0.3600496775302041,0.35369511089477507
2026-06-24 00:30:00,0.36,0.3554476276894017,0.34314534,0.3204697370599242,0.3576566918750625,0.33809223098581503
2026-06-24 03:30:00,0.36,0.3565672028981997,0.345031,0.3246101446609528,0.3580094312437168,0.34071068859142695
2026-06-24 06:30:00,0.39,0.3538125225149947,0.3387864,0.3162510792892606,0.355456367067694,0.3351752137405061
2026-06-24 15:30:00,0.39,0.391774275888013,0.36252704,0.3819833931323937,0.3830059482018458,0.3869162169472352
2026-06-29 21:30:00,0.38,0.3934567674327448,0.37734294,0.3741182062342144,0.3850396898709338,0.38386132313244625
2026-06-30 03:30:00,0.43,0.3776407560854655,0.3767825,0.3750313674600205,0.3766948700199146,0.376346024644163
2026-07-11 09:30:00,0.16,0.442074809318106,0.4036578,0.3847551216799753,0.4004730685550758,0.4136338170231887
2026-08-01 15:30:00,0.16,0.2684851668883007,0.3112392,0.3174960266558737,0.2426123903208125,0.29280346907125854
2026-08-01 18:30:00,0.16,0.2119177558518998,0.31704575,0.3181411481458904,0.1824603778175888,0.2646238819014012
2026-08-01 21:30:00,0.16,0.208215066072862,0.2992335,0.311110129179147,0.1833522017077141,0.259269735377168
2026-08-02 00:30:00,0.16,0.167539933617251,0.20365311,0.196625061100001,0.1594637729603638,0.1819714478267474
2026-08-02 03:30:00,0.16,0.1630918383791558,0.21345878,0.2060448217940407,0.1526752946719742,0.18440433188154173
2026-08-02 09:30:00,0.18,0.1593028187713126,0.2275523,0.2162729097274547,0.1457469137176985,0.18757034751559895
2026-08-03 00:30:00,0.19,0.3926806920590777,0.25812897,0.2296102467720304,0.2961385697998638,0.31176808647724974
2026-08-03 03:30:00,0.2,0.3524475129465234,0.28581938,0.2767470029896585,0.2779729764300967,0.31488628906134175
2026-08-03 06:30:00,0.2,0.2925104137138606,0.20031227,0.1753093127361045,0.2824198075105126,0.2343573471635333
2026-08-03 15:30:00,0.19,0.2312734049200671,0.217817,0.1603458376440761,0.2479012021247706,0.19608042886742447
2026-08-03 18:30:00,0.19,0.2042813870817883,0.24776928,0.2038210467810748,0.2188661949814666,0.2040529745505078
2026-08-04 00:30:00,0.17,0.205195103601076,0.2461379,0.239635258103621,0.2170203202817843,0.22228368536423
2026-08-04 00:30:00,0.19,0.1686242140206547,0.22671871,0.2302240788265797,0.1781161932265446,0.19918895281291227
2026-08-04 03:30:00,0.18,0.1980707502814492,0.24894667,0.24909618362504,0.1997527071505854,0.22338864743629153
2026-08-04 06:30:00,0.18,0.1959803204089748,0.25099388,0.2406959534259685,0.1984427341065454,0.21816740876380836
2026-08-04 09:30:00,0.18,0.2029274019107184,0.21728082,0.2223802751954497,0.1953347957253757,0.212579565800687
2026-08-04 15:30:00,0.17,0.1855943688053133,0.2540251,0.2412238038040506,0.1939730880036356,0.21319668831127642
2026-08-04 18:30:00,0.17,0.1916331426302026,0.2334495,0.2111941166481687,0.1846459926506756,0.20133894414884101
2026-08-04 21:30:00,0.17,0.1817883140253411,0.20295988,0.2105695906339302,0.1737872370585292,0.19606906292667023
2026-08-05 03:30:00,0.18,0.1759663462443616,0.21345878,0.21185508231362,0.1655146703014188,0.19377368798118383
2025-06-10 09:30:00,0.59,0.3608961714863606,0.3229806,0.3172467220824476,0.3184617859431634,0.33923810415683386
2025-10-21 18:30:00,0.52,0.5675628468134898,0.49495143,0.4692804008048809,0.6411996140970335,0.5187968746870647
2025-10-21 21:30:00,0.58,1.054971651622745,0.5655593,0.5374662339569837,0.7107542595256898,0.798194823226025
2025-10-22 00:30:00,0.4,0.7652695301705223,0.5822436,0.6125117165287773,0.6192672231056864,0.6894738658919343
2025-10-23 00:30:00,0.33,0.685319186525997,0.6181482,0.5774231062804555,0.6433556204225915,0.6317831029679655
2025-10-23 18:30:00,0.35,0.3455846681836435,0.5088467,0.4511345086414927,0.513043681903427,0.3979565899942302
2025-10-24 18:30:00,0.33,0.6965546009548844,0.41252756,0.4035162898767993,0.6424992518300902,0.5511542910281572
2025-10-25 18:30:00,0.26,0.339803699199658,0.4304011,0.3802192829095058,0.4131865917359989,0.359857180861022
2025-10-27 09:30:00,0.22,0.3261101014868513,0.6436882,0.4701922339246059,0.4767161503914892,0.39760104966451426
2025-10-30 09:30:00,0.16,0.2708377415440609,0.47783497,0.4382428831954616,0.3693576859075528,0.35390114506250153
2025-11-06 09:30:00,0.25,0.2213431663167105,0.33534893,0.3612459578102003,0.2974428071206408,0.29076040110737666
2025-11-12 09:30:00,0.45,0.2797173727549195,0.33214906,0.3671382186725669,0.3564852946213117,0.32309401536427274
2025-11-21 00:30:00,0.47,0.4825972741401289,0.2811802,0.2933336065484436,0.5225868438222626,0.3886880653938117
2025-11-21 06:30:00,0.35,0.4323684781424514,0.3628285,0.3983632542532633,0.5126867442769083,0.41549570108328315
2025-11-21 18:30:00,0.59,0.3697196991693169,0.3651633,0.3860668157728996,0.4082350681155519,0.3778308427662915
2025-11-23 03:30:00,0.67,0.7314937666670204,0.6072677,0.5655326311181401,0.7304335093203873,0.6491468528596693
2025-11-23 06:30:00,1.2,0.6350372667178948,0.64491594,0.6001782228405446,0.7197049003944233,0.6177408396231948
2025-11-24 00:30:00,1.05,1.245059485435375,1.0853436,1.037058684947548,1.1669440357197782,1.1418532502346863
2025-11-24 03:30:00,0.8,0.970803835277557,1.0691353,1.0766036353661503,0.994377358400364,1.0232997825360302
2025-11-24 18:30:00,1.35,0.9989379551511204,0.9540368,0.9878258408354316,1.0530451448989864,0.9934243250066582
2025-11-25 03:30:00,1.34,1.272250071786365,1.220887,1.1978989512443836,1.4044113320101428,1.23535839052315
2025-11-25 15:30:00,1.02,1.3237866825692035,1.346716,1.2917796984000594,1.3904207084990758,1.3079053959180074
2025-11-25 21:30:00,1.41,1.049651411233834,1.177004,1.0407094137751025,1.069493419178035,1.0452145538240287
2025-11-26 00:30:00,2.75,1.5448975455357044,1.2485132,1.208930086912488,1.6976821861108091,1.3781965690340559
2025-11-27 00:30:00,4.2,2.112791077687897,1.6266898,1.680163473442614,2.055993112713633,1.8981290851699297
2025-11-27 09:30:00,3.2,3.4765500000000005,2.5610902,3.2207786975222685,3.547924999999998,3.349640905711932
2025-11-27 12:30:00,0.87,2.7473840594498657,2.4372973,2.159845193515092,2.690399276315789,2.4558579006803045
2025-12-03 09:30:00,0.86,1.563463472626834,1.1993914,1.1376946586963586,1.3968102727272749,1.3522046878117315
2025-12-03 12:30:00,0.84,1.1582353785770316,1.2467232,1.263533314706439,1.2882988692708812,1.210482310015907
2025-12-03 15:30:00,0.82,0.8901966395419886,0.87360376,0.9140239551384222,0.9150114912644188,0.9020193225887803
2025-12-04 09:30:00,0.76,0.83202862135035,0.85857797,0.8587918591462748,0.8492578856399757,0.8453080558920445
2025-12-05 12:30:00,0.75,0.8431519826334178,0.8188646,0.8317807975635086,0.8016565417951322,0.8375098062663884
2025-12-06 15:30:00,0.7,0.7767793870101205,0.7926815,0.8067204800225334,0.7790562308991399,0.7916356158340361
2025-12-07 15:30:00,0.72,0.7443624363517856,0.7218173,0.7474146686832179,0.7329784093169045,0.7458768988305171
2025-12-07 18:30:00,0.7,0.9554131236805162,0.7050711,0.7203960997260884,0.857346748056736,0.8388019270239626
2025-12-08 09:30:00,0.68,0.7585959579206479,0.7274381,0.7518001537846055,0.7597877708645255,0.7552240028204883
2025-12-08 15:30:00,0.92,0.7386198729243345,0.7135719,0.7397003948884394,0.7410310668348002,0.7391560083800893
2025-12-09 09:30:00,0.74,1.341619072229164,0.9166736,0.8472520639212326,1.349187165031362,1.0963231040635264
2025-12-10 09:30:00,0.73,0.7976287603552898,0.80258924,0.8504987141622722,0.7692521098941014,0.823861875203193
2025-12-10 15:30:00,0.7,0.925503915698242,0.82325166,0.8463855442733246,0.8189473802674624,0.8862468107696801
2025-12-11 12:30:00,0.77,0.7629631027039463,0.7046605,0.7278695791846034,0.7653555239767798,0.7455503310517998
2025-12-13 09:30:00,0.73,0.8538247453450092,0.7929342,0.8257659125285918,0.850685875753639,0.8399024599868936
2025-12-14 09:30:00,0.75,0.7557341179938484,0.76029825,0.7976693769343375,0.75768604049508,0.7765416350190877
2025-12-17 15:30:00,1.3,0.7959930448778895,0.8684215,0.8437119240864482,0.7742190817912147,0.819670289674839
2025-12-18 15:30:00,1.25,1.384820006513484,1.1509082,1.2530395960855,1.3628012079261749,1.319432950302276
2025-12-18 18:30:00,1.0,1.1991601744806957,1.2143512,1.2544041772425898,1.2401288959716867,1.2265712494818477
2025-12-19 09:30:00,0.96,1.0000442568969323,0.953563,0.9543512560903524,1.0300880793115963,0.9773722163220446
2025-12-19 12:30:00,1.18,1.0232361825344116,1.1681039,1.1017495869985627,1.1191383038863818,1.0621931137987612
2025-12-19 15:30:00,0.91,1.3849961646768596,1.1508275,1.2245272878116693,1.3277684490988628,1.3053744102927536
2025-12-21 09:30:00,0.89,1.261847824441278,0.93267757,0.9826709858111584,1.1851776654217852,1.12332532643805
2025-12-21 15:30:00,0.75,1.2859883866724564,1.2934971,1.0725461986204652,1.190743818887536,1.180082233377952
2025-12-24 09:30:00,0.78,0.7653819547872561,0.8541127,0.8408988962529607,0.7658413519821985,0.8028520953072309
2025-12-25 09:30:00,0.65,0.8972530209373132,0.82091993,0.8618682845470504,0.823653577941751,0.8796957547256307
2025-12-29 09:30:00,0.7,0.715706162945643,0.7635257,0.7619867256102371,0.7218376209687665,0.7386697410875542
2026-01-01 09:30:00,0.83,0.8032992508024287,0.71471506,0.731825036206244,0.7956701972551926,0.7678350382364292
2026-01-10 12:30:00,0.84,0.8736301470960816,0.8016383,0.8118193765275759,0.8738437928136578,0.8429607606789733
2026-01-10 15:30:00,0.83,0.865178755294457,0.80020547,0.7798540854744412,0.8625424127703551,0.8228421973523109
2026-01-10 18:30:00,0.79,0.8417719308995935,0.8088734,0.8127557598758023,0.86792005506125,0.827374631637853
2026-01-11 09:30:00,0.94,0.8148911263029878,0.83519566,0.8212786782794581,0.8700006824156588,0.8180605140654102
2026-02-20 06:30:00,1.67,0.9581309936360036,1.0020295,0.9199665083446672,0.9659397763850552,0.9391944662954685
2026-02-21 21:30:00,0.39,1.8012112500000017,1.5505135,1.88169927338466,1.7896570534605345,1.8411479514588103
2026-04-15 09:30:00,0.96,1.1200635054500945,1.2096794,0.9464371943181008,1.1757248021059308,1.0339132701544125
2026-05-10 06:30:00,1.28,1.2202881598118136,0.94382524,0.8831165397163471,0.9352384662363644,1.0529897001666717
2026-05-11 21:30:00,0.67,1.8514570323093256,1.7111068,1.5718306941988909,1.8008974730111011,1.7127115007938265
2026-05-12 15:30:00,1.67,0.87464331743347,0.83384794,0.780790659187111,0.7899501476141586,0.8280753258754256
2026-05-12 21:30:00,0.84,1.521742180614865,1.7604,1.5722828133051148,1.6040530903603958,1.5468195284538546
2026-05-13 06:30:00,0.69,1.3556784174608327,1.5276749,1.241720166091166,1.328515023288588,1.2991343942343194
2026-05-13 21:30:00,0.66,0.8055432781672819,0.88455147,0.8816821201846821,0.7564250000619781,0.843321994493019
2026-05-14 00:30:00,0.62,0.8449441883231112,0.83358556,0.8343224875542897,0.7710437087410343,0.8396738925107521
2026-05-15 00:30:00,0.5,0.7530709430354224,0.7115158,0.6799270957492262,0.6939881466408337,0.7167782889264098
2026-05-15 21:30:00,0.54,0.6010405756415063,0.65357786,0.6130683534876493,0.5328954330951432,0.6070085414686537
2026-05-16 00:30:00,0.28,0.5572594081908508,0.54197556,0.5579849832431654,0.536074658084539,0.5576194254087139
2026-05-23 21:30:00,0.26,0.4662015417414226,0.46606085,0.4709595175076271,0.4561677676282088,0.46856236326160133
2026-05-24 06:30:00,0.29,0.381315706590589,0.3095478,0.3162514433047751,0.3434698745516432,0.3490319959313686
2026-05-24 21:30:00,0.3,0.3096524709162633,0.33583343,0.3261744829315684,0.2941687421948135,0.317850394453293
2026-05-25 21:30:00,0.3,0.3040079245956131,0.30608672,0.3154095121795618,0.3003866302632275,0.3096651861402345
2026-05-26 09:30:00,0.32,0.2940149461158085,0.30515537,0.3134329429664672,0.2932261673382833,0.30364980494998195
2026-05-30 21:30:00,0.29,0.311396548936607,0.30981654,0.3154095121795618,0.3085010588149349,0.31338770871739996
2026-05-31 21:30:00,0.23,0.298487510897943,0.30981654,0.3154095121795618,0.2984541487971264,0.3068839018745215
2026-06-12 18:30:00,0.24,0.3157610511391352,0.40580902,0.3634506716776384,0.2941746779598802,0.3394237783131895
2026-06-12 21:30:00,0.23,0.2898558792379551,0.2790195,0.3276209642210791,0.2654305580184606,0.30859423136929887
2026-06-13 00:30:00,0.26,0.2728659944781411,0.28092563,0.2602924976931029,0.2480199849109328,0.266627252783646
2026-06-13 03:30:00,0.26,0.2484463822382651,0.20975463,0.2250676899932326,0.2538467987079402,0.23684629798442325
2026-06-13 12:30:00,0.24,0.2952118332500542,0.25323945,0.2575001719886317,0.3068931278680956,0.2764999890031718
2026-06-13 15:30:00,0.29,0.2623333875149874,0.20115866,0.2330845793054239,0.2650647601932441,0.24782065788925356
2026-06-13 18:30:00,0.26,0.2847687318440474,0.27956346,0.2961303237535065,0.2734278223831882,0.29040614825836786
2026-06-13 21:30:00,0.24,0.3176503427848164,0.29703397,0.3098177722040207,0.2981583121768971,0.31376396292622105
2026-06-14 00:30:00,0.21,0.2484091328122143,0.22475709,0.253122520637629,0.2528475295275881,0.25074783060261185
2026-06-14 03:30:00,0.21,0.2277231026894474,0.2560014,0.269962648251016,0.2269343230200775,0.24868160123259397
2026-06-14 06:30:00,0.17,0.203570947027676,0.24473855,0.2615819829633368,0.2269253407253028,0.23235497384377368
2026-06-14 12:30:00,0.24,0.166858876945049,0.22362827,0.2076066524723405,0.1776698612289183,0.1870771861780494
2026-06-18 09:30:00,0.24,0.2361851547533848,0.19246505,0.2384477413750045,0.232416366544378,0.2373078093128151
2026-06-22 21:30:00,0.27,0.3427432634574432,0.46883026,0.4740804193731486,0.4072135442866027,0.40791038479657027
2026-06-23 00:30:00,0.22,0.3946781379975992,0.36994958,0.4573283159388734,0.413594153612388,0.42576402317115425
2026-06-23 06:30:00,0.2,0.3897245867027529,0.2625332,0.200925106342151,0.3590696931193948,0.29604569926498836
2026-06-23 21:30:00,0.2,0.2801642041595018,0.2665954,0.2718737021921139,0.2978993083189228,0.2760506070292441
2026-06-24 00:30:00,0.19,0.272113320478164,0.27847347,0.2865624739454719,0.2824509684488604,0.2792827290943827
2026-06-24 03:30:00,0.19,0.2099262289996539,0.17876199,0.2111179792175054,0.2307296166080539,0.21051755390319077
2026-06-24 06:30:00,0.19,0.2238901782327493,0.17251734,0.2087915775169882,0.2386354438390845,0.21639852563805978
2026-06-24 15:30:00,0.17,0.1878528047697313,0.17428018,0.2167649518847031,0.2180659791995209,0.20219848924934133
2026-06-29 21:30:00,0.17,0.2009295121777,0.17939088,0.2102048179916993,0.2136937803629178,0.20553175116501554
2026-06-30 03:30:00,0.14,0.1805394030612699,0.16485599,0.2111179792175054,0.181751975853616,0.19571193949132706
2026-07-11 09:30:00,0.09,0.1731731448479104,0.14883842,0.1526980123245084,0.1692450476396217,0.16301375441278
2026-08-01 15:30:00,0.08,0.0834361013654433,0.11340749,0.1495350142446193,0.1251481868508012,0.1162331864397255
2026-08-01 18:30:00,0.08,0.0574938688030019,0.10857892,0.1489382777522762,0.1167503945269841,0.10286693061657448
2026-08-01 21:30:00,0.1,0.1095156473559903,0.10139392,0.1408592977619187,0.1276403598047619,0.12506779979124844
2026-08-02 00:30:00,0.08,0.1751595796087332,0.10059369,0.1345670388172417,0.132431673143862,0.1550182950439875
2026-08-02 03:30:00,0.09,0.066425482449058,0.10971347,0.1421447894416086,0.1257482875957047,0.10399603308337474
2026-08-02 09:30:00,0.09,0.1147916244869524,0.12425539,0.1523728773750225,0.1276513347076106,0.1334387624576051
2026-08-03 00:30:00,0.09,0.0747322720899518,0.10059369,0.1345670388172417,0.1318583684377693,0.10442120113999369
2026-08-03 03:30:00,0.09,0.0759617306845182,0.12639278,0.1478216720367352,0.1290472798735557,0.11161733389042332
2026-08-03 06:30:00,0.15,0.0769500508637143,0.14926484,0.1467172488891818,0.124147758779153,0.1115672726812371
2026-08-03 15:30:00,0.19,0.1396989490656476,0.25572106,0.1796788957133714,0.2057437456916048,0.1595362754959247
2026-08-03 18:30:00,0.22,0.226907993756244,0.23045008,0.2323835257210889,0.2707824757333558,0.22962485368412555
2026-08-04 00:30:00,0.14,0.2272074190961381,0.2344978,0.2011639286601874,0.2794809785119392,0.21428511017676968
2026-08-04 00:30:00,0.24,0.1720758609855578,0.16430792,0.1234861627423101,0.2128008064608234,0.1479665315336426
2026-08-04 03:30:00,0.2,0.2667972420817553,0.25216982,0.2781493378461435,0.2555927568979153,0.27242994668064335
2026-08-04 06:30:00,0.19,0.2295081325213885,0.20112458,0.2372595507236688,0.2480462450489768,0.23335424603752497
2026-08-04 09:30:00,0.19,0.2243171492298795,0.22758093,0.2327391745104844,0.2617612402576492,0.22849600584936217
2026-08-04 15:30:00,0.15,0.1724881555103956,0.24921092,0.214694699756284,0.2310977102178557,0.19343027939757915
2026-08-04 18:30:00,0.15,0.1885174285150019,0.20800385,0.2117115529388135,0.2216443789331732,0.20002593355413525
2026-08-04 21:30:00,0.14,0.2087343289431212,0.19399902,0.1954884222347052,0.229644725897667,0.20216194960617162
2026-08-05 03:30:00,0.13,0.1851648250695809,0.14469829,0.1652492916996494,0.2042246930887256,0.1752830976132262
2025-06-10 09:30:00,0.78,1.048393640932372,0.94232243,0.6641583658783018,1.0566858661241774,0.8577430469124108
2025-10-21 18:30:00,0.72,1.4057459862312192,0.93561816,0.7915042017941133,0.9532885318724555,1.1009703222624805
2025-10-21 21:30:00,0.7,1.1229001925294635,0.8706491,0.9194079725430752,1.0195785946588285,1.0219310334292582
2025-10-22 00:30:00,0.58,0.8060102097560728,0.72364265,0.7252641625871113,0.823967009335576,0.7659454815622337
2025-10-23 00:30:00,0.8,0.9354795798798556,0.80595607,0.7553877393834004,0.983021556244097,0.846121265852166
2025-10-23 18:30:00,0.8,1.0368356540274095,0.86993575,0.8066050993250028,0.923496982383725,0.9225994168433502
2025-10-24 18:30:00,1.1,0.9115383784928106,0.9339953,0.8711239218476626,0.9817297019861612,0.891485456060566
2025-10-25 18:30:00,0.88,1.207635835848604,1.0801445,1.0932387109228805,1.0857857799498278,1.1508740515012512
2025-10-27 09:30:00,0.32,1.0209399441829017,1.0535858,1.090199423957867,0.9142838298979667,1.0553052453873588
2025-10-30 09:30:00,0.25,1.027589446383717,0.8361877,0.7222193635578413,1.0461597235110098,0.8760703343540229
2025-11-06 09:30:00,0.32,0.7009794314167758,0.7507564,0.5899164782799422,0.928767091464908,0.6458720028076539
2025-11-12 09:30:00,0.6,0.8310827004218286,0.54279655,0.5807707403937266,0.8788053288082628,0.7068824331170037
2025-11-21 00:30:00,0.73,0.6386669990932495,0.45645556,0.4573482466662267,0.6250397385454898,0.5486999135561248
2025-11-21 06:30:00,0.86,0.6554476075768793,0.5945506,0.5842723299780417,0.6058747710275738,0.6201317221422468
2025-11-21 18:30:00,1.58,0.8710809580844148,0.7078327,0.7025675995259273,0.8872111448424661,0.7874676773804155
2025-11-23 03:30:00,1.6,1.4452965277777787,1.3621638,1.343975902618585,1.3473044398889595,1.395023066106786
2025-11-23 06:30:00,1.67,1.5346242357737838,1.4465467,1.5456491911182564,1.4990450138655778,1.5400946192131268
2025-11-24 00:30:00,1.65,1.8030305968555984,1.5506841,1.3855269728920303,1.693648091209576,1.59587284981392
2025-11-24 03:30:00,1.57,1.6628113761238217,1.6093646,1.473518863525178,1.6129398574718428,1.5688878550067562
2025-11-24 18:30:00,1.5,1.6132442416909638,1.4719054,1.509452369468708,1.4404143939051024,1.561744591923429
2025-11-25 03:30:00,1.52,1.631256569144888,1.3797109,1.6809354570577868,1.3841721335354698,1.6559063348112817
2025-11-25 15:30:00,1.48,1.5107479140822964,1.4186376,1.4651538120412655,1.4767102663994045,1.4881249452861438
2025-11-25 21:30:00,1.45,1.494571965939249,1.4374417,1.451207914362174,1.4721159123926304,1.4730555078495584
2025-11-26 00:30:00,1.58,1.438809556749327,1.3904712,1.36656571706166,1.4403554391779123,1.4029634701327394
2025-11-27 00:30:00,1.67,1.5432754719749808,1.5035211,1.462025212815424,1.5236922003528637,1.502960562910826
2025-11-27 09:30:00,1.7,1.6295058687020156,1.5249089,1.4972487379496604,1.5857634368819442,1.563882272488045
2025-11-27 12:30:00,1.69,1.7213859713449506,1.6001269,1.5371402717855296,1.730410136521609,1.6299665875788871
2025-11-27 18:30:00,1.68,1.72847308224123,1.5486892,1.5577288508953022,1.6632683046253445,1.6437528828087284
2025-11-28 09:30:00,1.68,1.695515538929148,1.582445,1.6107867586813105,1.7903354881836284,1.6534746506151745
2025-11-28 12:30:00,1.68,1.753209373918982,1.5828431,1.6124328257802292,1.7073404145890194,1.6833585968841143
2025-11-28 15:30:00,1.6,1.7368998741374275,1.5646844,1.582233270032933,1.6775003198326246,1.660157102554515
2025-11-29 06:30:00,1.66,1.5424280227082383,1.5239481,1.5684342682691723,1.405614169456459,1.5553318513942518
2025-11-29 09:30:00,1.61,1.632709608848517,1.569365,1.58935966100165,1.6263820740828576,1.6112001487746688
2025-11-29 15:30:00,1.5,1.5513170155777636,1.5365003,1.5712034042469178,1.5130770702381158,1.5611842819607173
2025-11-30 00:30:00,1.16,1.4287694671849025,1.3952687,1.41562435575116,1.4545615888263916,1.4222471006402144
2025-11-30 18:30:00,1.09,1.4626820317107778,1.2352352,1.2433547805826246,1.2583234665852654,1.3538558165579306
2025-11-30 21:30:00,0.85,1.0685170648007918,1.0001358,1.0956457628578256,1.0983808367378016,1.0819778341141606
2025-12-01 12:30:00,0.86,0.9235767175352472,0.9195712,0.934473713957162,0.867430101644285,0.928983610071543
2025-12-01 15:30:00,0.79,0.8964545851358381,0.87528545,0.8907299587209705,0.9812312252035654,0.8936141290470958
2025-12-01 18:30:00,0.73,0.8124597883466965,0.9360764,0.9276825739013972,0.8064265670593813,0.8696312505648569
2025-12-02 03:30:00,0.64,0.7151145081701874,0.73313403,0.7432459647340007,0.7286134741938404,0.729072828118253
2025-12-02 12:30:00,0.74,0.6862313902720966,0.6219377,0.69735768971797,0.712368838650791,0.6917520588215971
2025-12-02 15:30:00,0.68,0.8020989765111807,0.7496061,0.7909959434234253,0.7770544900329825,0.7965898523077717
2025-12-02 18:30:00,0.64,0.9906076916770296,0.67389035,0.6972463992294342,0.8092518196774735,0.8450471242363459
2025-12-02 21:30:00,0.46,0.6457192308433054,0.64754266,0.6729538464710129,0.7332487790238327,0.6592325545395669
2025-12-03 00:30:00,0.64,0.6482169953903767,0.5778111,0.5406488780183434,0.5512348172752023,0.5948436410784875
2025-12-03 06:30:00,0.5,0.701410872853124,0.56813073,0.6513341736572834,0.6500749076425731,0.6765637204231383
2025-12-03 09:30:00,0.54,1.659814198697264,0.61986387,0.6152243381632815,0.5793890800369664,1.1415076028491675
2025-12-03 12:30:00,0.61,0.6058540681865953,0.50423574,0.5230690766493036,0.6283036600939552,0.564777652674508
2025-12-03 15:30:00,0.47,0.6054770956594546,0.5630505,0.5867846892738227,0.6351756752910366,0.596202261690653
2025-12-04 03:30:00,0.46,1.0666842635518643,0.512013,0.5292014409044483,0.5758254847393569,0.7999950081240919
2025-12-04 09:30:00,0.48,0.5175044691976862,0.51015615,0.5172657099105604,0.5749879099410178,0.5173860011577283
2025-12-04 21:30:00,1.14,0.4835761338153757,0.5411764,0.5769576488145975,0.4530008867653212,0.5299103526155111
2025-12-05 12:30:00,1.15,0.9839678187388816,0.93966377,0.95157372852031,0.9607010165545488,0.9678944570673437
2025-12-06 00:30:00,1.09,1.1674632177253317,1.0647452,1.100920237865475,1.1765211635839583,1.134445794646842
2025-12-06 15:30:00,0.9,1.023351999361947,0.9619451,0.983279216083582,1.04367794006501,1.0034686090746332
2025-12-07 06:30:00,0.69,1.102905062077188,0.95814526,0.9850728653733692,1.039015180088154,1.0444388572418857
2025-12-07 15:30:00,0.78,0.7830065508127133,0.83890665,0.8371278493497956,0.7702919676248813,0.8098605602832762
2025-12-07 18:30:00,0.82,1.0219982171451751,1.1023661,1.775049608889092,0.8398236819356886,1.3956486976829985
2025-12-08 09:30:00,0.7,0.8893499801339031,0.80529755,0.812509199572788,0.8530521377553688,0.8512229745983687
2025-12-08 15:30:00,0.8,0.7168965755701387,0.6924112,0.7126579623613406,0.686385687878868,0.7147934523575068
2025-12-09 09:30:00,1.01,0.8598463803923733,0.7905403,0.8254580513676212,0.8501916147895768,0.8427835134939599
2025-12-10 09:30:00,0.98,0.9681388033397808,0.91167593,0.8830364260535061,0.9066125808761528,0.9259125429323884
2025-12-10 15:30:00,0.57,0.9921335811099098,0.9375251,0.9549814453020417,1.0276012004295376,0.9736993632732376
2025-12-11 12:30:00,0.74,0.8078926228483486,0.7457075,0.7177760017978856,0.6341550471223526,0.7631783853751628
2025-12-13 09:30:00,0.98,0.8259196880551706,0.761387,0.7595649505986983,0.7344995663163639,0.7929956674525989
2025-12-14 09:30:00,0.54,0.929290217022718,0.8398876,0.8814235717609761,0.9475921105795168,0.9055396533827458
2025-12-17 15:30:00,0.55,0.644522249226369,0.6696246,0.6807110399177247,0.659297729606828,0.6624784726397452
2025-12-18 15:30:00,0.5,0.7806115717159967,0.6871964,0.7363115778872049,0.7146284433165201,0.7586307160089009
2025-12-18 18:30:00,0.43,0.8514399867724868,0.6652637,0.6673337096623532,0.82871537415217,0.7600897819040991
2025-12-19 09:30:00,0.4,0.5638935914134217,0.5083701,0.514459452588215,0.5313008248227732,0.5393652658176922
2025-12-19 12:30:00,0.56,0.4591121157404747,0.55268604,0.4989562566063193,0.476847449037411,0.4788820577980312
2025-12-19 15:30:00,0.98,0.6274162618334329,0.6883044,0.6354419301230688,0.5978721144355043,0.6313984532826977
2025-12-21 09:30:00,1.0,0.8387704423958648,0.93570286,0.9538923118015707,0.9161891574190923,0.8958918318461115
2025-12-21 15:30:00,0.53,1.0055829469640871,0.89398676,0.8184366096855042,1.0642215634346222,0.9127243192240886
2025-12-24 09:30:00,0.66,0.6807404069443328,0.71778625,0.7054710851427776,0.6465665775141822,0.6930113221755969
2025-12-25 09:30:00,0.33,0.6873342644646793,0.63964146,0.6793321761163434,0.6455001439593735,0.6833637729558094
2025-12-29 09:30:00,0.25,0.756311943432787,0.58189005,0.5953583147725767,0.5136465914799513,0.6764496639754436
2026-01-01 09:30:00,0.32,0.3741566532274782,0.37478602,0.3717185704640367,0.4361862832858982,0.3729469206565825
2026-01-10 12:30:00,0.26,0.7165447064282442,0.51883787,0.4859700306851524,0.7886247693461725,0.6021377226077337
2026-01-10 15:30:00,0.4,0.4731863392968237,0.34554434,0.4142328452295981,0.5576392840555171,0.4439346818015893
2026-01-10 18:30:00,0.39,0.5381650416656434,0.36958227,0.3267655226235754,0.5709662881875258,0.4332724237891801
2026-01-11 09:30:00,0.53,0.5595289392231826,0.47307438,0.4250018367878282,0.5288199197009008,0.49277902411589497
2026-02-20 06:30:00,0.76,0.7591706730769231,0.5509964,0.6073068280191629,0.6334363432872119,0.6838185798409675
2026-02-21 21:30:00,0.34,0.6789473500571249,0.6436565,0.618173280731221,0.6676039037737087,0.648792356046324
2026-04-15 09:30:00,0.35,0.6016539034616681,0.5758653,0.5921186544316095,0.6658818571282252,0.5969226853520004
2026-05-10 06:30:00,0.45,0.5549679591613631,0.46223852,0.4536939897119295,0.6356733883511683,0.504717647209716
2026-05-11 21:30:00,0.67,0.8574722222222223,0.63481027,0.5819363869049807,0.8815985151033802,0.7207563242099274
2026-05-12 15:30:00,0.78,0.8241272123015871,0.6058864,0.6507563614720855,0.8873558153660964,0.7381037317876252
2026-05-12 21:30:00,0.9,1.0072883147735274,0.78236085,0.8153225691419596,0.8621298941909157,0.9120383837748887
2026-05-13 06:30:00,1.15,0.9950383047312364,0.85325325,0.8128939104468643,1.0796393992603988,0.9046615506374461
2026-05-13 21:30:00,1.16,1.3054743706633332,1.1493719,1.1567979691154715,1.301203518593205,1.2317038292473703
2026-05-14 00:30:00,1.11,1.2224056018780294,1.1896944,1.128269937633842,1.2023202843950829,1.1756971878624436
2026-05-15 00:30:00,1.07,1.1541423733629408,1.0980177,1.1804604870589268,1.15625328022938,1.1672009453769716
2026-05-15 21:30:00,1.06,1.1241290574284408,1.1391479,1.1136226235388624,1.087344822518136,1.1189159549567904
2026-05-16 00:30:00,0.36,1.064430571604599,1.10626,1.0639684439573749,1.0392615146658384,1.0642012722243066
2026-05-23 21:30:00,0.32,0.8158391764814281,0.6409302,0.5847014466878107,0.7094731765999057,0.7011528154247101
2026-05-24 06:30:00,0.23,0.5168737573095897,0.44898483,0.4632954021309222,0.6805377437115719,0.49028914651354033
2026-05-24 21:30:00,0.2,0.6601690356633049,0.36460164,0.6294335890431818,0.8792359837195987,0.6449186629463004
2026-05-25 21:30:00,0.2,0.473496558786766,0.5333613,0.4401016610398305,0.6628757653319758,0.45692661452073474
2026-05-26 09:30:00,0.64,0.5090018971890867,0.44238228,0.3893398887303363,0.6210498176195571,0.4496277728558328
2026-05-30 21:30:00,0.38,0.6186066473616472,0.42656395,0.4604300696099307,0.7493570982750009,0.5401222903380354
2026-05-31 21:30:00,1.0,0.4648232907680988,0.41421285,0.3437794903712757,0.5150606586723309,0.4047635462669191
2026-06-12 18:30:00,0.9,1.057004502174772,0.8080794,0.7457107199658796,1.0270973979531584,0.9025461576500684
2026-06-12 21:30:00,0.94,0.9459246706167596,0.81798226,0.8345970968535396,0.950957582438596,0.8906859420388793
2026-06-13 00:30:00,0.98,1.03804694984957,0.8781491,0.8643311825983017,0.9176487948477836,0.9518523280454498
2026-06-13 03:30:00,1.1,0.9341414423481552,0.9430209,0.919945879373064,0.9318362070694796,0.9270978607476161
2026-06-13 12:30:00,1.13,1.1368833102791316,1.0571238,1.0242748785550324,1.0817292822093003,1.0810090431472692
2026-06-13 15:30:00,1.13,1.1213022451367476,1.0364772,1.055191048757546,1.1267628807389451,1.0884990652119177
2026-06-13 18:30:00,1.05,1.1296812218006544,1.0755061,1.0672197016616376,1.1613209000052716,1.0986889452164246
2026-06-13 21:30:00,0.98,1.0118135075569354,0.9961599,0.9902215531131284,1.0200367829867962,1.0010999702842722
2026-06-14 00:30:00,0.95,0.9435042376990151,0.9797669,0.925934608979834,0.9415724684221674,0.9347865057012158
2026-06-14 03:30:00,0.99,0.9283405692875673,0.9364503,0.91658888380319,0.9083677024816448,0.9225095954967901
2026-06-14 06:30:00,0.76,0.9462452666648224,0.9493565,0.914262482102673,0.9569658750735492,0.9303759874209315
2026-06-14 12:30:00,0.74,0.7633885597071918,0.84975123,0.8609303799493624,0.7732294869681536,0.8117870467236198
2026-06-18 09:30:00,0.8,0.9819518173814508,0.9711579,0.9158213698401668,0.7350269591814761,0.9491390853781814
2026-06-22 21:30:00,0.9,0.8140019733410142,0.82758945,0.7716951243889076,0.8242286067718899,0.7930100800727637
2026-06-23 00:30:00,1.0,0.9167347783978386,0.85346276,0.7863434773607002,0.8368765194584078,0.8520369731422752
2026-06-23 06:30:00,0.85,1.089671259050861,0.9245568,0.9013387426363654,1.0364433117714689,0.9962240706774224
2026-06-23 21:30:00,0.75,0.941618692843504,1.0228637,0.8886574890615461,0.8870395295798054,0.9153403014084083
2026-06-24 00:30:00,0.65,0.7420314863876388,0.85159063,0.7242477529208698,0.7213071856271014,0.7332075194864867
2026-06-24 03:30:00,0.55,0.6752261802446339,0.6903469,0.6816894966732359,0.675286910459876,0.6784331609578922
2026-06-24 06:30:00,0.55,0.71982868188174,0.67481196,0.6726572929952332,0.6719372165076163,0.6964230918804222
2026-06-24 15:30:00,1.02,0.7005591883625192,0.5635932,0.5912672271099555,0.7404457775903808,0.6463304938953709
2026-06-29 21:30:00,1.0,0.9758050062203824,0.85872567,0.8093127016297733,0.966503496075267,0.8931945359415012
2026-06-30 03:30:00,0.1,0.9712927263440482,0.8467134,0.8124226841826434,0.9635187615707488,0.892464284822676
2026-07-11 09:30:00,0.2,0.9250201471367088,0.9836097,0.9153262288494408,1.1915486266930748,0.9202102002113814
2026-08-01 15:30:00,0.31,0.6815590482002536,0.4493792,0.551415377478004,0.7864694436090223,0.6169841126281785
2026-08-01 18:30:00,0.45,0.6689255796151925,0.36949888,0.5613305688427733,0.7033978770739061,0.6155388812844387
2026-08-01 21:30:00,0.35,0.4777471105454874,0.2598255,0.3135486333384539,0.6826861143408703,0.3962747959270839
2026-08-02 00:30:00,0.3,0.5416434944895805,0.43849495,0.3865545806539066,0.6460497983182006,0.46469118045615143
2026-08-02 03:30:00,0.39,0.6032051645975819,0.40829068,0.4319601774502768,0.7748891218370918,0.5182364991933447
2026-08-02 09:30:00,0.45,0.6339631419361454,0.48752758,0.4414490434024734,0.7516063562753125,0.5384411281452538
2026-08-03 00:30:00,0.39,0.5807368586736431,0.44475237,0.4232063246962383,0.713437281180099,0.5025730568861899
2026-08-03 03:30:00,0.35,0.5127677498856414,0.38942724,0.3986489888240611,0.6311777837579323,0.45614408465305534
2026-08-03 06:30:00,0.67,0.516811307687569,0.39373353,0.3865128748976139,0.6410616432036549,0.4521595819765988
2026-08-03 15:30:00,0.74,0.8574027799231115,0.59841436,0.5875153577196839,0.9442349300004088,0.723489522338006
2026-08-03 18:30:00,0.75,0.8610108304274184,0.87900764,0.7949008251721522,0.9764248802266176,0.8282082415167422
2026-08-04 00:30:00,0.81,0.9015649022307928,0.836989,0.8135833905927897,1.1112054029234588,0.8579100674314657
2026-08-04 00:30:00,0.82,1.045451619828997,0.9333355,0.9602958950862364,0.9695694537770448,1.0031988893785637
2026-08-04 03:30:00,0.95,1.075944697810029,0.99562454,0.965463732223598,0.963812396494078,1.0211260408973135
2026-08-04 06:30:00,0.96,1.1573186275052492,0.96805924,0.9198412310403784,1.1621292316583776,1.0394866385084809
2026-08-04 09:30:00,0.9,1.0209059365390851,1.0171393,1.0282615163140574,1.099895752320542,1.0245556421869133
2026-08-04 15:30:00,0.87,0.9934604755221362,0.9939159,1.0091207511707754,1.026075111050882,1.0012308210597998
2026-08-04 18:30:00,0.83,0.8903675577612291,0.94622296,0.9768048051633572,0.8621264406048931,0.9332561565770121
2026-08-04 21:30:00,0.73,0.8871809937356165,0.9648893,0.9400796802973104,0.864485714556952,0.9134283652567332
2026-08-05 03:30:00,0.62,1.100609535795378,0.86731404,0.8239649942558255,0.8577586866951783,0.9633435178081603
2025-06-10 09:30:00,1.44,0.3436189194139196,0.3159728,0.3435149067752715,0.4709815043015822,0.34356731022384446
2025-10-21 18:30:00,1.39,1.5805999999999996,1.357023,1.2786887917001688,1.505352808580307,1.4307971189512796
2025-10-21 21:30:00,1.35,1.662018846802262,1.5391978,1.4270968654939171,1.7982979638646688,1.5454548085877082
2025-10-22 00:30:00,0.98,1.527905689227702,1.4683126,1.4492355418723883,1.422325017435142,1.4888709849756838
2025-10-23 00:30:00,0.88,0.9804752527225804,1.2686574,1.162587505568119,1.0024282279690249,1.0708360588157466
2025-10-23 18:30:00,0.61,0.9965579455561556,1.0995141,1.0624439225499098,0.9717611140254518,1.0292493756953511
2025-10-24 18:30:00,0.66,0.9113074376009828,0.86524624,0.8675070744873318,0.8630573759259174,0.8895744896181811
2025-10-25 18:30:00,0.63,0.8233300423099008,0.8298292,0.828978209072657,0.8436247143650593,0.8261325605021508
2025-10-27 09:30:00,0.51,0.7374099068500936,0.87827694,0.8374916763045214,0.686322998224727,0.7870686707269146
2025-10-30 09:30:00,0.4,0.6994084531668832,1.0310293,0.8151341104715037,1.0306189666581302,0.7568294312521762
2025-11-06 09:30:00,0.6,0.4621389653799769,0.563783,0.5624663625112687,0.5197800267789874,0.5119196052675189
2025-11-12 09:30:00,1.16,0.9613244011544018,0.52600276,0.473051424299431,0.9018074593653992,0.719052181176173
2025-11-21 00:30:00,1.14,0.9864779863054792,0.9102916,0.9673850823492176,1.1302180295166977,0.9770044326857208
2025-11-21 06:30:00,1.05,1.2439374421760292,1.1062089,1.1539800120058126,1.200507919228412,1.1993021923384197
2025-11-21 18:30:00,2.06,0.9868643463957834,1.0116739,1.0222053327388902,1.0826655400206548,1.0043999046253511
2025-11-23 03:30:00,1.59,1.7293355280830276,1.6286019,1.6919006449372642,1.7896112291762996,1.7107610161311946
2025-11-23 06:30:00,3.59,2.029389371728474,1.6257336,1.5987353582592254,1.8832361836837437,1.8157066392582737
2025-11-24 00:30:00,3.06,2.569945634920635,2.3878083,2.4539318273985744,2.7848595909090887,2.5123816819090696
2025-11-24 03:30:00,1.75,2.567847450530945,2.4191916,2.582475227079192,2.620498018234697,2.5751054886892635
2025-11-24 18:30:00,2.17,1.9057570558973984,1.7717828,1.8543540732110255,1.84049736487348,1.8802518255872043
2025-11-25 03:30:00,1.64,2.3311489840787063,2.1600015,2.2012264349964163,2.389092971073038,2.2666837650650677
2025-11-25 15:30:00,1.62,1.882223571120731,1.7947292,2.12549436161674,1.8843086780990757,2.0029301374536708
2025-11-25 21:30:00,1.61,1.8349341461301767,1.7116252,1.7539632454610503,1.8717225452764064,1.794757849696363
2025-11-26 00:30:00,2.65,1.8834805503908207,1.7935212,1.737698217090708,1.9254080887364549,1.8111459932958964
2025-11-27 00:30:00,5.42,2.334048815197617,2.061882,2.0853535872905766,2.228781270965229,2.210650741130277
2025-11-27 09:30:00,5.52,4.639649999999999,3.915318,4.230039280775837,4.0470257002801135,4.436408569535185
2025-11-27 12:30:00,4.37,5.463947078556285,5.095092,4.963170694320324,5.38358517618538,5.215470893978178
2025-11-27 18:30:00,3.7,3.792446158055239,3.6175861,3.877070187188679,3.9095821476222894,3.8344350707608266
2025-11-28 09:30:00,3.33,3.776174028795221,3.3368235,3.3145411872859527,3.613962086139014,3.5471201621493753
2025-11-28 12:30:00,3.08,3.254455750738521,3.538776,3.2911608373454078,3.305807399022383,3.2726681508472097
2025-11-28 15:30:00,2.42,2.9870850384386864,3.057117,3.1510680408258724,2.953367874147349,3.0684504383486613
2025-11-29 06:30:00,2.22,2.4345972851571767,2.6487308,2.4471613548012656,2.545355426916638,2.440831349274836
2025-11-29 09:30:00,2.1,2.4276278625090315,2.4007347,2.2721428303595674,2.459160474393446,2.3504790017326833
2025-11-29 15:30:00,2.04,2.145094902074178,2.158198,2.0562064611892747,2.2177140049215343,2.1009900653856923
2025-11-30 00:30:00,1.74,2.0106950556198004,1.9123933,1.8979684362078917,2.052773498568662,1.9547621458948452
2025-11-30 18:30:00,1.7,1.7965546102334615,1.8653817,1.7935007084582428,1.742156068682604,1.7950393194069172
2025-11-30 21:30:00,1.5,1.7162551029797362,1.6798033,1.7212854686113073,1.7658339879492626,1.718751079424537
2025-12-01 12:30:00,1.48,1.8578653804161576,1.5639272,1.5874314061761643,1.9303952996511828,1.7236809335957082
2025-12-01 15:30:00,1.45,1.6183741048186029,1.5225028,1.573561508047286,1.791459807918398,1.5961389048026065
2025-12-01 18:30:00,1.43,1.6352925816720938,1.4578197,1.523862089254966,1.780390297434108,1.58000278671958
2025-12-02 00:30:00,1.42,1.4042231296300474,1.371149,1.4187264351313462,1.4417658397294315,1.4114194075061128
2025-12-02 03:30:00,1.33,1.4111607944306146,1.3663175,1.4350909760170365,1.43625603565332,1.4230345177211552
2025-12-02 12:30:00,1.29,1.4284329538380351,1.3053427,1.3346874918281375,1.4082960268668616,1.3819181511137208
2025-12-02 15:30:00,1.26,1.424278293909529,1.2846243,1.3255224237341083,1.3394845081481837,1.3752774172741065
2025-12-02 18:30:00,1.25,1.3267756801573185,1.2158413,1.2562855489392677,1.3672978289311752,1.2917997519649491
2025-12-02 21:30:00,1.4,1.3522116685335996,1.2107102,1.242437727566822,1.309139705137859,1.2977438244495725
2025-12-03 00:30:00,1.25,1.3838830588642688,1.2868838,1.3441109854818585,1.4562833618199575,1.3641488753885453
2025-12-03 06:30:00,1.31,1.3538222958836206,1.2070645,1.250719001837984,1.3170159219172255,1.3026643061533718
2025-12-03 09:30:00,1.4,1.4996849717036096,1.3014146,1.303427805658974,1.3220187711144618,1.4023057155126764
2025-12-03 12:30:00,1.39,1.5284912425060342,1.3902346,1.4300870678277156,1.497026618626477,1.4796648708153417
2025-12-03 15:30:00,1.39,1.4479778662237248,1.3818305,1.4144897797039082,1.4411193123560997,1.4313616833740461
2025-12-04 03:30:00,1.39,1.4451438002762398,1.3402516,1.4090954106167632,1.4263920745586132,1.4272572413155218
2025-12-04 09:30:00,1.38,1.4550254394250886,1.3899981,1.4481192487871828,1.4408740475670732,1.451598712539207
2025-12-04 21:30:00,1.35,1.410840512635551,1.3411276,1.374003803281169,1.403673863441825,1.3925628037001458
2025-12-05 12:30:00,1.35,1.4262326662603788,1.3694456,1.3892719804974518,1.422950176155462,1.40789344247335
2025-12-06 00:30:00,1.38,1.465791824059892,1.4411266,1.4177859991401398,1.4734182210227145,1.4419722019908845
2025-12-06 15:30:00,1.36,1.5761797734487686,1.4484497,1.4210797987167338,1.414329716965513,1.4992219711986179
2025-12-07 06:30:00,1.34,1.3944505691907256,1.3917544,1.3899364558672618,1.3978827373903058,1.3922107478040227
2025-12-07 15:30:00,1.32,1.426295766363164,1.2861043,1.3292714163538946,1.4092555563398372,1.3781540387170885
2025-12-07 18:30:00,1.25,1.400388971775061,1.2931864,1.3017970592149393,1.5021468513170186,1.3514694479429346
2025-12-08 09:30:00,1.23,1.3345769025482332,1.2537165,1.2882874373203212,1.2956191666591268,1.3116089071154193
2025-12-08 15:30:00,1.21,1.3586989993536025,1.2543137,1.256576024423928,1.346743982332092,1.3080274262381766
2025-12-09 09:30:00,1.27,1.366098830856588,1.2508217,1.2428142238262905,1.312034479671385,1.3049272386321724
2025-12-10 09:30:00,1.16,1.3837089260389994,1.2938538,1.3096815351761992,1.342401918455062,1.3469778735874651
2025-12-10 15:30:00,1.11,1.3818937661952393,1.2621987,1.2329437504756824,1.2256823283270109,1.3079874623759973
2025-12-11 12:30:00,1.27,1.1188373383105683,1.1730375,1.136789436870358,1.1394180435116938,1.127744844925746
2025-12-13 09:30:00,1.13,1.3280269359978396,1.246871,1.2516217876366729,1.279822585789092,1.2901160832808685
2025-12-14 09:30:00,0.92,1.156136606411095,1.1759622,1.180052932765104,1.1537816037057786,1.1680034549859046
2025-12-17 15:30:00,1.06,1.0600374850958263,1.0270332,1.0203092916623155,1.071372317981964,1.0403250740571133
2025-12-18 15:30:00,1.19,1.1652795235833997,1.067244,1.1114447137097063,1.207239629941909,1.13856766460604
2025-12-18 18:30:00,1.1,1.3749766464437263,1.2480634,1.2250887453732275,1.3500876700277065,1.3006049808763873
2025-12-19 09:30:00,1.11,1.1039515222601104,1.1445013,1.152125002461407,1.1631118389780568,1.1278543318475267
2025-12-19 12:30:00,1.08,1.1431696483502296,1.2013417,1.1572632281339803,1.1486527750884803,1.150162627735742
2025-12-19 15:30:00,1.01,1.100267914097275,1.0853626,1.075479214981396,1.1153198424401654,1.0879682099361738
2025-12-21 09:30:00,1.01,0.9960611303888934,1.0542599,1.049519919117277,1.0243681976347314,1.0225864144748473
2025-12-21 15:30:00,1.01,1.0352225181139192,1.0267981,1.0133138833469946,1.0165070807946872,1.024351849792556
2025-12-24 09:30:00,1.0,1.050679844065864,1.0384365,1.03161155696486,1.0130127947353416,1.0412185048844522
2025-12-25 09:30:00,0.96,0.9838198093518636,1.0350118,1.011837509019062,0.9952469941501652,0.9977216851852904
2025-12-29 09:30:00,1.79,0.961999878402461,1.0209373,1.0043225425925428,1.012028964083092,0.9829996189057527
2026-01-01 09:30:00,1.19,1.5623379166666675,1.4023033,1.452462071448183,1.5961857847392886,1.5078195095360323
2026-01-10 12:30:00,1.19,1.8914470218399055,1.5380384,1.5168340352221548,1.897585829606829,1.7055708333087622
2026-01-10 15:30:00,1.14,1.1901776698994866,1.1468817,1.1583532263294545,1.2784785129007326,1.1743869565920537
2026-01-10 18:30:00,1.03,1.4961732756481378,1.3337669,1.2785563499254304,1.3071200621064782,1.3881956930277144
2026-01-11 09:30:00,0.62,1.026730947318328,1.0459787,1.0785420717774814,1.089724900344103,1.0524386901943292
2026-02-20 06:30:00,1.12,0.9566251858847268,0.923232,0.9172707756583078,0.909744035927727,0.9370982393129519
2026-02-21 21:30:00,1.3,1.2184247739318872,1.0985938,1.158700863837084,1.2277853140426556,1.1887908499378792
2026-04-15 09:30:00,2.57,1.5768186626251244,1.4719157,1.3704322537882263,1.4697058865403363,1.4744134593629716
2026-05-10 06:30:00,2.2,2.054665833333332,1.750101,1.894620516099946,1.8363278712144997,1.9752542415778263
2026-05-11 21:30:00,1.95,1.974966671951504,1.9934036,2.040909632693923,2.080278089589016,2.0076863763961517
2026-05-12 15:30:00,1.86,1.9268690573008775,1.9534417,1.922570223771105,1.9140852066207124,1.9247360538541511
2026-05-12 21:30:00,1.79,1.8653361373767112,1.8743329,1.876537455221092,1.827538275786469,1.8708940286987326
2026-05-13 06:30:00,1.74,1.815928191691877,1.8414589,1.852002762051845,1.777845857364708,1.8338277410426618
2026-05-13 21:30:00,1.73,1.7593024640979644,1.8616028,1.787941740881002,1.7291311468244013,1.773512755254131
2026-05-14 00:30:00,1.44,1.7584962707501548,1.7280145,1.7144432264531178,1.7154037340444503,1.7366379469342688
2026-05-15 00:30:00,1.23,1.4189393506621326,1.48602,1.522600459419543,1.5155118066867863,1.470374117963461
2026-05-15 21:30:00,1.22,1.2923839216476318,1.3802903,1.407772263694686,1.2895773234586798,1.3496375300029646
2026-05-16 00:30:00,0.7,1.279295822946144,1.3299427,1.351182433109667,1.24937447254791,1.3149646587338741
2026-05-23 21:30:00,0.69,0.9023333995558528,0.906157,0.919358267060311,0.8623716942218352,0.9107808308917167
2026-05-24 06:30:00,0.69,0.7452632523094738,0.78994304,0.8047242670402349,0.7438810920379434,0.7747667323786943
2026-05-24 21:30:00,0.68,0.7861512325154384,0.73881894,0.7376340027389094,0.7837551817314116,0.7620778606060098
2026-05-25 21:30:00,0.67,0.7045026111932182,0.6992027,0.7172413206678219,0.6783977518153066,0.7108233284361603
2026-05-26 09:30:00,0.67,0.7039214597493125,0.7130451,0.7260196687918076,0.6667687811152243,0.7148861913974831
2026-05-30 21:30:00,0.64,0.6689475605125995,0.6992027,0.7172413206678219,0.6401476166552038,0.6929100508377134
2026-05-31 21:30:00,0.5,0.6770938885940021,0.79671943,0.6867139454130008,0.6696994508909281,0.6818671867946677
2026-06-12 18:30:00,0.61,0.8394582952532308,0.8970733,0.8582123132907126,0.7441071607260054,0.8487636998093424
2026-06-12 21:30:00,0.66,0.7836514360918225,0.8311758,1.007503521247039,0.9062573479290182,0.8947227920505987
2026-06-13 00:30:00,0.7,0.7783749931952245,0.7938871,0.8763223803325697,0.7934393704070595,0.8269747151697624
2026-06-13 03:30:00,0.57,0.8364362618277406,0.7180191,0.6742007169206996,0.80926700024654,0.7559379187140665
2026-06-13 12:30:00,0.53,0.5899096449885702,0.7757212,0.8756042667692885,0.6524811652861954,0.7316661491074001
2026-06-13 15:30:00,0.48,0.5715208399196551,0.55839485,0.5393028954294051,0.5564508771985911,0.555534878572655
2026-06-13 18:30:00,0.46,0.4928863974429332,0.57397366,0.58464260374259,0.4953491748857705,0.5384141674624504
2026-06-13 21:30:00,0.45,0.4675401265388259,0.4521548,0.4502286919137505,0.4647995818377345,0.45895050578070073
2026-06-14 00:30:00,0.43,0.4511663249450847,0.43045375,0.4412374436610879,0.4542491749226101,0.446239793630433
2026-06-14 03:30:00,0.42,0.4380731944255837,0.41390848,0.4362342152599807,0.4314468129480073,0.43716072622426294
2026-06-14 06:30:00,0.43,0.4168343247960427,0.38853577,0.4019205886613272,0.4164299164453065,0.4094343986629193
2026-06-14 12:30:00,0.36,0.4204970839413117,0.41024348,0.4003641251747569,0.4222799254448046,0.4105074739356116
2026-06-18 09:30:00,0.34,0.3806029076525375,0.3867642,0.3849939418032551,0.371709409863144,0.38278165937979214
2026-06-22 21:30:00,0.34,0.3453748412609676,0.37296054,0.3836661753363127,0.340900989386925,0.3643743086738802
2026-06-23 00:30:00,0.33,0.3382302965737914,0.3265665,0.328694505760348,0.3308614407703015,0.3334988096410072
2026-06-23 06:30:00,0.37,0.3316167321760047,0.33934388,0.3194362316039202,0.3204733969090629,0.3255729880944609
2026-06-23 21:30:00,0.37,0.3722659859863169,0.3133414,0.3216686261543255,0.3669465750343303,0.34716049116558906
2026-06-24 00:30:00,0.37,0.3747171300583085,0.31498146,0.3179852777188908,0.3664998148574173,0.34656781100674383
2026-06-24 03:30:00,0.37,0.3665055512061564,0.33646527,0.3771287549050757,0.3701569171468774,0.3717765927452472
2026-06-24 06:30:00,0.38,0.3660035307218228,0.33391222,0.3718846801242573,0.3692698430415874,0.36892165068604643
2026-06-24 15:30:00,0.4,0.3903716463498771,0.38732463,0.3840807805774489,0.3779482465403614,0.3872502325331875
2026-06-29 21:30:00,0.41,0.3843355425085532,0.38255775,0.3781312150707145,0.3867597872237328,0.38125706744831345
2026-06-30 03:30:00,0.22,0.3907158292151672,0.38199732,0.3790443762965207,0.3969623311385121,0.3849246653723814
2026-07-11 09:30:00,0.03,0.2456219235479979,0.27696228,0.2770250375106879,0.316876921498021,0.261203580724635
2026-08-01 15:30:00,0.02,0.3213417843493996,0.24017408,0.2072061080020747,0.253060314876509,0.26470972605796494
2026-08-01 18:30:00,0.02,0.3288593353275973,0.1602195,0.1534910149179776,0.1676427211913135,0.2418447465351654
2026-08-01 21:30:00,0.02,0.2584461726363972,0.054331403,0.077884384585883,0.1092841239630807,0.16885467913207844
2026-08-02 00:30:00,0.01,0.0402843893539624,0.0363164,0.0484876233831653,0.0272044643262629,0.04435468571166201
2026-08-02 03:30:00,0.02,0.0229611198958272,0.028484853,0.0560653740075322,0.0010193743405907,0.039386852046776
2026-08-02 09:30:00,0.02,0.0304115130581092,0.058484748,0.0662934619409461,-0.0075373577233209,0.04821548711578537
2026-08-03 00:30:00,0.03,0.0538008961987259,0.34494162,0.0714380171658496,0.0312098535204021,0.06255211662925733
2026-08-03 03:30:00,0.05,0.0343379911342771,0.04490849,0.0613220892811875,0.042127865053283,0.047727012587545414
2026-08-03 06:30:00,0.11,0.1093711679571975,0.03746353,0.0504902518589332,0.1013553131740406,0.0801555223374821
2026-08-03 15:30:00,0.1,0.135546042054065,0.06429723,0.0736849018474155,0.1356183146055064,0.10485166313351904
2026-08-03 18:30:00,0.11,0.1019231442239129,0.08488524,0.1403806146305669,0.1064079383655744,0.12100504547960028
2026-08-04 00:30:00,0.04,0.1176612055709432,0.12564498,0.1332592302735313,0.1104289967428824,0.12540066331507657
2026-08-04 00:30:00,0.11,0.0213434504812531,0.11348564,0.10561556364708,0.033554024965972,0.06315774884863068
2026-08-04 03:30:00,0.09,0.145681639609805,0.09219352,0.0864767663237839,0.1109205573520935,0.1163052522927684
2026-08-04 06:30:00,0.08,0.064543507502912,0.12702674,0.1355929061170798,0.0616171003506919,0.09979693406205842
2026-08-04 09:30:00,0.06,0.0591285952770672,0.13822484,0.1510650688313121,0.0682514791023485,0.1047458106479118
2026-08-04 15:30:00,0.05,0.1258780178504462,0.124806106,0.1259787659363935,0.0457801112501778,0.12592800722851547
2026-08-04 18:30:00,0.05,0.2014218004481973,0.07627775,0.1121005064422912,0.0833149682929674,0.1571021898698577
2026-08-04 21:30:00,0.03,0.1784702780636176,0.06909271,0.0575476080176426,0.0919067986501102,0.11847063625170769
2026-08-05 03:30:00,0.04,0.0779282144448829,0.07750546,0.0588330996973325,0.0313251457934133,0.06845356387047244
2025-06-10 09:30:00,2.72,1.470349227933671,1.2286361,1.20877808649133,1.2655694694515092,1.3405623584500088
2025-10-21 18:30:00,2.65,1.6979921309523818,1.8861762,2.0075979464704665,1.9812489743589763,1.8516129369344743
2025-10-21 21:30:00,2.6,1.935530205627705,2.4584777,2.445106369870421,2.136926375700281,2.188372681888157
2025-10-22 00:30:00,1.84,2.315615264822091,2.413081,2.430690230446713,2.4312464250541224,2.3727133814644876
2025-10-23 00:30:00,1.52,2.119570419266166,2.3204408,2.199151519454095,2.300825590726099,2.159057121837802
2025-10-23 18:30:00,2.18,2.4444221951966094,2.6058102,2.155059355793195,2.7487811050847126,2.300845587838525
2025-10-24 18:30:00,2.7,2.43248181329531,2.7665038,2.5767550681392595,2.434027702747013,2.504067592954196
2025-10-25 18:30:00,1.67,2.492521253661996,2.8842437,2.759553040879096,2.451266643217037,2.6250175968152574
2025-10-27 09:30:00,1.5,1.913524119525336,2.1361773,1.9769127232036905,2.292521285225705,1.944976398194111
2025-10-30 09:30:00,1.35,2.1135675841184502,2.4172056,2.170308189746337,2.8973758556763483,2.1417212463934368
2025-11-06 09:30:00,1.46,1.461668648267448,1.6127311,1.6128366874497309,1.3939432464814916,1.5366754952126673
2025-11-12 09:30:00,1.65,1.591201500177412,1.9257164,1.8509922235209229,1.5847186803984166,1.7201049584019226
2025-11-21 00:30:00,1.65,1.6531724033657582,1.6542928,1.633267150852934,1.6878614264927163,1.6432957770847554
2025-11-21 06:30:00,1.64,1.7099796232050586,1.6233088,1.6187945576631717,1.7201613535058664,1.6647352428996234
2025-11-21 18:30:00,1.7,1.7075228733670775,1.6311877,1.6064034599859318,1.7358644974436814,1.6573492493411401
2025-11-23 03:30:00,1.77,1.7643113124775245,1.6956295,1.608595095527757,1.7847368626346378,1.6870477419845844
2025-11-23 06:30:00,1.75,2.042857245318225,1.7251436,1.6852511533595382,1.993677123186692,1.8654195703221266
2025-11-24 00:30:00,1.75,1.9869340356685472,1.6769382,1.8281618160277624,1.9999185533447084,1.9081541319126418
2025-11-24 03:30:00,2.55,2.008365840506552,1.9226813,1.923203829225954,1.9270500246876476,1.9661099907897452
2025-11-24 18:30:00,2.74,2.376009926567383,2.2161474,2.391740991738448,2.313485918368789,2.3838153965857414
2025-11-25 03:30:00,2.72,2.267412350818874,2.242204,2.428292849681194,2.1764147108445617,2.3472383445931646
2025-11-25 15:30:00,2.6,2.464431217125158,2.579712,2.52578859497967,2.582460687715338,2.4948756382778585
2025-11-25 21:30:00,2.58,2.690203786920204,2.5952954,2.551894141524415,2.572411870569622,2.621577042408819
2025-11-26 00:30:00,5.7,2.624353187878947,2.48895,2.568465999819277,2.563494064577005,2.596622975965993
2025-11-27 00:30:00,7.84,4.9097257771164005,5.056975,4.97806608630334,5.043605357142857,4.943635002499635
2025-11-27 09:30:00,8.13,7.735999999999997,7.033934,7.373494386070514,7.0543999999999984,7.5561312708170725
2025-11-27 12:30:00,8.77,7.480750000000005,7.13817,6.000673618215362,7.350766666666671,6.746362868723605
2025-11-27 18:30:00,9.72,8.427850000000003,7.87771,7.790755338173471,8.863850000000001,8.111735151598637
2025-11-28 09:30:00,10.86,9.803749999999985,9.270267,9.985113430632024,9.75224999999998,9.893739254054367
2025-11-30 18:30:00,10.75,10.472799999999983,9.653407,9.119383162042247,10.67365,9.801259043545764
2025-11-30 21:30:00,9.78,11.200957142857131,10.324441,10.48230206777212,10.60895,10.844373492537319
2025-12-01 12:30:00,9.43,10.078250000000002,9.513082,9.679735085963229,9.790583333333332,9.880514107385162
2025-12-01 15:30:00,9.28,9.68925,9.05183,9.139903495427236,9.404799999999993,9.416674200173059
2025-12-01 18:30:00,9.05,9.69098333333332,8.854047,9.159855427787663,9.076700000000006,9.427447272833387
2025-12-02 00:30:00,8.95,8.85285000000001,8.624745,8.620898433558002,8.60848750000001,8.737759827917795
2025-12-02 03:30:00,8.36,8.849775000000001,8.29667,8.27554015294428,8.584880000000002,8.564850054775414
2025-12-02 12:30:00,8.19,8.112620000000001,7.9048543,7.962415769947952,7.907980000000005,8.038091377713293
2025-12-02 15:30:00,8.03,7.76879821428572,7.627446,7.674213654649378,7.770270000000008,7.7218670664954825
2025-12-02 18:30:00,7.9,7.5461500000000035,7.482237,7.276328017929737,7.537481666666666,7.41226921262539
2025-12-02 21:30:00,6.68,7.445675,7.3637643,7.48001228752647,7.394441666666668,7.462712541030125
2025-12-03 00:30:00,7.54,6.060738170426073,6.003379,6.132127626921633,6.15270416666667,6.096160327555517
2025-12-03 06:30:00,7.4,7.02804,7.004798,7.08163929576803,7.049388333333331,7.054635001137749
2025-12-03 09:30:00,7.26,7.047148009768016,7.0396132,7.0345216260193455,7.12319211218484,7.040883026518705
2025-12-03 12:30:00,7.11,6.995935435357122,6.8314133,6.92464745781602,7.002992682351594,6.9605636302494815
2025-12-03 15:30:00,6.53,6.912387672684579,6.27988,6.729242099092446,6.891588883838372,6.821514151526083
2025-12-04 03:30:00,5.75,6.225899623675433,6.186909,6.276006983436604,5.970456630036639,6.250761989323394
2025-12-04 21:30:00,6.32,5.262044128056622,5.271871,5.322017882296671,5.193442967171708,5.2918020201967
2025-12-05 12:30:00,6.7,5.9995734993224925,5.940398,6.0609206121275445,5.7551617794486285,6.0300128271433096
2025-12-06 00:30:00,6.82,6.623445020866933,6.2683783,6.332700878756377,6.643217500000002,6.479183036088463
2025-12-06 15:30:00,6.25,6.632780021836006,6.4021688,6.416901305363672,6.83677603493451,6.525664907207538
2025-12-07 06:30:00,5.73,5.895565031094593,5.923856,5.991717227949953,5.736419492656041,5.943274012119874
2025-12-07 15:30:00,5.54,5.367985270590559,5.150231,5.291071477685389,5.324572390915607,5.329822037650439
2025-12-07 18:30:00,4.56,5.284362270194766,5.1544642,5.239797567666792,5.409428015792112,5.262250070818784
2025-12-08 09:30:00,4.23,4.21051814161792,4.3513746,4.398813509616193,4.337310983319575,4.303946897619112
2025-12-08 15:30:00,3.42,3.7759027365425,3.7603874,3.838801342023732,3.6858108464751633,3.8071118869682037
2025-12-09 09:30:00,3.45,2.9637727646254164,3.18344,3.1837043593064243,3.104073670738256,3.072898844118745
2025-12-10 09:30:00,3.8,3.441628841929189,3.5502248,3.5321726537980247,3.4250944735574005,3.4865550437600747
2025-12-10 15:30:00,4.18,3.8125474959586017,3.6817842,3.67677082468911,3.942551992170365,3.745177567396111
2025-12-11 12:30:00,4.22,4.093896796847909,3.804792,3.872109591026893,4.04075804409258,3.983849996668373
2025-12-13 09:30:00,4.36,3.9075547923002416,3.8832574,3.900855839477362,3.800043306483517,3.904230893069974
2025-12-14 09:30:00,4.0,4.29957904466011,4.2965274,4.262762053088642,4.162809784705324,4.281311119331962
2025-12-17 15:30:00,5.18,3.904271503014337,3.8632524,3.967781504138495,3.935672248513109,3.935784016900068
2025-12-18 15:30:00,5.4,5.496766599539239,4.7494473,5.150428217191461,5.261897253590519,5.32491975825892
2025-12-18 18:30:00,5.35,5.412402432228432,5.1252117,5.354064560302967,5.449692624443411,5.383456235305504
2025-12-19 09:30:00,5.36,5.263181164940851,5.2742352,5.132271761075906,5.342341793427513,5.198226286432783
2025-12-19 12:30:00,5.4,5.508781385501066,5.2333784,5.310899275020416,5.315319440943772,5.410595861270499
2025-12-19 15:30:00,5.17,5.434026187399718,5.2322955,5.310622900237334,5.425189522172112,5.372795708240266
2025-12-21 09:30:00,5.05,5.140298805299369,4.963981,4.914054463850566,5.080655133723169,5.0280404550352
2025-12-21 15:30:00,2.48,5.293659271572141,4.914705,5.023437150351121,5.118826826495564,5.1595799423880315
2025-12-24 09:30:00,1.95,2.8080177700658764,2.8356295,2.765624599582813,2.928820714792194,2.786983045615217
2025-12-25 09:30:00,1.63,2.159145463792899,2.2446783,2.444435715118775,2.136119709946485,2.3007013266056724
2025-12-29 09:30:00,2.02,2.573522071575058,2.57263,2.49517091252696,2.78644056739403,2.534645643551706
2026-01-01 09:30:00,1.88,2.1820570299330697,2.2478232,2.249832840930705,2.1270909266889344,2.2156861615245544
2026-01-10 12:30:00,1.92,1.9985984681154203,1.9601918,1.903968510932045,1.9434082031088564,1.9516447948834266
2026-01-10 15:30:00,1.95,1.9800394845117777,1.8378007,1.9865618229629525,1.8470308946632523,1.9832757508851362
2026-01-10 18:30:00,1.73,1.9844855361615863,1.9186907,1.9142799197399585,1.923905038817134,1.9496507790653321
2026-01-11 09:30:00,2.74,2.008160244233533,2.024565,1.935129041102304,1.8884952667526247,1.9719234821168794
2026-04-15 09:30:00,3.4,2.9267470283189017,2.5978913,2.5825021806764696,2.914410186307129,2.755938961094712
2026-05-12 15:30:00,1.33,3.145084922046643,3.2477026,3.170999598769176,3.3327675443188864,3.157943315931199
2026-05-26 09:30:00,1.15,1.832519569045358,1.7093624,1.6262436032502234,1.865566254319176,1.730169165623003
2026-06-12 18:30:00,1.27,1.9991885617652276,1.7951542,1.671196789760515,1.954870822417264,1.8364449767116207
2026-06-13 12:30:00,1.35,1.6126518003491048,1.6159356,1.4995307043743928,1.7068022767607485,1.5565231584883774
2026-06-13 15:30:00,1.5,1.3474455905325888,1.3509274,1.2468339010954637,1.3528181286670204,1.2975238899447379
2026-06-13 18:30:00,1.61,1.559271051052904,1.4322994,1.4601381368011717,1.6862551230528928,1.510083091966214
2026-06-14 12:30:00,1.32,1.5508560389794028,1.5560942,1.5781050255687652,1.5408756644256985,1.5643764932869173
2026-06-18 09:30:00,0.13,1.3188208077224726,1.333663,1.4050673691688864,1.331182989174531,1.361614791615867
2026-06-24 15:30:00,1.05,0.7712214650110945,0.70528144,0.6365923114223223,0.9067540871314402,0.7044209139672266
2026-07-11 09:30:00,0.88,1.6796849262356297,0.978243,0.9961606397795983,1.3064445106235811,1.340532537841372
2026-08-01 15:30:00,0.91,1.1484672643190903,1.166367,1.211809126281488,1.031243846739712,1.1798963505938007
2026-08-01 18:30:00,1.0,0.9956262120271174,0.9399963,0.9362866175400888,0.9932901668966404,0.9661829784867725
2026-08-02 09:30:00,1.01,0.9809630524993757,1.090452,1.0948421021457917,0.9763991893405748,1.0374677772632919
2026-08-03 15:30:00,1.01,0.9722259236261422,1.0975175,1.0625324790897912,1.0009862467720694,1.0170344031199066
2026-08-03 18:30:00,1.01,1.0241820184602746,1.1049032,1.383672641006713,1.0707753574498302,1.2025547634494989
2026-08-04 09:30:00,1.0,1.0208872317532027,1.0993714,1.4005721849099797,1.0826810617904112,1.2092800383470121
2026-08-04 15:30:00,1.0,0.9962516461256008,1.0911111,1.377731257803308,1.0438486297378802,1.1855349298184485
2025-06-10 09:30:00,1.71,2.2556033333333354,1.7709244,1.6605388750994736,2.054758333333336,1.9603431117764067
2025-10-21 18:30:00,1.85,2.468187435897437,2.5038972,2.504720906109372,2.115926190476192,2.4863146830548866
2025-10-21 21:30:00,1.85,2.403348066224829,2.476402,2.503405890848715,2.46423569252915,2.4529949491098124
2025-10-22 00:30:00,1.71,1.924196846110355,2.0115979,1.9818140571081304,1.9807624753685744,1.9527854641151787
2025-10-23 00:30:00,2.47,1.7639418452100395,1.9073162,1.9479642508313677,1.9099159811769248,1.8552504345626213
2025-10-23 18:30:00,2.1,2.5554112010108265,2.7107835,2.447405985605313,2.6564508188515688,2.5018209665602873
2025-10-24 18:30:00,2.97,2.164191359604719,2.349002,2.3164749033046355,2.1128359978001385,2.2397516997160434
2025-10-25 18:30:00,1.79,2.70341880116674,2.9970646,2.99762809251504,2.881008543825116,2.849400130324642
2025-10-27 09:30:00,1.45,1.8943100490407776,2.1522522,2.2333630851536017,2.028087434374384,2.0625420332855477
2025-10-30 09:30:00,1.22,1.932063828193039,2.5234902,2.028868218526521,2.6982819122454487,1.9800964158262835
2025-11-06 09:30:00,1.24,1.5101082628080449,1.6665498,1.565830716569291,1.491965096971733,1.5377567365415832
2025-11-12 09:30:00,3.8,1.4858160243577294,1.6717409,1.5571022572034612,1.4200197410423332,1.5211869637790811
2025-11-21 00:30:00,2.93,2.7851500000000016,2.2456472,2.189556558542568,2.5327670530939645,2.4896273065349783
2025-11-21 06:30:00,2.18,2.491324388528139,2.0899866,2.090433517387277,2.6969331088210065,2.2924095889709415
2025-11-21 18:30:00,3.01,2.355416569499341,2.2681036,2.1592314538777098,2.518801176492994,2.2580730634251642
2025-11-23 03:30:00,2.72,2.691740120814668,2.7082205,2.925622610322971,2.879464793316192,2.8077883819987832
2025-11-23 06:30:00,2.36,2.490572575793292,2.438811,2.51771114285283,2.4516573433800284,2.5040382419272076
2025-11-24 00:30:00,2.36,2.485312024991089,2.4634352,2.5305468871453534,2.5630584672202827,2.507756745452811
2025-11-24 03:30:00,2.1,2.4424224421816048,2.4731498,2.521832449948992,2.533240604644707,2.481824251788626
2025-11-24 18:30:00,2.03,2.2081332048755216,2.2826025,2.1903009147136165,2.2104360580773594,2.199285145020462
2025-11-25 03:30:00,2.05,2.188298953922552,2.2696242,2.2580014964156234,2.269252780854336,2.2228840948342903
2025-11-25 15:30:00,3.51,2.130493661639284,2.2105315,2.178016353585925,2.1381296158125984,2.1540735618652063
2025-11-25 21:30:00,3.9,2.741831709574849,2.548811,2.5557465661787604,2.6843231536690446,2.6494996270460867
2025-11-26 00:30:00,2.12,3.515017344322344,3.096287,3.0419939079755065,3.639659221613861,3.2803116705338105
2025-11-27 00:30:00,2.43,2.705929043570184,2.4633057,2.303220840225817,2.7058037703064435,2.5061125166427414
2025-11-27 09:30:00,2.49,2.655105260472451,2.805169,2.705470192672037,2.5581801471815515,2.6800954289057755
2025-11-27 12:30:00,2.65,2.425136501866357,2.453417,2.6823157142896523,2.5131353525379896,2.5527441756052847
2025-11-27 18:30:00,3.96,2.548270903846709,2.4081597,2.5339136426879567,2.55606381116073,2.5411470905319873
2025-11-28 09:30:00,4.12,3.887328495702792,3.2676504,3.430097863926927,3.370685119394496,3.6604589259062026
2025-11-28 12:30:00,3.92,3.938976639549287,3.6957538,3.5801130140736728,3.908074675943374,3.760914999166438
2025-11-28 15:30:00,2.69,3.669325184469494,3.6900043,3.685554490071636,3.552784490607932,3.6773778723783392
2025-11-29 06:30:00,2.58,2.598655384751717,2.6030147,2.643905073993729,2.735893964420068,2.6211074621462096
2025-11-29 09:30:00,2.54,2.584323859464277,2.6263502,2.645748394065809,2.6821954445632525,2.6148016025802203
2025-11-29 15:30:00,2.36,2.427597594351312,2.5032465,2.5965298943318773,2.400002595723396,2.5114187462117723
2025-11-30 00:30:00,2.16,2.3817783251446234,2.3952286,2.4917745583170365,2.4737361090479952,2.436356466600604
2025-11-30 18:30:00,2.11,2.140276284683898,2.3056471,2.279565105338057,2.1710618845044074,2.209388878248656
2025-11-30 21:30:00,1.95,2.2350843458725738,2.3414075,2.342004421710789,2.131712131095824,2.2881361536961693
2025-12-01 12:30:00,1.93,1.9157901553849637,1.9934239,2.0366560959280218,1.8942103542357969,1.9757616490435628
2025-12-01 15:30:00,1.95,2.019150350175196,2.1701276,2.1091508422078142,1.855966132762879,2.0638069665300915
2025-12-01 18:30:00,1.88,1.9992630357368972,2.1290123,2.049942411089727,1.8972193182480053,2.024409225175693
2025-12-02 00:30:00,1.85,2.001639268854515,2.0798497,1.9486955381475133,1.984523564771647,1.975369547243186
2025-12-02 03:30:00,1.8,2.013991861399492,2.0506074,1.9447797552048285,2.0923132434438614,1.9796500661087593
2025-12-02 12:30:00,1.78,1.93819546250063,1.9698142,1.9202812095410984,2.0480213650482977,1.9293067341878065
2025-12-02 15:30:00,1.77,1.8135686319859952,1.9504386,1.8644982348973245,1.883446733798615,1.838838979813584
2025-12-02 18:30:00,1.75,1.7611960457324936,1.8200355,1.8288474882889396,1.7904793098415752,1.7947634679528472
2025-12-02 21:30:00,1.64,1.7922603638566992,1.7600563,1.8407512081509625,1.8365739235155143,1.8163206437670476
2025-12-03 00:30:00,1.7,1.825371732295039,1.7506588,1.75298817543715,1.815199553147321,1.789456320545578
2025-12-03 06:30:00,1.72,1.8592362050418272,1.7740113,1.7684404228254145,1.7774538060409306,1.8141849800817287
2025-12-03 09:30:00,1.7,1.924037844238848,1.7941937,1.8128919352351267,1.8557806961219996,1.8688892544289555
2025-12-03 12:30:00,1.68,1.762758729685913,1.7383484,1.7529755065788557,1.8233604005113284,1.7579044713242156
2025-12-03 15:30:00,1.64,1.889556299310316,1.7791392,1.7591832000388208,1.8951098810276612,1.8248675254416589
2025-12-04 03:30:00,1.6,1.973209340129432,1.6846371,1.7703360469578309,1.8221418992623528,1.8725472813205193
2025-12-04 09:30:00,2.02,1.7622395255744454,1.7136971,1.7763104192154135,1.7235653640385642,1.7692212485062213
2025-12-04 21:30:00,1.84,2.099052990118053,2.1117828,2.019438445055453,2.156915562443304,2.059549692804505
2025-12-05 12:30:00,3.3,2.0854822620589517,1.985156,2.0010843193018024,2.0978444653949406,2.0436055293241737
2025-12-06 00:30:00,1.92,2.638362711348177,2.3995569,2.341725385370416,2.7970514181025963,2.491176635321725
2025-12-06 15:30:00,1.68,2.1067775619666085,2.1227815,2.151590296133581,2.0129286068617103,2.129012830155844
2025-12-07 06:30:00,1.59,1.738713515532304,2.077562,1.9744806082015849,1.8218520081809009,1.855696882719068
2025-12-07 15:30:00,1.65,1.9285505805600016,1.7894322,1.911544092941929,1.925992874819722,1.9201122689913346
2025-12-07 18:30:00,1.87,1.898812913210716,1.7738752,1.7668679607330158,1.879185334250764,1.8333442142104244
2025-12-08 09:30:00,1.71,1.885117032406705,1.8730844,1.8697480723243525,2.1010012758337284,1.8774912323841608
2025-12-08 15:30:00,1.69,1.86054508414478,1.7836227,1.7211265814680037,1.837781879340759,1.791368144705889
2025-12-09 09:30:00,1.68,1.9333676009647136,2.068959,1.9177047554403857,1.8260769458450856,1.9255959803012128
2025-12-10 09:30:00,1.62,1.852664624670069,1.8421096,1.8092865398375253,1.7119112543652315,1.831141203532827
2025-12-10 15:30:00,1.56,1.8178293361408933,1.8849407,1.8947097986816488,1.9359921549717785,1.855976031157018
2025-12-11 12:30:00,1.68,1.905589426511617,1.7161036,1.8237235030415144,1.8940845645248217,1.8649690359517668
2025-12-13 09:30:00,1.74,1.94941943282524,2.1026616,1.920198425778828,1.9164682942961897,1.9349204976338368
2025-12-14 09:30:00,1.42,1.9080932632001943,1.8314911,1.921143066404118,1.8569602535576168,1.9145683395250357
2025-12-17 15:30:00,1.42,1.468081982952293,1.7570782,1.655643930745631,1.588244049905101,1.5611468291127835
2025-12-18 15:30:00,1.34,1.720512567795348,2.087347,1.813124574584161,1.7363772377034494,1.76646497053917
2025-12-18 18:30:00,1.3,2.2400045114648237,1.9494177,1.6018881314018365,2.5056929407816475,1.9233827049538101
2025-12-19 09:30:00,1.27,1.3413076267134405,1.4967194,1.3977780459331646,1.3578645840787171,1.3693272273794168
2025-12-19 12:30:00,1.24,1.3867900798225856,1.3770449,1.342378565932986,1.3497373778476274,1.3647538898783218
2025-12-19 15:30:00,1.76,1.3268199260344349,1.4417607,1.316756228957552,1.353775842223739,1.3218265015616955
2025-12-21 09:30:00,1.58,1.868457427087496,1.7327664,1.7121380028564612,1.952822233931938,1.7908945560514846
2025-12-21 15:30:00,2.39,1.5533350316647898,1.6380593,1.606656621967992,1.7117308251457846,1.5797922403736049
2025-12-24 09:30:00,2.66,2.2465916260959897,2.1467853,2.087593728365009,2.138718600078771,2.1676997449534507
2025-12-25 09:30:00,1.6,2.246103434070224,2.511721,2.45639277933355,2.2769076997502853,2.3504452037968058
2025-12-29 09:30:00,1.25,2.6726393819784944,2.5236127,2.0119566593003197,2.008830648168835,2.3448205644074265
2026-01-01 09:30:00,1.23,1.541764331069411,1.5564523,1.6988630079318756,1.418798518819777,1.6197138531672037
2026-01-10 12:30:00,1.2,1.3781628636684724,1.4764956,1.4516527073316725,1.454503960885343,1.414627194921899
2026-01-10 15:30:00,1.23,1.451099362475215,1.4937131,1.3656071636279794,1.530034440468528,1.408679679659772
2026-01-10 18:30:00,1.27,1.2777591141402416,1.3246278,1.259965731214539,1.3932836968238942,1.2689303593520913
2026-01-11 09:30:00,1.0,1.2855414416119404,1.3187011,1.3094996044073182,1.3556871129258812,1.2974290486722835
2026-02-20 06:30:00,1.43,1.522540702904903,1.2569296,1.1408269398710702,1.5195580251924472,1.333141237544118
2026-02-21 21:30:00,1.22,1.6837914998694448,1.5338365,1.444528961118391,1.5813788450961326,1.5650737555572043
2026-04-15 09:30:00,1.5,1.4330682715350769,1.6008849,1.3577728217723746,1.5113814918395996,1.3957080311921275
2026-05-10 06:30:00,1.79,1.4866771028388213,1.4873213,1.4737441913412692,1.6183112852146064,1.480260026064522
2026-05-11 21:30:00,3.12,2.197080175036037,1.9420993,1.8282351447568608,2.256494105394086,2.0140659421180938
2026-05-12 15:30:00,2.81,3.015308750000001,3.4355075,3.3348298499124427,3.245194765406164,3.1738493407660258
2026-05-12 21:30:00,2.0,2.525353447541618,2.6521368,2.7017511334349296,2.588723232991859,2.612878788869464
2026-05-13 06:30:00,2.9,2.385476342683647,2.219558,2.2215766663661687,2.5569065807714675,2.3041522876623857
2026-05-13 21:30:00,2.74,2.8752085533432084,3.1011322,2.7909188423907034,2.8414989590461146,2.833385523272363
2026-05-14 00:30:00,2.42,2.429977470050865,2.5654051,2.588097524397842,2.455162149957241,2.5084337811833537
2026-05-15 00:30:00,2.09,2.549309399718344,2.7377706,2.7623692123557464,2.644130876580022,2.6550258252479524
2026-05-15 21:30:00,2.1,2.27329149197446,2.472495,2.4071107446821123,2.203783623899051,2.339690184849368
2026-05-16 00:30:00,1.9,2.129668453530692,2.3016899,2.3157977534841545,2.173462000383257,2.222022445744586
2026-05-23 21:30:00,1.8,1.9124976091535089,2.0135403,2.0362407687398667,1.8337407538286896,1.9738967268626417
2026-05-24 06:30:00,1.66,1.840454307562428,1.8422141,1.958969080599951,1.8867157849866876,1.899259194429114
2026-05-24 21:30:00,1.99,1.8193838609284576,1.8593421,1.8672932451534203,1.7625582671366025,1.8431556308689823
2026-05-25 21:30:00,2.1,2.105875713857693,2.3318582,2.3097989224435884,2.1937379899635783,2.2070587217059083
2026-05-26 09:30:00,2.05,2.224222868772643,2.7757843,2.4596430075646785,2.4871648820336665,2.3410340837206904
2026-05-30 21:30:00,1.97,2.062956672254949,2.1640387,2.123942982895448,2.027535697549542,2.093216976567354
2026-05-31 21:30:00,2.98,2.166469926133112,2.0831552,2.1946542522353574,2.002250039146217,2.180454478989924
2026-06-12 18:30:00,3.67,2.8443193486389307,3.3239586,3.2022064748413723,2.8279052045525908,3.0218964677438604
2026-06-12 21:30:00,3.67,3.482010148589093,3.2561107,3.3943727056147077,3.707146369189565,3.438526034437663
2026-06-13 00:30:00,3.67,3.505136006334732,3.322867,3.4725518026830517,3.4813199556725363,3.4889683138161676
2026-06-13 03:30:00,2.7,3.70068650566183,3.4954486,3.513879154482124,3.668022857918514,3.60799607669303
2026-06-13 12:30:00,2.55,2.770467349518345,2.809886,2.7267336308954437,2.943584126452823,2.748767469326489
2026-06-13 15:30:00,2.5,2.6854566285912376,2.8505106,2.7525857855455604,2.7608465442686203,2.718764902142123
2026-06-13 18:30:00,2.46,2.629251412144653,2.603716,2.695813527607193,2.628394134991733,2.662278329963098
2026-06-13 21:30:00,2.29,2.5099256555978844,2.531024,2.560066517552248,2.5483518033860104,2.5348046444281707
2026-06-14 03:30:00,2.16,2.289986402815509,2.320287,2.342864749216829,2.3792526251851083,2.31622368191693
2026-06-14 06:30:00,2.05,2.173793393020157,2.2051532,2.226009615641101,2.224631949609489,2.1997021382772406
2026-06-14 12:30:00,2.0,2.029191119187746,2.028285,2.0962713225958804,2.079082684494125,2.06247510287441
2026-06-18 09:30:00,2.55,1.9835398318744304,1.945461,2.182279528640396,1.9456181888761568,2.0821508749090563
2026-06-22 21:30:00,3.16,2.8457441190227057,2.6694098,2.722048272761868,2.799507596663167,2.7843684773299637
2026-06-23 00:30:00,2.6,2.9764995851229954,3.2156048,3.2712081198907,3.028412859047998,3.1227286298360517
2026-06-23 06:30:00,1.99,2.590360299837426,2.5181725,2.551769572623827,2.5216773038563347,2.5712122789642784
2026-06-23 21:30:00,1.93,2.130918397254785,2.099906,2.152932409198576,2.126173872813329,2.1418413518254074
2026-06-24 00:30:00,1.84,1.97641673643329,2.3820634,2.1704528146396243,1.8498496044247543,2.0726939290105086
2026-06-24 03:30:00,1.79,1.8300902074706105,1.8542393,1.9033952655655435,1.883140163701417,1.8664628514671826
2026-06-24 06:30:00,1.74,1.77354244512444,1.8328769,1.8673103205276775,1.8231634006805264,1.82006836896915
2026-06-24 15:30:00,2.29,1.7549224266367238,1.837903,1.8621137904732736,1.7799386732278293,1.8081088426584493
2026-06-29 21:30:00,2.12,2.26741141920939,2.3287518,2.247593115891506,2.2984072119977883,2.257577935546312
2026-06-30 03:30:00,1.26,2.131488100197241,2.1958053,2.210634439676437,2.2002513631878533,2.170759082368492
2026-07-11 09:30:00,1.59,1.7276458763934612,1.8564607,1.8747272967854456,2.1407539441215206,1.800625017007465
2026-08-01 15:30:00,1.5,1.935026654357956,1.7717737,1.871551172778075,2.0402012040206152,1.903531268445758
2026-08-01 18:30:00,1.4,2.3366775959684283,1.8495188,1.835732581038879,1.944488063527252,2.088117739890099
2026-08-01 21:30:00,1.34,1.472323488313969,1.5040424,1.5669286429909963,1.5606768576672172,1.5192648549909025
2026-08-02 00:30:00,1.3,1.3790035973280967,1.5680969,1.555701219283107,1.4255515531590104,1.4666777615049713
2026-08-02 03:30:00,1.25,1.4709098313728814,1.5818541,1.5161365560607531,1.4434202897169883,1.4933505141709575
2026-08-02 09:30:00,2.69,1.3859177970407717,1.4975526,1.4798778280920688,1.4461684334064655,1.4325390650426304
2026-08-03 00:30:00,2.73,2.136692967669495,2.3380466,2.443512247927671,2.3918279761904757,2.2889311452542223
2026-08-03 03:30:00,2.79,2.275107089947089,2.7721884,2.7519784309205453,2.6228423602545745,2.5117220244163176
2026-08-03 06:30:00,2.84,2.749168086203825,2.6801875,2.649426860768749,2.7193037502489155,2.699678294110165
2026-08-03 15:30:00,3.33,3.078453989406356,2.8242435,2.9392970759870085,2.869452787322891,3.0094068458257732
2026-08-03 18:30:00,3.58,3.148629390427045,3.3820233,3.3683325605036054,3.4306491165133286,3.2576421297630427
2026-08-04 00:30:00,1.93,3.330283371714305,3.3288212,3.333328163932849,3.4167084572900284,3.331794142543586
2026-08-04 00:30:00,3.06,2.025281268378368,2.241477,2.229488021714758,2.313609736199448,2.126604966003454
2026-08-04 03:30:00,2.53,3.219322346736454,3.3048432,3.237213147917175,3.1700414605821203,3.228199438700791
2026-08-04 06:30:00,2.49,2.344650151592433,2.597891,3.026721736774993,2.477016424709298,2.68308173588904
2026-08-04 09:30:00,2.4,2.6927426380978106,2.5979605,2.5535296945972337,2.569166852166985,2.6236676934043084
2026-08-04 15:30:00,2.31,2.4443389968521534,2.5397775,2.6491595760196205,2.4506176329977096,2.545967263752674
2026-08-04 18:30:00,2.05,2.424752237221438,2.4230745,2.3757975270223093,2.316360138909944,2.400461795438794
2026-08-04 21:30:00,1.85,2.087642035042583,2.1096132,2.167926185682197,2.057150086993583,2.12747757853264
2026-08-05 03:30:00,1.81,1.9074711604405103,2.1667821,2.0741190831609,1.9235533171034271,1.9901588456208048
2025-06-10 09:30:00,0.2,1.0121891369854203,0.7281347,0.5558746361331036,1.238935229411766,0.7857741347835169
2025-10-21 18:30:00,0.2,0.6997344418957633,0.6647476,0.5915830699733237,0.6900669719169713,0.6460716872249817
2025-10-21 21:30:00,0.19,0.4937409052020903,0.378683,0.4648739042048918,0.5014233040430032,0.4794176214095851
2025-10-22 00:30:00,0.14,0.3073673347983488,0.255385,0.2541094930327838,0.3601566131358712,0.28094175696092294
2025-10-23 00:30:00,0.78,0.2204195498233738,0.2235547,0.2243528765511774,0.3139608197195195,0.2223711954056926
2025-10-23 18:30:00,0.31,0.5730058088907201,0.61459345,0.5633087757708707,0.7749864826268927,0.5681943164418022
2025-10-24 18:30:00,1.45,0.3917883038237521,0.841861,0.494425216991544,0.8440554624843289,0.4427148837976004
2025-10-25 18:30:00,0.19,1.6012602232854862,1.1971784,1.1762363499348174,1.4237659099234097,1.3903710645127343
2025-10-27 09:30:00,0.0,1.5150248592024171,0.8678353,0.8493927949948886,1.1178939230611775,1.184750267880628
2025-10-30 09:30:00,-0.08,0.6272417012722847,0.5301069,0.4789587722011496,0.8859563059326294,0.5536663937827434
2025-11-06 09:30:00,0.04,0.8610517778745637,0.31443572,0.4092075067440423,0.3622609589947088,0.636854822809915
2025-11-12 09:30:00,1.85,0.2998014941452591,0.13613783,0.1987215640686586,0.1921407664006456,0.2496474610209235
2025-11-21 00:30:00,1.09,1.4653999999999996,1.0630938,1.4252806038008674,1.3365666666666658,1.4454934812244642
2025-11-21 06:30:00,0.59,2.521747902137231,1.6990682,1.5466805745910264,2.0266080158592144,2.037937129740084
2025-11-21 18:30:00,2.4,1.138583104086458,0.6766015,0.6691354607988091,0.9034104655721436,0.905651674140401
2025-11-23 03:30:00,1.79,1.950650000000002,1.5816972,1.6709328875295746,1.6520455631868136,1.8118594278888627
2025-11-23 06:30:00,1.09,1.9263132630150708,1.5285287,1.6885262971155446,1.8543420468674527,1.808327671263846
2025-11-24 00:30:00,1.1,1.224934266432324,1.0802567,1.216407855181073,1.188291895233147,1.2207036153821809
2025-11-24 03:30:00,2.62,1.3166874090321483,1.2716433,1.249666189027394,1.203181704930016,1.283432691843439
2025-11-24 18:30:00,1.65,2.097566666666666,1.9770103,1.8912795808624243,2.044381489101944,1.9952107456969137
2025-11-25 03:30:00,1.0,1.6907070350144031,1.3609672,1.5733117879585656,1.7553900685980686,1.63245763669155
2025-11-25 15:30:00,1.0,1.282988349967698,1.0803564,1.1610732835810444,1.229328444149428,1.2224962990404953
2025-11-25 21:30:00,2.72,1.1900138916904484,1.0127848,1.0192086997488103,1.058830829989705,1.105263444712918
2025-11-27 00:30:00,1.48,1.9577466666666676,1.7880108,1.88674697907472,1.931973934222944,1.9225179058176494
2025-11-27 09:30:00,1.6,1.4436868031145709,1.2982597,1.3608350151698416,1.4239685219925209,1.4025772444332245
2025-11-27 12:30:00,1.55,1.995919492515045,1.7516067,1.6538484337462556,1.7261358703894067,1.8261900200137773
2025-11-27 18:30:00,2.08,2.0663190022273867,2.0412183,1.857757320131452,1.9458968379618469,1.9628344677171263
2025-11-28 09:30:00,1.7,1.8631128561914327,1.707724,1.7653139712920582,1.842605530058353,1.8145868183414935
2025-11-28 12:30:00,1.47,2.1431359817702496,1.7361499,1.6693691086,2.054229588198642,1.908061428076091
2025-11-28 15:30:00,1.02,1.4469790968453031,1.3959281,1.4612259831999137,1.467451280306788,1.4540481441785005
2025-11-29 06:30:00,0.99,0.978890830363468,1.0491126,1.1336523677815158,1.0480069183540333,1.0556807061395563
2025-11-29 09:30:00,0.97,0.9143758960380116,1.1108968,1.0669305747779674,0.9539771739289644,0.990070768452326
2025-11-29 15:30:00,0.89,0.9621201523368752,0.9963963,0.967030997150636,0.990525003866154,0.9645568247135891
2025-11-30 00:30:00,0.83,0.9759717435784832,0.898323,0.9343372053054791,0.9150817598244718,0.9553134387094727
2025-11-30 18:30:00,0.8,0.9543636126317528,0.88310176,0.908093036275297,0.915740661920008,0.9314049895153226
2025-11-30 21:30:00,0.71,0.8571900039041006,0.80741996,0.8254474964336355,0.8886164666453756,0.8414399458073377
2025-12-01 12:30:00,0.7,0.7496369541033185,0.74671394,0.7360696620321489,0.7517644592633953,0.7429051091620991
2025-12-01 15:30:00,0.67,0.7447308625259967,0.7292172,0.7356696188075141,0.7276177798219071,0.7402348372788476
2025-12-01 18:30:00,0.63,1.0045039722380165,0.7152338,0.7273319237017764,0.897759204102033,0.8669762148197846
2025-12-02 00:30:00,0.62,0.6584132820871348,0.6832603,0.6999768512184947,0.7333220207388262,0.6790363733516429
2025-12-02 03:30:00,0.61,0.6259862281979016,0.644718,0.6641856390949635,0.6791548156808034,0.6449400849923164
2025-12-02 12:30:00,0.6,0.6065096571646447,0.64396304,0.6644851875032746,0.6652714775070377,0.6352760667456667
2025-12-02 15:30:00,0.6,0.5964143283823897,0.61348414,0.6249764030379505,0.6601426187069107,0.6105863132392169
2025-12-02 18:30:00,0.6,0.5924757892601282,0.6049833,0.6056721078755996,0.6768130526257866,0.5990235638822323
2025-12-02 21:30:00,0.54,0.5883948122616259,0.5939029,0.6107492637707302,0.6509703675460924,0.5994866867872051
2025-12-03 00:30:00,0.58,0.6235083322245467,0.5828071,0.5869048241167111,0.6160610759062866,0.6053463335298893
2025-12-03 06:30:00,0.57,0.5822878085892031,0.5485259,0.590553596273519,0.6078578732788372,0.5863891429391945
2025-12-03 09:30:00,0.58,0.5837334321004373,0.5804841,0.6131398009124314,0.5978931425973123,0.5983243404473811
2025-12-03 12:30:00,0.58,0.5806708626399477,0.55768776,0.5642197819091841,0.600392248264048,0.5725081339234105
2025-12-03 15:30:00,0.51,0.5952473438129589,0.5622311,0.5661932270894093,0.6071357038587524,0.5808312165813023
2025-12-04 03:30:00,0.5,0.535593084801999,0.53699327,0.55099408421664,0.5958803479235641,0.543234782161746
2025-12-04 09:30:00,2.87,0.4968097291079345,0.54957944,0.5545825900336656,0.4902178434508841,0.5254755777918515
2025-12-04 21:30:00,0.91,1.6639999999999984,1.6108571,1.732808481160403,1.334415217391304,1.6981415238488857
2025-12-05 12:30:00,0.74,1.1974130274841484,0.86586004,1.148642123027659,1.2348869972001006,1.1732137867866042
2025-12-06 00:30:00,0.64,1.018087581462132,0.95932347,0.9607622400574116,0.8553873150031047,0.9896437838704895
2025-12-06 15:30:00,0.59,0.8935947253545554,0.7633328,0.7971002374188964,0.9415605400513458,0.8457159056860681
2025-12-07 06:30:00,0.56,0.6162965235970186,0.7164958,0.7265876788171264,0.667096208962546,0.6710210000389649
2025-12-07 15:30:00,0.57,0.6506146263941238,0.59625524,0.6308699235484513,0.6877690899609483,0.6408176619541843
2025-12-07 18:30:00,0.71,0.5981168480419937,0.5726598,0.5838160924779061,0.6582318948116701,0.5910210717813578
2025-12-08 09:30:00,0.64,0.5643368801389909,0.5869469,0.6188809058018989,0.6010549189936633,0.5914006391637447
2025-12-08 15:30:00,0.55,0.5908854496241203,0.6155367,0.6096655516388341,0.7013812164994856,0.6002037965779672
2025-12-09 09:30:00,0.72,0.625767313555788,0.6181643,0.6238746416877592,0.6229556718529954,0.6248282040066353
2025-12-10 09:30:00,0.72,0.8974167128706722,0.62668556,0.6716358563719582,0.8236904924971914,0.7853883354559279
2025-12-10 15:30:00,0.54,0.809649971863351,0.69393104,0.7456740938380635,0.8165696408191156,0.7779062982853504
2025-12-11 12:30:00,0.64,0.6044472626113115,0.7445862,0.7671119713558178,0.5917781978136789,0.6851585490590746
2025-12-13 09:30:00,0.87,0.6627458836586455,0.60063434,0.6544764173404986,0.6650839921561483,0.6586427240370805
2025-12-14 09:30:00,0.49,0.8642053833344658,0.8231038,0.8452305219487891,0.8515585392523849,0.8547904003032576
2025-12-17 15:30:00,0.48,0.7058766666978424,0.67852896,0.6506845183028154,0.59493363432586,0.6784913208956669
2025-12-18 15:30:00,0.55,0.5382580052491028,0.56405205,0.5562798220358531,0.5498601978615681,0.5472001047875414
2025-12-18 18:30:00,0.5,0.7890736107043895,0.7164357,0.662304613735049,0.8362945520019543,0.726173127212554
2025-12-19 09:30:00,0.48,0.5054861082007701,0.518294,0.5535767725908264,0.5268147373649908,0.5293478260804951
2025-12-19 12:30:00,0.47,0.4438814995181214,0.57490104,0.5685319614267202,0.4659630571651973,0.5057308042296491
2025-12-19 15:30:00,0.61,0.4468170313650675,0.4575226,0.4811937879756715,0.4832951294336629,0.46387415624088474
2025-12-21 09:30:00,0.46,0.634910256309394,0.5597398,0.562713753982825,0.6134620169582194,0.5990876576352171
2025-12-21 15:30:00,1.34,1.5884771486700688,0.5636028,0.5582684471639129,0.5967134823930484,1.0773062238271
2025-12-24 09:30:00,0.95,1.2528365668749293,1.0323498,1.0825620418983737,1.3116563139889776,1.1683494272475776
2025-12-25 09:30:00,0.36,1.051075422252477,0.9323347,0.989021042472942,0.9752057938804344,1.0202851613508879
2025-12-29 09:30:00,0.34,0.7693442867104494,0.8363697,0.8246947965468991,0.6602882514320279,0.7968082085956585
2026-01-01 09:30:00,0.29,0.4793043959022277,0.4747285,0.517836048693042,0.5659216467027259,0.4984231051152375
2026-01-10 12:30:00,0.28,0.5916975941729885,0.7425672,0.4461772774142236,1.015760497734437,0.5194930449469255
2026-01-10 15:30:00,0.26,0.3577290691158835,0.38876197,0.382150396125901,0.6708137097793154,0.3698464898825228
2026-01-10 18:30:00,0.24,0.3453974601865696,0.34453258,0.3387318863618871,0.4321865736491002,0.34209012301149944
2026-01-11 09:30:00,0.0,0.3218775061285057,0.3296415,0.3497610602787975,0.3882685011659739,0.3357128213826629
2026-02-20 06:30:00,1.58,0.4665944569487385,0.33629486,0.2640961445681635,0.5435032562548104,0.36611845682625227
2026-04-15 09:30:00,0.07,0.4575499999999996,0.89414465,0.4204388683503727,0.388251388888889,0.43913612768502613
2026-05-10 06:30:00,0.34,0.2891390637140635,0.2418325,0.0678309763983253,0.4406941666666665,0.17932999347128187
2026-05-11 21:30:00,0.22,0.7455218593297487,0.5834876,0.4582693663404407,0.4724395436560764,0.6029923676936157
2026-05-12 15:30:00,0.18,0.3628726737336459,0.25815773,0.3382961367909058,0.2913201637102093,0.3506782406055903
2026-05-12 21:30:00,0.24,0.3543502261525023,0.2280823,0.3028856589899034,0.313825197525527,0.32881443873905114
2026-05-13 06:30:00,0.94,0.4478333350604072,0.33620545,0.3347075209121268,0.4479019522408838,0.39170235212729054
2026-05-13 21:30:00,0.74,0.9879049634485008,0.6918756,0.6630355250325956,0.8403173117439396,0.8267106238496502
2026-05-14 00:30:00,0.39,0.6732886532098422,0.7448783,0.6393520677604994,0.8093661264456751,0.6564499333030978
2026-05-15 00:30:00,0.46,0.6540712175161582,0.62554497,0.5454240444084794,0.6691311650559648,0.6001624552645568
2026-05-15 21:30:00,0.44,0.626236963138537,0.59938055,0.5600659710977096,0.6285861641174717,0.5934041136879014
2026-05-16 00:30:00,0.16,0.6276305018370151,0.5643588,0.5170314195993907,0.4871395815896821,0.5727532375782913
2026-05-23 21:30:00,0.12,0.3364911122633658,0.27317768,0.2449584618692672,0.3775955411320394,0.29107426664084807
2026-05-24 06:30:00,0.05,0.2159039525938884,0.27146956,0.1780191642214193,0.2749462358156341,0.19710620580576396
2026-05-24 21:30:00,0.04,0.3490375018350667,0.21718495,0.1754886426571302,0.2315426551496749,0.26292569679815514
2026-05-25 21:30:00,0.11,0.0750982737697162,0.06236589,0.0414909026861737,0.1778083172919412,0.05842290407695437
2026-05-26 09:30:00,0.27,0.1420116358085045,0.16876048,0.1773354703105825,0.1653808015304624,0.15953868360477014
2026-05-30 21:30:00,0.15,0.3090430293723671,0.2618092,0.296798270847306,0.3041487019842068,0.3029674016567562
2026-05-31 21:30:00,1.12,0.1917496537410331,0.14505911,0.099806167033507,0.2517773779812197,0.14612895857037356
2026-06-12 18:30:00,1.82,1.0240857359307352,1.1452795,1.1604611184594904,1.1220639606791842,1.0917527341914957
2026-06-12 21:30:00,1.83,1.788101341991343,1.709904,1.817923146347238,1.6094433638211805,1.8028983819414055
2026-06-13 00:30:00,1.46,1.986456077207972,1.8528078,1.7334050471090143,1.826592505909436,1.860896732874112
2026-06-13 03:30:00,0.87,1.460531732470399,1.3549689,1.368613031130078,1.506663595906085,1.4149233353506665
2026-06-13 12:30:00,0.77,1.016065133521401,1.0862052,1.182782267201453,0.9862387614394176,1.0987871599280976
2026-06-13 15:30:00,0.75,0.9118026876890382,1.1327281,1.1296006835013184,0.805100728738624,1.0198701140129875
2026-06-13 18:30:00,0.7,0.8269000404958591,0.9913322,1.0050760063036377,0.9012753528531072,0.9153077321544477
2026-06-13 21:30:00,0.66,0.7569925239990031,0.7932537,0.7622965725424671,0.8006176537413018,0.7596242969547261
2026-06-14 00:30:00,0.6,0.7456464909695316,0.7697557,0.7403400750951469,0.7714231991788634,0.7430135433870223
2026-06-14 03:30:00,0.53,0.7221958728602296,0.7132257,0.7180590940173763,0.7486088752414908,0.7201432780181547
2026-06-14 06:30:00,0.45,0.612757770412167,0.63977593,0.6384199394745083,0.5631336950024995,0.6254908745627099
2026-06-14 12:30:00,0.65,0.4068584847496956,0.4810732,0.4574567642552555,0.4538821649184043,0.43196443589581435
2026-06-18 09:30:00,0.89,0.6422987199560102,0.5193102,0.5460106441682487,0.6819466494111189,0.5945223182620416
2026-06-22 21:30:00,1.12,0.9162426760202618,0.81991214,0.8005658462453048,0.8610743776845099,0.8588459252720697
2026-06-23 00:30:00,0.86,1.0610616624656837,1.2380843,1.2013706133392923,1.0683191487157075,1.1306804261947732
2026-06-23 06:30:00,0.42,1.029050875087431,0.89779073,0.9559816112266982,0.9742931487324692,0.9927952279251822
2026-06-23 21:30:00,0.4,0.6736951697082146,0.7275502,0.6557758559603822,0.7650929398820354,0.6648039303237683
2026-06-24 00:30:00,0.38,0.469831737684492,0.49732983,0.463656353030026,0.4728448873841465,0.4667676235098889
2026-06-24 03:30:00,0.35,0.40290707349865,0.4247027,0.4555680747350782,0.4171632459740418,0.4290365098602597
2026-06-24 06:30:00,0.32,0.3469814746840052,0.35009992,0.3616482627887223,0.3676520730118184,0.3542588696710628
2026-06-24 15:30:00,0.34,0.3260290291254321,0.34770328,0.3446493503338933,0.3220743251237464,0.33526809573308813
2026-06-29 21:30:00,0.3,0.3379824443663637,0.3171118,0.3182315108692495,0.3383734223690049,0.32818238838986935
2026-06-30 03:30:00,0.01,0.3023761097603107,0.3293998,0.3085609743435006,0.3014941049460104,0.30544492770408804
2026-07-11 09:30:00,0.15,0.3722500066602676,0.19914362,0.1795913333300989,0.2527271840933615,0.2766562574702029
2026-08-01 15:30:00,0.11,0.2910179789597065,0.2146661,0.1791779823095349,0.303531508839832,0.23552499541324484
2026-08-01 18:30:00,0.09,0.4809454960427712,0.28079486,0.2867754327879185,0.2422253750043312,0.38460182250779507
2026-08-01 21:30:00,0.08,0.0845643585838016,0.13553187,0.1388771308502253,0.1740216134544957,0.11151337385577892
2026-08-02 00:30:00,0.08,0.0764721768731942,0.13726002,0.1325848719055483,0.1690571352995415,0.10431428126736728
2026-08-02 03:30:00,0.04,0.1154257537130211,0.1463798,0.1401626225299152,0.1707134696249383,0.1276997406171934
2026-08-02 09:30:00,0.16,0.1552622478526738,0.21947642,0.2830966612151618,0.1518391065171425,0.21869137168916164
2026-08-03 00:30:00,0.33,0.255674096558379,0.18444757,0.2262848335838626,0.2413874976662514,0.24109167581860716
2026-08-03 03:30:00,0.42,0.4070054852152679,0.3715407,0.3992601190332299,0.4551457626361919,0.4031623746021159
2026-08-03 06:30:00,0.75,0.4549088711927458,0.23835954,0.2678651013218722,0.5567691962774712,0.3621011355453697
2026-08-03 15:30:00,1.14,1.4383321428571434,0.66767603,0.7244786504384988,1.279491606126264,1.084130951012676
2026-08-03 18:30:00,1.02,1.195849171046732,1.10031,1.2360479069798227,1.1315444094238816,1.2157950567632811
2026-08-04 00:30:00,0.39,0.9889688274677166,0.96164817,1.07896844235721,0.9862767203181896,1.033625008600058
2026-08-04 00:30:00,0.81,1.0714202390433352,0.70991045,0.7213519206393764,1.127130791245792,0.8977226709533366
2026-08-04 03:30:00,0.58,1.440396395794364,0.93074495,0.9371830938968824,1.28033046480512,1.1907110567478634
2026-08-04 06:30:00,0.51,1.662312633785971,1.2129735,1.0868893053193236,1.4421356888637675,1.3767979855807229
2026-08-04 09:30:00,0.49,0.6617248133901549,0.54909045,0.6024759687809581,1.1128360809363125,0.6323266082978447
2026-08-04 15:30:00,0.43,0.5513464739658425,0.6743033,0.6728335099677156,0.6883392728373914,0.611626143957678
2026-08-04 18:30:00,0.4,0.5150494194734994,0.538205,0.4630245435970072,0.5467357926667422,0.4892356170102241
2026-08-04 21:30:00,0.3,0.3912972394328916,0.51401067,0.4537635715965543,0.4230362031218871,0.422291903656718
2025-06-10 09:30:00,1.33,0.8555969203136344,0.7629033,0.723601065453205,0.7531963548670434,0.7901029644716775
2025-10-21 18:30:00,1.32,1.3946437211609974,1.2510096,1.2368942511156769,1.5100473596209054,1.316371287256426
2025-10-21 21:30:00,1.31,1.445012054797913,1.3206084,1.2921965882139588,1.5081400476594764,1.3691877841721394
2025-10-22 00:30:00,1.11,1.5746961090437663,1.4171208,1.3637912827819911,1.467161238481241,1.4700489487776354
2025-10-23 00:30:00,1.0,1.112259235288774,1.1832067,1.2434764087197587,1.1864741815347837,1.1773668234890429
2025-10-23 18:30:00,0.88,0.9778369815745236,1.1144155,1.0774084828488066,1.0247205834618942,1.0272425596093098
2025-10-24 18:30:00,0.91,0.9190408640041416,1.0735711,1.0561797491778926,0.9869594203688272,0.9870866984682771
2025-10-25 18:30:00,0.88,1.0387412298397711,1.0527183,1.056911676595375,0.9325405046544591,1.0477570768805626
2025-10-27 09:30:00,0.83,0.8858586860964403,1.1392629,1.1171939741230803,0.9028790033197298,1.0006430719752517
2025-10-30 09:30:00,0.74,1.0575000913641772,1.1391512,1.083435046646789,0.8935664515515189,1.070368547103477
2025-11-06 09:30:00,0.72,0.8638607356737396,0.8320243,0.8519274054580219,0.8628176679062861,0.8579396330525844
2025-11-12 09:30:00,1.16,0.7606039733171153,0.7560053,0.7690268254346505,0.7613889520489298,0.7647832401981282
2025-11-21 06:30:00,1.12,0.9377522936391824,1.1229571,1.145515921127627,0.9394544147931674,1.0408408478872009
2025-11-21 18:30:00,1.37,1.1056154983207198,1.0509924,1.0987741967822968,1.1311719917275311,1.1022209682323867
2025-11-23 03:30:00,1.21,1.4399209960872208,1.2520237,1.2079454207574976,1.3911608861532143,1.3248189112291597
2025-11-23 06:30:00,2.04,1.50011214006049,1.3156818,1.2414007748177052,2.097005336560822,1.3717442398037756
2025-11-24 00:30:00,1.63,1.7712122935765202,1.5134221,1.5406872327008925,1.8022682926561464,1.6568299277558873
2025-11-24 03:30:00,1.46,1.712857178280098,1.4405465,1.828716945186947,1.6281091873277642,1.7703446991244467
2025-11-24 18:30:00,1.47,1.7668325457602732,1.4540355,1.7080436011424414,1.7593225529738052,1.7376625347257084
2025-11-25 03:30:00,1.35,1.7875628471629523,1.476165,1.5840431603184637,1.7208338814169917,1.6865800595045362
2025-11-25 15:30:00,1.31,1.407297211398412,1.4691429,1.4612598300300306,1.4849220381028052,1.434072486769844
2025-11-25 21:30:00,1.31,1.3466393279648392,1.296728,1.3073924867887157,1.3606621645447046,1.327165755210276
2025-11-26 00:30:00,1.98,1.425888121977852,1.3011506,1.2860052421175705,1.390300048406618,1.3564807669794523
2025-11-27 00:30:00,3.18,1.9194845412203243,1.5943443,1.6359952181108517,1.8462463279925387,1.778822266416086
2025-11-27 09:30:00,2.53,2.2877518939393915,2.0971205,2.168097146901672,2.2347384605994227,2.2283813725919197
2025-11-27 12:30:00,2.73,2.116994808279649,2.1602855,2.0880503765166614,2.182268784075575,2.1026331047416087
2025-11-27 18:30:00,1.94,2.5648097434932504,2.2630248,2.06184464666913,2.601385237450356,2.3152475593149964
2025-11-28 09:30:00,1.83,2.387986507153304,2.0298924,2.088357890600772,2.4698504198017623,2.239316206845554
2025-11-28 12:30:00,1.72,2.153376490257462,2.00874,2.3117445008046884,2.111923626961305,2.231955832771861
2025-11-28 15:30:00,1.52,1.8284439204238745,1.7113199,1.7932349016645794,1.8223625441309,1.8109738421225654
2025-11-29 06:30:00,1.44,1.5058644635629568,1.5967271,1.7524642341600882,1.6570232914534733,1.628222809612557
2025-11-29 09:30:00,1.37,1.4669120226038637,1.549949,1.595094608647275,1.5426214481156493,1.530513903427409
2025-11-29 15:30:00,1.34,1.5454908499919509,1.4601266,1.4891558064428685,1.5510144601059923,1.5175384202852782
2025-11-30 00:30:00,1.22,1.3690677658226016,1.2577193,1.2798542480571582,1.353380719832701,1.324801631865487
2025-11-30 18:30:00,1.22,1.2642877650111288,1.2018226,1.2257528077491304,1.2560253579601124,1.2451674161792834
2025-11-30 21:30:00,1.25,1.243085383268571,1.1976842,1.213531275399915,1.254404351941633,1.22842116947379
2025-12-01 12:30:00,1.22,1.390393423646728,1.2505045,1.2699062709519982,1.3597671118362162,1.330609877667532
2025-12-01 15:30:00,1.2,1.3304132610261177,1.2248399,1.206400595713724,1.3088285513347997,1.2688804194501344
2025-12-01 18:30:00,1.25,1.3495741329387945,1.2047197,1.186284840889724,1.291813179704322,1.2685529395518171
2025-12-02 00:30:00,1.25,1.331364468285895,1.1953065,1.2191515124396912,1.3103096939907848,1.2756864291318792
2025-12-02 03:30:00,1.2,1.3542403855914054,1.2227167,1.2393609550750355,1.3172248338412167,1.2972392899331822
2025-12-02 12:30:00,1.15,1.3236857119435643,1.2314067,1.2155656638077532,1.3104495870683732,1.2700384995691707
2025-12-02 15:30:00,1.14,1.1651667495054283,1.1714631,1.1883115339087322,1.191107572860098,1.1766507729187727
2025-12-02 18:30:00,1.14,1.1534332410291994,1.0994767,1.131753662197847,1.1748522532710366,1.1426762261202525
2025-12-02 21:30:00,1.21,1.134160110100182,1.0902795,1.1368308180929778,1.1786890324419392,1.1354852671025126
2025-12-03 00:30:00,1.24,1.3407918345092111,1.1585574,1.1665770510889908,1.2485007015314844,1.2543496099075007
2025-12-03 06:30:00,1.21,1.3417164981728875,1.19713,1.2160160281817174,1.2817416441777325,1.2793461984417331
2025-12-03 09:30:00,1.21,1.347005709732204,1.2330507,1.2199259447657045,1.276700367734374,1.2839510287808757
2025-12-03 12:30:00,1.19,1.3360055171911287,1.2353309,1.2155656638077532,1.3114764800221517,1.276245440274749
2025-12-03 15:30:00,1.21,1.2168320313696308,1.2074139,1.188299743601224,1.2224788627857572,1.2026748262274694
2025-12-04 03:30:00,1.21,1.371591263384871,1.2033371,1.186786493724335,1.2611322011824828,1.2798944791462419
2025-12-04 09:30:00,1.11,1.2905844778298996,1.228445,1.2018250926532046,1.2782276385468387,1.2465436762496642
2025-12-04 21:30:00,1.11,1.1197407201512484,1.0872065,1.1140525758620627,1.1518975067815271,1.1169183658334365
2025-12-05 12:30:00,1.14,1.1306175331072763,1.130088,1.1382562428849612,1.1537506949613725,1.1344077227416265
2025-12-06 00:30:00,1.07,1.229263741712092,1.1132817,1.1658795626802667,1.197932954749264,1.197813658472898
2025-12-06 15:30:00,1.08,1.0755174037123714,1.1844022,1.0864465453756362,1.1336820876090197,1.080940246136031
2025-12-07 06:30:00,1.03,1.0740256927727712,1.1001586,1.1114638860726551,1.1240865439775205,1.0926018471632095
2025-12-07 15:30:00,1.02,1.031144173485489,1.0250263,1.068238363959152,1.060915172843344,1.0495496398953552
2025-12-07 18:30:00,1.02,1.0403131097053822,1.0015519,0.9778750427777276,1.0431196765371988,1.0093324701804445
2025-12-08 09:30:00,1.02,1.049303242335483,1.0199808,1.0162884712195923,1.0255681727070296,1.0329219100286253
2025-12-08 15:30:00,1.03,1.01727327635258,1.0011156,0.997990797601728,1.0358581294749647,1.0077056591484856
2025-12-09 09:30:00,1.08,1.0681940172588495,1.1168941,1.109127081923903,1.0815202701616873,1.0885042636107798
2025-12-10 09:30:00,1.09,1.063778133712731,1.0267608,1.0898646990553806,1.114097329480298,1.0767218156217302
2025-12-10 15:30:00,1.07,1.0768105602533249,1.0269518,1.0695257617268266,1.1399343470410923,1.073195974980806
2025-12-11 12:30:00,1.11,1.032473095016521,1.0023688,1.0694704158223955,1.0923089207378651,1.0508304964492616
2025-12-13 09:30:00,1.05,1.169316385611999,1.1123103,1.1426165238429125,1.1560086436310488,1.1560683971085726
2025-12-14 09:30:00,0.94,1.0467505585660193,1.0450253,1.0865360375770174,1.068251327771894,1.0664913936721871
2025-12-17 15:30:00,1.05,0.9665872991390224,0.9916774,1.0086131102573586,0.92900984574543,0.9874397465171396
2025-12-18 15:30:00,1.06,1.1008346619913243,1.0360081,1.0801597013879312,1.11341361709847,1.0905761204770879
2025-12-18 18:30:00,1.06,1.2166012765187346,1.0752169,1.082979267301642,1.1241911949672745,1.1503004522964022
2025-12-19 09:30:00,1.06,1.0514363495493186,0.9884655,1.0623822432521972,1.073601361881452,1.0568675040320492
2025-12-19 12:30:00,1.06,1.038698747328301,1.0085849,1.0529666681910193,1.0677845248934068,1.0457782316039812
2025-12-19 15:30:00,1.06,1.060627097248826,1.037675,1.0405898691781652,1.0800875501246563,1.0506849870829975
2025-12-21 09:30:00,1.06,1.068285099350271,1.0306892,1.0750898701621945,1.068112966235268,1.0716615035528272
2025-12-21 15:30:00,1.13,1.0705512274380864,1.0185542,1.056792196544329,1.0768225303650043,1.0637242451609783
2025-12-24 09:30:00,1.13,1.1410406446643409,1.0979742,1.1365903346656057,1.1572303331034233,1.1388324813333908
2025-12-25 09:30:00,1.06,1.1452039956216264,1.1055802,1.1480365020804286,1.1615771781335125,1.1466094340964255
2025-12-29 09:30:00,1.25,1.066617399225231,1.0382953,1.0865360375770174,1.0792665459672492,1.0765006673174238
2026-01-01 09:30:00,1.11,1.2949847564798838,1.2086601,1.2015354829317784,1.2612384350706565,1.2486169171133055
2026-01-10 12:30:00,1.11,1.0974640494417125,1.0969106,1.1231586356381875,1.12264068721753,1.1102132383879009
2026-01-10 15:30:00,1.1,1.1400707710616975,1.0896802,1.1201914822658572,1.1488517958257385,1.13020702750747
2026-01-10 18:30:00,1.09,1.0961623258166622,1.0846131,1.069699505797825,1.1355857200127777,1.0830319531424597
2026-01-11 09:30:00,0.96,1.0790420620109946,1.043489,1.0632189860322137,1.1284782741687445,1.0711909378939986
2026-02-20 06:30:00,1.42,1.1092784302798693,1.074716,1.0606693008685126,1.0328012500623305,1.0851594594337794
2026-02-21 21:30:00,0.98,1.5792629462738823,1.47449,1.509713828347251,1.586044833145003,1.5447539318571015
2026-04-15 09:30:00,1.97,1.1891396975538806,1.8100986,1.7727657100927892,1.1693562116145362,1.4787243692381402
2026-05-10 06:30:00,1.99,1.68737899605829,1.5766551,1.6677996659122831,1.7748778389114597,1.677664086560915
2026-05-11 21:30:00,1.61,1.7645483043562005,1.7608618,1.8139594690446224,1.8610348138771355,1.7890652306007782
2026-05-12 15:30:00,1.6,1.5845299749834438,1.622527,1.6272099379754532,1.6815824856193244,1.6057070006899758
2026-05-12 21:30:00,1.58,1.729469420938847,1.53682,1.6480641356944945,1.6180639486024655,1.689077590735292
2026-05-13 06:30:00,1.47,1.5509030514977014,1.6495523,1.718745490539208,1.5951879884800306,1.6341834340719439
2026-05-13 21:30:00,1.45,1.6441895470339505,1.4603404,1.525976626305366,1.4985275386901902,1.585534433823515
2026-05-14 00:30:00,1.31,1.444916052736569,1.4479005,1.4691582066213926,1.4707522803401658,1.4569445710390974
2026-05-15 00:30:00,1.2,1.2680050657881166,1.3224684,1.3519513913700705,1.316713059722617,1.3096577142487253
2026-05-15 21:30:00,1.19,1.311100553637612,1.217787,1.2583056419701228,1.1993050249597124,1.2849046733420773
2026-05-16 00:30:00,0.92,1.188716344608467,1.1932005,1.2023681272432898,1.1826901814888269,1.1954901122392343
2026-05-23 21:30:00,0.92,0.9812017003310102,0.9715512,0.9901189265534291,0.9463747697783804,0.9856262667013813
2026-05-24 06:30:00,0.91,1.0399681016591549,0.98661506,0.9558760529367584,0.9388176129807516,0.9982431480118762
2026-05-24 21:30:00,0.91,0.9201737745353832,0.92634946,0.9602069664917704,0.9088569790313398,0.940037520324799
2026-05-25 21:30:00,0.91,0.9272378233060796,0.9021533,0.9500080542859428,0.9092318716987826,0.9385360000850641
2026-05-26 09:30:00,0.95,0.9350111004552476,0.9188122,0.9587864024099286,0.9148910213161688,0.9468079752737452
2026-05-30 21:30:00,0.93,0.9489097470198108,0.9091388,0.948487991802866,0.972605560714518,0.9487004797092281
2026-05-31 21:30:00,0.73,0.9432363971762734,0.9161997,0.9613252536291542,0.9575473159648912,0.9522117605845346
2026-06-12 18:30:00,0.71,1.0509591034669403,0.9782905,1.0561365127104163,0.9969248278452628,1.0535280402924678
2026-06-12 21:30:00,0.71,0.7267378645447564,0.7806572,0.80233680584821,0.8321691672801685,0.7642486919011342
2026-06-13 00:30:00,0.71,0.7708436078438126,0.7454836,0.7219912804889671,0.7912841940709622,0.7466039665767574
2026-06-13 03:30:00,0.69,0.7539992585222379,0.6912238,0.7157187066864621,0.7325020627381243,0.7350051410615868
2026-06-13 12:30:00,0.7,0.7135352989305896,0.67950255,0.6914632061236204,0.7174712103054526,0.7025835256861361
2026-06-13 15:30:00,0.69,0.6991508166968626,0.6750772,0.6771667573531209,0.6922197111251953,0.6882427240646475
2026-06-13 18:30:00,0.69,0.9309872541026624,0.70804864,0.7161425882019398,0.8669772409784271,0.8243852166654987
2026-06-13 21:30:00,0.69,0.7214753117372859,0.68309927,0.7023807585341749,0.6861090413716581,0.7120009397910698
2026-06-14 00:30:00,0.68,0.7203120136452857,0.68244714,0.6952254093163761,0.6915725787028247,0.707864494305534
2026-06-14 03:30:00,0.68,0.7048074601136787,0.6825389,0.703293919759981,0.6837421937874314,0.7040564687647842
2026-06-14 06:30:00,0.6,0.7179814094244524,0.67629427,0.6980498449791628,0.6990487144662744,0.7080917276384506
2026-06-14 12:30:00,0.53,0.691630649412344,0.67893505,0.684513555512607,0.6172617385889589,0.6880992761424385
2026-06-18 09:30:00,0.57,0.6681349231958271,0.6111226,0.6093516422321635,0.5618809934340531,0.6389677223640251
2026-06-22 21:30:00,0.54,0.5898956280157119,0.5734138,0.6128316219743403,0.569673536790347,0.6012760533866917
2026-06-23 00:30:00,0.57,0.553193515540941,0.55122834,0.5675209933215197,0.5408397598488802,0.5603025508820889
2026-06-23 06:30:00,0.55,0.5790036425363145,0.505511,0.5142846349137205,0.5914062195634817,0.5468912414927256
2026-06-23 21:30:00,0.54,0.5707457219907692,0.50802594,0.5133603448651143,0.5488638108404702,0.5422721357602336
2026-06-24 00:30:00,0.54,0.5493769145303491,0.48224714,0.4907768832393603,0.5407207783183213,0.5203006388717876
2026-06-24 03:30:00,0.56,0.5469012396638493,0.49863836,0.5161517028162544,0.5417361207730539,0.5316438756308159
2026-06-24 06:30:00,0.56,0.5700343860360588,0.492394,0.5190387919845958,0.5598374275302119,0.5447312945982826
2026-06-24 15:30:00,0.67,0.5599490730276524,0.51321375,0.5312348924377875,0.5557929627141022,0.5457016159572836
2026-06-29 21:30:00,0.67,0.6165924380786185,0.5104375,0.5291108104290755,0.636788743844413,0.5731856366732258
2026-06-30 03:30:00,0.48,0.612384886151208,0.57821345,0.5823381607322826,0.6350790418921199,0.5974762444376988
2026-07-11 09:30:00,0.48,1.2362878586034038,0.5755967,0.5209936131749124,0.8859409581642584,0.8813717911735943
2026-08-01 15:30:00,0.48,1.0587818785706222,0.68404436,0.7515841047805543,0.905033846457309,0.9063558993409837
2026-08-01 18:30:00,0.48,0.9744612722075752,0.68403697,0.741590592820376,0.8008296775855319,0.8589150529054721
2026-08-01 21:30:00,0.48,1.207463402733043,0.59292716,0.6587862658988809,0.7640232429381562,0.9352197310714959
2026-08-02 00:30:00,0.47,1.207463402733043,0.5922751,0.6494850089999299,0.7613665762714894,0.930604615625191
2026-08-02 03:30:00,0.53,0.7268487636961108,0.5549313,0.454005007594256,0.6925613697241652,0.5914686267002662
2026-08-02 09:30:00,0.5,0.7674557049114772,0.5407757,0.5497479222170953,0.6642261386503513,0.6594330407049913
2026-08-03 00:30:00,0.5,0.7809175598748481,0.5120422,0.525412644191435,0.7933493855677777,0.6541406418961229
2026-08-03 03:30:00,0.51,0.5262225418406721,0.53927773,0.567934907580923,0.6412760221625955,0.5469194632913057
2026-08-03 06:30:00,0.5,0.4810929957426228,0.5641493,0.6088236707707144,0.6406640225737399,0.5444706464938439
2026-08-03 15:30:00,0.5,0.5771416425755173,0.5257252,0.5471955224779448,0.5987000884213913,0.5622829194028676
2026-08-03 18:30:00,0.5,0.5746779288834172,0.53902245,0.5647787448400711,0.6094694658195282,0.5697661328024579
2026-08-04 00:30:00,0.51,0.4928911894326281,0.50128293,0.5518083012099773,0.6255649408458261,0.5221247946936531
2026-08-04 00:30:00,0.51,0.5293660702608716,0.52402115,0.5322026474791117,0.6185466981626763,0.5307735285728781
2026-08-04 03:30:00,0.52,0.5667349617139503,0.5131363,0.5497677338103935,0.6325713574845764,0.5583161301055563
2026-08-04 06:30:00,0.52,0.5787996556097255,0.5425104,0.5585806798881828,0.6960156548224069,0.5687673655467039
2026-08-04 09:30:00,0.52,0.5349779927097925,0.54198134,0.579494472766897,0.6612114905553014,0.5570662649679041
2026-08-04 15:30:00,0.51,0.5428815696322719,0.5542636,0.5492386707276387,0.6544679365274878,0.5460358482182399
2026-08-04 18:30:00,0.51,0.5061799246569505,0.51560456,0.5469757096677759,0.595782623444816,0.526422055327358
2026-08-04 21:30:00,0.51,0.7527981509048333,0.5416883,0.5420155270228489,0.7155040134589733,0.6482116252493443
2026-08-05 03:30:00,0.51,0.7468090033340424,0.55253625,0.5433010187025388,0.7145921525602098,0.6458320221020577
2025-06-10 09:30:00,-2.02,-2.7930999999999977,-2.9026814,-2.912815794563804,-2.6754406547619034,-2.852500812025779
2025-10-21 18:30:00,-1.61,-2.1465500000000013,-2.016054,-2.0967510855980214,-2.2187500000000013,-2.1218406793605813
2025-10-21 21:30:00,-1.7,-2.0300500000000032,-1.7256731,-1.87605689751355,-2.06145,-1.9536414077386923
2025-10-22 00:30:00,-1.58,-2.191700000000003,-1.7828221,-1.8889740514107407,-2.0011500000000018,-2.0414928595554476
2025-10-23 00:30:00,-2.56,-2.033950000000003,-1.756159,-1.8454987672299263,-1.8649500000000008,-1.9404439067180854
2025-10-23 18:30:00,-2.43,-2.383850000000002,-2.0193353,-2.379155294163798,-2.5245500000000005,-2.381520571874759
2025-10-24 18:30:00,-2.85,-2.400800000000004,-2.4402108,-2.3488124735343514,-2.475137500000003,-2.375004729638868
2025-10-25 18:30:00,-2.97,-2.678836363636364,-2.4312005,-2.633486366106855,-1.873650000000004,-2.6563345150838384
2025-10-27 09:30:00,-3.2,-2.594936363636363,-2.0438547,-2.4518011839102134,-1.331369999999999,-2.523915276267161
2025-10-30 09:30:00,-2.94,-2.3125000000000004,-1.3749719,-2.0017882070802133,-2.2745500000000027,-2.1583304280344158
2025-11-06 09:30:00,-3.09,-2.65045,-2.4346209,-2.2984902098065083,-2.412650000000003,-2.475813917818093
2025-11-12 09:30:00,-1.85,-2.357800000000003,-1.6689756,-2.248144100446805,-2.5019000000000045,-2.303390725930441
2025-11-21 00:30:00,-1.9,-2.118100000000001,-2.023556,-1.9757672355652296,-1.6166499999999993,-2.0474770565855165
2025-11-21 06:30:00,-2.55,-2.1720500000000014,-2.2037659,-2.0082592142216047,-1.7709999999999997,-2.0907799744947866
2025-11-21 18:30:00,-1.77,-2.338450000000001,-1.9759506,-2.4868912382856614,-1.8854499999999996,-2.4121038576585336
2025-11-23 03:30:00,-1.55,-2.1373,-2.3034701,-2.271864843382846,-2.0116375000000004,-2.204068641482832
2025-11-23 06:30:00,-2.1,-2.078350000000001,-1.988109,-1.8989300940351164,-1.9214500000000003,-1.989325087733949
2025-11-24 00:30:00,-2.1,-1.8658000000000028,-1.9809856,-1.954847067626464,-1.9379500000000025,-1.9099835444086501
2025-11-24 18:30:00,-0.38,-2.188650000000001,-2.0985684,-2.0637522207661707,-2.194100000000001,-2.126677980904792
2025-11-25 03:30:00,-1.15,-0.4724500000000001,-0.83473796,-0.4849273780947855,-0.9124499999999998,-0.47864104933884
2025-11-25 15:30:00,-0.8,-1.3229499999999994,-0.7440898,-0.5266891179393344,-1.2089499999999993,-0.927859751874391
2025-11-25 21:30:00,-0.92,-0.7401999999999995,-1.0942446,-0.863083004502623,-0.6611999999999995,-0.8011723243137573
2025-11-26 00:30:00,3.7,0.1852,-0.57818824,0.3504903371421758,0.0356499999999999,0.2672140757703231
2025-11-27 00:30:00,5.05,2.0463000000000027,1.4290541,1.308563145197137,1.7838250000000009,1.680248315706332
2025-11-27 09:30:00,7.9,4.144507272727274,3.446577,4.157841996944488,4.264156578144079,4.151123721705693
2025-11-27 12:30:00,-0.3,7.290549999999989,6.518042,7.048732202790135,6.632849999999994,7.170564382656111
2025-12-04 09:30:00,-0.7,0.4082880952380949,0.20037654,0.0521385717820471,-0.0034499999999999,0.23157314318881575
2025-12-05 12:30:00,-1.45,-0.0435499999999999,0.2195415,-0.2540713413506691,-0.2267333333333335,-0.14800688198913034
2025-12-06 15:30:00,-1.58,-1.0161499999999997,-1.2883966,-0.8849654574305864,-1.1667500000000002,-0.951058602643065
2025-12-07 15:30:00,-1.5,-1.40295,-1.4793463,-0.7782058560406001,-1.272450000000002,-1.0929632551869666
2025-12-07 18:30:00,-0.44,-1.4628000000000012,-1.7551335,-1.5495418550391178,-1.3346500000000014,-1.505839739615979
2025-12-08 09:30:00,-0.72,-0.6344500000000012,-1.2090311,-0.8570011986527506,-0.8749999999999993,-0.744875879604705
2025-12-08 15:30:00,-1.31,-0.2268500000000003,-0.515185,-0.5757936192444639,-0.5658999999999998,-0.39998951270890093
2025-12-09 09:30:00,-1.39,-1.2597499999999997,-1.4676872,-1.2887965005208255,-1.4682000000000004,-1.274162348209615
2025-12-10 09:30:00,-0.51,-1.3436500000000011,-0.81451356,-1.045521652209266,-1.1176,-1.195724105917281
2025-12-10 15:30:00,-1.42,-0.5325000000000008,-0.6595771,-0.4396070614566896,-0.7001999999999997,-0.4864082040006619
2025-12-11 12:30:00,-0.42,-0.9198500000000008,-1.0672933,-0.7392905792252992,-1.1735000000000002,-0.8302596810951246
2025-12-13 09:30:00,-1.38,-0.4492750000000003,-0.5882968,-0.4436069266723698,-0.6166142857142856,-0.44646260453029907
2025-12-14 09:30:00,-1.47,-0.8476000000000005,-0.7273818,-0.6871017762845416,-0.9978500000000016,-0.7679636842395723
2025-12-17 15:30:00,1.36,-1.3262,-1.5025617,-1.180749388783371,-1.55155,-1.2540300374032174
2025-12-18 15:30:00,1.45,0.6808000000000008,0.5740254,0.4022986763406749,0.777609335031127,0.5426126803075959
2025-12-18 18:30:00,-0.05,1.474625588235295,0.80298126,0.597618675395634,1.472266272572881,1.039470620048252
2025-12-19 09:30:00,0.4,0.378772222222222,0.3693436,0.9957020261742996,0.281471875,0.6848816328574905
2025-12-19 12:30:00,0.79,0.8523929350026396,0.5823473,0.4761064132782443,0.8782852525252522,0.6656863686199311
2025-12-19 15:30:00,-0.86,1.52571972082495,0.7171204,0.7177968201962145,0.7011895634339111,1.1248429900106776
2025-12-21 09:30:00,-0.68,-0.1667749999999999,-0.029287744,-0.2317462045229556,0.0243250000000003,-0.19901253658419507
2025-12-21 15:30:00,-1.12,-0.0826333333333332,-0.2384626,-0.3743416069862988,-0.09045,-0.2273737027454053
2025-12-24 09:30:00,-1.23,-1.0742999999999994,-1.1363614,-0.5929881598797582,-0.8683249999999996,-0.8354817701671147
2025-12-25 09:30:00,-1.53,-1.130850000000001,-0.37730673,0.4544035950550763,-1.262100000000001,-0.34427583778389736
2025-12-29 09:30:00,-1.47,-0.8700499999999995,-1.1890411,-1.1831510097507305,-0.96045,-1.0254050581445866
2026-01-01 09:30:00,-1.27,-1.4425500000000004,-1.8063309,-1.461958146862482,-1.2977499999999995,-1.4521799714481918
2026-01-10 12:30:00,-1.3,-1.2737500000000004,-1.5525512,-1.4880870597435136,-1.45235,-1.3801001724427628
2026-01-10 15:30:00,-1.4,-1.3435499999999991,-1.4852258,-1.4229418169170711,-1.297600000000001,-1.3829427836361026
2026-01-10 18:30:00,-1.38,-1.449599999999999,-1.7440797,-1.4332272752410178,-1.3596000000000017,-1.4414761500994766
2026-01-11 09:30:00,-0.1,-1.2859499999999997,-1.5216621,-1.2407124671482412,-1.2432833333333353,-1.2635039543864843
2026-04-15 09:30:00,-2.12,-1.843600000000004,-1.8990985,-1.4778862457923896,-1.6944000000000026,-1.662139449635022
2026-05-12 15:30:00,-2.63,-2.2445363636363638,-1.7872697,-2.337976486181587,-2.53775,-2.290899662440821
2026-05-26 09:30:00,-3.36,-2.6798999999999995,-2.9498005,-2.090414565046666,-2.7686178571428584,-2.3874079888900015
2026-06-12 18:30:00,3.31,-2.602149999999999,-2.8631744,-2.756855615101394,-2.5392,-2.6789121281340016
2026-06-13 12:30:00,-3.32,2.449849999999998,1.8531035,1.9240247246922733,1.0173749999999997,2.1889450087182363
2026-06-13 15:30:00,-3.34,0.5124500000000003,-1.9209384,1.5012018014267294,-2.0406000000000013,1.0030507608327626
2026-06-13 18:30:00,-3.12,-2.140799999999999,-2.1150422,-1.957309708150513,-2.390650000000001,-2.0497554358769423
2026-06-14 12:30:00,-3.26,-2.6087,-3.0427442,-2.87220012169309,-2.738949999999999,-2.7394439945956295
2026-06-18 09:30:00,-3.14,-2.695399999999999,-3.0338914,-2.7891728748872047,-2.694275,-2.741928404498231
2026-06-24 15:30:00,-3.3,-2.6193999999999997,-2.9775584,-2.8128920044179,-2.6759750000000007,-2.7154072330037744
2026-07-11 09:30:00,-3.2,-2.6434499999999987,-3.0323493,-2.8440388388311746,-2.6657634615384604,-2.742978553882919
2026-08-01 15:30:00,-3.32,-2.632499999999999,-2.9402027,-2.767519873323378,-2.6486499999999973,-2.6994944191094357
2026-08-01 18:30:00,-3.36,-2.6197499999999985,-2.9433968,-2.755747644044829,-2.550899999999998,-2.687229571256993
2026-08-02 09:30:00,-3.3,-2.636499999999998,-2.9717648,-2.750592423469921,-2.6185249999999964,-2.6931105969959575
2026-08-03 15:30:00,-3.29,-2.776849999999998,-2.9772873,-2.8529435744185183,-2.914549999999997,-2.814606255361902
2026-08-03 18:30:00,-2.83,-2.6602499999999973,-2.9881942,-2.91770690272598,-2.6460999999999983,-2.7879954586446796
2026-08-04 09:30:00,-3.04,-2.6999499999999994,-2.8880708,-2.840761246864745,-2.634375,-2.769817993915127
2026-08-04 15:30:00,-3.31,-3.001928571428574,-2.8355734,-2.842707400158172,-2.988882503373822,-2.9229259059940054
2026-08-04 18:30:00,-3.24,-2.8569,-2.9356499,-2.6228746333479256,-2.861983333333333,-2.7407808457612886
2025-06-10 09:30:00,0.85,0.5126018384171994,0.47547787,0.4791667478839844,0.4777315520853096,0.49601195121756214
2025-10-21 18:30:00,0.84,0.8588674556391193,0.78233844,0.7205270570119308,0.8609231040814456,0.7902254519305314
2025-10-21 21:30:00,0.56,0.8939039342954024,0.8584471,0.8549647950336702,0.8951459763941573,0.874583037665517
2025-10-23 00:30:00,0.53,0.9082447876777592,0.7951855,0.7793944974705066,1.187937268212964,0.8443116041245307
2025-10-23 18:30:00,0.62,0.654791609342873,0.73949,0.6828869622137486,0.7130622000995736,0.6687320152914914
2025-10-24 18:30:00,0.58,1.0596820533103586,0.7919482,0.7644939295646884,0.9357109271631808,0.9132150452205096
2025-10-25 18:30:00,0.54,0.6970115643406202,0.9501631,0.7562729103490703,0.7276193782956775,0.7264159724011334
2025-10-27 09:30:00,0.49,0.5821990092981081,0.709669,0.7213243597742487,0.6107419428154031,0.6512304919171334
2025-10-30 09:30:00,0.46,0.5203592571741747,0.7194323,0.7305149189138461,0.8666541657006417,0.6246346955541833
2025-11-06 09:30:00,0.78,0.5631428146449136,0.54607844,0.5264843982072146,0.6687519052336626,0.5449535714300762
2025-11-12 09:30:00,0.7,0.7229784858602437,0.7062082,0.6655844303391406,0.7824527625504903,0.6945005935668482
2025-11-21 00:30:00,0.69,0.8152590455187844,0.6502733,0.6390490106024134,0.7046762803424869,0.7278268132117511
2025-11-21 06:30:00,0.63,0.717858899255363,0.6387051,0.6602759443362244,0.8276192976357535,0.6892872784971866
2025-11-21 18:30:00,1.93,0.8958353336025698,0.7299066,0.7095434898859704,0.8547004022418622,0.8034006901132507
2025-11-23 03:30:00,1.9,1.7447418749999986,1.4847611,1.5850065961363762,1.7667331414164116,1.6654841186760683
2025-11-23 06:30:00,1.2,1.8367737270521545,1.581332,1.639216252097415,1.7068159159366536,1.738749281098033
2025-11-24 00:30:00,1.42,1.4401020263743245,1.3362544,1.3277652127102852,1.5437869247108955,1.3843625312112504
2025-11-24 03:30:00,1.66,1.6226115135382326,1.3694057,1.5622485269642503,1.5694154353248706,1.592660491353897
2025-11-24 18:30:00,1.4,1.7993061128096242,1.8509443,1.7614028432091888,2.0018801586722987,1.7804991959704428
2025-11-25 03:30:00,1.12,1.4354294073742353,1.4450611,1.4630137291345473,1.4543556997795892,1.4491162489285436
2025-11-25 15:30:00,1.41,1.2387950348228136,1.182805,1.2314579556568002,1.318951778654382,1.2351545088425397
2025-11-25 21:30:00,1.36,2.0095394531789013,1.5625082,1.5644568409542654,1.64724158667275,1.7886975109687753
2025-11-26 00:30:00,5.16,1.3634079678545885,1.3773583,1.335836875023687,1.3913476070141584,1.3497276902557886
2025-11-27 00:30:00,5.67,3.2459124999999984,3.2377853,3.2081446714488995,3.864400000000004,3.227172786559847
2025-11-27 09:30:00,5.68,4.914088333333336,4.4826603,4.324090189523743,5.1057000000000015,4.621341925361958
2025-11-27 12:30:00,5.74,4.388781558441558,4.4018054,3.920013571859077,4.755163174603168,4.1561873618600105
2025-11-27 18:30:00,1.99,5.450152834708401,4.9854083,4.952155504244349,5.272729507936506,5.203055566348628
2025-11-30 00:30:00,1.46,2.4473762301587287,1.3937539,1.6682084988257937,2.263772825717396,2.0607672942693687
2025-11-30 18:30:00,1.39,2.797924409888359,1.8584293,2.0703838958488547,3.0476388603063573,2.436931965465601
2025-11-30 21:30:00,1.15,1.984838087497315,1.4941763,1.517472858758035,1.9430486139456848,1.7529399139866189
2025-12-01 12:30:00,1.14,1.615571336119824,1.3768183,1.387505262476025,1.4427174643462488,1.5024090752892123
2025-12-01 15:30:00,1.11,1.2486941959913256,1.3585172,1.270516225699556,1.2305097651219594,1.2595218924489449
2025-12-01 18:30:00,1.05,1.1602442839728333,1.3154463,1.2115120493981724,1.2209841244267474,1.1856824219237057
2025-12-02 00:30:00,0.99,1.0455687009917838,1.0353624,1.0752440195081203,1.0936974328971392,1.06029305731767
2025-12-02 12:30:00,0.99,0.9967029471864618,1.1397374,1.018075835108008,0.9963792251965746,1.0073077876129202
2025-12-02 15:30:00,0.98,0.9879322333133792,0.9770937,0.9868578648908192,1.0048687093715136,0.9873991511336428
2025-12-02 18:30:00,0.98,0.9814255051844744,0.9940254,0.9765404643663028,0.9994558652920434,0.9790016362836683
2025-12-02 21:30:00,1.76,0.9504377176188948,0.96456,0.9668866833049068,0.9866341292462286,0.9585993968884798
2025-12-03 00:30:00,0.95,1.488323800508057,1.4690475,1.5516151438450296,1.4833867898684423,1.5197278203545355
2025-12-03 06:30:00,0.94,1.2427146180666546,1.3076134,1.309902862169354,0.9999365625325464,1.2760522095918865
2025-12-03 09:30:00,0.91,0.9974611120330572,0.9570485,0.9730488681486774,0.9691829212060884,0.9853481981490775
2025-12-03 12:30:00,0.88,0.9151397047371456,1.0155741,1.1134230256353117,0.9696251625046756,1.0135243023204004
2025-12-03 15:30:00,1.39,0.8787568843354596,0.9374274,0.9792117770371426,0.9543359136328162,0.9286007852190841
2025-12-04 03:30:00,1.09,1.5359217130540848,1.2667713,1.340664961859899,1.462065039673072,1.4390388446179663
2025-12-04 09:30:00,0.96,1.0933580455235703,1.0727115,1.1139338701422683,1.1436177863527464,1.1035673975552212
2025-12-04 21:30:00,0.9,0.9864100143128456,0.9740441,0.9692883221012248,1.0251683898295672,0.9779145403085051
2025-12-05 12:30:00,0.87,1.002643863464755,1.0116054,1.025132582584006,0.9448287147647108,1.0138023591500611
2025-12-06 00:30:00,0.87,0.8830675599070709,0.89277416,0.9612715770867784,0.918669978614505,0.921870978796605
2025-12-06 15:30:00,0.84,0.8741062094126785,0.8920399,0.9281789153605524,0.9459299666176548,0.9009361081193449
2025-12-07 06:30:00,0.82,0.8257777879038478,0.8283538,0.844270315803944,0.8574255464953889,0.8349534457832236
2025-12-07 15:30:00,0.82,0.8521454359202614,0.8803507,0.8610540497360876,0.8523149994696761,0.8565657289702492
2025-12-07 18:30:00,0.8,0.8409684606561255,0.8470679,0.8417497545737366,0.8465825557318591,0.8413561245671908
2025-12-08 09:30:00,0.79,0.8252502687103521,0.8719634,0.8745975691048146,0.8416058351683564,0.8497355066473473
2025-12-08 15:30:00,1.0,0.8554887113159115,0.8462866,0.8385325698659268,0.8468495233708321,0.8470753806052651
2025-12-09 09:30:00,1.88,1.1517206145370136,1.0089065,0.9116670697823348,1.2909583916810072,1.0326103873522852
2025-12-10 09:30:00,2.2,1.6191638932946404,1.4924048,1.6000352363103654,1.5086653238921,1.609672599669028
2025-12-10 15:30:00,1.35,1.875119369195543,1.7989762,1.953714575724113,2.06099961643977,1.914116889164746
2025-12-11 12:30:00,1.08,1.4363589376349155,1.4457734,1.3942907885494835,1.5882609244457069,1.4154854829232697
2025-12-13 09:30:00,1.04,1.2877898928157858,1.0831877,1.2220285605684873,1.344804417547378,1.2551603091453973
2025-12-14 09:30:00,1.88,1.1092094863060848,1.1746721,1.2270815143540927,1.11885740004502,1.1676954547339649
2025-12-17 15:30:00,1.18,1.650323947053232,1.660022,1.6850091195683576,1.6644669353072772,1.667534102322716
2025-12-18 15:30:00,1.13,1.816962285017765,1.4385831,1.462850890169648,1.430331854295558,1.641258615521178
2025-12-18 18:30:00,1.05,1.2429774420575497,1.2407918,1.1378221298885254,1.3544858457634967,1.1908012780482515
2025-12-19 09:30:00,1.01,1.130962964506179,1.1011358,1.1872091717629798,1.1441995358019723,1.1588713152513568
2025-12-19 12:30:00,1.01,1.007103088778796,1.044188,1.024716498342097,1.0307700697869258,1.0158425440396062
2025-12-19 15:30:00,0.85,1.0104007233290482,1.0259763,1.009089235510474,1.019435791057254,1.009749986793664
2025-12-21 09:30:00,0.84,0.927472570849377,0.96014035,0.9979314844783816,0.9297624764165752,0.9624330094386775
2025-12-21 15:30:00,0.75,0.8871856397112328,0.9385228,0.9549995976907996,0.8976100485318408,0.9208336991452077
2025-12-24 09:30:00,0.88,0.8215469350382013,0.86319464,0.8787641488459167,0.8008254134080616,0.8499370816718568
2025-12-25 09:30:00,0.7,0.8819754316728812,1.0813209,0.905017610558472,0.896506728185504,0.8934085440841085
2025-12-29 09:30:00,0.83,0.7615230705257676,0.85515463,0.7668765651556876,0.7337891141307682,0.7641793777352847
2026-01-01 09:30:00,1.06,0.9807937028152722,0.81465614,0.8324985699505507,0.91088498913371,0.9072123400240769
2026-01-10 12:30:00,1.05,0.9463302441504368,1.1303158,0.9377244142533782,0.8836450617420053,0.9420601870046473
2026-01-10 15:30:00,1.04,0.9443912279936256,0.9614395,1.0236335260647071,1.0703659853719634,0.9837098230826176
2026-01-10 18:30:00,0.92,1.0314889793298452,1.1515546,1.069856314085298,1.0893872689667894,1.0505261569056428
2026-01-11 09:30:00,0.63,1.0064746849480688,1.0130137,0.996355689364712,1.0544147255529073,1.001453822356572
2026-02-20 06:30:00,0.72,0.7181502765328838,0.87068844,0.7835302273654414,0.7366284470381977,0.7505906256431233
2026-02-21 21:30:00,0.56,0.7556284467017439,0.76928556,0.7519975056795117,0.8446424815182476,0.7538268394374379
2026-04-15 09:30:00,0.64,0.8116343948655776,0.74984574,0.7815826268935478,0.7378217438025162,0.7967232511284199
2026-05-10 06:30:00,0.64,0.6312944708252322,0.5726929,0.626690102162474,0.6621465594120188,0.6290098663715723
2026-05-11 21:30:00,0.64,0.6947655378916013,0.689061,0.6829143749573211,0.8328492593497411,0.6888852051893788
2026-05-12 15:30:00,0.64,0.6169635330990619,0.5977782,0.5818056727198392,0.6501657461323848,0.59951883866067
2026-05-12 21:30:00,0.63,0.6297782827706484,0.60377914,0.6327306409803091,0.6727362167665183,0.6312431895165277
2026-05-13 06:30:00,0.62,0.6286205758456709,0.614767,0.6403378169646753,0.6362657281989368,0.634434458965327
2026-05-13 21:30:00,0.62,0.6024282520472393,0.61046267,0.6153599396967784,0.5980973907176259,0.6088447215702893
2026-05-14 00:30:00,0.69,0.5984257463087205,0.5869709,0.6045747060550035,0.5947785195016969,0.6014767489218166
2026-05-15 21:30:00,0.68,0.62718137516626,0.666522,0.6574581894186098,0.6245160964075789,0.6422041827974183
2026-05-16 00:30:00,0.53,0.6113684890380413,0.6856074,0.6810884441675094,0.572073036947531,0.6459622697850267
2026-05-23 21:30:00,0.53,0.5820390657248984,0.60709095,0.6043383656410913,0.5557867254615391,0.5931035750275728
2026-05-24 06:30:00,0.53,0.5620733110761712,0.5276205,0.5657479638197522,0.5442013425173063,0.5638966073060194
2026-05-24 21:30:00,0.53,0.5457931965017431,0.5625568,0.5706236168052442,0.521988082433926,0.5581136019615531
2026-05-25 21:30:00,0.53,0.5267833481891333,0.51035833,0.5102952238848244,0.5251749679950213,0.5186022391213906
2026-05-26 09:30:00,0.55,0.5230567392138175,0.5246538,0.5190735720088101,0.5252454510717272,0.5210803636881486
2026-05-30 21:30:00,0.55,0.5462684060114663,0.51035833,0.5340056198367342,0.5383223237996562,0.5401838333021453
2026-05-31 21:30:00,0.51,0.5473120035918295,0.51035833,0.5340056198367342,0.5397669576008879,0.5407096166381342
2026-06-12 18:30:00,0.51,0.4821613607778217,0.60077965,0.5977870475492173,0.5202535291071587,0.5395327352926431
2026-06-12 21:30:00,0.52,0.4725194291963994,0.5261296,0.547235011959246,0.5142652071186196,0.5095919500217706
2026-06-13 00:30:00,0.52,0.5057108439882915,0.527903,0.5227659030795666,0.5160477502332774,0.5141732558434746
2026-06-13 03:30:00,0.53,0.5008302279718532,0.529917,0.5238841388682507,0.5135237157730729,0.5122691615946522
2026-06-13 12:30:00,0.53,0.5224284076049623,0.5349597,0.5139522135381137,0.5211883188201554,0.5182226734134678
2026-06-13 15:30:00,0.54,0.5202499973289441,0.51918554,0.4983656811536635,0.5229136874595647,0.509391395452917
2026-06-13 18:30:00,0.54,0.6279833368612434,0.5266962,0.5253186006328607,0.5338073708119133,0.577042951587951
2026-06-13 21:30:00,0.54,0.5323129586354615,0.5127914,0.52139638094664,0.534066657175247,0.5268963502286825
2026-06-14 00:30:00,0.54,0.5337359310964582,0.51213926,0.5200111446410903,0.5351902771755828,0.5269259402903179
2026-06-14 03:30:00,0.54,0.5344838442619714,0.51223105,0.5223095421724461,0.5355210106758846,0.5284431757553647
2026-06-14 06:30:00,0.55,0.5345338442619714,0.5059864,0.513950476800754,0.5356528288577027,0.5243207496082855
2026-06-14 12:30:00,0.51,0.5508999767923338,0.52769405,0.5423333303465347,0.5429832923523108,0.5466493617663689
2026-06-18 09:30:00,0.5,0.6268033258573773,0.52708685,0.519536095620431,0.5050637046043049,0.5735792662999306
2026-06-22 21:30:00,0.5,0.4903407608340497,0.5127914,0.5107577474964453,0.4909831618089847,0.5004713003446024
2026-06-23 00:30:00,0.5,0.4911746890917368,0.5054466,0.5093725111908957,0.4889975366895867,0.5002041192828768
2026-06-23 06:30:00,0.5,0.4914539022267091,0.4992938,0.5033118433505593,0.4871303424442438,0.4973375981440025
2026-06-23 21:30:00,0.5,0.4917314433906105,0.50609875,0.5107577474964453,0.4871941309376976,0.5011719513691436
2026-06-24 06:30:00,0.5,0.4911817906128328,0.4992938,0.5033118433505593,0.487088096454939,0.49720050339139166
2026-06-24 15:30:00,0.5,0.4919015822794994,0.52095455,0.5186229343946249,0.4872501428424596,0.5051602339039457
2026-06-29 21:30:00,0.5,0.4917314433906105,0.50609875,0.5107577474964453,0.4871941309376976,0.5011719513691436
2026-06-30 03:30:00,0.45,0.4913536656128328,0.5055384,0.5116709087222514,0.487088096454939,0.5014347141764075
2026-07-11 09:30:00,0.42,0.4935664703752479,0.4477548,0.4394701593156424,0.5231674935603664,0.46672485923907336
2026-08-01 15:30:00,0.42,0.4282924533422766,0.5766935,0.4629596016148704,0.5244310731855977,0.4454936653086115
2026-08-01 18:30:00,0.42,0.4109238576710393,0.5549508,0.4207826073472898,0.5255855695505459,0.41581559095036075
2026-08-01 21:30:00,0.42,0.4110732262790076,0.5035948,0.4064499624480834,0.4602637425716766,0.40877924638465074
2026-08-02 00:30:00,0.42,0.4113078763200951,0.5029426,0.3989907156188051,0.4549012595784792,0.40519632395413957
2026-08-02 03:30:00,0.42,0.4108057929867616,0.5144427,0.4077354541277733,0.4494526070331373,0.40928234637653993
2026-08-02 09:30:00,0.42,0.4120995429867617,0.53251684,0.4214839835747928,0.448819273699804,0.41675593267508837
2026-08-03 00:30:00,0.42,0.4270192350766077,0.4453863,0.4368954180177735,0.4740870727561572,0.4319196184266738
2026-08-03 03:30:00,0.42,0.4280220598902262,0.4130963,0.4487938296343583,0.462774360936756,0.438328636349161
2026-08-03 06:30:00,0.42,0.430837155410648,0.36427805,0.3882531344831098,0.4578805155706527,0.4097077344212524
2026-08-03 15:30:00,0.42,0.4209385955615813,0.38894045,0.3944960858560015,0.4894719087903784,0.40781830049747514
2026-08-03 18:30:00,0.42,0.4193484898405435,0.38614827,0.4049673060025504,0.4747887830272526,0.41221280652505965
2026-08-04 00:30:00,0.42,0.4113078763200951,0.5029426,0.3989907156188051,0.4549012595784792,0.40519632395413957
2026-08-04 03:30:00,0.42,0.4108057929867616,0.5144427,0.4077354541277733,0.4494526070331373,0.40928234637653993
2026-08-04 06:30:00,0.42,0.4107495429867617,0.508198,0.3993763887560811,0.4494526070331373,0.4051063895577727
2026-08-04 09:30:00,0.42,0.4120995429867617,0.53251684,0.4214839835747928,0.448819273699804,0.41675593267508837
2026-08-04 15:30:00,0.42,0.4120620429867616,0.521669,0.4128358599248101,0.4606514976737174,0.41244599695580014
2026-08-04 18:30:00,0.42,0.4276313898347592,0.46207866,0.4564245864192247,0.5143031441847288,0.4419180532125278
2026-08-04 21:30:00,0.42,0.4302095598902262,0.4015595,0.4504678222350281,0.5259346664125011,0.4402613432651523
2026-08-05 03:30:00,0.42,0.4287867387439812,0.3633057,0.3966121998548019,0.46526212271351,0.41282231447117806
