datetime,actual_water_level,random_forest_prediction,xgboost_prediction,rf_error,xgb_error
2025-06-10 09:30:00,0.59,0.337852383600988,0.3272069,0.25214761639901195,0.2627930903434753
2025-06-10 09:30:00,1.89,1.4287733254371253,1.4292241,0.4612266745628746,0.4607758665084838
2025-06-10 09:30:00,3.63,3.072694277488346,2.8846128,0.557305722511654,0.745387201309204
2025-06-10 09:30:00,0.85,0.9951996313494879,0.91236424,-0.14519963134948788,-0.06236424446105959
2025-06-10 09:30:00,0.85,0.521441457814579,0.4625779,0.328558542185421,0.38742209076881406
2025-06-10 09:30:00,7.74,5.124785714285711,6.4257803,2.6152142857142895,1.3142197036743166
2025-06-10 09:30:00,1.3,1.264142182361817,0.9090073,0.035857817638182965,0.3909926891326905
2025-06-10 09:30:00,4.73,3.2492034222476867,2.3884254,1.4807965777523138,2.3415746498107914
2025-06-10 09:30:00,4.98,0.4944508067119975,0.5528653,4.485549193288003,4.427134673595429
2025-06-10 09:30:00,2.15,0.8373573446234204,1.0356169,1.3126426553765795,1.1143831253051757
2025-06-10 09:30:00,2.93,1.7138655990327525,1.4286237,1.2161344009672477,1.5013763236999513
2025-06-10 09:30:00,1.07,0.7839241687408277,0.6903042,0.28607583125917235,0.37969578027725226
2025-06-10 09:30:00,0.71,0.304198418803419,0.18975873,0.40580158119658094,0.5202412670850753
2025-06-10 09:30:00,0.94,1.3136209567499608,0.83815086,-0.3736209567499609,0.10184914112091059
2025-06-10 09:30:00,2.3,1.597636520253154,1.5634294,0.7023634797468459,0.7365706443786619
2025-06-10 09:30:00,2.72,1.4291758841184292,1.2199049,1.290824115881571,1.5000951004028322
2025-06-10 09:30:00,2.4,1.140210464637638,1.513364,1.2597895353623618,0.8866360425949096
2025-06-10 09:30:00,11.16,11.020049999999985,10.428592,0.1399500000000149,0.7314082717895509
2025-06-10 09:30:00,3.98,2.094386630217944,1.8856248,1.8856133697820558,2.0943752336502075
2025-06-10 09:30:00,3.66,3.2590599999999994,1.8757969,0.40094000000000074,1.7842030858993532
2025-06-10 09:30:00,1.81,0.7932459448132836,0.70522445,1.0167540551867165,1.1047755455970765
2025-06-10 09:30:00,3.44,1.4230158587242516,1.4409496,2.0169841412757483,1.999050440788269
2025-06-10 09:30:00,0.44,0.33051067876785545,0.24522856,0.10948932123214455,0.19477144122123718
2025-06-10 09:30:00,0.78,1.2444069672290794,1.1628846,-0.46440696722907937,-0.3828845930099487
2025-06-10 09:30:00,1.72,1.2199880054501224,1.2405584,0.5000119945498775,0.47944161415100095
2025-06-10 09:30:00,1.33,0.8423701804024551,0.75421816,0.4876298195975449,0.5757818388938905
2025-06-10 09:30:00,0.29,-0.19261078355840966,-0.13561012,0.48261078355840964,0.4256101185083389
2025-06-10 09:30:00,1.76,1.5560356545881127,1.7066752,0.20396434541188735,0.05332482814788819
2025-06-10 09:30:00,2.97,2.2814833333333344,0.9803544,0.6885166666666658,1.9896455717086794
2025-06-10 09:30:00,1.44,0.37848060322038896,0.2574702,1.061519396779611,1.182529809474945
2025-06-10 09:30:00,1.53,1.401624693265151,1.3505836,0.12837530673484898,0.17941644668579104
2025-06-10 09:30:00,0.2,1.0184778031859165,0.7927324,-0.8184778031859166,-0.5927324175834656
2025-06-10 09:30:00,2.67,2.707354148629151,1.5546682,-0.037354148629150874,1.1153318119049072
2025-06-10 09:30:00,0.65,0.5265351357486416,0.4665372,0.12346486425135839,0.183462792634964
2025-06-10 09:30:00,2.4,2.927438820346322,2.740002,-0.5274388203463221,-0.34000191688537607
2025-06-10 09:30:00,1.71,2.344699166666669,1.5076818,-0.6346991666666693,0.20231815338134762
2025-06-10 09:30:00,0.87,1.008903993004489,1.0576112,-0.13890399300448897,-0.18761122703552247
2025-06-10 09:30:00,-2.02,-2.7887607142857114,-2.7242727,0.7687607142857114,0.7042727279663086
2025-10-21 18:30:00,0.84,0.9016781847406569,0.79054993,-0.061678184740656894,0.049450066089630096
2025-10-21 18:30:00,3.58,3.492261077824227,3.32582,0.08773892217577295,0.254180030822754
2025-10-21 18:30:00,0.95,1.3647130348975878,1.1440722,-0.4147130348975878,-0.19407217502593999
2025-10-21 18:30:00,-1.61,-1.9983454545454575,-2.235041,0.38834545454545744,0.6250409030914306
2025-10-21 18:30:00,1.98,2.2576234725377096,1.859752,-0.2776234725377096,0.12024794101715086
2025-10-21 18:30:00,3.45,2.962147677313336,3.1387537,0.48785232268666423,0.31124634742736834
2025-10-21 18:30:00,4.08,3.3403000000000014,3.5296073,0.7396999999999987,0.5503927040100098
2025-10-21 18:30:00,0.24,0.19247760912698425,0.109946944,0.04752239087301574,0.13005305618047713
2025-10-21 18:30:00,2.17,2.149384750333887,1.6517056,0.020615249666112945,0.5182943773269653
2025-10-21 18:30:00,1.32,1.4572759489349985,1.541846,-0.1372759489349984,-0.22184603691101068
2025-10-21 18:30:00,2.0,1.9927236327508606,1.9701489,0.007276367249139382,0.029851078987121582
2025-10-21 18:30:00,1.64,1.565149405777631,0.95336753,0.07485059422236895,0.6866324687004088
2025-10-21 18:30:00,1.68,2.3149215201465223,2.504587,-0.6349215201465224,-0.824586935043335
2025-10-21 18:30:00,0.52,0.5428863251620167,0.49194443,-0.02288632516201672,0.02805556774139406
2025-10-21 18:30:00,1.39,1.5273906221198157,1.3941678,-0.1373906221198158,-0.004167780876159766
2025-10-21 18:30:00,3.86,3.779201007989475,4.00819,0.08079899201052498,-0.148190155029297
2025-10-21 18:30:00,11.61,10.8687516880342,10.218103,0.7412483119657995,1.3918965911865229
2025-10-21 18:30:00,0.2,0.8234411327047565,0.6348571,-0.6234411327047564,-0.4348571181297302
2025-10-21 18:30:00,2.73,2.6014508333333315,2.5894346,0.1285491666666685,0.14056537628173826
2025-10-21 18:30:00,1.73,2.1815758532103833,2.3354716,-0.4515758532103833,-0.6054716300964356
2025-10-21 18:30:00,1.59,2.296087938230001,1.7912601,-0.7060879382300007,-0.20126012325286857
2025-10-21 18:30:00,1.85,2.1778241666666673,2.4069998,-0.32782416666666725,-0.5569998264312743
2025-10-21 18:30:00,0.62,0.6838385943697416,0.7310112,-0.0638385943697416,-0.11101121187210083
2025-10-21 18:30:00,0.72,1.6893949641069803,0.84323496,-0.9693949641069803,-0.12323495626449588
2025-10-21 18:30:00,2.9,2.901557276785714,3.0284123,-0.0015572767857139347,-0.1284123420715333
2025-10-21 18:30:00,2.71,3.889573433919021,3.1329384,-1.1795734339190211,-0.42293838500976566
2025-10-21 18:30:00,0.86,0.9625431409850655,0.92352664,-0.10254314098506556,-0.06352664470672609
2025-10-21 18:30:00,4.8,5.419662018473022,4.732594,-0.6196620184730222,0.0674059867858885
2025-10-21 18:30:00,7.6,7.289310000000003,6.871685,0.3106899999999966,0.7283149719238278
2025-10-21 18:30:00,0.44,0.4083942315492823,0.4602866,0.03160576845071772,-0.020286587476730344
2025-10-21 18:30:00,2.65,1.650867857142858,2.0821593,0.9991321428571418,0.5678407192230224
2025-10-21 18:30:00,3.54,3.6913437095569335,3.414187,-0.15134370955693344,0.12581304550170902
2025-10-21 18:30:00,0.85,0.6186595454545458,0.8871208,0.23134045454545415,-0.03712078332901003
2025-10-21 18:30:00,3.48,3.221901415122653,3.1677942,0.25809858487734694,0.3122057723999023
2025-10-21 18:30:00,2.29,2.455140048601608,2.1177912,-0.16514004860160814,0.17220882415771488
2025-10-21 18:30:00,1.48,1.5776345388099728,1.6513889,-0.09763453880997286,-0.17138888359069826
2025-10-21 18:30:00,1.06,0.9691725075337146,0.96568686,0.09082749246628541,0.09431314229965215
2025-10-21 18:30:00,1.81,1.9793834524683636,2.0029278,-0.1693834524683635,-0.19292778015136713
2025-10-21 21:30:00,0.19,0.22505017213182454,0.60405123,-0.03505017213182454,-0.41405123233795166
2025-10-21 21:30:00,2.74,3.3822215285247093,3.0826917,-0.642221528524709,-0.3426916694641111
2025-10-21 21:30:00,0.7,1.0233069492183542,0.93534297,-0.32330694921835423,-0.23534296751022343
2025-10-21 21:30:00,3.45,3.1350174597812113,3.5542724,0.3149825402187889,-0.104272413253784
2025-10-21 21:30:00,3.73,3.2303393758787213,3.9327188,0.49966062412127865,-0.20271875381469728
2025-10-21 21:30:00,1.73,1.9915136191556815,1.8934021,-0.2615136191556815,-0.16340209960937502
2025-10-21 21:30:00,1.45,1.663856893252887,1.626255,-0.21385689325288704,-0.17625503540039067
2025-10-21 21:30:00,7.48,6.79762694444444,7.2839384,0.6823730555555603,0.1960615921020512
2025-10-21 21:30:00,3.74,3.461335597037431,3.9675603,0.2786644029625691,-0.227560291290283
2025-10-21 21:30:00,3.7,3.698797296693235,3.4625542,0.001202703306764974,0.23744578361511248
2025-10-21 21:30:00,0.58,0.8983371417523675,0.58841,-0.3183371417523675,-0.008410019874572794
2025-10-21 21:30:00,1.53,1.5411126190476188,1.6774857,-0.011112619047618733,-0.14748570442199704
2025-10-21 21:30:00,0.44,0.44221060789436206,0.4646293,-0.00221060789436206,-0.024629292488098142
2025-10-21 21:30:00,12.01,11.716516666666667,11.458503,0.29348333333333265,0.5514972305297849
2025-10-21 21:30:00,0.61,0.7862008692409077,0.8396669,-0.17620086924090772,-0.22966690301895143
2025-10-21 21:30:00,4.9,5.006306480040726,4.838574,-0.1063064800407254,0.06142606735229528
2025-10-21 21:30:00,0.86,0.9363302005612296,1.084658,-0.07633020056122963,-0.22465802669525148
2025-10-21 21:30:00,1.85,2.301100377787133,2.6549752,-0.45110037778713297,-0.8049751758575439
2025-10-21 21:30:00,3.43,3.3419622920564835,3.7866485,0.08803770794351662,-0.3566485118865965
2025-10-21 21:30:00,2.27,2.1501039397732473,2.440816,0.1198960602267527,-0.1708159255981445
2025-10-21 21:30:00,2.6,1.9690139015094799,2.3418765,0.6309860984905202,0.25812349319458017
2025-10-21 21:30:00,1.31,1.9502435788653956,1.709847,-0.6402435788653955,-0.3998469734191894
2025-10-21 21:30:00,1.31,1.4852334361373274,1.3050255,-0.17523343613732734,0.0049745416641235884
2025-10-21 21:30:00,2.71,2.518719529354824,3.0549927,0.19128047064517606,-0.34499267578125004
2025-10-21 21:30:00,1.06,1.0860731983640088,1.328753,-0.026073198364008787,-0.26875299453735346
2025-10-21 21:30:00,0.56,0.9025787459538903,0.8613591,-0.34257874595389026,-0.30135911941528315
2025-10-21 21:30:00,1.71,1.9459535064393145,1.9667277,-0.23595350643931456,-0.2567277336120606
2025-10-21 21:30:00,1.05,1.0350119242089015,1.1051085,0.01498807579109851,-0.055108499526977495
2025-10-21 21:30:00,2.8,1.853492716323562,1.9888142,0.9465072836764379,0.8111857652664183
2025-10-21 21:30:00,-1.7,-1.9648500000000024,-1.7082961,0.2648500000000025,0.008296060562133833
2025-10-21 21:30:00,2.92,3.5787033727813644,3.3042967,-0.6587033727813645,-0.3842967319488526
2025-10-21 21:30:00,3.16,3.121493684605111,3.403401,0.038506315394889246,-0.24340089797973619
2025-10-21 21:30:00,2.2,2.4469327937509644,2.2744958,-0.24693279375096422,-0.07449584007263166
2025-10-21 21:30:00,1.35,1.7453245305725738,1.4916699,-0.39532453057257366,-0.14166989326477042
2025-10-21 21:30:00,1.74,1.7971160330014855,1.9885098,-0.05711603300148549,-0.24850977420806886
2025-10-21 21:30:00,0.19,0.4417822979838884,0.47131795,-0.2517822979838884,-0.28131794691085815
2025-10-21 21:30:00,1.37,1.955633408356041,1.8743143,-0.5856334083560408,-0.5043143081665038
2025-10-22 00:30:00,0.14,0.312099473317328,0.26177266,-0.172099473317328,-0.12177266240119933
2025-10-22 00:30:00,2.95,2.56912706004325,2.608166,0.3808729399567503,0.3418340206146242
2025-10-22 00:30:00,1.53,2.238642533405296,2.2238233,-0.7086425334052959,-0.6938233089447021
2025-10-22 00:30:00,4.9,4.785960429703417,4.957189,0.11403957029658329,-0.05718908309936488
2025-10-22 00:30:00,0.96,1.5243838269509686,1.5651696,-0.5643838269509687,-0.6051695728302002
2025-10-22 00:30:00,1.3,1.5054319206203832,1.5022242,-0.20543192062038318,-0.20222420692443843
2025-10-22 00:30:00,1.53,1.8844170804879476,1.708421,-0.3544170804879476,-0.17842099189758298
2025-10-22 00:30:00,2.92,3.3770368526661247,3.342358,-0.4570368526661248,-0.42235811233520515
2025-10-22 00:30:00,0.9,1.5708903749180334,1.5864118,-0.6708903749180334,-0.6864118337631225
2025-10-22 00:30:00,2.0,2.38229742209902,2.232443,-0.38229742209902007,-0.23244309425354004
2025-10-22 00:30:00,1.84,2.385255129748865,2.4233732,-0.5452551297488648,-0.5833732223510741
2025-10-22 00:30:00,0.6,1.1207242597262568,1.047679,-0.5207242597262568,-0.4476789474487305
2025-10-22 00:30:00,1.11,1.5168974930128298,1.3106462,-0.40689749301282974,-0.2006461763381957
2025-10-22 00:30:00,6.92,7.376189585113962,7.2542057,-0.4561895851139619,-0.33420570373535163
2025-10-22 00:30:00,1.71,1.8818553137605034,1.990705,-0.17185531376050345,-0.2807050132751465
2025-10-22 00:30:00,2.48,2.7435844463826196,2.7069762,-0.2635844463826196,-0.22697617530822756
2025-10-22 00:30:00,3.2,3.5606623261598,3.2225516,-0.36066232615979965,-0.022551584243774236
2025-10-22 00:30:00,3.22,3.317055107040085,3.443023,-0.09705510704008491,-0.2230229663848875
2025-10-22 00:30:00,2.4,2.440115364247559,2.466469,-0.040115364247558905,-0.06646904945373544
2025-10-22 00:30:00,2.92,3.3329930163889503,3.647401,-0.41299301638895036,-0.7274010944366456
2025-10-22 00:30:00,2.26,2.619319335615553,2.8229291,-0.3593193356155533,-0.5629291439056399
2025-10-22 00:30:00,0.53,0.9393726177400346,0.9813882,-0.40937261774003453,-0.45138821125030515
2025-10-22 00:30:00,0.4,0.6385656045680821,0.6353948,-0.23856560456808207,-0.235394811630249
2025-10-22 00:30:00,-1.58,-2.0304000000000033,-1.7180398,0.45040000000000324,0.13803975105285637
2025-10-22 00:30:00,0.78,0.887587173296178,0.97346205,-0.10758717329617795,-0.19346204519271848
2025-10-22 00:30:00,-0.06,0.24404047670001563,0.3917705,-0.30404047670001566,-0.45177051186561584
2025-10-22 00:30:00,11.05,12.072675000000002,11.899766,-1.0226750000000013,-0.8497659683227532
2025-10-22 00:30:00,1.45,1.8169088704652407,1.8283187,-0.3669088704652408,-0.37831871509552006
2025-10-22 00:30:00,0.32,0.509803812415036,0.5952773,-0.18980381241503602,-0.2752773094177246
2025-10-22 00:30:00,0.98,1.4511558273742782,1.4144292,-0.4711558273742782,-0.4344291877746582
2025-10-22 00:30:00,1.58,1.9249285967392102,1.8074685,-0.34492859673921017,-0.2274685335159301
2025-10-22 00:30:00,0.78,0.9241126955199107,0.6718941,-0.14411269551991068,0.1081059265136719
2025-10-22 00:30:00,0.58,0.7033130879049477,0.7794238,-0.12331308790494777,-0.19942377328872685
2025-10-22 00:30:00,1.95,2.476327704657961,2.4697118,-0.5263277046579609,-0.5197117805480957
2025-10-22 00:30:00,0.98,1.0904920882072557,1.0235075,-0.11049208820725576,-0.043507475852966326
2025-10-22 00:30:00,2.96,3.4664913733276204,3.768764,-0.5064913733276204,-0.8087640190124512
2025-10-22 00:30:00,1.12,1.4120924853487349,1.2613986,-0.2920924853487348,-0.1413985538482665
2025-10-23 00:30:00,1.32,0.8950198548295828,0.84279484,0.42498014517041727,0.4772051644325257
2025-10-23 00:30:00,0.88,0.9537033622879159,1.1159965,-0.07370336228791585,-0.23599647998809814
2025-10-23 00:30:00,2.47,1.8262672817295238,1.8630526,0.6437327182704764,0.6069473934173586
2025-10-23 00:30:00,0.53,1.0590363668448923,0.7056009,-0.5290363668448923,-0.17560091733932492
2025-10-23 00:30:00,0.78,0.22498005519262385,0.26807898,0.5550199448073762,0.5119210171699524
2025-10-23 00:30:00,5.04,3.200955318677219,3.4500692,1.8390446813227812,1.5899308109283448
2025-10-23 00:30:00,1.0,1.112959452513429,1.1764559,-0.11295945251342898,-0.17645585536956787
2025-10-23 00:30:00,1.52,1.998977026825577,1.8301191,-0.4789770268255771,-0.31011913299560545
2025-10-23 00:30:00,4.3,2.6780715322296733,2.6931884,1.6219284677703265,1.6068115711212156
2025-10-23 00:30:00,1.52,2.2447931930427223,2.1868694,-0.7247931930427223,-0.6668693828582763
2025-10-23 00:30:00,3.28,2.4247634423536617,2.320817,0.8552365576463381,0.9591830062866209
2025-10-23 00:30:00,1.08,0.8184224516825991,0.96156734,0.261577548317401,0.11843265771865852
2025-10-23 00:30:00,1.05,0.969386071128508,0.96036834,0.08061392887149199,0.08963166475296025
2025-10-23 00:30:00,2.18,2.217981973987348,1.9267863,-0.03798197398734793,0.2532136964797975
2025-10-23 00:30:00,0.84,1.2794920182222824,1.3179556,-0.43949201822228245,-0.47795561313629153
2025-10-23 00:30:00,12.66,11.009075000000005,11.587491,1.6509249999999955,1.0725089645385744
2025-10-23 00:30:00,4.79,2.885418932658602,2.9572437,1.904581067341398,1.8327563190460205
2025-10-23 00:30:00,0.8,0.8114897669001947,0.7735094,-0.011489766900194653,0.026490616798400923
2025-10-23 00:30:00,4.65,2.603911861772642,2.6516502,2.0460881382273586,1.9983498096466068
2025-10-23 00:30:00,2.9,2.857540394881507,3.1270356,0.042459605118493116,-0.22703561782836923
2025-10-23 00:30:00,8.04,6.7471664038921935,6.9304814,1.2928335961078057,1.109518566131591
2025-10-23 00:30:00,0.63,1.0477185037317225,0.87550604,-0.4177185037317225,-0.24550604343414306
2025-10-23 00:30:00,3.13,2.5651308871217418,2.7339778,0.5648691128782581,0.3960222053527831
2025-10-23 00:30:00,3.04,1.7596847971491143,1.7111291,1.2803152028508857,1.328870930671692
2025-10-23 00:30:00,1.8,1.65545616985139,1.6237345,0.14454383014860994,0.17626552581787114
2025-10-23 00:30:00,-2.56,-2.000250000000004,-1.7206194,-0.5597499999999962,-0.8393805599212647
2025-10-23 00:30:00,0.29,0.39500158202154756,0.5622926,-0.10500158202154758,-0.27229257583618166
2025-10-23 00:30:00,3.96,2.723069705205425,3.0161057,1.236930294794575,0.9438943481445312
2025-10-23 00:30:00,2.8,2.5022609949973442,2.3834095,0.2977390050026556,0.4165904998779295
2025-10-23 00:30:00,0.33,0.8948164991963304,0.65657187,-0.5648164991963305,-0.3265718650817871
2025-10-23 00:30:00,1.36,1.0361594571792827,1.0760757,0.3238405428207174,0.2839243268966676
2025-10-23 00:30:00,4.07,3.1091558431081046,3.202891,0.9608441568918957,0.8671088886260989
2025-10-23 00:30:00,1.24,1.353488393964274,1.4064549,-0.1134883939642739,-0.1664549207687378
2025-10-23 00:30:00,1.88,1.6618735390756414,1.5061877,0.2181264609243585,0.37381232261657704
2025-10-23 00:30:00,5.61,4.591565408588149,4.7494235,1.018434591411851,0.8605764961242679
2025-10-23 00:30:00,1.37,1.3522665786980272,1.2631527,0.017733421301972863,0.10684728145599376
2025-10-23 00:30:00,-0.07,0.6269269478717615,0.3885879,-0.6969269478717615,-0.4585878920555115
2025-10-23 00:30:00,0.52,0.744516370291342,0.8970999,-0.22451637029134197,-0.37709991216659544
2025-10-23 18:30:00,1.14,1.8887041622828358,1.5982136,-0.7487041622828359,-0.45821355342865
2025-10-23 18:30:00,2.98,3.8529210969430516,3.8250704,-0.8729210969430516,-0.8450703811645508
2025-10-23 18:30:00,2.8,2.6301121160573193,2.6922042,0.1698878839426805,0.10779576301574689
2025-10-23 18:30:00,0.8,0.9640801036353926,0.8078574,-0.1640801036353926,-0.00785739421844478
2025-10-23 18:30:00,0.81,1.4887963247281923,1.3238852,-0.6787963247281923,-0.5138852024078369
2025-10-23 18:30:00,2.87,4.768415357142856,4.616258,-1.8984153571428557,-1.746258144378662
2025-10-23 18:30:00,0.31,0.6413114448051941,0.6625794,-0.3313114448051941,-0.35257941722869873
2025-10-23 18:30:00,3.87,5.308257994283349,5.122061,-1.438257994283349,-1.2520607757568358
2025-10-23 18:30:00,0.61,0.9728676450292316,1.0910227,-0.36286764502923163,-0.48102272987365724
2025-10-23 18:30:00,0.77,1.2784502684047347,1.1015295,-0.5084502684047347,-0.3315294790267944
2025-10-23 18:30:00,1.17,1.5935185890694548,1.5480852,-0.42351858906945483,-0.3780852127075196
2025-10-23 18:30:00,3.59,3.9612276382439573,4.1310215,-0.37122763824395744,-0.5410214996337892
2025-10-23 18:30:00,-0.08,0.36151341432161715,0.47667193,-0.44151341432161717,-0.5566719341278076
2025-10-23 18:30:00,7.78,7.950632222222222,7.679316,-0.1706322222222214,0.10068395614624048
2025-10-23 18:30:00,2.73,3.183108491292828,3.0678792,-0.45310849129282804,-0.33787919998168947
2025-10-23 18:30:00,0.62,0.7187408152596837,0.7354259,-0.0987408152596837,-0.11542588949203492
2025-10-23 18:30:00,2.58,2.8958025331564987,2.6959102,-0.31580253315649864,-0.11591021537780755
2025-10-23 18:30:00,0.88,0.9838895899879705,1.098975,-0.10388958998797049,-0.21897494316101074
2025-10-23 18:30:00,1.0,1.028709873045828,1.0371404,-0.02870987304582795,-0.0371403694152832
2025-10-23 18:30:00,1.53,1.9828882154771017,1.8104644,-0.4528882154771017,-0.28046438217163083
2025-10-23 18:30:00,2.39,4.396861488491956,4.390353,-2.0068614884919556,-2.000353202819824
2025-10-23 18:30:00,0.88,1.2107091539100403,1.0969257,-0.3307091539100403,-0.2169257354736328
2025-10-23 18:30:00,0.3,0.8168078350079087,0.80660963,-0.5168078350079086,-0.5066096305847168
2025-10-23 18:30:00,0.51,0.6463166159566481,0.79530257,-0.13631661595664812,-0.2853025698661804
2025-10-23 18:30:00,0.8,0.9036226122636946,0.8784079,-0.10362261226369451,-0.07840789556503291
2025-10-23 18:30:00,2.71,3.112506086175675,2.912096,-0.40250608617567485,-0.20209602355957035
2025-10-23 18:30:00,1.95,2.024187984703025,1.9973863,-0.0741879847030249,-0.047386336326599166
2025-10-23 18:30:00,2.58,3.2230652045094224,3.2639468,-0.6430652045094223,-0.683946771621704
2025-10-23 18:30:00,3.38,4.314891998242536,4.116273,-0.9348919982425361,-0.7362729263305665
2025-10-23 18:30:00,1.16,1.74409955062861,1.511342,-0.5840995506286102,-0.3513420486450196
2025-10-23 18:30:00,2.45,2.2448751185189573,2.2230427,0.2051248814810429,0.22695727348327654
2025-10-23 18:30:00,11.2,12.761800000000003,13.176969,-1.5618000000000034,-1.9769685745239265
2025-10-23 18:30:00,2.1,2.520710220560911,2.3697665,-0.420710220560911,-0.2697664737701415
2025-10-23 18:30:00,-2.43,-2.4383500000000025,-2.0022867,0.0083500000000023,-0.4277133274078371
2025-10-23 18:30:00,5.85,5.499505774886171,5.50111,0.35049422511382833,0.34888992309570277
2025-10-23 18:30:00,2.18,2.4356975365959794,2.2363544,-0.25569753659597927,-0.05635435104370101
2025-10-23 18:30:00,1.52,1.8070519233327236,1.732117,-0.28705192333272356,-0.21211705684661863
2025-10-23 18:30:00,0.35,0.34990544243205,0.55431277,9.455756794995995e-05,-0.20431276559829714
2025-10-23 18:30:00,0.25,0.648127864806928,0.5417791,-0.39812786480692797,-0.291779100894928
2025-10-24 18:30:00,1.1,0.948577708560646,0.85797834,0.15142229143935404,0.24202165603637704
2025-10-24 18:30:00,2.6,2.777277148223206,2.8723383,-0.17727714822320584,-0.27233829498291007
2025-10-24 18:30:00,3.43,2.5070312923438443,2.5213473,0.9229687076561559,0.9086527156829836
2025-10-24 18:30:00,0.23,0.8550212992218619,0.70134497,-0.6250212992218619,-0.47134496688842775
2025-10-24 18:30:00,0.58,0.9647747728613061,0.78623927,-0.3847747728613061,-0.2062392663955689
2025-10-24 18:30:00,0.23,0.4115121732063754,0.45031485,-0.1815121732063754,-0.22031484961509704
2025-10-24 18:30:00,2.36,1.2572493424445579,1.1215594,1.102750657555442,1.2384406185150145
2025-10-24 18:30:00,1.1,1.059969890198685,0.99616635,0.04003010980131516,0.10383365154266366
2025-10-24 18:30:00,4.64,2.4209215423081316,2.65798,2.219078457691868,1.9820200347900387
2025-10-24 18:30:00,3.32,2.4989924768796756,2.6523852,0.8210075231203242,0.6676147651672362
2025-10-24 18:30:00,0.33,0.5278421389377641,0.41138244,-0.1978421389377641,-0.08138243675231932
2025-10-24 18:30:00,3.52,3.385224407914078,3.3710315,0.13477559208592194,0.14896847724914553
2025-10-24 18:30:00,1.45,0.7250603842245353,0.6120013,0.7249396157754646,0.8379987001419067
2025-10-24 18:30:00,12.05,11.200492857142859,11.428034,0.8495071428571421,0.6219661712646491
2025-10-24 18:30:00,-2.85,-2.382360000000003,-2.5206325,-0.46763999999999717,-0.32936749458312997
2025-10-24 18:30:00,2.7,2.6532541121085327,2.7710352,0.0467458878914675,-0.07103519439697248
2025-10-24 18:30:00,2.47,2.6208542768730827,2.599452,-0.1508542768730825,-0.12945201873779277
2025-10-24 18:30:00,2.6,3.475470438271583,3.0813842,-0.875470438271583,-0.48138418197631827
2025-10-24 18:30:00,1.62,1.9614923529586819,2.256675,-0.34149235295868174,-0.6366750049591063
2025-10-24 18:30:00,0.51,0.540298701841511,0.7877364,-0.030298701841510955,-0.2777364158630371
2025-10-24 18:30:00,1.15,1.212495299255219,1.4033356,-0.06249529925521902,-0.2533355712890626
2025-10-24 18:30:00,2.97,2.068913743573012,2.3765442,0.9010862564269884,0.5934557628631594
2025-10-24 18:30:00,2.8,2.433768003332557,2.5146792,0.36623199666744277,0.2853208065032957
2025-10-24 18:30:00,5.91,3.662136948356939,3.6520672,2.247863051643061,2.257932815551758
2025-10-24 18:30:00,0.94,0.9592722714316476,0.8958228,-0.01927227143164767,0.04417717695236201
2025-10-24 18:30:00,1.22,1.1566511849399648,1.2242445,0.0633488150600352,-0.004244475364685085
2025-10-24 18:30:00,0.78,0.9016644969632082,1.0364938,-0.12166449696320814,-0.25649377822875974
2025-10-24 18:30:00,2.5,2.9312443210083785,2.7532628,-0.4312443210083785,-0.2532627582550049
2025-10-24 18:30:00,0.91,1.0131773905023285,1.0704863,-0.10317739050232844,-0.160486307144165
2025-10-24 18:30:00,1.4,1.1994270496266344,1.2176905,0.20057295037336553,0.18230953216552725
2025-10-24 18:30:00,1.36,1.3104261572614575,1.2086093,0.049573842738542595,0.15139065742492686
2025-10-24 18:30:00,4.24,3.2121755448673657,3.8610418,1.0278244551326345,0.3789582157135012
2025-10-24 18:30:00,1.71,1.8524067972152962,1.8203046,-0.14240679721529625,-0.11030463218688968
2025-10-24 18:30:00,1.77,1.9100637691595583,2.0973122,-0.14006376915955832,-0.3273122119903564
2025-10-24 18:30:00,-0.08,0.3073812326944388,0.268676,-0.3873812326944388,-0.3486760127544403
2025-10-24 18:30:00,8.57,7.753382222222226,7.7898436,0.8166177777777746,0.7801564407348636
2025-10-24 18:30:00,0.66,0.8650058728851565,0.8628441,-0.20500587288515648,-0.20284410953521725
2025-10-24 18:30:00,6.26,5.723897164109039,5.7238617,0.5361028358909605,0.5361383056640623
2025-10-24 18:30:00,5.22,2.9204968568113814,3.0848022,2.2995031431886184,2.1351978492736814
2025-10-25 18:30:00,0.83,1.3620861531278832,1.4246361,-0.5320861531278832,-0.5946361255645752
2025-10-25 18:30:00,1.67,2.4165482670070246,2.7046134,-0.7465482670070247,-1.0346134471893311
2025-10-25 18:30:00,2.15,4.665135860663048,4.472679,-2.515135860663048,-2.322679138183594
2025-10-25 18:30:00,0.19,1.6758259569377991,1.3973912,-1.4858259569377992,-1.2073912000656128
2025-10-25 18:30:00,0.48,0.5702246662038063,0.7433734,-0.09022466620380631,-0.2633733940124512
2025-10-25 18:30:00,2.35,5.359087187367374,6.1140556,-3.0090871873673737,-3.764055633544922
2025-10-25 18:30:00,1.55,2.3822840906576856,2.5234146,-0.8322840906576856,-0.9734146118164062
2025-10-25 18:30:00,0.7,1.7193100000000012,1.7934422,-1.0193100000000013,-1.0934422492980957
2025-10-25 18:30:00,0.83,1.4210154626425031,1.4923242,-0.5910154626425032,-0.6623242330551148
2025-10-25 18:30:00,0.54,0.6801001868552015,0.7846049,-0.14010018685520143,-0.2446049070358276
2025-10-25 18:30:00,3.17,5.223040179310735,5.266522,-2.0530401793107353,-2.09652193069458
2025-10-25 18:30:00,1.82,3.374141128607264,3.1304276,-1.5541411286072637,-1.310427598953247
2025-10-25 18:30:00,0.26,0.3404831841501099,0.49103004,-0.08048318415010991,-0.23103003740310668
2025-10-25 18:30:00,0.63,0.8535792368407875,0.883597,-0.2235792368407875,-0.2535970163345337
2025-10-25 18:30:00,0.72,1.4982715372855953,1.4576926,-0.7782715372855953,-0.7376926231384278
2025-10-25 18:30:00,1.39,1.8806025400303021,1.7707709,-0.49060254003030224,-0.38077090740203867
2025-10-25 18:30:00,1.4,1.902917594467078,1.7437804,-0.5029175944670781,-0.34378037452697763
2025-10-25 18:30:00,1.79,2.5823999034252263,2.839873,-0.7923999034252263,-1.0498730754852295
2025-10-25 18:30:00,1.88,2.6296451451732366,2.8036966,-0.7496451451732367,-0.923696632385254
2025-10-25 18:30:00,1.51,1.7563021377060388,2.2686696,-0.24630213770603882,-0.7586696052551269
2025-10-25 18:30:00,2.53,2.7159224989920485,2.59408,-0.1859224989920487,-0.06407997131347676
2025-10-25 18:30:00,2.68,4.084879533247996,3.9089696,-1.4048795332479957,-1.2289696407318114
2025-10-25 18:30:00,0.19,0.42163417053512625,0.7032798,-0.23163417053512625,-0.5132797932624817
2025-10-25 18:30:00,0.88,1.1964526458656126,1.1207215,-0.3164526458656126,-0.2407214593887329
2025-10-25 18:30:00,-0.08,0.07891617828291854,0.141601,-0.15891617828291854,-0.22160099625587465
2025-10-25 18:30:00,0.18,0.2662001761790642,0.8251663,-0.08620017617906423,-0.6451662850379944
2025-10-25 18:30:00,1.09,1.1507290296834205,1.3582667,-0.06072902968342042,-0.2682667112350463
2025-10-25 18:30:00,0.88,1.0128061184143085,1.0598891,-0.13280611841430845,-0.17988907814025878
2025-10-25 18:30:00,7.26,8.225650000000007,8.151411,-0.9656500000000072,-0.8914110565185549
2025-10-25 18:30:00,1.79,2.81816027508145,3.107358,-1.0281602750814498,-1.3173579788208007
2025-10-25 18:30:00,10.43,11.728040952380958,11.894498,-1.2980409523809584,-1.464497871398926
2025-10-25 18:30:00,1.7,2.4593907894726312,2.488791,-0.7593907894726313,-0.7887909889221192
2025-10-25 18:30:00,2.88,3.3906643557806,3.5949883,-0.5106643557806003,-0.7149883460998536
2025-10-25 18:30:00,5.74,6.226237943218208,6.1965485,-0.48623794321820757,-0.4565484619140623
2025-10-25 18:30:00,-2.97,-2.7191600000000036,-2.6021268,-0.2508399999999966,-0.3678731632232668
2025-10-25 18:30:00,2.7,3.438825375091034,3.363482,-0.7388253750910336,-0.6634819984436033
2025-10-25 18:30:00,0.9,1.0917806741024183,1.2762796,-0.19178067410241828,-0.37627956867218015
2025-10-25 18:30:00,0.61,1.0301798906487816,1.1435847,-0.4201798906487816,-0.5335847282409668
2025-10-25 18:30:00,0.7,0.8798459254036749,1.0902313,-0.17984592540367494,-0.39023129940032963
2025-10-27 09:30:00,0.64,1.0693935356317796,1.1584731,-0.4293935356317796,-0.5184731340408325
2025-10-27 09:30:00,1.08,2.0631151221120585,2.319261,-0.9831151221120584,-1.239261074066162
2025-10-27 09:30:00,0.79,1.9162708324717466,2.4760537,-1.1262708324717465,-1.6860537147521972
2025-10-27 09:30:00,0.63,0.7826636924759515,0.97324604,-0.15266369247595146,-0.3432460379600525
2025-10-27 09:30:00,0.8,0.9261528496090828,0.9599091,-0.1261528496090828,-0.15990908145904537
2025-10-27 09:30:00,0.45,1.058014293366667,0.777781,-0.608014293366667,-0.32778100967407225
2025-10-27 09:30:00,0.1,0.17736164231019313,0.41860357,-0.07736164231019313,-0.3186035692691803
2025-10-27 09:30:00,9.67,12.109091666666677,12.423006,-2.439091666666677,-2.753006057739258
2025-10-27 09:30:00,4.96,7.139842313664601,7.3338246,-2.179842313664601,-2.373824634552002
2025-10-27 09:30:00,0.0,1.1786935458818137,0.9113594,-1.1786935458818137,-0.911359429359436
2025-10-27 09:30:00,1.58,2.763387354569809,2.812883,-1.1833873545698088,-1.232882900238037
2025-10-27 09:30:00,1.5,1.940308454990009,2.3126523,-0.4403084549900089,-0.8126523494720459
2025-10-27 09:30:00,0.78,1.1733564278038668,1.0547779,-0.3933564278038668,-0.27477786064147947
2025-10-27 09:30:00,0.43,1.2449756025532692,1.3144352,-0.8149756025532693,-0.8844352436065674
2025-10-27 09:30:00,-0.17,-0.040772153561604886,0.1574505,-0.12922784643839513,-0.3274504971504212
2025-10-27 09:30:00,0.48,1.0119700264515568,1.0314854,-0.5319700264515568,-0.5514854383468628
2025-10-27 09:30:00,2.47,5.5712156442181415,5.578736,-3.1012156442181413,-3.108735828399658
2025-10-27 09:30:00,1.19,1.537128779766829,1.7362987,-0.347128779766829,-0.546298680305481
2025-10-27 09:30:00,1.45,1.870849032597626,2.3121276,-0.42084903259762596,-0.8621275901794434
2025-10-27 09:30:00,1.05,1.170958426811103,1.3007051,-0.12095842681110303,-0.250705075263977
2025-10-27 09:30:00,2.36,3.0271794448929126,3.1015096,-0.6671794448929127,-0.7415095710754396
2025-10-27 09:30:00,2.1,2.412417577263887,2.509634,-0.31241757726388686,-0.40963401794433585
2025-10-27 09:30:00,0.51,0.7737968924726133,0.8576138,-0.2637968924726133,-0.34761380195617675
2025-10-27 09:30:00,0.32,0.9643058284646198,1.0679132,-0.6443058284646197,-0.7479131746292114
2025-10-27 09:30:00,0.83,0.8741216956678143,1.1312977,-0.04412169566781432,-0.30129770755767826
2025-10-27 09:30:00,1.28,2.641792622860279,2.9808667,-1.361792622860279,-1.7008666706085205
2025-10-27 09:30:00,1.4,1.5619865210359603,2.0317295,-0.16198652103596034,-0.6317294597625733
2025-10-27 09:30:00,0.49,0.5881679030786,0.6481981,-0.09816790307860002,-0.15819812774658204
2025-10-27 09:30:00,0.22,0.3392828625386568,0.5237878,-0.1192828625386568,-0.303787796497345
2025-10-27 09:30:00,2.31,3.764245433196265,3.5482967,-1.4542454331962649,-1.2382966899871826
2025-10-27 09:30:00,0.77,1.3505166575254932,1.1174562,-0.5805166575254932,-0.34745619773864744
2025-10-27 09:30:00,-3.2,-2.402973457556937,-2.223829,-0.7970265424430631,-0.9761709690093996
2025-10-27 09:30:00,-0.43,0.25230601227448946,0.49819118,-0.6823060122744895,-0.9281911778450012
2025-10-27 09:30:00,0.77,2.479039434377535,2.5170805,-1.709039434377535,-1.747080545425415
2025-10-27 09:30:00,1.52,2.5229740789812083,2.6957772,-1.0029740789812083,-1.175777177810669
2025-10-27 09:30:00,1.2,2.5207116582693634,2.6416886,-1.3207116582693634,-1.4416885852813721
2025-10-27 09:30:00,1.58,1.6000414854690381,1.5727124,-0.020041485469038056,0.007287578582763743
2025-10-27 09:30:00,2.0,2.069162269298857,2.1846414,-0.06916226929885694,-0.18464136123657227
2025-10-27 09:30:00,1.2,3.1304728952454974,2.6570387,-1.9304728952454975,-1.457038688659668
2025-10-30 09:30:00,1.15,1.346709623720907,1.4258717,-0.19670962372090717,-0.27587172985076913
2025-10-30 09:30:00,1.22,1.9852457201737805,2.298596,-0.7652457201737806,-1.078595905303955
2025-10-30 09:30:00,0.25,1.0816321908611524,0.84938747,-0.8316321908611524,-0.5993874669075012
2025-10-30 09:30:00,1.72,2.840363171494184,2.6037579,-1.1203631714941842,-0.8837578582763672
2025-10-30 09:30:00,0.76,1.6849793088765999,1.9907436,-0.9249793088765998,-1.230743637084961
2025-10-30 09:30:00,0.4,1.3914976971790123,1.7478734,-0.9914976971790123,-1.3478734254837037
2025-10-30 09:30:00,0.8,2.050487971713467,2.2794197,-1.250487971713467,-1.4794196605682373
2025-10-30 09:30:00,0.58,1.1931661098931488,0.999109,-0.6131661098931488,-0.4191090297698975
2025-10-30 09:30:00,1.4,0.9994155307355862,0.9472144,0.4005844692644137,0.45278557538986197
2025-10-30 09:30:00,1.32,1.5053382437800666,1.7809952,-0.18533824378006658,-0.4609952497482299
2025-10-30 09:30:00,1.08,1.0902019248426562,1.2729623,-0.01020192484265614,-0.19296233177185051
2025-10-30 09:30:00,1.56,2.7748431060606076,1.7330384,-1.2148431060606075,-0.1730384254455566
2025-10-30 09:30:00,0.65,0.806582469504019,1.0136939,-0.156582469504019,-0.3636939287185669
2025-10-30 09:30:00,0.74,1.0402786913254514,1.0952219,-0.3002786913254514,-0.3552218770980835
2025-10-30 09:30:00,0.46,2.0098693502916647,1.8357521,-1.5498693502916647,-1.3757521295547486
2025-10-30 09:30:00,1.63,1.8359474161830907,1.803485,-0.20594741618309076,-0.17348503589630138
2025-10-30 09:30:00,0.64,0.7858509808181882,0.96655595,-0.14585098081818815,-0.32655595302581786
2025-10-30 09:30:00,-0.4,1.5772892621293795,0.54475737,-1.9772892621293794,-0.9447573661804199
2025-10-30 09:30:00,0.95,1.1472456513530704,1.1949164,-0.19724565135307048,-0.2449163675308228
2025-10-30 09:30:00,0.16,0.28807867427911604,0.5545679,-0.12807867427911604,-0.39456787347793576
2025-10-30 09:30:00,1.35,2.160208383334862,2.3193855,-0.8102083833348619,-0.969385528564453
2025-10-30 09:30:00,0.3,0.729467177775996,1.0878581,-0.429467177775996,-0.7878580808639526
2025-10-30 09:30:00,1.02,2.478446079077375,2.5039759,-1.4584460790773748,-1.4839758682250976
2025-10-30 09:30:00,1.15,1.4383001518125287,1.7850598,-0.28830015181252877,-0.6350598096847535
2025-10-30 09:30:00,-0.15,0.04847806219029878,0.49893746,-0.1984780621902988,-0.6489374577999115
2025-10-30 09:30:00,1.37,2.25106998947937,1.9102536,-0.8810699894793701,-0.5402536439895629
2025-10-30 09:30:00,0.4,0.6174343081109845,1.0120544,-0.21743430811098452,-0.612054443359375
2025-10-30 09:30:00,-2.94,-1.7599000000000007,-0.85544586,-1.1800999999999993,-2.0845541381835937
2025-10-30 09:30:00,0.84,0.9862263892272809,1.186143,-0.14622638922728093,-0.3461430406570435
2025-10-30 09:30:00,1.87,2.457670738316904,2.6981447,-0.5876707383169038,-0.8281446743011474
2025-10-30 09:30:00,2.04,2.6450292014876142,2.4894037,-0.6050292014876142,-0.4494037246704101
2025-10-30 09:30:00,0.46,0.4963395668121109,0.6907001,-0.03633956681211087,-0.23070011377334593
2025-10-30 09:30:00,1.03,3.3827199455153645,2.900805,-2.3527199455153642,-1.8708049964904785
2025-10-30 09:30:00,2.1,2.662941240431752,2.6994715,-0.5629412404317518,-0.5994714736938476
2025-10-30 09:30:00,5.16,5.432952588374082,5.9439254,-0.272952588374082,-0.783925380706787
2025-10-30 09:30:00,-0.08,0.48511555993189764,0.51427984,-0.5651155599318977,-0.5942798423767089
2025-10-30 09:30:00,0.45,0.587293104688905,0.78199714,-0.13729310468890504,-0.3319971442222595
2025-10-30 09:30:00,0.09,0.25870155397329087,0.50389963,-0.16870155397329087,-0.41389963388442996
2025-10-30 09:30:00,9.25,11.337200000000001,11.133504,-2.087200000000001,-1.8835039138793945
2025-11-06 09:30:00,1.46,1.4087353658618937,1.6172777,0.051264634138106224,-0.15727774143218998
2025-11-06 09:30:00,1.36,2.081095768967876,2.1903758,-0.7210957689678759,-0.830375804901123
2025-11-06 09:30:00,0.25,0.24398718531701594,0.402391,0.006012814682984063,-0.1523909866809845
2025-11-06 09:30:00,0.68,0.7081856591467509,0.81920534,-0.028185659146750863,-0.13920534372329707
2025-11-06 09:30:00,1.17,1.8652666177136572,1.8015877,-0.6952666177136573,-0.6315877008438111
2025-11-06 09:30:00,0.13,0.18955948620941748,0.30106786,-0.05955948620941748,-0.17106785893440246
2025-11-06 09:30:00,0.56,0.9317160097391572,0.8171211,-0.3717160097391572,-0.2571210885047912
2025-11-06 09:30:00,1.13,0.9644968649130751,1.0816982,0.16550313508692482,0.048301820755004776
2025-11-06 09:30:00,1.1,1.051709843637747,0.9671019,0.04829015636225309,0.13289812803268441
2025-11-06 09:30:00,-3.09,-2.239580000000002,-2.3701024,-0.850419999999998,-0.7198975944519042
2025-11-06 09:30:00,1.56,1.6390742509526481,1.6237117,-0.07907425095264808,-0.06371170520782465
2025-11-06 09:30:00,1.51,1.389706259395767,1.548138,0.12029374060423303,-0.03813802242279052
2025-11-06 09:30:00,1.27,0.889953680952398,1.0427469,0.380046319047602,0.22725309848785402
2025-11-06 09:30:00,0.62,0.7625514607029724,0.721028,-0.14255146070297242,-0.10102797031402588
2025-11-06 09:30:00,0.52,0.5356564722336645,0.5819755,-0.01565647223366451,-0.06197551965713499
2025-11-06 09:30:00,9.54,9.995199999999993,10.003741,-0.4551999999999943,-0.46374126434326257
2025-11-06 09:30:00,0.32,0.6959390439715315,0.60195184,-0.3759390439715315,-0.28195183753967284
2025-11-06 09:30:00,1.7,2.6797881720430103,2.5137777,-0.9797881720430104,-0.8137777328491211
2025-11-06 09:30:00,1.16,1.4595215265608892,1.3351188,-0.29952152656088926,-0.17511877059936531
2025-11-06 09:30:00,1.7,1.7222687814835504,1.499922,-0.022268781483550493,0.20007796287536617
2025-11-06 09:30:00,0.72,0.8411965159398538,0.85982585,-0.12119651593985381,-0.13982584953308108
2025-11-06 09:30:00,1.31,1.0940685483669408,1.0944439,0.21593145163305927,0.21555608272552496
2025-11-06 09:30:00,0.52,1.7562940387357049,1.2667322,-1.2362940387357049,-0.7467322158813476
2025-11-06 09:30:00,1.0,1.329376879493654,1.3686451,-0.329376879493654,-0.3686450719833374
2025-11-06 09:30:00,2.23,2.354309744824138,2.5654683,-0.12430974482413815,-0.33546831130981447
2025-11-06 09:30:00,0.55,1.0067455804582828,0.6859536,-0.45674558045828273,-0.13595361709594722
2025-11-06 09:30:00,0.68,0.7069649947931512,0.83383715,-0.026964994793151176,-0.15383715152740474
2025-11-06 09:30:00,2.3,2.3912999667824906,2.3602443,-0.09129996678249075,-0.060244274139404475
2025-11-06 09:30:00,0.6,0.47423530468651043,0.5568594,0.12576469531348955,0.043140625953674294
2025-11-06 09:30:00,0.04,0.6158295727112106,0.50981724,-0.5758295727112106,-0.4698172426223755
2025-11-06 09:30:00,1.24,1.5049619587485776,1.6222885,-0.26496195874857764,-0.38228846549987794
2025-11-06 09:30:00,-0.04,-0.17453925438596493,0.083408676,0.13453925438596492,-0.1234086760878563
2025-11-06 09:30:00,0.22,-0.09605464430889717,0.17953837,0.3160546443088972,0.04046163082122803
2025-11-06 09:30:00,1.02,1.4087386773286683,1.2524081,-0.3887386773286683,-0.23240814685821531
2025-11-06 09:30:00,1.16,6.880600000000002,6.1662135,-5.720600000000002,-5.006213512420654
2025-11-06 09:30:00,1.67,2.276628408706501,2.0288692,-0.6066284087065013,-0.35886915206909187
2025-11-06 09:30:00,0.4,0.5044775788471434,0.7431911,-0.10447757884714337,-0.343191123008728
2025-11-06 09:30:00,1.98,2.108218798859883,2.015476,-0.12821879885988308,-0.03547598838806154
2025-11-06 09:30:00,0.78,0.5065841276311724,0.5076178,0.2734158723688276,0.27238222837448123
2025-11-12 09:30:00,3.1,1.1440894003064501,1.0914885,1.95591059969355,2.008511519432068
2025-11-12 09:30:00,0.63,0.25898095901164503,0.2596456,0.371019040988355,0.37035438895225525
2025-11-12 09:30:00,5.53,3.032656250000001,3.048168,2.4973437499999993,2.4818320560455325
2025-11-12 09:30:00,1.26,1.035283193605321,1.065867,0.22471680639467895,0.19413305282592774
2025-11-12 09:30:00,4.13,1.2537836229111168,1.2902584,2.876216377088883,2.8397415924072265
2025-11-12 09:30:00,0.88,0.7429960242637561,0.8104192,0.1370039757362439,0.06958079814910889
2025-11-12 09:30:00,10.05,9.679985714285714,9.813979,0.3700142857142872,0.23602085113525462
2025-11-12 09:30:00,1.85,0.2406659475994787,0.21583365,1.6093340524005213,1.6341663509607316
2025-11-12 09:30:00,-1.85,-1.7583500000000014,-1.100363,-0.09164999999999868,-0.74963698387146
2025-11-12 09:30:00,0.88,1.0100847279988985,0.78156435,-0.13008472799889848,0.0984356451034546
2025-11-12 09:30:00,2.83,2.20681696232036,2.5199952,0.6231830376796399,0.31000478744506843
2025-11-12 09:30:00,2.0,1.5310880513564757,1.5618922,0.46891194864352426,0.43810784816741943
2025-11-12 09:30:00,0.1,0.1374425328837828,0.12848397,-0.0374425328837828,-0.028483965992927546
2025-11-12 09:30:00,1.16,0.9575321697215315,0.55338484,0.20246783027846837,0.6066151595115661
2025-11-12 09:30:00,1.63,1.522902628665956,1.3162358,0.10709737133404396,0.3137642192840575
2025-11-12 09:30:00,1.98,0.5948148559748735,0.52126026,1.3851851440251264,1.4587397384643555
2025-11-12 09:30:00,0.98,0.5344657077321159,0.5839671,0.4455342922678841,0.39603291034698485
2025-11-12 09:30:00,0.45,0.2921888243860028,0.40592077,0.1578111756139972,0.04407922625541688
2025-11-12 09:30:00,2.77,2.665925376104101,2.8687775,0.10407462389589917,-0.0987775135040283
2025-11-12 09:30:00,3.35,2.007029563025302,1.9920205,1.342970436974698,1.3579795122146607
2025-11-12 09:30:00,2.1,1.788964815240151,1.5571021,0.31103518475984915,0.542897915840149
2025-11-12 09:30:00,1.81,1.5704553981499663,1.6146927,0.2395446018500338,0.1953073120117188
2025-11-12 09:30:00,2.26,1.7917988005164602,1.9054168,0.46820119948353955,0.3545831537246702
2025-11-12 09:30:00,0.7,0.7191114879657676,0.71976095,-0.01911148796576767,-0.019760954380035445
2025-11-12 09:30:00,1.64,1.8548874231262282,1.818938,-0.21488742312622833,-0.1789380168914796
2025-11-12 09:30:00,0.96,0.7753384263926434,0.7568669,0.18466157360735658,0.20313312768936154
2025-11-12 09:30:00,3.64,2.545399146246152,2.5811965,1.0946008537538483,1.0588034534454347
2025-11-12 09:30:00,1.28,0.7931007576701857,0.7162365,0.4868992423298143,0.5637635278701782
2025-11-12 09:30:00,-0.74,0.020828678160919538,0.07987528,-0.7608286781609195,-0.8198752829432487
2025-11-12 09:30:00,1.65,1.3873804456999665,1.2653413,0.26261955430003336,0.38465871810913077
2025-11-12 09:30:00,1.16,0.7628535944467366,0.7692334,0.3971464055532633,0.39076659440994255
2025-11-12 09:30:00,1.65,1.6156015323939277,1.9128067,0.034398467606072236,-0.26280674934387216
2025-11-12 09:30:00,1.9,2.044587106166014,2.120086,-0.14458710616601422,-0.22008595466613778
2025-11-12 09:30:00,1.67,1.3266013941134553,1.4022785,0.3433986058865446,0.2677214574813842
2025-11-12 09:30:00,0.71,0.8946521689240052,0.8291505,-0.18465216892400527,-0.11915049791336063
2025-11-12 09:30:00,3.8,1.5468616296816537,1.5757488,2.253138370318346,2.2242511987686155
2025-11-12 09:30:00,0.6,0.8117697877159076,0.5066527,-0.2117697877159076,0.09334728717803953
2025-11-12 09:30:00,0.76,1.7902276116076,1.4486071,-1.0302276116076,-0.6886070871353149
2025-11-12 09:30:00,0.55,0.6847933850845936,0.6513971,-0.1347933850845936,-0.1013971090316772
2025-11-21 00:30:00,1.14,1.0176325047666912,0.82506603,0.1223674952333087,0.3149339699745177
2025-11-21 00:30:00,1.63,1.518537499999999,1.446167,0.11146250000000091,0.1838330078124999
2025-11-21 00:30:00,2.24,2.144494824081147,2.4019673,0.09550517591885299,-0.16196728706359842
2025-11-21 00:30:00,2.62,1.956503020487584,1.8986852,0.6634969795124162,0.7213147830963136
2025-11-21 00:30:00,1.09,1.2556642857142855,1.2030421,-0.16566428571428538,-0.11304214954376213
2025-11-21 00:30:00,0.72,0.9378865575454174,0.822177,-0.21788655754541741,-0.10217699289321902
2025-11-21 00:30:00,1.52,1.5917723008581361,1.4975114,-0.07177230085813613,0.022488613128662127
2025-11-21 00:30:00,1.01,0.9746470536182167,1.0649002,0.03535294638178332,-0.05490015983581542
2025-11-21 00:30:00,3.26,2.9662513453881547,3.033229,0.2937486546118451,0.22677088737487772
2025-11-21 00:30:00,1.84,1.9211535022882764,2.178182,-0.08115350228827634,-0.33818188667297355
2025-11-21 00:30:00,1.95,1.8917999999999995,1.7992522,0.058200000000000474,0.15074784755706783
2025-11-21 00:30:00,2.93,3.0098500000000006,2.2348921,-0.07985000000000042,0.6951078701019289
2025-11-21 00:30:00,0.8,-0.40783333333333344,-0.21350741,1.2078333333333335,1.0135074138641358
2025-11-21 00:30:00,0.69,0.7668381936201984,0.6780691,-0.0768381936201985,0.011930885314941353
2025-11-21 00:30:00,0.47,0.4602328048784545,0.3133583,0.009767195121545447,0.15664169311523435
2025-11-21 00:30:00,1.2,1.2507768469296752,1.2400591,-0.05077684692967521,-0.040059137344360396
2025-11-21 00:30:00,2.04,2.172973171890043,1.8684654,-0.13297317189004287,0.17153457641601566
2025-11-21 00:30:00,1.03,0.9260401856686485,0.86768234,0.10395981433135149,0.16231766223907473
2025-11-21 00:30:00,1.69,1.8399119675323883,1.7811444,-0.14991196753238833,-0.09114438056945806
2025-11-21 00:30:00,1.65,1.6667099306575324,1.6490725,-0.016709930657532457,0.0009274721145628995
2025-11-21 00:30:00,3.46,2.484881363004083,2.5491443,0.975118636995917,0.9108557319641113
2025-11-21 00:30:00,0.7,1.2113849677240074,0.8927199,-0.5113849677240074,-0.1927199244499207
2025-11-21 00:30:00,0.73,0.9911590768961606,0.7085738,-0.2611590768961606,0.021426181793212873
2025-11-21 00:30:00,1.6,1.5012299932249322,1.4793681,0.09877000677506786,0.12063190937042245
2025-11-21 00:30:00,0.16,-0.009431369047619034,0.08426058,0.16943136904761905,0.07573941707611084
2025-11-21 00:30:00,2.0,2.0096189788023557,2.081831,-0.009618978802355738,-0.08183097839355469
2025-11-21 00:30:00,0.73,0.6545065971953373,0.4672151,0.07549340280466266,0.26278490900993345
2025-11-21 00:30:00,4.4,3.0953928571428575,3.4723067,1.3046071428571429,0.9276932716369632
2025-11-21 00:30:00,0.88,0.9895995152700777,0.8022957,-0.10959951527007772,0.07770431518554688
2025-11-21 00:30:00,0.5,0.4816682478632477,0.3135673,0.01833175213675231,0.18643268942832947
2025-11-21 00:30:00,4.75,2.608850000000002,2.8261344,2.141149999999998,1.923865556716919
2025-11-21 00:30:00,-1.9,-2.069850000000002,-1.9727983,0.16985000000000205,0.07279834747314462
2025-11-21 00:30:00,1.69,1.4782838862375458,1.5018847,0.21171611376245414,0.1881153011322021
2025-11-21 00:30:00,10.14,9.697068333333332,10.131388,0.4429316666666683,0.008612289428711506
2025-11-21 00:30:00,0.67,0.8049998368258049,0.7218596,-0.13499983682580485,-0.05185957431793209
2025-11-21 00:30:00,5.48,4.851912373737375,5.3490267,0.6280876262626256,0.13097332000732465
2025-11-21 00:30:00,2.88,2.75625000241301,2.772984,0.12374999758699001,0.10701597213745107
2025-11-21 06:30:00,4.58,3.533652546296297,4.095588,1.046347453703703,0.484411792755127
2025-11-21 06:30:00,5.97,5.309653223983132,5.898289,0.6603467760168673,0.07171079635620092
2025-11-21 06:30:00,3.5,3.4200633851205318,3.3198771,0.07993661487946824,0.18012285232543945
2025-11-21 06:30:00,0.61,0.20561499999999996,0.3517849,0.404385,0.2582150852680206
2025-11-21 06:30:00,0.79,0.8589937842584208,0.7419398,-0.06899378425842073,0.04806021690368656
2025-11-21 06:30:00,1.12,0.8789940283347978,1.0736899,0.24100597166520232,0.04631006240844737
2025-11-21 06:30:00,2.7,2.92514214709629,2.6751275,-0.22514214709628977,0.024872493743896662
2025-11-21 06:30:00,1.55,1.2333483616271652,1.2637811,0.31665163837283483,0.28621892929077153
2025-11-21 06:30:00,0.62,0.8839862541120894,0.7168422,-0.2639862541120894,-0.0968421745300293
2025-11-21 06:30:00,1.53,1.5653294810982394,1.4507977,-0.03532948109823941,0.07920232295989993
2025-11-21 06:30:00,1.06,2.0200626463407954,1.5481405,-0.9600626463407953,-0.48814052581787104
2025-11-21 06:30:00,2.18,2.627473018008563,2.0467992,-0.44747301800856265,0.13320081710815446
2025-11-21 06:30:00,0.79,0.9914581977822767,0.8598466,-0.2014581977822767,-0.06984659194946286
2025-11-21 06:30:00,3.2,3.173678401468272,3.053316,0.026321598531727997,0.14668388366699237
2025-11-21 06:30:00,1.9,1.7806209447169552,1.8234843,0.11937905528304471,0.07651569843292227
2025-11-21 06:30:00,1.64,1.6636735107502196,1.6378232,-0.02367351075021973,0.002176775932311914
2025-11-21 06:30:00,1.89,2.2060839817476947,1.9764005,-0.3160839817476948,-0.08640049457550059
2025-11-21 06:30:00,0.63,0.7199371134694418,0.6928625,-0.08993711346944178,-0.06286251068115234
2025-11-21 06:30:00,1.47,1.5104289592039775,1.596659,-0.04042895920397749,-0.1266589450836182
2025-11-21 06:30:00,2.72,2.0461849832382333,1.9741594,0.6738150167617669,0.7458406400680544
2025-11-21 06:30:00,1.32,2.2412820973389374,1.9171828,-0.9212820973389373,-0.5971828031539916
2025-11-21 06:30:00,0.58,0.73512378190473,0.6856141,-0.15512378190473008,-0.10561410903930668
2025-11-21 06:30:00,-2.55,-2.1475500000000007,-1.9135631,-0.4024499999999991,-0.636436867713928
2025-11-21 06:30:00,9.79,10.774499999999996,10.271945,-0.984499999999997,-0.48194499969482507
2025-11-21 06:30:00,0.59,2.498643985218347,1.4838946,-1.908643985218347,-0.8938945865631104
2025-11-21 06:30:00,2.68,2.5725509098953356,2.6211936,0.10744909010466452,0.058806352615356605
2025-11-21 06:30:00,0.4,0.5467764059295968,0.46370187,-0.14677640592959673,-0.06370187401771543
2025-11-21 06:30:00,1.23,0.9671752571150166,1.0062557,0.26282474288498336,0.22374425411224363
2025-11-21 06:30:00,1.05,1.153864594375705,1.090995,-0.10386459437570505,-0.04099495410919185
2025-11-21 06:30:00,0.86,0.8569329265520821,0.6280785,0.0030670734479179007,0.23192147970199584
2025-11-21 06:30:00,0.1,0.31316023809523796,0.13562888,-0.21316023809523796,-0.03562887907028198
2025-11-21 06:30:00,1.74,1.5593209934012764,1.5701596,0.1806790065987236,0.16984044551849364
2025-11-21 06:30:00,0.71,0.8180793580360419,0.7671901,-0.10807935803604196,-0.05719009876251224
2025-11-21 06:30:00,3.56,3.2313252974944113,2.997492,0.3286747025055887,0.5625079250335694
2025-11-21 06:30:00,0.95,0.9794263642681378,0.9716063,-0.029426364268137828,-0.02160631418228154
2025-11-21 06:30:00,2.12,1.6843299445846003,1.619322,0.4356700554153998,0.5006780576705934
2025-11-21 06:30:00,1.6,2.1362702645044296,1.8372184,-0.5362702645044295,-0.23721840381622306
2025-11-21 06:30:00,0.35,0.44902917200627124,0.38682285,-0.09902917200627126,-0.03682284951210024
2025-11-21 18:30:00,1.34,1.5919031098315295,1.3888742,-0.2519031098315294,-0.048874173164367596
2025-11-21 18:30:00,2.38,2.0669107966437976,1.92044,0.3130892033562023,0.4595600414276122
2025-11-21 18:30:00,1.93,0.9352546133633501,0.69092935,0.9947453866366498,1.2390706467628478
2025-11-21 18:30:00,0.23,0.2134942670278075,0.16687049,0.016505732972192516,0.06312951028347016
2025-11-21 18:30:00,4.68,3.0898539337386217,3.097058,1.590146066261378,1.5829419422149655
2025-11-21 18:30:00,3.65,2.6830959917986394,2.78558,0.9669040082013605,0.8644200801849364
2025-11-21 18:30:00,0.77,0.614773069340501,0.6460525,0.155226930659499,0.1239475202560425
2025-11-21 18:30:00,4.61,1.5621069735985602,1.4846021,3.0478930264014403,3.125397906303406
2025-11-21 18:30:00,10.75,9.941099999999999,10.031804,0.8089000000000013,0.718195915222168
2025-11-21 18:30:00,1.6,0.38289243979516985,0.2979577,1.2171075602048302,1.3020423114299775
2025-11-21 18:30:00,0.59,0.3695612969468071,0.34819382,0.22043870305319285,0.24180617570877072
2025-11-21 18:30:00,2.76,0.9742279324622918,0.86140937,1.785772067537708,1.898590633869171
2025-11-21 18:30:00,7.75,6.417632926065157,6.1070924,1.3323670739348428,1.6429076194763184
2025-11-21 18:30:00,4.11,2.1126579447721974,2.158301,1.997342055227803,1.9516988849639896
2025-11-21 18:30:00,0.97,0.18780741935483863,0.26975995,0.7821925806451613,0.7002400469779968
2025-11-21 18:30:00,3.15,3.3272847799675107,3.1928003,-0.1772847799675108,-0.042800283432006925
2025-11-21 18:30:00,2.5,1.9439745075922736,1.855058,0.5560254924077264,0.644942045211792
2025-11-21 18:30:00,1.37,1.118254144573376,1.0241164,0.2517458554266241,0.3458836030960084
2025-11-21 18:30:00,1.9,0.7571985377950518,0.6444252,1.142801462204948,1.2555747866630553
2025-11-21 18:30:00,2.4,0.9896660870044266,0.7094556,1.4103339129955734,1.6905443906784057
2025-11-21 18:30:00,1.79,1.983112465355475,1.976748,-0.193112465355475,-0.18674798965454098
2025-11-21 18:30:00,2.9,1.087567445736462,1.0501114,1.812432554263538,1.8498885869979858
2025-11-21 18:30:00,2.06,1.000113378289966,1.012179,1.059886621710034,1.0478209829330445
2025-11-21 18:30:00,-1.77,-2.2604500000000014,-2.0936904,0.4904500000000014,0.3236903953552246
2025-11-21 18:30:00,6.15,3.032851882943193,3.1796825,3.117148117056807,2.9703175067901615
2025-11-21 18:30:00,3.01,2.332299473050495,2.2089896,0.6777005269495047,0.8010103797912596
2025-11-21 18:30:00,3.78,1.8269078885003478,1.6420485,1.953092111499652,2.137951521873474
2025-11-21 18:30:00,1.94,1.7113972486602855,1.438011,0.22860275133971442,0.5019889497756957
2025-11-21 18:30:00,2.46,1.2300452411119316,1.252312,1.2299547588880684,1.2076880550384521
2025-11-21 18:30:00,3.55,2.459754632997323,2.1614015,1.0902453670026766,1.3885984897613524
2025-11-21 18:30:00,0.77,1.3281364812863365,0.76982176,-0.5581364812863365,0.00017823696136476386
2025-11-21 18:30:00,6.96,4.35041517295137,4.5687866,2.6095848270486304,2.39121337890625
2025-11-21 18:30:00,1.6,1.3482379983337112,1.4619325,0.2517620016662889,0.13806746006011972
2025-11-21 18:30:00,1.7,1.716943643519192,1.6466756,-0.016943643519192086,0.0533244132995605
2025-11-21 18:30:00,3.54,0.8289198786731876,0.6358106,2.7110801213268125,2.904189386367798
2025-11-21 18:30:00,1.08,0.9808680012394159,0.92131656,0.0991319987605842,0.1586834359169007
2025-11-21 18:30:00,4.38,2.547283210777351,2.717929,1.832716789222649,1.6620711135864257
2025-11-21 18:30:00,1.03,0.8389475206733948,0.8338531,0.19105247932660518,0.19614687442779544
2025-11-21 18:30:00,1.58,0.8717727073809285,0.7774897,0.7082272926190716,0.8025102782249451
2025-11-23 03:30:00,10.76,11.173680000000008,10.568952,-0.41368000000000826,0.1910483932495115
2025-11-23 03:30:00,1.59,1.7110998033717468,1.6699687,-0.12109980337174675,-0.07996872425079338
2025-11-23 03:30:00,0.75,0.8928319598916435,0.80792534,-0.14283195989164355,-0.05792534351348877
2025-11-23 03:30:00,1.9,1.7021168692418696,1.6619015,0.19788313075813035,0.23809852600097647
2025-11-23 03:30:00,1.77,1.7370539093335629,1.8206841,0.03294609066643717,-0.05068407535552977
2025-11-23 03:30:00,2.72,2.7518307852718804,2.8674932,-0.03183078527188021,-0.147493152618408
2025-11-23 03:30:00,1.6,1.4176913996138998,1.5209019,0.1823086003861003,0.0790980815887452
2025-11-23 03:30:00,3.0,3.51324115162013,3.4808903,-0.5132411516201301,-0.48089027404785156
2025-11-23 03:30:00,7.67,7.4249583333333335,7.1745324,0.24504166666666638,0.4954675865173339
2025-11-23 03:30:00,1.0,1.0801984293039473,1.0650164,-0.08019842930394727,-0.06501638889312744
2025-11-23 03:30:00,4.43,3.1069499999999994,3.0711033,1.3230500000000003,1.3588966655731198
2025-11-23 03:30:00,0.67,0.7518211143177812,0.58743834,-0.08182111431778116,0.0825616550445557
2025-11-23 03:30:00,-1.55,-2.1811000000000003,-2.208679,0.6311000000000002,0.6586789608001709
2025-11-23 03:30:00,1.01,1.1051295546708435,1.0083181,-0.0951295546708435,0.0016819334030151456
2025-11-23 03:30:00,1.33,1.3363496033955857,1.2573748,-0.006349603395585657,0.07262523651123054
2025-11-23 03:30:00,0.87,0.8713231101688573,0.82252187,-0.0013231101688573332,0.04747813463211059
2025-11-23 03:30:00,0.25,0.4330274908424907,0.26678893,-0.1830274908424907,-0.01678892970085144
2025-11-23 03:30:00,1.68,0.839841341249178,0.90360457,0.840158658750822,0.7763954329490661
2025-11-23 03:30:00,1.79,1.881103366112091,1.7283081,-0.09110336611209102,0.061691918373107946
2025-11-23 03:30:00,4.61,3.9321978897028727,3.7372189,0.6778021102971277,0.8727811431884769
2025-11-23 03:30:00,4.4,4.810922838485664,4.7068787,-0.41092283848566336,-0.30687866210937464
2025-11-23 03:30:00,4.16,3.637630606923454,3.5399103,0.5223693930765463,0.620089683532715
2025-11-23 03:30:00,6.99,6.529424999999998,6.5428,0.4605750000000022,0.4472000503540041
2025-11-23 03:30:00,1.84,2.305985551435999,2.0236483,-0.46598555143599873,-0.1836482620239257
2025-11-23 03:30:00,4.1,3.3673,2.580603,0.7326999999999995,1.519397115707397
2025-11-23 03:30:00,3.26,2.4089325833333333,2.660313,0.8510674166666665,0.5996871089935301
2025-11-23 03:30:00,1.21,1.4676464561193265,1.3106362,-0.2576464561193266,-0.10063616275787357
2025-11-23 03:30:00,2.53,2.2965282608695636,2.234137,0.23347173913043617,0.29586294174194316
2025-11-23 03:30:00,2.59,2.8100229159074495,2.7392352,-0.2200229159074496,-0.1492351627349855
2025-11-23 03:30:00,1.0,1.3420928787878785,1.4599416,-0.34209287878787853,-0.4599416255950928
2025-11-23 03:30:00,4.91,2.7493500000000024,1.7624669,2.1606499999999977,3.1475330924987794
2025-11-23 03:30:00,2.51,1.842365103558192,1.8162764,0.6676348964418077,0.6937235689163206
2025-11-23 03:30:00,2.3,2.417425933858604,2.313436,-0.11742593385860411,-0.013436031341552912
2025-11-23 03:30:00,6.01,5.977306972941452,5.9961324,0.032693027058547486,0.013867626190185334
2025-11-23 03:30:00,1.79,2.139579166666668,1.7820389,-0.3495791666666679,0.007961072921752965
2025-11-23 03:30:00,1.58,2.123752864516595,1.8305893,-0.5437528645165948,-0.2505892944335937
2025-11-23 03:30:00,1.4,1.6220450320512816,1.436059,-0.22204503205128168,-0.036058998107910245
2025-11-23 06:30:00,3.53,3.4758333333333344,3.1409037,0.054166666666665364,0.3890962886810301
2025-11-23 06:30:00,1.75,1.895025555582547,1.8695517,-0.14502555558254704,-0.1195516586303711
2025-11-23 06:30:00,1.35,1.2987166846066847,1.4874383,0.05128331539331543,-0.13743832111358634
2025-11-23 06:30:00,10.45,11.03677954545454,10.967249,-0.5867795454545401,-0.5172489166259773
2025-11-23 06:30:00,4.3,3.765757888020726,3.7915947,0.5342421119792737,0.5084052562713621
2025-11-23 06:30:00,4.7,3.638339296235161,3.3055449,1.0616607037648391,1.394455146789551
2025-11-23 06:30:00,2.15,0.9004072257078027,0.87798995,1.2495927742921973,1.272010052204132
2025-11-23 06:30:00,1.2,0.6843701743775008,0.78178287,0.5156298256224991,0.41821713447570796
2025-11-23 06:30:00,5.7,3.714634523161371,3.625763,1.9853654768386293,2.074237060546875
2025-11-23 06:30:00,6.0,3.5164179292929294,3.5725727,2.4835820707070706,2.427427291870117
2025-11-23 06:30:00,0.23,0.36612421417350766,0.21326557,-0.13612421417350765,0.016734431982040415
2025-11-23 06:30:00,4.99,5.712445484356653,5.68015,-0.722445484356653,-0.6901500320434568
2025-11-23 06:30:00,0.87,0.7896814883923183,0.7739443,0.08031851160768166,0.09605568170547485
2025-11-23 06:30:00,1.28,1.592199821872488,1.7096474,-0.31219982187248796,-0.4296474170684814
2025-11-23 06:30:00,1.06,1.4055971161860021,1.0786909,-0.3455971161860021,-0.018690886497497505
2025-11-23 06:30:00,1.2,1.8293117059842123,1.6983087,-0.6293117059842124,-0.4983087062835694
2025-11-23 06:30:00,1.81,1.0404181583903445,0.941116,0.7695818416096556,0.8688840246200562
2025-11-23 06:30:00,1.09,1.7939932745123823,1.8335613,-0.7039932745123822,-0.7435613012313842
2025-11-23 06:30:00,2.4,2.1256843131453738,2.018373,0.27431568685462615,0.3816269874572753
2025-11-23 06:30:00,3.23,3.0204802050205286,2.74119,0.20951979497947137,0.4888100433349609
2025-11-23 06:30:00,3.52,2.003593058910711,1.6203223,1.516406941089289,1.8996776533126831
2025-11-23 06:30:00,4.33,4.634583858397647,4.081531,-0.30458385839764723,0.24846895217895515
2025-11-23 06:30:00,2.36,2.4901187703766485,2.4235687,-0.13011877037664865,-0.06356872558593762
2025-11-23 06:30:00,3.59,1.8760756753342143,1.6925018,1.7139243246657856,1.8974982166290282
2025-11-23 06:30:00,1.29,1.9809967854969381,1.9031419,-0.6909967854969381,-0.6131418561935424
2025-11-23 06:30:00,1.8,1.878376093267,1.7587526,-0.0783760932669999,0.041247415542602583
2025-11-23 06:30:00,3.67,4.371228308044249,4.360189,-0.7012283080442492,-0.6901889610290528
2025-11-23 06:30:00,3.38,1.6691682443393316,1.2138665,1.7108317556606683,2.166133527755737
2025-11-23 06:30:00,6.29,7.594458988095242,7.26286,-1.3044589880952415,-0.97285982131958
2025-11-23 06:30:00,4.05,2.817858912247577,3.1684554,1.232141087752423,0.8815446376800535
2025-11-23 06:30:00,2.04,1.619643569008543,1.4596272,0.42035643099145714,0.5803728485107422
2025-11-23 06:30:00,1.9,2.097551256378168,2.227406,-0.19755125637816828,-0.3274060249328614
2025-11-23 06:30:00,1.67,1.5752978633384442,1.4872192,0.09470213666155569,0.18278078556060784
2025-11-23 06:30:00,1.89,1.0208019042269134,1.0053536,0.8691980957730865,0.8846464300155639
2025-11-23 06:30:00,1.91,1.3174671102825772,1.2210857,0.5925328897174227,0.6889143323898315
2025-11-23 06:30:00,2.22,3.036396694340051,2.6000903,-0.8163966943400509,-0.38009026527404766
2025-11-23 06:30:00,6.75,6.401738602092354,6.083441,0.3482613979076463,0.6665592193603516
2025-11-23 06:30:00,-2.1,-2.0623500000000003,-1.9873536,-0.03764999999999974,-0.11264643669128427
2025-11-24 00:30:00,6.63,6.394449067460315,6.574853,0.2355509325396845,0.05514705657958974
2025-11-24 00:30:00,4.29,3.870424449784328,3.8670094,0.41957555021567217,0.4229905986785889
2025-11-24 00:30:00,1.63,1.6874478298294837,1.3776172,-0.05744782982948382,0.2523827600479125
2025-11-24 00:30:00,4.69,4.337163995432531,4.3145156,0.352836004567469,0.3754844093322758
2025-11-24 00:30:00,3.98,3.741075767526017,3.3952546,0.2389242324739831,0.5847453880310058
2025-11-24 00:30:00,3.29,3.232220336548014,3.3927226,0.05777966345198582,-0.10272260665893551
2025-11-24 00:30:00,3.84,3.6773947134712768,3.351104,0.16260528652872308,0.48889597892761216
2025-11-24 00:30:00,6.01,5.795169765193671,5.9953856,0.21483023480632912,0.014614353179931427
2025-11-24 00:30:00,11.25,10.757249999999988,10.7551775,0.49275000000001157,0.49482250213623047
2025-11-24 00:30:00,1.42,1.3695075037170863,1.2744607,0.050492496282913635,0.14553932666778557
2025-11-24 00:30:00,2.27,2.222016753781819,2.2046006,0.04798324621818084,0.06539942741394045
2025-11-24 00:30:00,1.65,1.7771195593607028,1.5581064,-0.12711955936070285,0.0918935775756835
2025-11-24 00:30:00,1.05,1.2230993632584544,1.0301253,-0.17309936325845432,0.019874739646911666
2025-11-24 00:30:00,1.58,1.8791136267490678,1.8104113,-0.2991136267490677,-0.2304113340377807
2025-11-24 00:30:00,1.71,1.956348443367406,1.6982296,-0.24634844336740613,0.011770448684692347
2025-11-24 00:30:00,5.82,5.809653676486115,5.4140644,0.010346323513885203,0.40593559265136747
2025-11-24 00:30:00,-2.1,-1.9078500000000023,-2.0782123,-0.19214999999999782,-0.021787738800048917
2025-11-24 00:30:00,4.83,4.391617696078428,4.5035195,0.4383823039215722,0.3264804649353028
2025-11-24 00:30:00,6.32,6.715990000000002,6.597252,-0.39599000000000206,-0.27725189208984347
2025-11-24 00:30:00,0.84,0.8742404376720798,0.8103917,-0.03424043767207985,0.02960827589035031
2025-11-24 00:30:00,1.7,1.86170742222333,1.8086886,-0.16170742222333012,-0.10868864059448247
2025-11-24 00:30:00,2.36,2.5609227673437824,2.3943233,-0.20092276734378256,-0.03432334899902356
2025-11-24 00:30:00,1.27,1.1980521621497855,1.3010911,0.07194783785021452,-0.031091074943542463
2025-11-24 00:30:00,5.3,4.290558306277058,3.706999,1.009441693722942,1.5930009365081785
2025-11-24 00:30:00,1.1,1.1780570524244376,1.0869116,-0.0780570524244375,0.013088440895080655
2025-11-24 00:30:00,0.24,0.3377210911371236,0.05931085,-0.09772109113712363,0.18068915024399756
2025-11-24 00:30:00,2.12,2.3629250000000006,2.3390062,-0.2429250000000005,-0.2190061855316161
2025-11-24 00:30:00,2.8,2.1211503775379414,2.0660853,0.6788496224620584,0.7339146614074705
2025-11-24 00:30:00,3.06,2.4763196153846154,2.7131321,0.5836803846153846,0.34686785697937017
2025-11-24 00:30:00,2.38,2.6423618440744794,2.509417,-0.2623618440744795,-0.12941705703735362
2025-11-24 00:30:00,0.95,1.2476540118649428,1.4461379,-0.2976540118649429,-0.49613790512084965
2025-11-24 00:30:00,1.75,1.9321074322227343,1.773506,-0.1821074322227343,-0.0235060453414917
2025-11-24 00:30:00,3.0,2.3118019817073163,2.256715,0.6881980182926837,0.7432849407196045
2025-11-24 00:30:00,1.95,2.144564285714285,1.6261709,-0.19456428571428508,0.3238291263580322
2025-11-24 00:30:00,3.9,3.9882946915415607,3.951099,-0.08829469154156078,-0.05109891891479501
2025-11-24 00:30:00,1.31,1.6332146271465016,1.4163876,-0.3232146271465015,-0.10638755798339838
2025-11-24 00:30:00,1.06,1.1585346163079773,1.0367136,-0.09853461630797722,0.023286399841308647
2025-11-24 00:30:00,1.6,1.7425884103042366,1.5604026,-0.14258841030423652,0.039597368240356534
2025-11-24 03:30:00,3.97,3.8704966899344253,3.9809184,0.09950331006557489,-0.010918407440185351
2025-11-24 03:30:00,2.0,2.2353873350025997,2.196761,-0.23538733500259967,-0.196760892868042
2025-11-24 03:30:00,1.57,1.652068145230709,1.4120657,-0.08206814523070904,0.15793425559997565
2025-11-24 03:30:00,1.16,2.1464939720854304,2.0356448,-0.9864939720854304,-0.8756447696685792
2025-11-24 03:30:00,1.19,1.5430701944700909,1.9771694,-0.3530701944700909,-0.7871693944931031
2025-11-24 03:30:00,5.64,5.584782913699789,5.7532043,0.05521708630021038,-0.11320434570312532
2025-11-24 03:30:00,1.5,1.4143590051628263,1.4149847,0.08564099483717369,0.08501529693603516
2025-11-24 03:30:00,4.1,4.645051448417574,4.4172606,-0.5450514484175741,-0.3172606468200687
2025-11-24 03:30:00,2.62,1.2643075569565791,1.1958883,1.355692443043421,1.4241117191314698
2025-11-24 03:30:00,6.48,6.637722051282053,6.793776,-0.15772205128205297,-0.31377603530883746
2025-11-24 03:30:00,4.35,5.423967145790941,4.969114,-1.0739671457909417,-0.6191138267517093
2025-11-24 03:30:00,2.1,2.4306629014931476,2.4655025,-0.3306629014931475,-0.36550250053405753
2025-11-24 03:30:00,3.03,3.661265029780276,3.8872576,-0.631265029780276,-0.8572575759887697
2025-11-24 03:30:00,4.17,4.741568818738862,4.838344,-0.5715688187388617,-0.6683440971374512
2025-11-24 03:30:00,1.98,1.7268887604678929,1.6407725,0.2531112395321071,0.33922753810882567
2025-11-24 03:30:00,1.53,1.3393291592312204,1.2847121,0.1906708407687796,0.24528792381286624
2025-11-24 03:30:00,2.1,1.1822932256160537,1.1446798,0.9177067743839464,0.9553202152252198
2025-11-24 03:30:00,1.2,1.5268275778803522,1.7488128,-0.3268275778803522,-0.5488127946853638
2025-11-24 03:30:00,4.77,4.043953185950585,3.7485251,0.7260468140494147,1.0214748573303218
2025-11-24 03:30:00,1.75,2.784407528559058,2.6069095,-1.0344075285590582,-0.8569095134735107
2025-11-24 03:30:00,2.6,3.6812133714180493,3.7910697,-1.0812133714180492,-1.191069746017456
2025-11-24 03:30:00,2.56,2.929512849268172,2.8537178,-0.36951284926817207,-0.29371780395507807
2025-11-24 03:30:00,2.43,0.8604674426486604,0.8311358,1.56953255735134,1.5988641905784609
2025-11-24 03:30:00,5.97,6.3573659356232,6.4677567,-0.3873659356232002,-0.49775674819946314
2025-11-24 03:30:00,1.66,1.69417570887013,1.5150253,-0.034175708870129995,0.1449747419357299
2025-11-24 03:30:00,0.98,1.6442925349650341,1.6874679,-0.6642925349650342,-0.7074679327011109
2025-11-24 03:30:00,3.28,5.693847427943678,5.0543065,-2.413847427943678,-1.774306507110596
2025-11-24 03:30:00,1.85,2.9353409325742814,2.6965275,-1.0853409325742813,-0.8465274810791015
2025-11-24 03:30:00,0.8,0.9238541747398606,1.077978,-0.1238541747398606,-0.27797801494598384
2025-11-24 03:30:00,1.46,1.656284359106116,1.3857801,-0.19628435910611608,0.07421990394592282
2025-11-24 03:30:00,0.17,0.3454072297498798,0.2892747,-0.1754072297498798,-0.11927469253540038
2025-11-24 03:30:00,2.6,2.386940145237503,2.4038,0.21305985476249711,0.19619998931884775
2025-11-24 03:30:00,10.43,10.59873584582085,10.604652,-0.16873584582084966,-0.17465240478515653
2025-11-24 03:30:00,2.55,1.9385493852892868,1.9099139,0.611450614710713,0.6400861024856566
2025-11-24 03:30:00,1.44,1.7965708528876037,2.0716398,-0.3565708528876037,-0.6316397762298585
2025-11-24 03:30:00,4.03,3.30565300398324,3.3064668,0.7243469960167603,0.7235331821441653
2025-11-24 03:30:00,1.87,1.252680634962596,1.3178847,0.617319365037404,0.5521153163909913
2025-11-24 18:30:00,1.43,1.387015464203428,1.4613538,0.04298453579657191,-0.03135377883911139
2025-11-24 18:30:00,2.43,2.198569124196209,1.5791512,0.2314308758037913,0.850848846435547
2025-11-24 18:30:00,1.5,1.5415556886424908,1.3893838,-0.04155568864249082,0.11061620712280273
2025-11-24 18:30:00,5.12,5.247848908221742,5.1085243,-0.12784890822174155,0.011475677490234482
2025-11-24 18:30:00,1.4,1.9168876414316796,1.9192528,-0.5168876414316796,-0.5192527532577516
2025-11-24 18:30:00,1.12,1.6985922619047604,1.6250926,-0.5785922619047603,-0.5050926256179809
2025-11-24 18:30:00,7.38,6.760750201298704,6.7585387,0.6192497987012962,0.6214612770080565
2025-11-24 18:30:00,3.39,2.177800000000002,1.6768544,1.212199999999998,1.713145627975464
2025-11-24 18:30:00,1.45,1.2674602560460915,1.2640752,0.18253974395390848,0.18592483997344966
2025-11-24 18:30:00,2.38,1.3900707010124973,1.2043723,0.9899292989875026,1.17562771320343
2025-11-24 18:30:00,1.6,2.124572865283574,1.6158974,-0.5245728652835737,-0.015897417068481356
2025-11-24 18:30:00,2.25,2.074708080350344,1.981205,0.17529191964965607,0.2687950134277344
2025-11-24 18:30:00,1.35,1.00945217657669,0.942243,0.34054782342331014,0.40775701999664316
2025-11-24 18:30:00,5.31,3.8558996692604084,3.9812794,1.4541003307395912,1.3287206268310543
2025-11-24 18:30:00,3.43,2.9996218290703855,3.0154178,0.4303781709296146,0.4145821857452394
2025-11-24 18:30:00,-0.38,-2.1226500000000024,-2.099083,1.7426500000000025,1.7190829467773439
2025-11-24 18:30:00,1.28,0.2267605955074917,0.2753181,1.0532394044925084,1.0046819138526917
2025-11-24 18:30:00,2.17,1.8277072755634938,1.8172784,0.34229272443650616,0.3527216148376464
2025-11-24 18:30:00,11.22,10.779424999999996,11.265466,0.4405750000000044,-0.04546573638915952
2025-11-24 18:30:00,6.59,5.270216767065852,3.9475362,1.3197832329341477,2.6424637699127196
2025-11-24 18:30:00,3.12,4.7250025805030695,3.6487749,-1.6050025805030694,-0.5287748622894286
2025-11-24 18:30:00,1.47,1.7095663128845922,1.3557221,-0.23956631288459218,0.11427793025970456
2025-11-24 18:30:00,2.9,2.177387656623627,1.9979851,0.7226123433763729,0.9020148754119872
2025-11-24 18:30:00,1.32,1.935906246478475,1.4454168,-0.615906246478475,-0.12541680812835687
2025-11-24 18:30:00,1.87,2.1659801775862544,2.0842037,-0.2959801775862543,-0.21420372009277333
2025-11-24 18:30:00,5.6,5.202181053946046,5.812548,0.3978189460539534,-0.21254816055297887
2025-11-24 18:30:00,3.73,3.7789216716742664,3.7411826,-0.04892167167426642,-0.011182565689086932
2025-11-24 18:30:00,1.65,2.0761202380952373,2.0539923,-0.42612023809523736,-0.40399227142333993
2025-11-24 18:30:00,4.75,5.112256078941277,4.427085,-0.362256078941277,0.32291507720947266
2025-11-24 18:30:00,3.1,3.489097636646839,2.6840196,-0.38909763664683883,0.4159804344177247
2025-11-24 18:30:00,3.22,2.847243477069756,2.8665268,0.3727565229302443,0.3534731578826906
2025-11-24 18:30:00,1.7,1.9498505911889523,1.9446796,-0.24985059118895236,-0.24467961788177495
2025-11-24 18:30:00,2.5,2.1810571630100646,2.3105304,0.3189428369899354,0.189469575881958
2025-11-24 18:30:00,3.85,4.142586159450506,4.492194,-0.2925861594505057,-0.6421941757202148
2025-11-24 18:30:00,1.9,1.766053099547792,1.9874319,0.1339469004522078,-0.08743188381195077
2025-11-24 18:30:00,2.03,2.1813651027219865,2.1496916,-0.15136510272198667,-0.11969158172607441
2025-11-24 18:30:00,2.74,2.461579935581091,2.3463585,0.27842006441890943,0.39364146232605
2025-11-24 18:30:00,2.1,1.3517737987554694,1.2974749,0.7482262012445307,0.8025251388549806
2025-11-24 18:30:00,3.54,3.7650102097135063,3.7966955,-0.22501020971350627,-0.2566954708099365
2025-11-25 03:30:00,2.3,3.48138098254279,3.071895,-1.1813809825427901,-0.7718948841094972
2025-11-25 03:30:00,1.35,1.7623950926350467,1.5181913,-0.4123950926350466,-0.16819133758544913
2025-11-25 03:30:00,2.46,3.1762329429008536,3.0689056,-0.7162329429008536,-0.6089055919647217
2025-11-25 03:30:00,1.5,2.321467819990953,2.0187895,-0.8214678199909531,-0.518789529800415
2025-11-25 03:30:00,1.36,1.57528181249895,1.6604042,-0.21528181249894995,-0.3004042053222655
2025-11-25 03:30:00,5.14,5.501750211490929,5.2119427,-0.36175021149092945,-0.07194267272949251
2025-11-25 03:30:00,2.1,2.6036483940454205,2.4097753,-0.5036483940454204,-0.3097752571105956
2025-11-25 03:30:00,1.12,1.4528290585377688,1.4729239,-0.3328290585377687,-0.3529238748550414
2025-11-25 03:30:00,1.52,1.6198156879875711,1.3754789,-0.09981568798757112,0.14452113628387453
2025-11-25 03:30:00,-1.15,-0.5183000000000004,-1.0324074,-0.6316999999999995,-0.11759259700775138
2025-11-25 03:30:00,4.17,6.52010362012987,6.111343,-2.35010362012987,-1.9413429069519044
2025-11-25 03:30:00,1.34,1.261361985488398,1.1842066,0.07863801451160213,0.1557933950424195
2025-11-25 03:30:00,1.7,1.8535980090582154,1.6884799,-0.1535980090582154,0.011520099639892534
2025-11-25 03:30:00,3.1,3.651110514527241,3.504606,-0.5511105145272408,-0.404606008529663
2025-11-25 03:30:00,1.64,2.449854606271125,2.3462477,-0.8098546062711252,-0.7062476730346681
2025-11-25 03:30:00,0.99,1.5804152449352795,1.322554,-0.5904152449352795,-0.33255399227142335
2025-11-25 03:30:00,1.95,1.9668410818224575,1.9353856,-0.016841081822457582,0.014614415168762163
2025-11-25 03:30:00,1.0,1.8145623703684715,1.4338661,-0.8145623703684715,-0.43386614322662354
2025-11-25 03:30:00,2.58,2.2097697522724515,2.1060495,0.37023024772754853,0.47395046234130866
2025-11-25 03:30:00,1.18,1.822288980375682,1.5853801,-0.6422889803756822,-0.4053800773620606
2025-11-25 03:30:00,7.7,7.026050805352054,7.1390214,0.6739491946479461,0.5609786033630373
2025-11-25 03:30:00,3.59,3.548497955654032,4.2229104,0.041502044345967715,-0.6329104042053224
2025-11-25 03:30:00,2.72,2.308967183975524,2.300985,0.41103281602447606,0.41901490211486836
2025-11-25 03:30:00,2.05,2.2159285500587473,2.2166667,-0.16592855005874751,-0.16666669845581072
2025-11-25 03:30:00,2.52,2.953073557698828,2.8814538,-0.4330735576988278,-0.3614537525177002
2025-11-25 03:30:00,2.49,2.1019625311969894,1.8317394,0.3880374688030108,0.6582605743408205
2025-11-25 03:30:00,3.7,4.83516733971565,4.789623,-1.1351673397156494,-1.0896227836608885
2025-11-25 03:30:00,2.68,1.898163467701324,1.9623818,0.7818365322986762,0.7176181602478029
2025-11-25 03:30:00,3.41,3.475613894716915,3.5407803,-0.0656138947169147,-0.13078030586242662
2025-11-25 03:30:00,1.41,1.0315110731812047,0.8933167,0.3784889268187952,0.516683313846588
2025-11-25 03:30:00,1.3,1.4365122174639091,1.6006204,-0.13651221746390907,-0.30062038898468013
2025-11-25 03:30:00,10.41,11.062079298201793,11.004474,-0.6520792982017927,-0.5944736862182616
2025-11-25 03:30:00,0.86,1.6906998957919586,1.3998215,-0.8306998957919586,-0.5398215198516846
2025-11-25 03:30:00,1.9,1.6417005745777842,1.5906302,0.25829942542221573,0.3093698263168334
2025-11-25 03:30:00,1.87,2.761447860174734,2.8574698,-0.891447860174734,-0.9874697971343993
2025-11-25 03:30:00,2.26,3.0343315165653912,3.2800882,-0.7743315165653915,-1.0200881862640383
2025-11-25 03:30:00,4.74,5.17082776259466,5.321176,-0.43082776259466016,-0.5811760520935056
2025-11-25 03:30:00,4.66,4.97372626796087,4.6513042,-0.31372626796086944,0.008695755004882955
2025-11-25 15:30:00,3.51,2.0772131888412573,2.1148393,1.4327868111587425,1.395160684585571
2025-11-25 15:30:00,1.22,1.2888036460372816,1.4235506,-0.06880364603728162,-0.2035506057739258
2025-11-25 15:30:00,1.84,2.3692310883530956,2.1436865,-0.5292310883530955,-0.3036865329742431
2025-11-25 15:30:00,2.04,2.381105377443513,2.3739743,-0.3411053774435131,-0.33397432327270504
2025-11-25 15:30:00,2.57,2.2106989848808376,2.0281916,0.35930101511916224,0.5418084335327147
2025-11-25 15:30:00,3.27,3.0967340976015167,3.2299404,0.17326590239848327,0.04005958557128908
2025-11-25 15:30:00,3.38,3.2974707747604453,3.2408962,0.08252922523955464,0.13910377502441396
2025-11-25 15:30:00,1.92,2.0923737064644796,2.081378,-0.1723737064644797,-0.1613779830932618
2025-11-25 15:30:00,1.02,1.3546385287805298,1.3162371,-0.3346385287805298,-0.2962370920181274
2025-11-25 15:30:00,1.1,1.3349139324626,1.2280588,-0.23491393246259995,-0.12805881500244132
2025-11-25 15:30:00,4.81,2.3090264285714315,1.8308225,2.500973571428568,2.9791775321960445
2025-11-25 15:30:00,3.9,2.574428505233923,2.543922,1.325571494766077,1.3560780525207519
2025-11-25 15:30:00,3.42,3.2457521337366124,3.275627,0.1742478662633875,0.14437310218811028
2025-11-25 15:30:00,1.6,1.8136443186447753,1.7272455,-0.21364431864477518,-0.12724545001983634
2025-11-25 15:30:00,1.89,1.784148443643484,1.6950186,0.10585155635651589,0.19498135089874258
2025-11-25 15:30:00,2.1,1.5502943221976395,1.6186358,0.5497056778023606,0.48136422634124765
2025-11-25 15:30:00,1.31,1.4949782083699759,1.4675145,-0.1849782083699758,-0.15751451492309565
2025-11-25 15:30:00,7.61,7.633063446969702,7.670435,-0.02306344696970175,-0.06043495178222624
2025-11-25 15:30:00,-0.8,-1.23975,-0.93586767,0.43974999999999986,0.1358676671981811
2025-11-25 15:30:00,4.92,5.467799664226261,5.195898,-0.547799664226261,-0.2758980560302735
2025-11-25 15:30:00,2.6,2.5409559422861685,2.547014,0.05904405771383159,0.05298600196838388
2025-11-25 15:30:00,4.67,4.608480614907698,4.6962447,0.061519385092301704,-0.02624471664428718
2025-11-25 15:30:00,3.38,3.086614584852149,3.206186,0.293385415147851,0.17381394386291493
2025-11-25 15:30:00,0.98,0.9634161645807879,0.99843776,0.016583835419212045,-0.01843776226043703
2025-11-25 15:30:00,2.32,2.5249455242048295,2.364118,-0.2049455242048297,-0.044118099212646644
2025-11-25 15:30:00,1.62,1.9162246214309198,1.6927745,-0.29622462143091965,-0.07277453422546376
2025-11-25 15:30:00,1.48,1.585805861824363,1.4457697,-0.10580586182436291,0.034230332374572736
2025-11-25 15:30:00,10.21,10.813616666666666,11.04252,-0.6036166666666656,-0.8325195693969718
2025-11-25 15:30:00,1.43,1.5068861569422,1.4690704,-0.07688615694220013,-0.03907043457031256
2025-11-25 15:30:00,1.98,1.929992681403954,1.8658743,0.0500073185960459,0.11412570953369139
2025-11-25 15:30:00,2.26,2.754237638821161,2.778055,-0.49423763882116134,-0.5180549526214602
2025-11-25 15:30:00,1.0,1.3147397363268731,1.0221043,-0.31473973632687313,-0.022104263305664062
2025-11-25 15:30:00,5.08,5.137178695904458,4.299726,-0.05717869590445801,0.7802739906311036
2025-11-25 15:30:00,1.41,1.6748587654560978,1.4553399,-0.2648587654560979,-0.045339908599853596
2025-11-25 15:30:00,3.61,3.7643439475126494,3.2630873,-0.15434394751264957,0.3469127273559569
2025-11-25 15:30:00,1.41,1.2479596575343772,1.1219077,0.1620403424656227,0.2880922889709472
2025-11-25 15:30:00,0.82,1.0577241202046535,0.97065955,-0.2377241202046535,-0.15065955400466924
2025-11-25 15:30:00,1.6,2.174895530788595,2.1522548,-0.574895530788595,-0.552254819869995
2025-11-25 15:30:00,1.71,2.5802863803543015,2.4363346,-0.8702863803543015,-0.7263346099853516
2025-11-25 21:30:00,1.6,1.8776227062188908,1.7052577,-0.27762270621889074,-0.10525765419006339
2025-11-25 21:30:00,2.5,2.33314535967167,2.2957158,0.1668546403283302,0.2042841911315918
2025-11-25 21:30:00,-0.92,-0.7587500000000003,-1.1042001,-0.16124999999999978,0.18420012474060055
2025-11-25 21:30:00,3.31,3.1699607906046374,3.2094226,0.14003920939536263,0.10057741165161138
2025-11-25 21:30:00,0.97,1.010310847899087,0.9693919,-0.04031084789908701,0.0006081175804137917
2025-11-25 21:30:00,2.15,2.938733028262586,2.714514,-0.7887330282625862,-0.5645140171051026
2025-11-25 21:30:00,1.31,1.3599555209551482,1.2918224,-0.0499555209551481,0.018177566528320366
2025-11-25 21:30:00,3.19,3.3510350229453167,3.3552177,-0.1610350229453168,-0.1652176952362061
2025-11-25 21:30:00,1.98,2.1719163486113486,2.0402217,-0.19191634861134865,-0.060221691131591815
2025-11-25 21:30:00,1.61,1.7520643071077697,1.6971112,-0.14206430710776963,-0.08711124897003164
2025-11-25 21:30:00,2.72,1.178277696603516,1.0648228,1.5417223033964842,1.6551772069931032
2025-11-25 21:30:00,10.21,11.270200000000004,11.182238,-1.0602000000000036,-0.9722376251220695
2025-11-25 21:30:00,4.3,4.194439043888448,3.602798,0.10556095611155225,0.6972020149230955
2025-11-25 21:30:00,3.71,3.3093070263479034,3.3838859,0.40069297365209655,0.32611413955688473
2025-11-25 21:30:00,2.0,1.9610447258223234,1.899845,0.038955274177676635,0.10015499591827393
2025-11-25 21:30:00,5.22,5.158488158934165,4.7898216,0.06151184106583507,0.4301783752441404
2025-11-25 21:30:00,3.9,2.658356382879633,2.6875944,1.241643617120367,1.2124055862426757
2025-11-25 21:30:00,1.53,1.893088087274773,1.828284,-0.36308808727477304,-0.2982840251922607
2025-11-25 21:30:00,2.58,2.6720469172985197,2.5667498,-0.09204691729851966,0.01325018882751472
2025-11-25 21:30:00,2.14,2.1884844037349542,1.9952165,-0.04848440373495411,0.14478351116180432
2025-11-25 21:30:00,1.12,1.1550050656606357,1.0815084,-0.03500506566063555,0.03849160194396983
2025-11-25 21:30:00,3.32,3.579889795141222,3.503291,-0.259889795141222,-0.18329089164733903
2025-11-25 21:30:00,1.2,1.2325202246561018,1.2885432,-0.032520224656101826,-0.08854322433471684
2025-11-25 21:30:00,3.55,3.62458852825319,3.2179396,-0.07458852825318996,0.33206038475036603
2025-11-25 21:30:00,1.44,1.477193242873269,1.4065835,-0.03719324287326908,0.03341645240783686
2025-11-25 21:30:00,2.09,1.8114062134542588,1.623135,0.2785937865457411,0.46686502933502183
2025-11-25 21:30:00,1.81,2.2079770119815203,1.8725104,-0.39797701198152025,-0.06251043319702143
2025-11-25 21:30:00,1.41,1.562866793200193,1.5471994,-0.15286679320019303,-0.13719936847686776
2025-11-25 21:30:00,4.84,4.627131299242766,5.0842795,0.21286870075723385,-0.24427953720092788
2025-11-25 21:30:00,1.41,1.0617303147515178,1.0828372,0.3482696852484821,0.3271627759933471
2025-11-25 21:30:00,0.8,1.1399927048952718,1.1729895,-0.3399927048952718,-0.3729894876480102
2025-11-25 21:30:00,1.45,1.4990671341462425,1.4284954,-0.04906713414624253,0.021504592895507768
2025-11-25 21:30:00,1.36,1.855758810585891,1.4845425,-0.495758810585891,-0.12454248905181875
2025-11-25 21:30:00,2.0,1.7604386659275693,2.0105803,0.23956133407243074,-0.010580301284790039
2025-11-25 21:30:00,1.28,2.4688723057821944,2.2829568,-1.1888723057821944,-1.002956838607788
2025-11-25 21:30:00,7.56,6.806966969696964,7.199193,0.7530330303030359,0.3608069992065426
2025-11-25 21:30:00,4.81,4.5514645664808,4.6911187,0.2585354335191994,0.1188812828063961
2025-11-25 21:30:00,2.15,2.3855302189747865,2.044475,-0.23553021897478654,0.10552492141723624
2025-11-26 00:30:00,5.16,1.3648521921169208,1.339389,3.7951478078830796,3.8206110334396364
2025-11-26 00:30:00,2.8,1.4195928562428242,1.5181496,1.3804071437571757,1.2818503856658934
2025-11-26 00:30:00,2.78,3.4326654080825993,3.260637,-0.6526654080825995,-0.4806370449066164
2025-11-26 00:30:00,2.0,2.1357888347839933,1.8754559,-0.13578883478399328,0.12454414367675781
2025-11-26 00:30:00,2.65,1.7531128527832949,1.6388646,0.896887147216705,1.0111353635787963
2025-11-26 00:30:00,5.7,1.8542784485446873,1.4931855,3.8457215514553127,4.206814479827881
2025-11-26 00:30:00,1.6,1.9787780381740296,1.9328557,-0.37877803817402955,-0.332855725288391
2025-11-26 00:30:00,5.03,2.4508579192289655,2.0587173,2.579142080771035,2.9712827491760256
2025-11-26 00:30:00,1.26,0.8244699356409864,0.832375,0.43553006435901365,0.42762501001358033
2025-11-26 00:30:00,2.63,1.4660508340095768,1.4213601,1.163949165990423,1.2086398649215697
2025-11-26 00:30:00,11.18,11.09245,10.526,0.08755000000000024,0.6539999771118161
2025-11-26 00:30:00,1.58,1.4455824505740427,1.3861231,0.1344175494259574,0.19387693881988532
2025-11-26 00:30:00,2.71,0.9775790784206916,0.9796326,1.7324209215793083,1.7303673839569091
2025-11-26 00:30:00,5.15,2.567545172225831,2.5111487,2.5824548277741695,2.638851308822632
2025-11-26 00:30:00,4.02,1.7369837297498583,1.7180724,2.2830162702501413,2.301927585601806
2025-11-26 00:30:00,3.36,3.434092183159793,3.1153905,-0.07409218315979293,0.24460946083068835
2025-11-26 00:30:00,4.78,3.176749238763271,2.9937546,1.6032507612367293,1.7862453746795657
2025-11-26 00:30:00,7.58,5.190222201954389,4.739741,2.3897777980456114,2.8402591514587403
2025-11-26 00:30:00,2.12,3.5146911575106263,3.0622706,-1.3946911575106262,-0.9422706413269042
2025-11-26 00:30:00,1.55,1.2255192281556992,1.0513756,0.3244807718443008,0.49862437248229985
2025-11-26 00:30:00,2.88,3.965272826333754,3.6976182,-1.085272826333754,-0.8176182460784913
2025-11-26 00:30:00,2.77,2.2514386650441387,2.1648815,0.5185613349558613,0.6051185321807862
2025-11-26 00:30:00,4.36,2.7030281640585088,2.16516,1.6569718359414916,2.194840059280396
2025-11-26 00:30:00,2.73,3.1695144455371516,2.7165797,-0.4395144455371516,0.013420324325561506
2025-11-26 00:30:00,4.3,3.138489115178447,3.096749,1.1615108848215527,1.2032509326934813
2025-11-26 00:30:00,6.67,3.504238921264514,3.4595382,3.165761078735486,3.210461778640747
2025-11-26 00:30:00,4.8,4.075262668253479,4.40599,0.7247373317465211,0.3940098762512205
2025-11-26 00:30:00,5.7,2.6416315460962956,2.4752343,3.0583684539037046,3.224765729904175
2025-11-26 00:30:00,1.2,1.343812972991559,1.3083795,-0.14381297299155915,-0.10837953090667729
2025-11-26 00:30:00,3.7,-0.09275000000000005,-0.61212265,3.7927500000000003,4.312122654914856
2025-11-26 00:30:00,6.5,7.144330833333329,7.2504683,-0.6443308333333286,-0.7504682540893555
2025-11-26 00:30:00,2.56,2.14237908497159,2.0491748,0.41762091502841026,0.5108252143859864
2025-11-26 00:30:00,1.98,1.4246134332442388,1.2934539,0.5553865667557611,0.6865460681915283
2025-11-26 00:30:00,4.96,4.414729947019167,4.554173,0.5452700529808325,0.40582700729370114
2025-11-26 00:30:00,2.75,1.5289495511612872,1.2529539,1.2210504488387128,1.4970461130142212
2025-11-26 00:30:00,2.5,1.9458127948287416,1.86159,0.5541872051712584,0.6384099721908569
2025-11-26 00:30:00,1.9,1.8941734094079599,1.6148925,0.0058265905920400485,0.28510751724243155
2025-11-27 00:30:00,14.09,11.158136856923266,10.531054,2.9318631430767343,3.5589464569091795
2025-11-27 00:30:00,7.69,6.499174999999995,6.5307803,1.1908250000000056,1.1592196846008305
2025-11-27 00:30:00,7.61,3.0025716158739524,3.0940564,4.607428384126048,4.515943632125855
2025-11-27 00:30:00,5.58,4.6671638233816894,4.782402,0.9128361766183106,0.7975979614257813
2025-11-27 00:30:00,2.2,1.9145837769050313,1.8327202,0.28541622309496884,0.3672798395156862
2025-11-27 00:30:00,3.11,3.3504242844425702,3.1318262,-0.24042428444257036,-0.02182616233825696
2025-11-27 00:30:00,2.43,2.3963624160435826,2.318505,0.03363758395641758,0.1114949512481691
2025-11-27 00:30:00,4.57,4.27989051318311,4.615047,0.2901094868168901,-0.04504697799682589
2025-11-27 00:30:00,1.48,1.9396683292282437,1.8651096,-0.45966832922824374,-0.38510956287384035
2025-11-27 00:30:00,3.18,1.920169207117835,1.6198568,1.2598307928821653,1.560143165588379
2025-11-27 00:30:00,3.94,3.368619836054019,2.9761698,0.5713801639459808,0.9638301753997802
2025-11-27 00:30:00,2.96,2.7835883054877604,2.8313766,0.1764116945122396,0.12862344741821286
2025-11-27 00:30:00,4.2,2.072508856421354,1.6429921,2.1274911435786463,2.5570078611373903
2025-11-27 00:30:00,5.05,2.2617500000000037,1.6934879,2.788249999999996,3.356512117385864
2025-11-27 00:30:00,6.84,6.589161994047624,6.8224306,0.25083800595237626,0.017569389343261577
2025-11-27 00:30:00,2.43,2.6402403416115727,2.243708,-0.21024034161157257,0.1862921047210695
2025-11-27 00:30:00,7.9,6.469566666666669,6.0408998,1.4304333333333314,1.8591002464294437
2025-11-27 00:30:00,7.84,4.827020663265305,4.98787,3.012979336734695,2.852129783630371
2025-11-27 00:30:00,3.62,2.453965468468506,2.3465555,1.1660345315314942,1.273444528579712
2025-11-27 00:30:00,2.2,1.385387586557193,1.2641397,0.8146124134428072,0.9358603477478029
2025-11-27 00:30:00,4.0,2.2730762743506485,2.1763618,1.7269237256493515,1.8236382007598877
2025-11-27 00:30:00,6.05,4.0393178158656795,4.1223264,2.0106821841343203,1.9276736259460447
2025-11-27 00:30:00,2.3,1.2314321076323105,1.1161704,1.0685678923676893,1.183829593658447
2025-11-27 00:30:00,4.64,4.41960475961538,3.6583261,0.22039524038461966,0.9816738510131833
2025-11-27 00:30:00,2.19,1.8886671659446497,1.6672376,0.3013328340553503,0.5227623605728149
2025-11-27 00:30:00,5.67,3.543350000000002,3.4025927,2.126649999999998,2.267407341003418
2025-11-27 00:30:00,6.62,3.4965875000000026,3.47534,3.1234124999999975,3.144660110473633
2025-11-27 00:30:00,4.6,3.2712000000000017,3.6373096,1.328799999999998,0.962690448760986
2025-11-27 00:30:00,5.15,4.533350000000001,3.9448006,0.616649999999999,1.2051993846893314
2025-11-27 00:30:00,1.53,1.6466332176846499,1.6743352,-0.11663321768464985,-0.144335241317749
2025-11-27 00:30:00,5.42,2.4315661418487142,2.0406616,2.9884338581512857,3.3793384265899657
2025-11-27 00:30:00,1.67,1.5321286238830156,1.4945644,0.1378713761169843,0.1754355859756469
2025-11-27 00:30:00,5.55,2.3156898458820123,2.2910419,3.2343101541179875,3.2589581489562987
2025-11-27 00:30:00,5.35,4.491916983282677,3.9869645,0.8580830167173223,1.3630355358123776
2025-11-27 00:30:00,5.01,2.1365188493628993,1.950124,2.8734811506371005,3.059875974655151
2025-11-27 00:30:00,4.26,1.9641526149425288,1.8085903,2.295847385057471,2.4514097070693968
2025-11-27 00:30:00,6.08,4.41504150469593,4.5786233,1.6649584953040701,1.5013767051696778
2025-11-27 00:30:00,1.75,1.26969642773608,1.231162,0.48030357226391995,0.5188380479812622
2025-11-27 09:30:00,8.62,7.861700000000003,6.348776,0.7582999999999966,2.2712241363525383
2025-11-27 09:30:00,5.35,3.80962447053407,3.7774558,1.5403755294659298,1.572544193267822
2025-11-27 09:30:00,4.86,5.648188905016551,6.062045,-0.7881889050165505,-1.202045097351074
2025-11-27 09:30:00,5.45,5.488347462614185,5.4140615,-0.03834746261418509,0.035938453674316584
2025-11-27 09:30:00,2.2,2.1168196106681814,2.0584283,0.08318038933181882,0.14157171249389666
2025-11-27 09:30:00,1.8,1.6052110923868523,1.6393446,0.1947889076131477,0.16065542697906499
2025-11-27 09:30:00,2.87,1.7575561010329392,1.742038,1.1124438989670609,1.1279619884490968
2025-11-27 09:30:00,4.57,3.8437729506149476,4.1108375,0.7262270493850527,0.4591625404357913
2025-11-27 09:30:00,3.2,3.4204000000000003,2.773616,-0.22040000000000015,0.4263839244842531
2025-11-27 09:30:00,2.24,2.341694617196508,2.3858702,-0.10169461719650785,-0.14587021827697733
2025-11-27 09:30:00,5.68,4.9787792640692645,4.2806764,0.7012207359307352,1.399323635101318
2025-11-27 09:30:00,3.08,2.9458758846273265,3.074859,0.13412411537267355,0.005141096115112376
2025-11-27 09:30:00,1.7,1.6521449748916197,1.5519241,0.047855025108380245,0.14807589054107662
2025-11-27 09:30:00,8.16,6.375100000000001,6.108521,1.7848999999999995,2.051479015350342
2025-11-27 09:30:00,5.47,4.0892581632653,4.0223827,1.3807418367346997,1.447617263793945
2025-11-27 09:30:00,4.62,4.422771376497932,4.716345,0.1972286235020677,-0.09634483337402333
2025-11-27 09:30:00,3.09,2.732560581446178,2.9862063,0.35743941855382166,0.10379370689392076
2025-11-27 09:30:00,6.27,6.030424914514846,5.7997293,0.2395750854851535,0.47027065277099567
2025-11-27 09:30:00,5.88,3.9187166666666697,3.625455,1.9612833333333302,2.254545097351074
2025-11-27 09:30:00,1.5,1.850168728040167,1.5766324,-0.3501687280401671,-0.07663238048553467
2025-11-27 09:30:00,6.9,6.4279837283157075,5.8142967,0.47201627168429283,1.085703277587891
2025-11-27 09:30:00,4.57,4.296558421218561,3.7127724,0.2734415787814397,0.8572276306152347
2025-11-27 09:30:00,2.53,1.9534743559450487,1.8290546,0.5765256440549511,0.7009454059600828
2025-11-27 09:30:00,5.38,4.421019285436782,4.275952,0.9589807145632179,1.1040481376647948
2025-11-27 09:30:00,4.34,3.4183185714285718,3.0528047,0.9216814285714281,1.287195291519165
2025-11-27 09:30:00,2.53,2.378719444444442,2.2019744,0.15128055555555786,0.32802560806274395
2025-11-27 09:30:00,3.9,2.996773914419511,2.8725095,0.903226085580489,1.0274905204772948
2025-11-27 09:30:00,7.9,4.327660714285712,3.559638,3.572339285714288,4.3403619766235355
2025-11-27 09:30:00,8.13,7.8238499999999975,6.958545,0.30615000000000325,1.1714547920227059
2025-11-27 09:30:00,14.59,14.026999999999997,13.616329,0.5630000000000024,0.9736708068847655
2025-11-27 09:30:00,2.49,2.8554278851230315,2.6701512,-0.36542788512303126,-0.1801512336730955
2025-11-27 09:30:00,5.52,4.431794999999996,3.9890368,1.0882050000000039,1.5309632015228267
2025-11-27 09:30:00,3.76,3.71822144736842,3.0268586,0.041778552631579924,0.7331414318084715
2025-11-27 09:30:00,2.45,2.039369567323532,2.0231698,0.41063043267646826,0.42683024406433123
2025-11-27 09:30:00,4.3,4.172626864235059,3.5981674,0.12737313576494103,0.7018325805664061
2025-11-27 09:30:00,5.37,4.458004453944239,4.482536,0.9119955460557607,0.8874641609191896
2025-11-27 09:30:00,7.14,6.713384902597402,6.385245,0.42661509740259795,0.7547551536560055
2025-11-27 09:30:00,7.73,7.520643750000005,6.5789447,0.20935624999999547,1.1510553169250493
2025-11-27 09:30:00,1.6,1.3790028849850626,1.3925588,0.22099711501493746,0.20744118690490732
2025-11-27 12:30:00,1.69,1.678758132348395,1.564908,0.011241867651604842,0.12509197235107417
2025-11-27 12:30:00,3.08,3.147728062858351,3.0083117,-0.06772806285835076,0.0716882514953614
2025-11-27 12:30:00,5.5,4.569908655969633,4.717193,0.9300913440303669,0.7828068733215332
2025-11-27 12:30:00,3.56,3.381168785449729,3.2756104,0.17883121455027107,0.2843895530700684
2025-11-27 12:30:00,-0.3,7.3085999999999895,6.6945596,-7.608599999999989,-6.994559574127197
2025-11-27 12:30:00,4.88,4.6525411476448575,4.712893,0.2274588523551424,0.16710699081420888
2025-11-27 12:30:00,0.87,2.8023573611111106,2.5168655,-1.9323573611111104,-1.6468654918670653
2025-11-27 12:30:00,9.53,8.403675000000003,6.5517898,1.126324999999996,2.9782102394103998
2025-11-27 12:30:00,5.65,4.911063900333584,4.450368,0.7389360996664163,1.1996320724487308
2025-11-27 12:30:00,2.1,1.7806019215286468,1.8082983,0.31939807847135326,0.2917016506195069
2025-11-27 12:30:00,7.78,7.631941666666672,6.874034,0.14805833333332785,0.9059660720825198
2025-11-27 12:30:00,4.37,5.414425712394769,5.105909,-1.0444257123947693,-0.7359088706970214
2025-11-27 12:30:00,3.39,2.3235471173450124,2.1443222,1.0664528826549877,1.2456778430938722
2025-11-27 12:30:00,1.72,1.7784452607590406,1.6608521,-0.05844526075904066,0.05914792537689206
2025-11-27 12:30:00,4.55,5.224733606377152,5.195779,-0.6747336063771519,-0.6457788467407228
2025-11-27 12:30:00,2.08,2.272637207049088,2.2563794,-0.19263720704908804,-0.17637936592102044
2025-11-27 12:30:00,8.77,7.329150000000006,6.8334727,1.440849999999994,1.9365272712707515
2025-11-27 12:30:00,2.65,2.433545034806571,2.5052454,0.21645496519342888,0.14475455284118643
2025-11-27 12:30:00,5.72,3.0242802549046726,3.5976431,2.695719745095327,2.1223568630218503
2025-11-27 12:30:00,1.55,1.8253783107981576,1.6901613,-0.27537831079815756,-0.14016134738922115
2025-11-27 12:30:00,7.73,7.060516203569679,6.7729287,0.6694837964303213,0.9570712852478032
2025-11-27 12:30:00,3.63,2.190893991228071,2.0488093,1.4391060087719287,1.581190710067749
2025-11-27 12:30:00,5.74,4.528415101010098,4.619632,1.2115848989899023,1.120368232727051
2025-11-27 12:30:00,2.73,2.0969318980006775,2.2926123,0.6330681019993225,0.4373876857757568
2025-11-27 12:30:00,8.08,6.370594106478313,6.2491155,1.7094058935216871,1.8308845329284669
2025-11-27 12:30:00,8.42,7.5233000000000025,7.3787704,0.8966999999999974,1.0412296485900878
2025-11-27 12:30:00,6.48,5.763614891774893,5.5192165,0.7163851082251078,0.9607834625244145
2025-11-27 12:30:00,6.27,5.271730856841794,5.0329905,0.9982691431582058,1.2370095443725582
2025-11-27 12:30:00,4.3,3.8424551258785815,3.890398,0.4575448741214183,0.4096019744873045
2025-11-27 12:30:00,4.16,3.7025564417787704,3.5706854,0.45744355822122973,0.5893146133422853
2025-11-27 12:30:00,15.21,13.925600000000006,13.399231,1.2843999999999944,1.8107690429687509
2025-11-27 12:30:00,5.25,5.363115909661737,5.5156355,-0.11311590966173668,-0.26563549041748047
2025-11-27 12:30:00,6.12,5.435277541603714,5.0580473,0.6847224583962861,1.0619527053833009
2025-11-27 12:30:00,5.07,3.2473346183114473,2.954287,1.822665381688553,2.1157129478454593
2025-11-27 12:30:00,3.2,2.2248562425342717,2.0687459,0.9751437574657285,1.1312541484832765
2025-11-27 12:30:00,2.87,2.333371897042368,2.0989609,0.5366281029576321,0.7710391235351564
2025-11-27 12:30:00,6.65,3.6543412669275166,3.5645459,2.9956587330724838,3.08545413017273
2025-11-27 12:30:00,4.25,4.129126915281241,4.23839,0.12087308471875868,0.011610031127929688
2025-11-27 12:30:00,6.9,6.020106415973767,5.948452,0.8798935840262336,0.951548004150391
2025-11-27 18:30:00,2.54,2.6260585390966424,2.131839,-0.0860585390966424,0.4081609630584717
2025-11-27 18:30:00,7.09,4.30626555555556,2.7076442,2.7837344444444403,4.38235577583313
2025-11-27 18:30:00,10.05,7.928163333333342,7.6879687,2.121836666666659,2.362031269073487
2025-11-27 18:30:00,9.72,8.299250000000002,8.105662,1.4207499999999982,1.6143376541137702
2025-11-27 18:30:00,1.99,5.453617435953032,5.290603,-3.463617435953032,-3.300603160858154
2025-11-27 18:30:00,1.03,6.345204011437909,6.062564,-5.315204011437909,-5.032563896179199
2025-11-27 18:30:00,5.05,3.446927543613871,2.8951156,1.603072456386129,2.154884386062622
2025-11-27 18:30:00,3.96,2.611695259363505,2.4962113,1.348304740636495,1.463788709640503
2025-11-27 18:30:00,2.25,1.7347737850215341,1.6878918,0.5152262149784659,0.5621081590652466
2025-11-27 18:30:00,6.23,3.905673795992966,3.6572423,2.3243262040070345,2.5727577018737797
2025-11-27 18:30:00,3.7,3.8932814529578845,4.010464,-0.19328145295788435,-0.3104641914367674
2025-11-27 18:30:00,1.47,6.342132111528819,6.164184,-4.87213211152882,-4.694184093475342
2025-11-27 18:30:00,1.68,1.6688737690059485,1.6739812,0.011126230994051411,0.006018810272216735
2025-11-27 18:30:00,5.08,5.079895770033251,5.2611575,0.00010422996674908092,-0.18115751266479485
2025-11-27 18:30:00,2.7,5.7588741848094775,5.292746,-3.0588741848094774,-2.592746067047119
2025-11-27 18:30:00,7.48,6.1383446313793675,5.9647136,1.341655368620633,1.5152864265441899
2025-11-27 18:30:00,3.8,3.974070676706686,4.4815154,-0.1740706767066862,-0.681515407562256
2025-11-27 18:30:00,4.45,1.913978995769189,1.9124805,2.536021004230811,2.5375195264816286
2025-11-27 18:30:00,8.59,6.0643120150289915,6.194909,2.5256879849710083,2.3950909042358397
2025-11-27 18:30:00,2.85,3.878935934982867,3.7714493,-1.0289359349828668,-0.921449327468872
2025-11-27 18:30:00,3.03,3.1342925993381976,2.9595952,-0.10429259933819779,0.0704047966003416
2025-11-27 18:30:00,4.1,5.820676346615162,5.8314424,-1.7206763466151624,-1.7314423561096195
2025-11-27 18:30:00,5.3,3.9316064586296138,3.8232887,1.368393541370386,1.476711320877075
2025-11-27 18:30:00,3.03,5.486428690393433,5.2012835,-2.4564286903934334,-2.1712834548950197
2025-11-27 18:30:00,19.27,14.50369999999999,13.717381,4.76630000000001,5.552619476318359
2025-11-27 18:30:00,1.85,4.768435191680465,4.435568,-2.9184351916804645,-2.585567855834961
2025-11-27 18:30:00,8.33,7.888625000000002,6.796935,0.4413749999999981,1.5330649185180665
2025-11-27 18:30:00,3.0,9.631999999999996,8.553126,-6.631999999999996,-5.553126335144043
2025-11-27 18:30:00,2.24,2.317383002585812,2.125163,-0.07738300258581177,0.11483692169189474
2025-11-27 18:30:00,10.76,7.669050000000009,7.6786647,3.0909499999999905,3.0813353157043455
2025-11-27 18:30:00,5.7,3.0693482205752862,2.7216465,2.630651779424714,2.9783534526824953
2025-11-27 18:30:00,8.85,5.303610455674092,5.02141,3.5463895443259075,3.8285900115966793
2025-11-27 18:30:00,6.41,4.78355178672926,5.0254574,1.6264482132707405,1.3845426177978517
2025-11-27 18:30:00,2.08,2.210335046887666,1.8041918,-0.13033504688766584,0.2758081722259522
2025-11-27 18:30:00,4.98,3.709199608392739,3.5535045,1.2708003916072612,1.4264955329895024
2025-11-27 18:30:00,1.94,2.565027080946204,2.2627473,-0.6250270809462042,-0.3227472877502442
2025-11-27 18:30:00,9.85,7.8766500000000015,7.4211416,1.9733499999999982,2.428858375549316
2025-11-28 09:30:00,9.15,8.100525000000003,7.778925,1.0494749999999975,1.3710750579833988
2025-11-28 09:30:00,6.48,4.98586309511111,4.361752,1.4941369048888902,2.118247966766358
2025-11-28 09:30:00,5.7,5.039839364300045,5.180669,0.6601606356999552,0.5193311691284181
2025-11-28 09:30:00,2.55,2.7301956413934843,2.9917822,-0.18019564139348443,-0.4417821884155275
2025-11-28 09:30:00,1.7,1.8140733009732963,1.7907971,-0.11407330097329638,-0.09079711437225346
2025-11-28 09:30:00,11.5,9.491700000000003,8.853726,2.0082999999999966,2.646273612976074
2025-11-28 09:30:00,8.55,6.507550000000001,5.585545,2.0424499999999997,2.964454936981202
2025-11-28 09:30:00,3.1,2.996855403029691,2.8157902,0.10314459697030909,0.2842098236083985
2025-11-28 09:30:00,1.68,1.6869891400920185,1.5947341,-0.006989140092018564,0.08526592731475824
2025-11-28 09:30:00,10.31,9.509899999999998,8.541144,0.8001000000000023,1.7688556289672857
2025-11-28 09:30:00,2.5,2.861542529660359,2.84677,-0.36154252966035916,-0.3467700481414795
2025-11-28 09:30:00,7.58,7.042088351648349,6.3312306,0.5379116483516508,1.2487693595886231
2025-11-28 09:30:00,5.21,5.087243134183632,5.081538,0.1227568658163678,0.128461799621582
2025-11-28 09:30:00,8.39,8.001750000000003,7.3282375,0.38824999999999754,1.0617624664306646
2025-11-28 09:30:00,3.4,3.510850416144527,3.5709133,-0.11085041614452695,-0.17091331481933603
2025-11-28 09:30:00,4.78,3.1975500000000006,2.8830469,1.5824499999999997,1.8969531345367434
2025-11-28 09:30:00,20.17,16.589700000000015,13.384295,3.580299999999987,6.78570453643799
2025-11-28 09:30:00,6.74,6.121074394316379,6.1275916,0.6189256056836214,0.6124083900451662
2025-11-28 09:30:00,5.61,5.154171924623824,4.9873033,0.45582807537617676,0.6226967430114749
2025-11-28 09:30:00,2.89,2.511113733668461,2.3421228,0.3788862663315391,0.5478772068023683
2025-11-28 09:30:00,4.12,3.9625733542107997,3.326119,0.1574266457892004,0.7938810539245607
2025-11-28 09:30:00,1.83,2.5740354528257967,2.0590448,-0.7440354528257966,-0.22904483795166009
2025-11-28 09:30:00,5.2,4.604994488957057,4.2620487,0.5950055110429435,0.9379512786865236
2025-11-28 09:30:00,2.92,2.1108143329369717,1.8691522,0.8091856670630282,1.0508478116989135
2025-11-28 09:30:00,2.49,2.2720867901285065,2.2050736,0.21791320987149376,0.28492640495300314
2025-11-28 09:30:00,9.6,8.195050000000002,7.4916615,1.4049499999999977,2.1083384513854977
2025-11-28 09:30:00,10.86,9.848899999999984,9.022612,1.011100000000015,1.8373883819580072
2025-11-28 09:30:00,11.38,9.98739999999999,9.212472,1.3926000000000105,2.167528038024903
2025-11-28 09:30:00,3.33,3.7454235299137126,3.2475283,-0.41542352991371256,0.08247168540954597
2025-11-28 09:30:00,5.78,5.904342307692308,5.9158263,-0.12434230769230759,-0.1358263206481931
2025-11-28 12:30:00,2.36,2.5792813107727532,2.931269,-0.21928131077275337,-0.5712689304351808
2025-11-28 12:30:00,3.1,3.3546693545070045,3.46902,-0.25466935450700445,-0.3690198898315429
2025-11-28 12:30:00,8.38,6.730850000000008,6.8660116,1.6491499999999926,1.5139883804321297
2025-11-28 12:30:00,10.05,9.494250000000003,8.656271,0.555749999999998,1.3937290191650398
2025-11-28 12:30:00,5.28,5.178239512846818,5.092649,0.10176048715318231,0.18735101699829126
2025-11-28 12:30:00,1.72,2.0923943914248646,1.9882363,-0.37239439142486463,-0.2682363080978394
2025-11-28 12:30:00,3.09,2.6028725739594067,2.2301145,0.4871274260405931,0.8598855400085448
2025-11-28 12:30:00,11.8,11.52599999999999,10.020644,0.27400000000001157,1.7793558120727546
2025-11-28 12:30:00,3.17,3.0698816261779056,3.015755,0.10011837382209432,0.15424506187438958
2025-11-28 12:30:00,10.8,11.707099999999993,9.768563,-0.9070999999999927,1.031436729431153
2025-11-28 12:30:00,5.8,5.478453522307786,5.3017864,0.32154647769221345,0.49821357727050763
2025-11-28 12:30:00,2.35,2.6862356041874813,2.6934643,-0.3362356041874812,-0.3434642791748046
2025-11-28 12:30:00,7.6,6.88166835164835,6.334353,0.7183316483516498,1.2656470298767086
2025-11-28 12:30:00,1.47,1.9451021327260392,1.7226962,-0.4751021327260392,-0.25269618511199954
2025-11-28 12:30:00,4.7,4.097560663238906,3.875361,0.6024393367610941,0.8246390342712404
2025-11-28 12:30:00,1.68,1.7208467552298246,1.5990658,-0.040846755229824616,0.0809342193603515
2025-11-28 12:30:00,7.01,6.458881695727298,6.3875403,0.5511183042727019,0.6224596595764158
2025-11-28 12:30:00,7.93,7.6766000000000085,7.012121,0.2533999999999912,0.9178787994384763
2025-11-28 12:30:00,20.93,16.57075000000002,13.442332,4.359249999999978,7.487667732238769
2025-11-28 12:30:00,3.92,4.0403456393008925,3.6813207,-0.12034563930089259,0.23867933273315423
2025-11-28 12:30:00,5.96,5.609137032012926,5.18182,0.35086296798707384,0.7781800842285156
2025-11-28 12:30:00,5.36,5.087609211517406,4.943151,0.27239078848259446,0.4168490028381351
2025-11-28 12:30:00,9.54,9.484399999999996,8.57815,0.055600000000003647,0.9618502044677726
2025-11-28 12:30:00,6.2,5.443864718746614,4.9525843,0.7561352812533864,1.2474157333374025
2025-11-28 12:30:00,6.0,5.787605961538464,6.148227,0.21239403846153593,-0.14822721481323242
2025-11-28 12:30:00,2.31,2.3489065783672305,2.3230352,-0.03890657836723044,-0.01303524017333979
2025-11-28 12:30:00,1.7,2.703414595703627,2.6212068,-1.003414595703627,-0.9212067604064942
2025-11-28 12:30:00,3.08,3.2565364802711128,3.2979863,-0.17653648027111268,-0.2179862689971923
2025-11-28 15:30:00,1.02,1.4906176489180354,1.3787291,-0.47061764891803537,-0.3587291049957275
2025-11-28 15:30:00,2.3,2.6416727183130395,3.014058,-0.3416727183130397,-0.7140581130981447
2025-11-28 15:30:00,4.89,5.155728783045695,5.1007614,-0.26572878304569514,-0.21076141357421907
2025-11-28 15:30:00,2.81,6.0432453777622115,5.5151587,-3.2332453777622114,-2.7051586532592773
2025-11-28 15:30:00,9.1,9.667508333333329,9.810512,-0.5675083333333291,-0.7105115890502933
2025-11-28 15:30:00,13.46,11.831600000000003,9.492067,1.6283999999999974,3.967932662963868
2025-11-28 15:30:00,7.94,6.5192983134920635,6.5850086,1.420701686507937,1.35499137878418
2025-11-28 15:30:00,7.87,7.983550000000001,7.8131537,-0.11355000000000093,0.05684625625610362
2025-11-28 15:30:00,10.47,9.472033333333336,9.05743,0.9979666666666649,1.4125697326660163
2025-11-28 15:30:00,21.65,16.85445000000003,14.443573,4.79554999999997,7.206427001953124
2025-11-28 15:30:00,2.7,3.07670101503431,3.4801688,-0.37670101503430997,-0.7801688194274901
2025-11-28 15:30:00,7.04,5.968875288702517,5.7158637,1.0711247112974833,1.3241362953186036
2025-11-28 15:30:00,1.63,2.1147560719548157,2.1312368,-0.48475607195481585,-0.5012367916107179
2025-11-28 15:30:00,2.42,2.9232426998084766,3.1163394,-0.5032426998084767,-0.6963394451141358
2025-11-28 15:30:00,2.98,4.529269437189928,4.444128,-1.549269437189928,-1.4641280364990235
2025-11-28 15:30:00,2.69,3.686394135083642,3.6203852,-0.996394135083642,-0.9303851699829102
2025-11-28 15:30:00,3.4,5.1301808439171115,4.9871125,-1.7301808439171116,-1.5871125221252442
2025-11-28 15:30:00,5.17,5.445547245974962,5.1999655,-0.2755472459749617,-0.029965476989746165
2025-11-28 15:30:00,2.85,7.4412500000000055,7.101542,-4.591250000000006,-4.251541996002198
2025-11-28 15:30:00,12.54,11.972000000000003,11.372167,0.5679999999999961,1.1678333663940421
2025-11-28 15:30:00,1.69,2.5040539134847126,2.6858087,-0.8140539134847127,-0.9958086585998536
2025-11-28 15:30:00,1.52,1.970383931757007,1.7575877,-0.4503839317570071,-0.2375876712799072
2025-11-28 15:30:00,3.33,3.2287857538298685,3.1479204,0.10121424617013153,0.18207962989807136
2025-11-28 15:30:00,6.4,5.60510088581683,5.4077525,0.7948991141831705,0.9922474861145023
2025-11-28 15:30:00,1.6,1.7157377350738967,1.5242898,-0.11573773507389662,0.075710153579712
2025-11-28 15:30:00,6.94,6.7769133333333285,6.5295124,0.16308666666667193,0.4104875946044926
2025-11-28 15:30:00,3.68,2.922817395915855,2.7269065,0.7571826040841452,0.9530934619903566
2025-11-29 06:30:00,7.8,7.496141904761905,7.2816553,0.3038580952380947,0.5183446884155272
2025-11-29 06:30:00,6.2,6.131212431695664,6.0738072,0.06878756830433641,0.12619276046752947
2025-11-29 06:30:00,2.58,2.54614419459981,2.6379201,0.033855805400190064,-0.0579201412200927
2025-11-29 06:30:00,6.92,5.770674999999995,5.722204,1.1493250000000046,1.1977957916259765
2025-11-29 06:30:00,4.89,4.512279283788438,4.603842,0.3777207162115621,0.28615821838378874
2025-11-29 06:30:00,8.03,7.848540972222219,7.640313,0.18145902777778034,0.3896868515014642
2025-11-29 06:30:00,3.15,3.3383266666666676,2.3030097,-0.18832666666666764,0.8469902515411376
2025-11-29 06:30:00,12.49,12.974050000000004,12.372896,-0.4840500000000034,0.1171038055419924
2025-11-29 06:30:00,10.6,10.080508333333334,9.636833,0.5194916666666654,0.9631668090820309
2025-11-29 06:30:00,21.39,16.634600000000013,14.163536,4.755399999999987,7.226463928222657
2025-11-29 06:30:00,2.74,2.901750146043925,2.4951222,-0.16175014604392457,0.24487780570983908
2025-11-29 06:30:00,4.69,4.618768831946756,4.695676,0.07123116805324425,-0.0056758499145503905
2025-11-29 06:30:00,1.44,1.5083752623490352,1.5977694,-0.06837526234903524,-0.15776937961578374
2025-11-29 06:30:00,9.01,9.365950000000005,9.0715885,-0.3559500000000053,-0.061588516235351776
2025-11-29 06:30:00,1.57,1.8086961608971186,1.9504743,-0.23869616089711854,-0.38047426223754877
2025-11-29 06:30:00,3.75,3.6041535870618144,3.406324,0.14584641293818557,0.3436760902404785
2025-11-29 06:30:00,0.99,0.9618715512494339,1.0582143,0.028128448750566082,-0.06821430683135987
2025-11-29 06:30:00,6.28,5.545868273809523,5.411444,0.7341317261904772,0.8685558128356936
2025-11-29 06:30:00,3.3,3.182954766156761,3.1450138,0.11704523384323862,0.15498619079589826
2025-11-29 06:30:00,2.25,2.462359032648376,2.5737567,-0.2123590326483762,-0.32375669479370117
2025-11-29 06:30:00,1.63,1.871052337913897,2.0653522,-0.24105233791389713,-0.4353522014617921
2025-11-29 06:30:00,1.66,1.5329995331204163,1.5023875,0.12700046687958366,0.15761247634887687
2025-11-29 06:30:00,2.55,2.585481078614145,2.849476,-0.03548107861414529,-0.2994760990142824
2025-11-29 06:30:00,2.45,2.946764237903179,2.7356896,-0.4967642379031787,-0.28568964004516584
2025-11-29 06:30:00,2.22,2.462333376567903,2.4190202,-0.242333376567903,-0.1990201759338377
2025-11-29 09:30:00,1.49,1.9435885565940005,1.8400255,-0.45358855659400055,-0.35002554416656495
2025-11-29 09:30:00,1.62,1.9959460243389784,2.0170696,-0.3759460243389783,-0.39706957817077626
2025-11-29 09:30:00,4.46,4.445404578419419,4.5132647,0.014595421580581025,-0.05326465606689457
2025-11-29 09:30:00,6.6,5.4958244047618985,5.2723255,1.1041755952381012,1.3276744842529293
2025-11-29 09:30:00,6.2,5.840753365594816,5.7327247,0.3592466344051841,0.4672753334045412
2025-11-29 09:30:00,7.72,7.6043129653679715,7.2617164,0.11568703463202823,0.45828363418579077
2025-11-29 09:30:00,4.53,4.685809615537712,4.6916227,-0.155809615537712,-0.16162273406982397
2025-11-29 09:30:00,11.47,12.579500000000003,11.845001,-1.1095000000000024,-0.37500122070312436
2025-11-29 09:30:00,2.1,2.609184512226674,2.4329512,-0.5091845122266738,-0.3329512119293212
2025-11-29 09:30:00,1.37,1.457454642774176,1.6359053,-0.0874546427741758,-0.26590526580810536
2025-11-29 09:30:00,20.75,16.920050000000025,14.475961,3.8299499999999753,6.274039268493652
2025-11-29 09:30:00,3.2,3.1354099982250556,3.1714694,0.06459000177494456,0.028530550003051935
2025-11-29 09:30:00,0.97,0.9416567101474038,1.0613588,0.028343289852596154,-0.0913588094711304
2025-11-29 09:30:00,8.13,7.882582222222228,7.8349476,0.2474177777777724,0.29505241394043047
2025-11-29 09:30:00,2.25,2.5187379579137517,2.6205633,-0.26873795791375166,-0.370563268661499
2025-11-29 09:30:00,2.54,2.596007063866129,2.7118962,-0.05600706386612897,-0.17189618110656735
2025-11-29 09:30:00,2.0,2.266318505556539,2.3802223,-0.2663185055565389,-0.3802223205566406
2025-11-29 09:30:00,2.38,2.741408537669484,2.7625427,-0.361408537669484,-0.3825427246093751
2025-11-29 09:30:00,10.81,11.577349999999997,9.784248,-0.7673499999999969,1.0257516479492192
2025-11-29 09:30:00,8.55,8.975200000000006,8.195937,-0.4252000000000056,0.3540628433227546
2025-11-29 09:30:00,13.38,13.160350000000008,12.857279,0.21964999999999257,0.5227211761474617
2025-11-29 09:30:00,3.87,3.70239647802649,3.424243,0.16760352197350992,0.4457570266723634
2025-11-29 09:30:00,2.9,5.563045238095237,5.281915,-2.6630452380952367,-2.3819151878356934
2025-11-29 09:30:00,1.61,1.658699449168831,1.5582646,-0.048699449168830844,0.051735386848449805
2025-11-29 09:30:00,2.39,2.5330399970136477,2.8502047,-0.14303999701364756,-0.4602047061920165
2025-11-29 09:30:00,2.85,2.711595362318838,2.4152484,0.13840463768116207,0.4347516059875489
2025-11-29 15:30:00,1.65,2.834944301185303,2.4203687,-1.1849443011853031,-0.7703686714172364
2025-11-29 15:30:00,1.47,1.6956112212696155,1.7311376,-0.22561122126961553,-0.26113763332366946
2025-11-29 15:30:00,2.96,3.0633918353369465,3.1117134,-0.10339183533694651,-0.15171340942382816
2025-11-29 15:30:00,1.88,2.642879140190972,2.61839,-0.762879140190972,-0.7383900833129884
2025-11-29 15:30:00,2.75,3.229343169224212,2.7862284,-0.47934316922421205,-0.03622841835021973
2025-11-29 15:30:00,4.22,4.622932021288587,4.7696223,-0.4029320212885876,-0.549622325897217
2025-11-29 15:30:00,1.5,1.5294030413996,1.4932051,-0.02940304139960004,0.006794929504394531
2025-11-29 15:30:00,6.95,11.437199999999992,11.103684,-4.487199999999992,-4.153684425354004
2025-11-29 15:30:00,2.01,2.5205819955920012,2.4531572,-0.5105819955920015,-0.4431571865081789
2025-11-29 15:30:00,1.58,1.7207152732399096,1.7777628,-0.1407152732399095,-0.19776277065277093
2025-11-29 15:30:00,2.04,2.1474807403165603,2.114484,-0.1074807403165603,-0.07448407173156735
2025-11-29 15:30:00,7.85,8.167900000000008,8.146002,-0.31790000000000873,-0.2960018157958988
2025-11-29 15:30:00,1.34,1.5543997006359709,1.4900823,-0.2143997006359708,-0.15008226394653312
2025-11-29 15:30:00,2.26,2.845541031952954,2.5147948,-0.5855410319529541,-0.2547948265075686
2025-11-29 15:30:00,4.02,3.713224790516401,3.722117,0.3067752094835985,0.2978830528259273
2025-11-29 15:30:00,1.41,1.5989074299306816,1.6335467,-0.18890742993068166,-0.22354671001434334
2025-11-29 15:30:00,2.24,2.7788361886124675,2.3846133,-0.5388361886124673,-0.1446132755279539
2025-11-29 15:30:00,8.14,7.683610000000009,7.8345366,0.45638999999999186,0.30546344757080135
2025-11-29 15:30:00,4.32,4.38341302756844,4.5049653,-0.0634130275684397,-0.18496530532836886
2025-11-29 15:30:00,2.36,2.4337576928470295,2.5868082,-0.0737576928470296,-0.22680820465087903
2025-11-29 15:30:00,10.95,10.789728664596277,10.163184,0.1602713354037224,0.7868158340454094
2025-11-29 15:30:00,12.2,13.208300000000014,12.557665,-1.0083000000000144,-0.357664871215821
2025-11-29 15:30:00,6.8,5.918484606735855,5.7857895,0.8815153932641451,1.014210510253906
2025-11-29 15:30:00,2.03,2.1571276245520297,2.0355506,-0.12712762455202986,-0.00555059432983418
2025-11-29 15:30:00,19.5,16.418300000000002,14.218831,3.081699999999998,5.2811689376831055
2025-11-29 15:30:00,0.89,0.9561295966178156,0.9792117,-0.06612959661781559,-0.089211688041687
2025-11-29 15:30:00,5.75,5.4926355952380925,5.5034933,0.2573644047619075,0.2465066909790039
2025-11-29 15:30:00,7.64,7.534147083333338,7.3375874,0.1058529166666613,0.30241264343261687
2025-11-30 00:30:00,2.41,2.7286440096140696,2.74664,-0.31864400961406947,-0.33663996696472154
2025-11-30 00:30:00,2.89,3.7041161412802945,4.172486,-0.8141161412802944,-1.282485828399658
2025-11-30 00:30:00,4.0,4.613549999999993,5.9039555,-0.6135499999999929,-1.9039554595947266
2025-11-30 00:30:00,2.16,2.389352012837555,2.3667436,-0.22935201283755502,-0.20674356460571275
2025-11-30 00:30:00,1.38,1.8998088176743761,1.7487926,-0.5198088176743763,-0.3687926483154298
2025-11-30 00:30:00,1.74,1.9997344853817487,1.8968759,-0.2597344853817487,-0.15687585830688477
2025-11-30 00:30:00,6.8,12.156100000000004,11.591005,-5.356100000000004,-4.791005325317383
2025-11-30 00:30:00,7.78,7.588700000000001,7.9909883,0.19129999999999914,-0.2109882545471189
2025-11-30 00:30:00,6.57,7.199549999999993,7.1593957,-0.629549999999993,-0.5893956947326657
2025-11-30 00:30:00,10.51,11.043915980234601,10.295987,-0.5339159802346014,0.214012870788574
2025-11-30 00:30:00,1.81,2.201966154922385,2.1908102,-0.39196615492238474,-0.38081020355224604
2025-11-30 00:30:00,2.0,2.4291575474966587,2.2889225,-0.4291575474966587,-0.2889225482940674
2025-11-30 00:30:00,1.22,1.3636947148498124,1.2784001,-0.14369471484981244,-0.0584000635147095
2025-11-30 00:30:00,16.25,16.426750000000016,13.604272,-0.17675000000001617,2.64572811126709
2025-11-30 00:30:00,1.21,1.3986871789092286,1.4525855,-0.1886871789092286,-0.2425854587554932
2025-11-30 00:30:00,4.28,3.818419741266932,3.7963293,0.4615802587330684,0.4836707401275637
2025-11-30 00:30:00,1.16,1.4635444135303102,1.3443846,-0.30354441353031025,-0.1843845510482789
2025-11-30 00:30:00,1.54,2.0251000734953575,1.8708857,-0.48510007349535744,-0.33088572978973385
2025-11-30 00:30:00,4.99,5.055355059523811,4.802563,-0.06535505952381104,0.18743680953979514
2025-11-30 00:30:00,1.46,2.419949479758709,1.7471815,-0.9599494797587091,-0.2871815347671509
2025-11-30 00:30:00,1.77,2.0947852305575307,2.0173545,-0.3247852305575307,-0.24735448837280272
2025-11-30 00:30:00,3.64,4.189288962611574,3.935041,-0.5492889626115738,-0.29504095077514636
2025-11-30 00:30:00,5.51,7.342344141414134,7.131748,-1.8323441414141346,-1.6217481994628908
2025-11-30 00:30:00,0.95,1.949322658730158,1.5351801,-0.999322658730158,-0.5851800918579102
2025-11-30 00:30:00,2.55,2.613622998980933,2.2541351,-0.06362299898093315,0.2958648681640623
2025-11-30 00:30:00,1.74,2.3229738503249124,2.0525684,-0.5829738503249124,-0.3125684356689453
2025-11-30 00:30:00,0.83,0.9467705850988517,0.90738004,-0.11677058509885174,-0.07738004446029667
2025-11-30 00:30:00,7.6,6.19588041486292,5.827286,1.4041195851370798,1.7727142333984371
2025-11-30 00:30:00,1.36,1.4543333484522165,1.5273527,-0.09433334845221641,-0.1673526906967162
2025-11-30 18:30:00,2.33,2.3660547896854114,2.3750718,-0.036054789685411315,-0.0450717639923095
2025-11-30 18:30:00,15.56,15.915200000000011,13.419153,-0.3552000000000106,2.140846786499024
2025-11-30 18:30:00,4.28,3.88429704197295,3.817894,0.39570295802705013,0.4621060180664065
2025-11-30 18:30:00,1.76,1.7909623271857837,1.8696742,-0.030962327185783733,-0.10967420578002929
2025-11-30 18:30:00,2.11,2.1433945682201054,2.2071218,-0.03339456822010556,-0.09712184906005872
2025-11-30 18:30:00,0.95,1.55098931378758,1.4709337,-0.6009893137875801,-0.5209336757659913
2025-11-30 18:30:00,1.19,1.368636609319016,1.366767,-0.17863660931901615,-0.17676704883575445
2025-11-30 18:30:00,1.33,1.418967044020051,1.5053948,-0.08896704402005096,-0.17539481639862053
2025-11-30 18:30:00,1.7,1.8275321134268432,1.8224832,-0.12753211342684323,-0.12248318195343022
2025-11-30 18:30:00,0.8,0.9402496211100564,0.891248,-0.14024962111005634,-0.09124798774719234
2025-11-30 18:30:00,1.69,2.147043185841938,1.7551355,-0.4570431858419379,-0.06513553619384771
2025-11-30 18:30:00,1.09,1.4171862568420308,1.1953592,-0.32718625684203073,-0.10535923004150383
2025-11-30 18:30:00,1.98,2.434953164692434,2.1044874,-0.4549531646924341,-0.12448741912841799
2025-11-30 18:30:00,6.09,4.491749999999994,5.773824,1.5982500000000055,0.3161757850646971
2025-11-30 18:30:00,1.22,1.230287319793305,1.2112685,-0.010287319793305105,0.008731455802917454
2025-11-30 18:30:00,1.65,1.988847881960167,1.8454876,-0.338847881960167,-0.19548759460449228
2025-11-30 18:30:00,1.39,2.6201445833333334,2.006567,-1.2301445833333335,-0.6165670013427735
2025-11-30 18:30:00,3.84,3.9165766440996297,3.262233,-0.07657664409962983,0.5777669811248778
2025-11-30 18:30:00,6.4,6.064703589743598,5.7072873,0.33529641025640267,0.6927126884460453
2025-11-30 18:30:00,7.68,7.539619999999992,7.4728813,0.1403800000000075,0.20711868286132784
2025-11-30 18:30:00,10.35,10.80916654761905,10.32584,-0.4591665476190503,0.02416000366210902
2025-11-30 18:30:00,4.95,4.899700337789484,4.304412,0.050299662210516516,0.6455881118774416
2025-11-30 18:30:00,7.9,7.061871923076922,6.323002,0.8381280769230788,1.5769981384277347
2025-11-30 18:30:00,10.75,10.519799999999986,9.896916,0.23020000000001417,0.853083610534668
2025-11-30 18:30:00,1.36,1.661455902307232,1.3761463,-0.30145590230723185,-0.016146316528320215
2025-11-30 18:30:00,2.63,2.6929857789468326,2.6966069,-0.06298577894683266,-0.06660687446594249
2025-11-30 18:30:00,1.57,1.919820764554098,1.665612,-0.34982076455409783,-0.09561198234558099
2025-11-30 18:30:00,7.49,5.220714029430833,4.881586,2.2692859705691673,2.6084139251708987
2025-11-30 18:30:00,3.61,3.101836199501892,3.2527695,0.5081638004981079,0.3572305297851561
2025-11-30 18:30:00,2.65,2.4773471826400635,2.4025924,0.17265281735993643,0.24740757942199698
2025-11-30 21:30:00,9.12,10.772625000000003,10.496807,-1.652625000000004,-1.3768070983886727
2025-11-30 21:30:00,1.25,1.2489358506790247,1.2031479,0.0010641493209753161,0.04685211181640625
2025-11-30 21:30:00,3.33,3.1077919786114205,3.3024416,0.22220802138857954,0.02755840301513679
2025-11-30 21:30:00,8.5,7.637949999999995,6.8772573,0.8620500000000053,1.6227426528930664
2025-11-30 21:30:00,1.89,2.636659624986539,2.057548,-0.7466596249865389,-0.16754804611206064
2025-11-30 21:30:00,5.43,5.988169262820516,5.870394,-0.5581692628205159,-0.4403942298889163
2025-11-30 21:30:00,1.67,1.7783149380331473,1.8228687,-0.1083149380331474,-0.15286870479583747
2025-11-30 21:30:00,1.26,1.3808793535144652,1.3247045,-0.12087935351446522,-0.06470452785491942
2025-11-30 21:30:00,2.13,2.6226098475720607,2.4539783,-0.49260984757206083,-0.3239783000946046
2025-11-30 21:30:00,1.19,1.3107253616666419,1.4516287,-0.12072536166664194,-0.26162868499755865
2025-11-30 21:30:00,4.0,4.752351839406798,4.4153223,-0.7523518394067983,-0.41532230377197266
2025-11-30 21:30:00,4.06,5.293265064102558,5.8708196,-1.2332650641025582,-1.8108195686340336
2025-11-30 21:30:00,1.21,1.7361489507702417,1.6117522,-0.5261489507702417,-0.40175215244293216
2025-11-30 21:30:00,12.71,14.759500000000008,13.432292,-2.049500000000007,-0.7222919845581046
2025-11-30 21:30:00,7.2,7.428480238095237,7.330741,-0.2284802380952371,-0.13074092864990217
2025-11-30 21:30:00,4.23,3.7999964984005965,3.8540888,0.4300035015994039,0.37591121673584027
2025-11-30 21:30:00,0.85,1.0471277231063092,1.0337985,-0.19712772310630922,-0.18379845619201662
2025-11-30 21:30:00,1.95,2.1727176977106604,2.0780835,-0.2227176977106604,-0.12808351516723637
2025-11-30 21:30:00,1.01,1.238228330513846,1.2569432,-0.22822833051384595,-0.2469432258605957
2025-11-30 21:30:00,1.28,1.7241929736197728,1.5451927,-0.4441929736197727,-0.26519271850585935
2025-11-30 21:30:00,3.11,3.5411041111302293,3.5061636,-0.4311041111302294,-0.3961635971069337
2025-11-30 21:30:00,7.03,6.91467783216783,6.872256,0.11532216783217031,0.15774419784545923
2025-11-30 21:30:00,0.71,0.8614979969371107,0.824396,-0.15149799693711075,-0.11439601421356205
2025-11-30 21:30:00,2.05,2.3151757436250793,2.348002,-0.26517574362507945,-0.29800195693969744
2025-11-30 21:30:00,1.15,1.9710695267100062,1.5659735,-0.8210695267100063,-0.41597352027893075
2025-11-30 21:30:00,1.5,1.687501696681779,1.6714045,-0.18750169668177907,-0.17140448093414307
2025-11-30 21:30:00,0.91,1.1177852254252425,1.0881603,-0.20778522542524247,-0.17816027641296384
2025-11-30 21:30:00,2.2,2.4958440463839215,2.3992383,-0.29584404638392137,-0.19923834800720197
2025-11-30 21:30:00,9.78,11.079571428571425,10.039369,-1.2995714285714257,-0.25936862945556705
2025-11-30 21:30:00,1.49,1.6833257811903781,1.6401818,-0.19332578119037813,-0.1501817798614502
2025-12-01 12:30:00,1.93,1.9188473089457887,1.9931669,0.011152691054211239,-0.06316692352294928
2025-12-01 12:30:00,0.9,1.0249555420021081,1.0575088,-0.12495554200210812,-0.15750882625579832
2025-12-01 12:30:00,10.94,11.057274999999997,10.714512,-0.11727499999999758,0.22548812866210888
2025-12-01 12:30:00,1.43,1.6520650143738207,1.4386797,-0.22206501437382076,-0.008679695129394593
2025-12-01 12:30:00,12.51,12.46570000000001,12.514807,0.044299999999989126,-0.004806747436523651
2025-12-01 12:30:00,3.31,3.0978495145095506,3.2666607,0.21215048549044946,0.043339309692382866
2025-12-01 12:30:00,1.14,1.521563558622388,1.5524011,-0.381563558622388,-0.4124010658264161
2025-12-01 12:30:00,1.18,1.312303967642746,1.3161626,-0.132303967642746,-0.13616258621215827
2025-12-01 12:30:00,1.22,1.400109944958057,1.2435547,-0.180109944958057,-0.023554711341857937
2025-12-01 12:30:00,1.86,1.3509616809783234,1.4509304,0.5090383190216767,0.40906964302063
2025-12-01 12:30:00,1.23,1.2963865852409926,1.2870173,-0.06638658524099261,-0.057017345428466815
2025-12-01 12:30:00,1.98,2.038064503664778,2.0428278,-0.05806450366477822,-0.062827844619751
2025-12-01 12:30:00,9.43,9.877150000000002,9.648282,-0.4471500000000024,-0.21828205108642607
2025-12-01 12:30:00,8.86,9.841650000000005,9.264635,-0.9816500000000055,-0.4046350860595709
2025-12-01 12:30:00,5.23,5.055591206589703,4.998063,0.17440879341029714,0.23193691253662152
2025-12-01 12:30:00,1.48,1.7464304854315171,1.5855808,-0.26643048543151715,-0.10558082580566408
2025-12-01 12:30:00,0.7,0.7522283753488185,0.73442143,-0.05222837534881852,-0.034421432018280074
2025-12-01 12:30:00,1.0,1.0726785133173722,1.0454414,-0.07267851331737218,-0.045441389083862305
2025-12-01 12:30:00,6.75,5.935992857142863,6.2253075,0.8140071428571369,0.5246925354003906
2025-12-01 12:30:00,0.86,0.910597007349956,0.9335156,-0.05059700734995598,-0.07351560831069948
2025-12-01 12:30:00,4.2,3.758600985016439,3.787615,0.44139901498356116,0.41238493919372576
2025-12-01 12:30:00,7.08,6.934805908424905,6.844481,0.1451940915750951,0.23551900863647468
2025-12-01 12:30:00,1.87,2.0257049860451493,2.1442459,-0.15570498604514915,-0.2742458629608153
2025-12-01 12:30:00,3.76,3.5043606847811577,3.5398464,0.2556393152188421,0.22015357971191385
2025-12-01 12:30:00,3.8,3.6498039752534925,3.704337,0.15019602474650728,0.09566311836242658
2025-12-01 12:30:00,1.63,1.6881382492330528,1.7446605,-0.058138249233052886,-0.11466049671173106
2025-12-01 12:30:00,3.98,3.9179805402619485,3.26743,0.06201945973805145,0.712569932937622
2025-12-01 12:30:00,2.16,2.5258352585611727,2.4678602,-0.3658352585611726,-0.3078602218627928
2025-12-01 12:30:00,3.0,3.1674489006910385,2.915101,-0.16744890069103846,0.0848989486694336
2025-12-01 12:30:00,2.25,2.185775559409893,2.234606,0.0642244405901069,0.015393972396850586
2025-12-01 12:30:00,1.3,1.3363266132139853,1.4258251,-0.036326613213985226,-0.12582511901855464
2025-12-01 12:30:00,8.4,8.153433333333345,7.502729,0.24656666666665572,0.8972710609436039
2025-12-01 15:30:00,0.79,0.9310122334272297,0.8878102,-0.14101223342722968,-0.09781017065048214
2025-12-01 15:30:00,0.67,0.737610179903686,0.7086203,-0.06761017990368601,-0.038620309829711874
2025-12-01 15:30:00,1.32,1.4124007775900045,1.4225553,-0.09240077759000442,-0.10255532741546625
2025-12-01 15:30:00,6.51,6.2285988672438695,6.162539,0.2814011327561303,0.34746099472045877
2025-12-01 15:30:00,2.2,2.340477750937219,2.1732576,-0.14047775093721881,0.026742410659790217
2025-12-01 15:30:00,10.8,10.891585033892285,10.533519,-0.09158503389228478,0.26648120880127024
2025-12-01 15:30:00,1.6,1.8199378052630057,1.7262719,-0.21993780526300566,-0.1262718677520751
2025-12-01 15:30:00,1.11,1.2261674497230126,1.2392988,-0.11616744972301252,-0.12929882049560537
2025-12-01 15:30:00,1.25,1.2976574408656014,1.3000574,-0.04765744086560142,-0.050057411193847656
2025-12-01 15:30:00,4.15,3.7727235022673073,3.7814689,0.377276497732693,0.3685311317443851
2025-12-01 15:30:00,6.97,6.737756255647122,6.594065,0.23224374435287753,0.3759348106384275
2025-12-01 15:30:00,1.58,2.4619789017527642,2.178198,-0.8819789017527642,-0.5981980991363525
2025-12-01 15:30:00,3.58,3.575912724350012,3.7129185,0.004087275649987898,-0.1329185199737548
2025-12-01 15:30:00,3.54,3.5841657991308575,3.4992208,-0.0441657991308575,0.04077915191650394
2025-12-01 15:30:00,1.95,1.997496113757348,2.0778835,-0.04749611375734797,-0.12788348197937016
2025-12-01 15:30:00,1.2,1.341129740493088,1.2191683,-0.14112974049308802,-0.019168305397033736
2025-12-01 15:30:00,1.22,1.3579320718522085,1.1814069,-0.13793207185220857,0.038593144416809055
2025-12-01 15:30:00,1.02,1.6749312681159416,0.9665962,-0.6549312681159416,0.05340381383895876
2025-12-01 15:30:00,1.0,1.0310751967383094,1.0412384,-0.031075196738309385,-0.04123842716217041
2025-12-01 15:30:00,3.27,3.0460697900991054,3.2772803,0.22393020990089463,-0.007280330657958967
2025-12-01 15:30:00,2.9,3.0290816377788925,2.8534653,-0.1290816377788926,0.04653468132019034
2025-12-01 15:30:00,12.22,12.27270000000001,12.148477,-0.05270000000000863,0.07152339935302798
2025-12-01 15:30:00,1.14,1.239479848174402,1.2727159,-0.09947984817440214,-0.13271592617034922
2025-12-01 15:30:00,2.21,2.2801523805512027,2.319589,-0.07015238055120276,-0.1095888996124268
2025-12-01 15:30:00,1.85,1.9374119603134006,1.9656066,-0.08741196031340048,-0.11560657024383536
2025-12-01 15:30:00,0.89,0.885238397789383,0.9925211,0.004761602210617055,-0.10252110719680785
2025-12-01 15:30:00,1.66,2.4573792607526896,2.655452,-0.7973792607526897,-0.9954520130157472
2025-12-01 15:30:00,3.95,3.951361616551105,3.518256,-0.001361616551105005,0.43174405097961444
2025-12-01 15:30:00,8.61,8.650050000000014,8.464366,-0.04005000000001502,0.14563404083251896
2025-12-01 15:30:00,1.92,1.927354093126976,1.9923567,-0.007354093126975991,-0.07235665798187263
2025-12-01 15:30:00,5.0,5.041735320512817,4.680199,-0.04173532051281725,0.31980085372924805
2025-12-01 15:30:00,9.28,9.630450000000003,9.163245,-0.3504500000000039,0.11675479888915952
2025-12-01 15:30:00,8.2,7.824250000000006,7.492901,0.3757499999999929,0.7070991516113274
2025-12-01 15:30:00,1.45,1.6070679864227921,1.5241251,-0.15706798642279218,-0.07412509918212895
2025-12-01 18:30:00,1.88,1.9798653625098437,2.0501585,-0.09986536250984379,-0.17015850067138683
2025-12-01 18:30:00,0.73,0.8198194002450907,0.8727535,-0.08981940024509072,-0.14275350093841555
2025-12-01 18:30:00,3.08,2.8451998699603718,2.9658737,0.2348001300396283,0.11412628173828132
2025-12-01 18:30:00,1.05,1.188029139513783,1.2610312,-0.13802913951378293,-0.21103115081787105
2025-12-01 18:30:00,0.93,1.530050295318958,1.1809254,-0.600050295318958,-0.25092536926269526
2025-12-01 18:30:00,3.84,3.9301698228556314,3.5316389,-0.09016982285563158,0.3083611392974852
2025-12-01 18:30:00,8.14,8.760450000000006,8.185761,-0.6204500000000053,-0.04576145172119084
2025-12-01 18:30:00,1.17,1.456294977692647,1.3136859,-0.2862949776926471,-0.14368589401245124
2025-12-01 18:30:00,1.0,1.046510881586205,1.031226,-0.04651088158620498,-0.031226038932800293
2025-12-01 18:30:00,4.04,3.90822125548493,3.7875338,0.1317787445150702,0.25246623992919925
2025-12-01 18:30:00,2.18,2.113846531492162,2.177655,0.06615346850783821,0.00234501838684098
2025-12-01 18:30:00,9.05,9.823099999999993,8.937241,-0.7730999999999923,0.11275939941406321
2025-12-01 18:30:00,1.81,1.893332236450427,1.8722636,-0.08333223645042698,-0.06226355075836176
2025-12-01 18:30:00,1.25,1.359080883423376,1.2089489,-0.10908088342337607,0.04105114936828613
2025-12-01 18:30:00,6.68,6.536028326330536,6.443001,0.14397167366946384,0.23699920654296847
2025-12-01 18:30:00,1.4,1.7509953867039214,1.7385291,-0.3509953867039215,-0.33852908611297616
2025-12-01 18:30:00,1.21,1.3496785678583807,1.1652157,-0.13967856785838073,0.04478426933288571
2025-12-01 18:30:00,3.25,2.7868101899488176,3.1991062,0.4631898100511824,0.05089378356933594
2025-12-01 18:30:00,0.88,0.9474151700946649,0.9841005,-0.06741517009466491,-0.10410052061080932
2025-12-01 18:30:00,10.49,10.679390817255708,10.496323,-0.18939081725570794,-0.006322631835937287
2025-12-01 18:30:00,4.55,5.154179607573101,4.6109548,-0.6041796075731014,-0.06095476150512713
2025-12-01 18:30:00,1.57,1.6917651538981229,1.6734556,-0.12176515389812281,-0.10345559597015375
2025-12-01 18:30:00,1.09,1.2539018130393504,1.2666494,-0.16390181303935036,-0.17664936542510978
2025-12-01 18:30:00,3.18,3.0867545394670204,3.2301857,0.09324546053297977,-0.050185747146606285
2025-12-01 18:30:00,2.05,2.2105107456482367,2.032379,-0.16051074564823686,0.017621088027953924
2025-12-01 18:30:00,2.68,3.0042262925560532,2.693677,-0.32422629255605306,-0.013676948547363121
2025-12-01 18:30:00,1.25,1.5303088168387728,1.2951335,-0.28030881683877285,-0.04513347148895264
2025-12-01 18:30:00,5.84,6.510095301975804,5.8792777,-0.6700953019758042,-0.039277706146240376
2025-12-01 18:30:00,0.63,0.9990960967420611,0.7089225,-0.3690960967420611,-0.07892250537872314
2025-12-01 18:30:00,1.43,1.5836336092458374,1.5682681,-0.15363360924583747,-0.13826806068420416
2025-12-01 18:30:00,1.83,1.8791718827078454,1.8612801,-0.04917188270784534,-0.031280083656310964
2025-12-01 18:30:00,8.1,7.533649999999998,7.069153,0.5663500000000017,1.0308471679687496
2025-12-01 18:30:00,11.85,11.856486666666672,11.7834215,-0.006486666666672747,0.06657848358154261
2025-12-02 00:30:00,2.15,2.1693958726389493,2.1138825,-0.019395872638949374,0.03611745834350577
2025-12-02 00:30:00,1.85,1.9586812923608798,1.9671416,-0.10868129236087976,-0.11714162826538077
2025-12-02 00:30:00,3.1,3.0238512491802294,3.0064704,0.07614875081977068,0.09352955818176278
2025-12-02 00:30:00,1.84,1.688031769101523,1.750572,0.1519682308984771,0.08942803382873543
2025-12-02 00:30:00,7.9,7.301774999999999,7.015665,0.5982250000000011,0.8843349456787113
2025-12-02 00:30:00,1.25,1.3166602719336056,1.1881683,-0.06666027193360557,0.06183171272277832
2025-12-02 00:30:00,8.95,8.91090000000001,8.721891,0.03909999999998881,0.2281085968017571
2025-12-02 00:30:00,11.71,11.91797,11.390874,-0.20796999999999954,0.3191260910034188
2025-12-02 00:30:00,1.19,1.3320985192890955,1.1252851,-0.14209851928909556,0.06471485137939448
2025-12-02 00:30:00,0.99,1.023807097463175,1.0056897,-0.033807097463175007,-0.015689740180969247
2025-12-02 00:30:00,0.92,1.0779513327438353,0.95838153,-0.15795133274383522,-0.03838153362274166
2025-12-02 00:30:00,3.15,3.088292231375774,3.2210345,0.06170776862422578,-0.07103452682495126
2025-12-02 00:30:00,2.51,2.5530566435998057,2.4494107,-0.04305664359980588,0.06058932304382303
2025-12-02 00:30:00,0.89,0.9676217505892292,0.96150696,-0.07762175058922915,-0.07150696277618407
2025-12-02 00:30:00,6.56,6.375565558950849,6.3804946,0.18443444104915052,0.179505405426025
2025-12-02 00:30:00,1.37,1.4615965702809472,1.3656373,-0.09159657028094714,0.004362697601318466
2025-12-02 00:30:00,1.42,1.3705637643917097,1.3987886,0.04943623560829025,0.021211428642272878
2025-12-02 00:30:00,1.24,1.2476870108888938,1.2240824,-0.007687010888893786,0.015917649269103995
2025-12-02 00:30:00,2.15,1.9755654824079851,1.8734424,0.17443451759201478,0.2765575885772704
2025-12-02 00:30:00,4.34,4.79806416666667,4.96961,-0.45806416666667005,-0.6296102142333986
2025-12-02 00:30:00,1.58,1.6651414958428996,1.62479,-0.08514149584289954,-0.04478995323181145
2025-12-02 00:30:00,10.3,10.661415992063496,10.300567,-0.3614159920634954,-0.0005666732788078832
2025-12-02 00:30:00,4.36,3.990648327143384,4.078758,0.3693516728566162,0.2812422370910648
2025-12-02 00:30:00,0.99,1.045010410485158,1.0238533,-0.05501041048515809,-0.033853302001953134
2025-12-02 00:30:00,4.0,3.818776790112436,3.6945763,0.1812232098875639,0.3054237365722656
2025-12-02 00:30:00,3.84,3.47415086595765,3.5410423,0.36584913404235,0.2989576721191405
2025-12-02 00:30:00,1.14,1.2527856704312224,1.121871,-0.11278567043122245,0.01812900543212881
2025-12-02 00:30:00,7.93,7.501650000000009,7.654783,0.4283499999999911,0.27521722793579073
2025-12-02 00:30:00,0.62,0.6567403808687706,0.670833,-0.03674038086877063,-0.050832991600036626
2025-12-02 00:30:00,1.8,1.7847693344304165,1.7766215,0.015230665569583524,0.023378539085388228
2025-12-02 00:30:00,1.16,1.2125919415823185,1.1416503,-0.05259194158231861,0.01834968090057365
2025-12-02 03:30:00,1.13,1.3173259302564129,1.1385316,-0.18732593025641298,-0.008531565666198837
2025-12-02 03:30:00,0.61,0.6275614261529902,0.6521511,-0.017561426152990167,-0.04215110778808595
2025-12-02 03:30:00,1.66,1.701054844619174,1.7818984,-0.04105484461917408,-0.12189837932586678
2025-12-02 03:30:00,1.98,2.1512547956273314,2.0502355,-0.17125479562733137,-0.07023550987243654
2025-12-02 03:30:00,6.04,6.326996684409156,6.3530703,-0.28699668440915627,-0.31307025909423825
2025-12-02 03:30:00,1.2,1.3671308434451577,1.235233,-0.16713084344515772,-0.03523294925689702
2025-12-02 03:30:00,1.33,1.379942948133793,1.4255624,-0.049942948133792964,-0.0955623817443847
2025-12-02 03:30:00,1.53,1.6359654530604621,1.6691968,-0.10596545306046212,-0.13919684410095212
2025-12-02 03:30:00,1.77,1.839816070847855,1.8610473,-0.06981607084785502,-0.09104726791381834
2025-12-02 03:30:00,7.29,7.442824999999999,7.176655,-0.1528249999999991,0.11334518432617191
2025-12-02 03:30:00,0.64,0.7315627887540309,0.7221947,-0.0915627887540309,-0.08219467163085936
2025-12-02 03:30:00,8.36,8.930500000000004,8.432605,-0.5705000000000044,-0.07260478973388729
2025-12-02 03:30:00,3.59,4.262269897767789,4.2030153,-0.672269897767789,-0.6130153274536134
2025-12-02 03:30:00,1.76,1.5170712301649387,1.3466051,0.2429287698350613,0.4133949375152588
2025-12-02 03:30:00,0.89,1.10149166680273,0.985855,-0.2114916668027299,-0.09585498332977294
2025-12-02 03:30:00,3.78,3.8803015578055784,3.7566302,-0.10030155780557859,0.023369817733764453
2025-12-02 03:30:00,1.09,1.1895971856722611,1.1490166,-0.09959718567226106,-0.059016618728637615
2025-12-02 03:30:00,0.99,1.0014699088403847,1.0282403,-0.01146990884038468,-0.038240323066711435
2025-12-02 03:30:00,1.94,2.150338554190242,2.160902,-0.21033855419024183,-0.22090202331542974
2025-12-02 03:30:00,7.1,7.256449999999997,6.8074512,-0.15644999999999776,0.29254875183105433
2025-12-02 03:30:00,2.76,2.971053474347325,2.9076438,-0.21105347434732513,-0.14764379501342795
2025-12-02 03:30:00,9.77,10.906399999999993,9.937308,-1.136399999999993,-0.16730831146240277
2025-12-02 03:30:00,3.59,3.518509112947388,3.6211877,0.07149088705261164,-0.031187686920166158
2025-12-02 03:30:00,3.09,3.1990320128700285,3.2685242,-0.10903201287002862,-0.17852416992187514
2025-12-02 03:30:00,11.37,11.83155,11.510219,-0.4615500000000008,-0.14021862030029375
2025-12-02 03:30:00,0.42,1.005272597807788,0.9932194,-0.5852725978077882,-0.5732193756103516
2025-12-02 03:30:00,1.8,1.9514012019736717,1.9651865,-0.15140120197367168,-0.16518647670745845
2025-12-02 12:30:00,1.89,2.0033173710252985,1.9945339,-0.1133173710252986,-0.10453389644622813
2025-12-02 12:30:00,1.15,1.3472226289352174,1.2227618,-0.19722262893521747,-0.07276175022125253
2025-12-02 12:30:00,8.19,7.987900000000005,7.8156266,0.2020999999999944,0.3743733787536616
2025-12-02 12:30:00,4.03,4.027030056337725,3.8944738,0.0029699436622756537,0.13552620887756373
2025-12-02 12:30:00,1.78,1.9144365278661923,1.9455533,-0.1344365278661923,-0.16555330276489255
2025-12-02 12:30:00,0.99,0.9998014856781768,1.0305884,-0.009801485678176847,-0.04058838844299317
2025-12-02 12:30:00,2.64,2.5636953098878053,2.4770768,0.07630469011219487,0.16292323112487805
2025-12-02 12:30:00,3.56,2.9680445016508537,3.2056293,0.5919554983491464,0.35437065124511724
2025-12-02 12:30:00,7.07,7.019019761904758,6.6732483,0.050980238095242214,0.3967517089843753
2025-12-02 12:30:00,0.31,0.6520461840448519,0.7640879,-0.34204618404485193,-0.45408791542053223
2025-12-02 12:30:00,0.6,0.597521983887513,0.63053703,0.0024780161124869915,-0.03053703308105471
2025-12-02 12:30:00,1.98,1.924692683979377,1.9181395,0.055307316020623,0.061860542297363263
2025-12-02 12:30:00,1.11,1.1473178851583599,1.0579543,-0.037317885158359765,0.05204568862915049
2025-12-02 12:30:00,11.27,11.027545760869573,10.917361,0.24245423913042607,0.35263874053955035
2025-12-02 12:30:00,1.29,1.3894445562094395,1.3362559,-0.09944455620943948,-0.0462559080123901
2025-12-02 12:30:00,3.33,2.9492681985477747,3.0370135,0.3807318014522254,0.2929864692687989
2025-12-02 12:30:00,1.5,1.5728067604452476,1.6240039,-0.07280676044524759,-0.12400388717651367
2025-12-02 12:30:00,1.24,1.3340110656799202,1.1977519,-0.09401106567992024,0.042248120307922354
2025-12-02 12:30:00,2.87,3.107421732195764,2.8357313,-0.2374217321957639,0.03426873207092296
2025-12-02 12:30:00,9.56,9.886150000000004,9.507896,-0.3261500000000037,0.05210357666015675
2025-12-02 12:30:00,6.75,6.471040523809523,5.6399617,0.2789594761904768,1.1100382804870605
2025-12-02 12:30:00,3.7,3.4772256919960483,3.4564228,0.22277430800395193,0.24357719421386737
2025-12-02 12:30:00,3.09,3.2129316311051634,3.0935612,-0.12293163110516359,-0.0035611724853517046
2025-12-02 12:30:00,0.99,1.0097587294577153,0.9956822,-0.019758729457715285,-0.005682179927825937
2025-12-02 12:30:00,5.85,5.683733438689461,5.793082,0.16626656131053874,0.0569177627563473
2025-12-02 12:30:00,0.74,0.6980447053832475,0.6657765,0.041955294616752514,0.07422350883483886
2025-12-02 12:30:00,1.07,1.0952047316314482,1.0462763,-0.025204731631448096,0.023723669052124086
2025-12-02 12:30:00,1.62,1.6766983856659416,1.7998475,-0.05669838566594154,-0.17984748363494862
2025-12-02 12:30:00,1.1,1.1984606318305502,1.1708126,-0.0984606318305501,-0.07081260681152335
2025-12-02 12:30:00,2.47,2.454972753949294,2.4166782,0.015027246050706378,0.05332180976867695
2025-12-02 12:30:00,1.64,1.7268216959635772,1.7298361,-0.08682169596357725,-0.0898361063003541
2025-12-02 12:30:00,1.75,1.8462731281913367,1.8048388,-0.09627312819133671,-0.05483877658843994
2025-12-02 12:30:00,1.71,1.7927951991721711,1.6467476,-0.08279519917217115,0.06325241088867184
2025-12-02 15:30:00,2.18,2.1736661678698788,1.8952315,0.006333832130121397,0.28476851463317887
2025-12-02 15:30:00,0.27,0.4681610981849092,0.55866855,-0.19816109818490918,-0.2886685538291931
2025-12-02 15:30:00,1.05,1.086949796762038,1.0372483,-0.03694979676203802,0.012751746177673384
2025-12-02 15:30:00,5.69,5.330181512873682,5.168313,0.3598184871263186,0.5216869735717777
2025-12-02 15:30:00,1.75,1.7225832100715437,1.7452601,0.02741678992845631,0.004739880561828613
2025-12-02 15:30:00,1.48,1.5250933276159668,1.5645653,-0.04509332761596685,-0.0845653009414673
2025-12-02 15:30:00,3.6,3.3054998221622536,3.4478052,0.2945001778377465,0.15219483375549325
2025-12-02 15:30:00,0.98,0.9971480129461537,0.98147905,-0.017148012946153757,-0.0014790487289428889
2025-12-02 15:30:00,2.54,2.493024937287761,2.4472926,0.04697506271223917,0.09270743370056156
2025-12-02 15:30:00,0.68,0.8028002140512038,0.7441962,-0.12280021405120378,-0.06419617652893062
2025-12-02 15:30:00,3.86,3.641008836542255,3.4824736,0.21899116345774505,0.37752638816833484
2025-12-02 15:30:00,1.69,1.7592792460838553,1.6158255,-0.06927924608385538,0.07417446613311762
2025-12-02 15:30:00,1.2,1.388839408844833,1.1785887,-0.18883940884483308,0.021411252021789506
2025-12-02 15:30:00,2.52,3.0284087670201,2.6855233,-0.5084087670201001,-0.16552327156066893
2025-12-02 15:30:00,9.33,9.620012500000003,9.314433,-0.2900125000000031,0.015566902160644602
2025-12-02 15:30:00,1.77,1.8805292024720663,1.9069086,-0.11052920247206632,-0.13690863132476805
2025-12-02 15:30:00,0.6,0.5902301459624095,0.6006884,0.009769854037590453,-0.0006883978843689187
2025-12-02 15:30:00,1.26,1.371279572208981,1.3093073,-0.11127957220898099,-0.04930733680725097
2025-12-02 15:30:00,1.14,1.1875072040079273,1.1460766,-0.047507204007927406,-0.006076560020446875
2025-12-02 15:30:00,3.08,3.1558864019570376,3.0874684,-0.07588640195703755,-0.007468385696411062
2025-12-02 15:30:00,0.98,1.0069783799078464,1.0207916,-0.02697837990784646,-0.04079164981842043
2025-12-02 15:30:00,0.85,0.8855055566527219,0.96972775,-0.035505556652721926,-0.11972775459289553
2025-12-02 15:30:00,3.52,2.9428961209943494,3.2287579,0.5771038790056506,0.29124214172363283
2025-12-02 15:30:00,6.8,6.696197575091565,6.3299837,0.10380242490843461,0.47001628875732404
2025-12-02 15:30:00,1.63,2.0893937172536527,1.779002,-0.45939371725365286,-0.14900195121765147
2025-12-02 15:30:00,1.55,1.6442399107715853,1.6763558,-0.09423991077158522,-0.12635583877563472
2025-12-02 15:30:00,2.41,2.572624137722985,2.4362538,-0.16262413772298467,-0.02625378608703599
2025-12-02 15:30:00,1.87,1.8795003935488979,1.8810337,-0.009500393548897756,-0.011033658981323136
2025-12-02 15:30:00,8.03,7.8159,7.7367864,0.2140999999999993,0.29321363449096616
2025-12-02 15:30:00,11.15,11.094252606107657,10.943377,0.055747393892342956,0.20662345886230504
2025-12-02 15:30:00,3.08,3.093615819233611,3.139332,-0.013615819233610882,-0.059332056045532156
2025-12-02 15:30:00,1.08,1.2247443151996245,1.1564296,-0.14474431519962438,-0.07642964839935296
2025-12-02 15:30:00,6.3,5.88017622863248,5.7229643,0.41982377136752014,0.5770357131958006
2025-12-02 15:30:00,1.07,1.1444729918846406,1.043501,-0.07447299188464052,0.026498980522155824
2025-12-02 18:30:00,1.92,2.5315598724784305,2.3431952,-0.6115598724784306,-0.42319519996643074
2025-12-02 18:30:00,7.9,7.454049999999998,7.5684667,0.4459500000000025,0.33153333663940465
2025-12-02 18:30:00,6.15,5.626601071428566,5.564127,0.5233989285714342,0.5858730316162113
2025-12-02 18:30:00,1.25,1.3202184933087993,1.2657827,-0.07021849330879926,-0.015782713890075684
2025-12-02 18:30:00,1.75,1.7739022902885488,1.803261,-0.023902290288548844,-0.05326104164123535
2025-12-02 18:30:00,5.58,5.1428993099370475,5.297436,0.4371006900629526,0.282563762664795
2025-12-02 18:30:00,1.05,1.164153531404137,1.1066221,-0.11415353140413687,-0.056622099876403764
2025-12-02 18:30:00,3.07,3.152857806152028,3.0500128,-0.08285780615202798,0.019987173080444176
2025-12-02 18:30:00,0.64,0.9600290770625365,0.70461786,-0.32002907706253647,-0.06461785793304442
2025-12-02 18:30:00,2.35,2.5682337635742716,2.4678192,-0.2182337635742715,-0.11781921386718741
2025-12-02 18:30:00,1.85,1.8849506579912145,1.8561589,-0.03495065799121444,-0.006158852577209384
2025-12-02 18:30:00,1.49,1.638954609350697,1.5409864,-0.14895460935069704,-0.05098641872406007
2025-12-02 18:30:00,1.09,1.366512273667476,1.1662636,-0.2765122736674759,-0.07626358032226555
2025-12-02 18:30:00,1.73,1.7772189603171098,1.741482,-0.047218960317109815,-0.011482019424438494
2025-12-02 18:30:00,9.1,9.407273214285704,9.192982,-0.3072732142857042,-0.09298171997070348
2025-12-02 18:30:00,0.98,1.0106343478569528,0.99330354,-0.030634347856952848,-0.013303537368774432
2025-12-02 18:30:00,2.18,2.1909884715508503,2.0732028,-0.010988471550850143,0.10679715156555192
2025-12-02 18:30:00,1.14,1.1690468444796922,1.1084759,-0.029046844479692302,0.031524076461791894
2025-12-02 18:30:00,2.81,3.001605148835824,2.9085712,-0.19160514883582414,-0.09857124328613276
2025-12-02 18:30:00,0.27,0.4953884633309664,0.52032274,-0.2253884633309664,-0.2503227400779724
2025-12-02 18:30:00,11.09,11.095724629917175,10.8198185,-0.00572462991717515,0.2701815032958983
2025-12-02 18:30:00,1.03,1.0856011475248364,1.0332321,-0.05560114752483636,-0.003232092857360813
2025-12-02 18:30:00,1.44,1.6378246450990936,1.6510835,-0.1978246450990937,-0.2110834693908692
2025-12-02 18:30:00,1.1,1.053994767767303,0.9912957,0.046005232232697146,0.10870430469512948
2025-12-02 18:30:00,1.47,1.4733748438065208,1.5605356,-0.0033748438065208664,-0.0905355501174927
2025-12-02 18:30:00,6.56,6.38043980006105,6.136507,0.17956019993894934,0.4234929656982418
2025-12-02 18:30:00,2.52,2.3700788408779907,2.4034462,0.14992115912200932,0.11655380249023439
2025-12-02 18:30:00,3.48,2.9044493489238787,3.1415606,0.5755506510761212,0.33843944549560545
2025-12-02 18:30:00,0.98,1.0016704629241062,1.0146693,-0.021670462924106237,-0.034669299125671404
2025-12-02 18:30:00,1.61,1.5940866357114125,1.5793282,0.015913364288587584,0.030671820640564063
2025-12-02 18:30:00,3.65,3.3722230560236772,3.4152484,0.2777769439763227,0.23475160598754874
2025-12-02 18:30:00,0.6,0.5918821450997908,0.5966723,0.00811785490020922,0.0033277034759521262
2025-12-02 18:30:00,3.5,2.918728682663418,3.2079368,0.581271317336582,0.29206323623657227
2025-12-02 21:30:00,5.85,9.149650000000005,9.0497465,-3.299650000000005,-3.1997465133666996
2025-12-02 21:30:00,1.76,0.992182760054657,0.9753324,0.767817239945343,0.7846676206588745
2025-12-02 21:30:00,1.16,1.4989616758911621,1.5819926,-0.3389616758911622,-0.4219926261901856
2025-12-02 21:30:00,1.4,1.3325512444849903,1.2382771,0.06744875551500962,0.1617229223251342
2025-12-02 21:30:00,1.63,1.8584330610051063,1.8447217,-0.2284330610051064,-0.21472167491912852
2025-12-02 21:30:00,0.46,0.6505105830189751,0.6418853,-0.1905105830189751,-0.18188528060913084
2025-12-02 21:30:00,1.0,1.0666860237024627,0.98782015,-0.06668602370246268,0.012179851531982422
2025-12-02 21:30:00,0.54,0.5821884055325772,0.5891616,-0.04218840553257719,-0.04916157484054562
2025-12-02 21:30:00,1.98,2.185784328309204,2.008513,-0.20578432830920423,-0.02851297378540041
2025-12-02 21:30:00,3.21,2.9269039050072703,3.1599276,0.2830960949927297,0.05007239341735836
2025-12-02 21:30:00,2.7,3.163656175001086,3.2868307,-0.4636561750010859,-0.5868306636810301
2025-12-02 21:30:00,4.38,6.321633890758363,6.183524,-1.9416338907583635,-1.8035241317749025
2025-12-02 21:30:00,1.83,2.9582763662520635,2.7916288,-1.1282763662520634,-0.9616288375854491
2025-12-02 21:30:00,1.39,1.4746019351154698,1.4570408,-0.08460193511546987,-0.06704078674316416
2025-12-02 21:30:00,0.62,0.5093619860645999,0.39684102,0.11063801393540007,0.22315898060798645
2025-12-02 21:30:00,3.3,5.754078406315903,5.316261,-2.4540784063159036,-2.0162608146667482
2025-12-02 21:30:00,6.68,7.437655555555557,7.4559627,-0.7576555555555569,-0.7759626579284671
2025-12-02 21:30:00,1.7,2.832030154831439,3.1013541,-1.1320301548314389,-1.4013541221618653
2025-12-02 21:30:00,1.07,1.550490783481342,1.5027395,-0.4804907834813419,-0.43273954868316644
2025-12-02 21:30:00,2.09,2.430147181107152,2.2800422,-0.34014718110715236,-0.19004217147827163
2025-12-02 21:30:00,3.76,5.209096156226002,5.26453,-1.4490961562260019,-1.5045301818847658
2025-12-02 21:30:00,0.95,1.0606247595358926,1.0109354,-0.11062475953589268,-0.06093542575836186
2025-12-02 21:30:00,1.02,1.111553564719972,1.0295974,-0.09155356471997189,-0.009597401618957502
2025-12-02 21:30:00,0.9,1.0095705007615496,1.0061991,-0.10957050076154962,-0.1061991214752197
2025-12-02 21:30:00,1.53,1.612005649304434,1.5521072,-0.08200564930443388,-0.022107214927673313
2025-12-02 21:30:00,2.31,2.3751185209941736,2.3991816,-0.06511852099417359,-0.08918160438537592
2025-12-02 21:30:00,1.67,1.8448460866914647,1.69271,-0.17484608669146473,-0.022710041999816966
2025-12-02 21:30:00,2.85,3.1391774538990984,3.0589,-0.2891774538990983,-0.20890011787414542
2025-12-02 21:30:00,0.98,1.1346257077810555,1.0981519,-0.15462570778105555,-0.11815192222595217
2025-12-02 21:30:00,1.64,1.8099308607816353,1.7568178,-0.16993086078163544,-0.11681781768798838
2025-12-02 21:30:00,10.52,10.865470921125963,10.715161,-0.34547092112596367,-0.1951613235473637
2025-12-02 21:30:00,1.21,1.1567152890546262,1.0903229,0.05328471094537379,0.11967714786529537
2025-12-03 00:30:00,3.32,3.0384540481432385,3.0988662,0.28154595185676135,0.2211337757110594
2025-12-03 00:30:00,3.05,2.9639782605716136,2.8675556,0.0860217394283862,0.182444381713867
2025-12-03 00:30:00,5.0,3.451170736000953,2.8845112,1.548829263999047,2.1154887676239014
2025-12-03 00:30:00,2.2,2.0955760963529007,2.0033407,0.10442390364709953,0.19665927886962908
2025-12-03 00:30:00,3.25,2.6916562296858957,2.7552629,0.5583437703141043,0.4947371482849121
2025-12-03 00:30:00,1.13,0.9658885723800769,0.9583658,0.16411142761992303,0.1716342020034789
2025-12-03 00:30:00,1.71,1.753882851805798,1.5975882,-0.043882851805798095,0.11241181850433346
2025-12-03 00:30:00,2.34,2.24060839955814,2.3149939,0.09939160044186002,0.025006141662597514
2025-12-03 00:30:00,1.76,1.8244956810171513,1.6930672,-0.06449568101715131,0.06693280696868897
2025-12-03 00:30:00,1.25,1.3936766753651824,1.3047605,-0.14367667536518236,-0.05476045608520508
2025-12-03 00:30:00,1.41,1.3453029514289014,1.4060377,0.06469704857109848,0.0039623117446898615
2025-12-03 00:30:00,2.21,1.8273387072842053,1.9008005,0.38266129271579463,0.3091995334625244
2025-12-03 00:30:00,1.24,1.3403349162119065,1.1454451,-0.10033491621190649,0.0945548915863037
2025-12-03 00:30:00,0.48,0.6290393437686809,0.49217582,-0.1490393437686809,-0.012175817489624041
2025-12-03 00:30:00,0.96,0.9105718458341631,0.9712252,0.0494281541658369,-0.011225202083587682
2025-12-03 00:30:00,11.04,10.68466631673881,10.623134,0.35533368326118975,0.4168663406372062
2025-12-03 00:30:00,1.07,1.0156695570738663,0.9581695,0.05433044292613376,0.11183048009872443
2025-12-03 00:30:00,5.76,3.92143888888889,3.688365,1.83856111111111,2.0716350173950193
2025-12-03 00:30:00,2.15,1.9339450652019474,1.8823172,0.2160549347980525,0.2676828145980834
2025-12-03 00:30:00,0.58,0.5835461241881363,0.6019114,-0.003546124188136379,-0.021911425590515177
2025-12-03 00:30:00,0.97,1.0716136194880603,0.95301175,-0.10161361948806036,0.016988248825073216
2025-12-03 00:30:00,1.58,1.5107721590516723,1.4803404,0.06922784094832779,0.09965963840484626
2025-12-03 00:30:00,1.02,1.0429486404177088,1.0274851,-0.022948640417708832,-0.007485132217407209
2025-12-03 00:30:00,3.14,1.9099963996451887,1.786703,1.2300036003548114,1.3532970094680787
2025-12-03 00:30:00,5.14,3.2706829283380006,3.2289658,1.8693170716619991,1.911034240722656
2025-12-03 00:30:00,0.95,1.4485338213957926,1.528401,-0.4985338213957926,-0.5784010171890259
2025-12-03 00:30:00,1.42,1.397751779557946,1.3329432,0.02224822044205399,0.08705679893493645
2025-12-03 00:30:00,7.54,6.162429296814305,6.175424,1.377570703185695,1.3645759010314942
2025-12-03 00:30:00,1.15,1.2064433113181638,1.127926,-0.056443311318163936,0.022074007987975985
2025-12-03 00:30:00,0.64,0.5791528783895533,0.58151776,0.0608471216104467,0.058482244014740004
2025-12-03 00:30:00,1.7,1.8039448255078085,1.6622837,-0.10394482550780859,0.03771634101867671
2025-12-03 00:30:00,8.14,6.862991666666655,5.725641,1.2770083333333453,2.414359226226807
2025-12-03 06:30:00,11.02,10.740810373961788,10.800684,0.27918962603821207,0.219316024780273
2025-12-03 06:30:00,0.92,1.0684971156199177,0.99388087,-0.14849711561991763,-0.07388086795806881
2025-12-03 06:30:00,1.31,1.3622118111578145,1.2564567,-0.05221181115781448,0.05354326725006109
2025-12-03 06:30:00,1.34,1.506500789087232,1.487559,-0.16650078908723187,-0.14755896091461174
2025-12-03 06:30:00,7.66,7.72515,7.586043,-0.06515000000000004,0.07395711898803725
2025-12-03 06:30:00,1.46,1.395327233123653,1.5334069,0.06467276687634693,-0.07340685367584232
2025-12-03 06:30:00,2.1,2.4918847987139716,2.480141,-0.3918847987139715,-0.38014092445373526
2025-12-03 06:30:00,0.94,1.131462146971547,1.3908532,-0.19146214697154695,-0.45085316658020025
2025-12-03 06:30:00,1.21,1.3176019812901145,1.2033228,-0.10760198129011456,0.006677231788635218
2025-12-03 06:30:00,1.58,1.6180131645061604,1.568758,-0.038013164506160324,0.011241989135742259
2025-12-03 06:30:00,3.02,3.275573978628639,3.1048143,-0.25557397862863906,-0.0848142910003662
2025-12-03 06:30:00,1.06,1.0778761034454172,0.9819988,-0.017876103445417124,0.07800119876861578
2025-12-03 06:30:00,1.7,1.759022917079122,1.6787274,-0.059022917079122106,0.021272611618041948
2025-12-03 06:30:00,0.95,0.945545866947818,1.0014157,0.004454133052182008,-0.05141572952270512
2025-12-03 06:30:00,0.48,1.41240295200729,0.56608146,-0.9324029520072901,-0.08608146429061891
2025-12-03 06:30:00,1.14,1.4061890104672414,1.2910352,-0.2661890104672415,-0.15103517532348643
2025-12-03 06:30:00,4.73,5.337715341361583,5.0338583,-0.6077153413615823,-0.30385829925537067
2025-12-03 06:30:00,1.01,1.12874258833687,1.0979785,-0.11874258833687001,-0.08797847270965575
2025-12-03 06:30:00,1.72,1.8062246408285947,1.725255,-0.08622464082859471,-0.005255012512207058
2025-12-03 06:30:00,1.72,1.8541262008735138,1.7636687,-0.1341262008735138,-0.043668656349182156
2025-12-03 06:30:00,1.18,1.1437255608514478,1.052653,0.03627443914855211,0.12734704494476312
2025-12-03 06:30:00,4.7,4.32757408823061,4.2464037,0.37242591176939044,0.45359630584716815
2025-12-03 06:30:00,1.18,2.2473796446282934,2.2329247,-1.0673796446282935,-1.0529246997833253
2025-12-03 06:30:00,0.85,0.8960218820547398,0.9313829,-0.04602188205473978,-0.08138289451599123
2025-12-03 06:30:00,7.4,7.024550909090908,7.253432,0.3754490909090924,0.14656820297241246
2025-12-03 06:30:00,2.32,2.3288374299534467,2.4866505,-0.00883742995344683,-0.16665046691894547
2025-12-03 06:30:00,2.95,3.7237292970394527,3.0353377,-0.7737292970394525,-0.08533768653869611
2025-12-03 06:30:00,5.51,5.36234823294521,5.308043,0.1476517670547901,0.2019569969177244
2025-12-03 06:30:00,0.57,0.5867607568567096,0.54950595,-0.016760756856709635,0.02049405097961421
2025-12-03 06:30:00,0.5,0.7447407816049011,0.58498544,-0.2447407816049011,-0.08498543500900269
2025-12-03 06:30:00,3.3,3.095192351888583,3.1749213,0.20480764811141672,0.12507872581481916
2025-12-03 06:30:00,2.98,3.2168326268969123,2.702462,-0.2368326268969123,0.2775380420684814
2025-12-03 06:30:00,2.11,2.1524463825326112,2.0513124,-0.04244638253261135,0.058687553405761594
2025-12-03 09:30:00,2.96,3.2068091656936444,3.0268319,-0.24680916569364442,-0.06683186531066898
2025-12-03 09:30:00,1.29,1.4250547717889992,1.3695526,-0.13505477178899916,-0.07955261230468746
2025-12-03 09:30:00,1.4,1.4056118048412656,1.4251206,-0.005611804841265666,-0.02512059211730966
2025-12-03 09:30:00,0.58,0.5782208363487336,0.5639459,0.0017791636512664022,0.016054110527038534
2025-12-03 09:30:00,1.7,1.8486598653513793,1.76095,-0.14865986535137932,-0.060949969291687056
2025-12-03 09:30:00,0.94,0.9570195909123405,1.0198488,-0.01701959091234051,-0.07984882354736333
2025-12-03 09:30:00,4.65,4.480877791110586,4.324891,0.16912220888941398,0.32510890960693395
2025-12-03 09:30:00,1.04,1.037433027373141,1.00823,0.002566972626859121,0.0317700290679932
2025-12-03 09:30:00,7.26,6.9962225457875515,7.144812,0.26377745421244825,0.11518789291381815
2025-12-03 09:30:00,2.01,2.4439834738099164,2.40573,-0.43398347380991664,-0.3957300090789797
2025-12-03 09:30:00,3.29,3.0900407220796136,3.2268603,0.19995927792038648,0.06313971519470218
2025-12-03 09:30:00,1.57,1.610360614951298,1.6045703,-0.040360614951297835,-0.0345702695846557
2025-12-03 09:30:00,0.84,0.8630552157511686,0.9155729,-0.023055215751168645,-0.07557288169860843
2025-12-03 09:30:00,2.05,2.1157977905759093,1.977659,-0.06579779057590951,0.07234101295471174
2025-12-03 09:30:00,1.0,1.101580945347675,1.1026729,-0.10158094534767503,-0.10267293453216553
2025-12-03 09:30:00,2.88,3.1674540447651487,3.12789,-0.2874540447651488,-0.24789011001586925
2025-12-03 09:30:00,2.15,1.7490679275962961,1.6406639,0.40093207240370377,0.5093361377716064
2025-12-03 09:30:00,1.7,1.927652562269864,1.787731,-0.22765256226986397,-0.08773105144500737
2025-12-03 09:30:00,2.85,3.045841527109664,2.437886,-0.19584152710966407,0.41211400032043466
2025-12-03 09:30:00,5.28,4.981596919995181,5.136335,0.2984030800048192,0.14366510391235376
2025-12-03 09:30:00,4.53,4.454054063294996,4.4491663,0.07594593670500416,0.08083370208740259
2025-12-03 09:30:00,1.44,1.4556758593931978,1.5112358,-0.015675859393197822,-0.07123583316802984
2025-12-03 09:30:00,0.91,1.007778053603756,0.9435989,-0.09777805360375591,-0.033598926067352264
2025-12-03 09:30:00,2.3,2.26035432861965,2.218921,0.03964567138034969,0.081079053878784
2025-12-03 09:30:00,0.54,1.6955429706164273,0.6230999,-1.1555429706164273,-0.08309992313385006
2025-12-03 09:30:00,0.86,1.4813575694788819,1.0858712,-0.6213575694788819,-0.22587121963500978
2025-12-03 09:30:00,1.21,1.3188310686384963,1.2433679,-0.10883106863849634,-0.03336791038513187
2025-12-03 09:30:00,7.2,7.541038194444444,7.125779,-0.34103819444444383,0.07422084808349627
2025-12-03 09:30:00,10.98,10.749792030018153,10.768465,0.23020796998184778,0.2115349578857426
2025-12-03 09:30:00,0.47,0.48047548734172063,0.51062983,-0.010475487341720657,-0.040629832744598415
2025-12-03 09:30:00,1.15,1.2277408797409874,1.1765858,-0.07774087974098753,-0.02658579349517831
2025-12-03 09:30:00,1.14,1.3911472066201023,1.192159,-0.25114720662010237,-0.05215905666351328
2025-12-03 09:30:00,0.93,0.9637135258152922,0.98498863,-0.03371352581529219,-0.0549886298179626
2025-12-03 09:30:00,1.69,1.7861597782374223,1.7253478,-0.09615977823742239,-0.03534775733947759
2025-12-03 12:30:00,1.1,1.162861596528342,1.1118324,-0.06286159652834189,-0.011832380294799716
2025-12-03 12:30:00,2.15,2.297180079883583,2.0909717,-0.14718007988358295,0.05902829170227042
2025-12-03 12:30:00,1.11,1.166534027522226,1.137792,-0.056534027522225916,-0.027791991233825586
2025-12-03 12:30:00,1.03,1.028907526253032,0.9989142,0.0010924737469679702,0.031085817813873318
2025-12-03 12:30:00,1.88,2.034415284693739,1.893575,-0.154415284693739,-0.01357495307922374
2025-12-03 12:30:00,4.33,4.208469938899411,4.4775376,0.12153006110058939,-0.14753763198852532
2025-12-03 12:30:00,2.5,2.824220804431714,2.7026799,-0.3242208044317141,-0.20267987251281738
2025-12-03 12:30:00,1.0,1.035486407789002,1.087262,-0.03548640778900203,-0.08726203441619873
2025-12-03 12:30:00,1.55,1.6351867553609367,1.5569133,-0.08518675536093667,-0.006913256645202592
2025-12-03 12:30:00,0.88,0.9561777801648746,1.0471402,-0.07617778016487464,-0.16714024066925048
2025-12-03 12:30:00,1.68,1.7969877950603783,1.723128,-0.11698779506037837,-0.043127961158752504
2025-12-03 12:30:00,6.75,6.648000000000001,6.9972305,0.10199999999999942,-0.24723052978515625
2025-12-03 12:30:00,1.29,1.3300419901213008,1.3588881,-0.04004199012130072,-0.06888814926147457
2025-12-03 12:30:00,7.11,6.854850596903094,6.895878,0.25514940309690637,0.2141221618652347
2025-12-03 12:30:00,1.67,1.771094270279514,1.7150333,-0.10109427027951412,-0.04503329277038581
2025-12-03 12:30:00,0.84,1.1266507601961464,1.2680402,-0.28665076019614644,-0.42804018020629886
2025-12-03 12:30:00,5.06,5.008530300122971,4.91397,0.05146969987702832,0.14603000640869102
2025-12-03 12:30:00,2.89,3.1631010200831646,3.0036762,-0.2731010200831645,-0.11367617607116687
2025-12-03 12:30:00,1.96,2.057335618326712,2.1531823,-0.09733561832671223,-0.19318226814270023
2025-12-03 12:30:00,1.68,1.7791799893943543,1.6737431,-0.09917998939435435,0.006256871223449645
2025-12-03 12:30:00,1.9,2.067571480825711,2.0278764,-0.16757148082571094,-0.12787637710571298
2025-12-03 12:30:00,1.39,1.4117698444592595,1.3968683,-0.021769844459259557,-0.006868348121643164
2025-12-03 12:30:00,2.28,2.2546669173947045,2.3494186,0.02533308260529532,-0.06941864013671895
2025-12-03 12:30:00,3.26,3.1398918071490285,3.2990935,0.1201081928509713,-0.03909348487854025
2025-12-03 12:30:00,1.42,1.4300080367627601,1.4589945,-0.010008036762760186,-0.03899450778961189
2025-12-03 12:30:00,0.58,0.5792121163294719,0.52511287,0.0007878836705280667,0.05488713264465328
2025-12-03 12:30:00,1.19,1.3280231021291273,1.228965,-0.13802310212912738,-0.0389650440216065
2025-12-03 12:30:00,0.93,0.9207421701537832,1.0031525,0.009257829846216814,-0.07315248966217036
2025-12-03 12:30:00,0.47,0.4854792865153143,0.5454019,-0.015479286515314328,-0.07540187120437625
2025-12-03 12:30:00,0.61,0.6346685512111118,0.50136864,-0.024668551211111778,0.10863135814666747
2025-12-03 12:30:00,0.93,0.909666963475553,0.96238166,0.020333036524447068,-0.03238166093826289
2025-12-03 12:30:00,2.84,3.2119269229831118,2.908601,-0.3719269229831119,-0.06860104560852065
2025-12-03 12:30:00,4.3,4.313731939885856,4.419322,-0.013731939885856193,-0.11932201385498065
2025-12-03 12:30:00,10.91,10.79178895309507,10.740671,0.11821104690493023,0.16932884216308608
2025-12-03 15:30:00,5.68,6.362318273809531,6.5969152,-0.682318273809531,-0.9169152450561526
2025-12-03 15:30:00,1.64,1.8503764643588576,1.7325804,-0.2103764643588577,-0.09258042335510264
2025-12-03 15:30:00,6.53,6.972337833751035,6.386766,-0.44233783375103464,0.14323404312133814
2025-12-03 15:30:00,0.82,0.925496745565075,0.8017383,-0.10549674556507505,0.018261678218841504
2025-12-03 15:30:00,2.31,2.2071179869890796,2.2229228,0.10288201301092048,0.0870771980285645
2025-12-03 15:30:00,1.68,1.8043305791867723,1.6664099,-0.12433057918677237,0.013590149879455504
2025-12-03 15:30:00,1.39,1.419613169913238,1.3787196,-0.029613169913238035,0.011280431747436426
2025-12-03 15:30:00,3.19,3.108333156578729,3.2622478,0.08166684342127084,-0.07224780082702642
2025-12-03 15:30:00,0.51,0.583779243477393,0.5178532,-0.07377924347739295,-0.007853200435638419
2025-12-03 15:30:00,2.08,2.0795721723139944,1.8869376,0.00042782768600568843,0.19306238174438484
2025-12-03 15:30:00,0.47,0.601645953368452,0.54434764,-0.13164595336845197,-0.07434764385223391
2025-12-03 15:30:00,1.02,1.0376986122275786,0.98249054,-0.017698612227578625,0.03750946044921877
2025-12-03 15:30:00,0.81,0.8341420549687794,0.8551127,-0.024142054968779303,-0.04511267185211176
2025-12-03 15:30:00,1.21,1.2380572075100975,1.1875328,-0.028057207510097548,0.0224672174453735
2025-12-03 15:30:00,10.44,10.717689311764179,10.742551,-0.27768931176417944,-0.3025508499145513
2025-12-03 15:30:00,2.83,3.2235588287381645,2.956864,-0.3935588287381644,-0.12686411857604973
2025-12-03 15:30:00,2.25,1.790486068801062,1.8511213,0.459513931198938,0.39887869358062744
2025-12-03 15:30:00,1.5,1.5943406832748979,1.5259039,-0.09434068327489786,-0.025903940200805664
2025-12-03 15:30:00,0.98,1.1090743168312114,1.0516928,-0.1290743168312114,-0.07169284343719484
2025-12-03 15:30:00,3.66,4.204201872175355,3.9939973,-0.5442018721753552,-0.3339973354339598
2025-12-03 15:30:00,2.65,3.139591485158698,2.8717077,-0.489591485158698,-0.2217076778411866
2025-12-03 15:30:00,1.38,1.3898177336352924,1.4941603,-0.00981773363529248,-0.11416029453277599
2025-12-03 15:30:00,4.18,5.053894069867434,4.8692994,-0.8738940698674345,-0.6892994117736819
2025-12-03 15:30:00,3.8,3.8160642159749347,3.9443517,-0.016064215974934903,-0.14435167312622088
2025-12-03 15:30:00,1.39,0.863104011596667,0.95935726,0.5268959884033328,0.43064273834228506
2025-12-03 15:30:00,0.97,1.074529366647324,1.0973018,-0.10452936664732393,-0.12730184078216555
2025-12-03 15:30:00,0.89,0.9112710089036079,0.9978071,-0.02127100890360789,-0.10780708551406859
2025-12-03 15:30:00,1.08,1.1613035944642158,1.1367395,-0.08130359446421576,-0.056739492416381765
2025-12-03 15:30:00,1.24,1.3466115985341176,1.3131481,-0.10661159853411761,-0.0731481409072876
2025-12-03 15:30:00,1.8,2.048029682226748,2.0308535,-0.24802968222674804,-0.23085350990295406
2025-12-03 15:30:00,0.58,1.9186021216485765,1.9968444,-1.3386021216485764,-1.4168444108963012
2025-12-03 15:30:00,0.62,0.5000817970728177,0.47969157,0.11991820292718225,0.14030843496322631
2025-12-03 15:30:00,1.62,1.8752257628470559,1.731425,-0.2552257628470558,-0.11142504692077626
2025-12-03 15:30:00,0.9,0.9139314829303952,0.95471823,-0.013931482930395145,-0.05471823215484617
2025-12-03 15:30:00,1.54,2.27183536519897,2.4089875,-0.73183536519897,-0.8689875221252441
2025-12-04 03:30:00,2.7,3.730677710869876,3.461113,-1.0306777108698757,-0.7611129760742186
2025-12-04 03:30:00,1.6,1.8180414636294693,1.7018354,-0.2180414636294692,-0.10183539390563956
2025-12-04 03:30:00,3.91,3.812337888573662,3.773767,0.09766211142633807,0.13623300552368178
2025-12-04 03:30:00,2.9,3.189162948868288,3.4726644,-0.2891629488682881,-0.5726643562316895
2025-12-04 03:30:00,2.02,1.9249011984397264,1.7985741,0.09509880156027362,0.22142590999603273
2025-12-04 03:30:00,0.99,1.0277949847215506,0.9701692,-0.03779498472155063,0.01983081340789794
2025-12-04 03:30:00,0.96,1.0038748052678934,1.0300661,-0.043874805267893446,-0.07006613254547123
2025-12-04 03:30:00,0.88,0.9491082663964686,0.9976712,-0.06910826639646861,-0.11767118692398071
2025-12-04 03:30:00,1.11,1.1383412832323336,1.0737586,-0.028341283232333536,0.03624139785766611
2025-12-04 03:30:00,0.5,0.5342838195303325,0.5094387,-0.03428381953033255,-0.009438693523406982
2025-12-04 03:30:00,1.63,2.12049653100435,2.067992,-0.4904965310043501,-0.4379919719696046
2025-12-04 03:30:00,0.87,0.884316833537628,0.95771587,-0.014316833537628026,-0.08771586894989014
2025-12-04 03:30:00,1.1,1.7349486364935165,1.6897281,-0.6349486364935164,-0.5897281408309936
2025-12-04 03:30:00,2.46,2.6132886643938478,2.762057,-0.1532886643938478,-0.30205706596374515
2025-12-04 03:30:00,2.28,2.2337173289161183,2.2482822,0.04628267108388151,0.03171780586242656
2025-12-04 03:30:00,1.36,1.3671459104682655,1.417392,-0.007145910468265404,-0.05739201545715322
2025-12-04 03:30:00,1.09,1.4708433526098585,1.3198882,-0.38084335260985847,-0.2298882341384887
2025-12-04 03:30:00,3.11,3.072792315779982,3.2190008,0.03720768422001797,-0.10900081634521497
2025-12-04 03:30:00,1.75,1.8825891037495908,1.8733596,-0.13258910374959076,-0.1233595609664917
2025-12-04 03:30:00,10.69,10.556862500000008,11.036286,0.13313749999999125,-0.3462863540649419
2025-12-04 03:30:00,1.46,1.4403177210383538,1.4899877,0.019682278961646205,-0.02998773097991947
2025-12-04 03:30:00,2.8,3.0913158489021235,2.9403555,-0.2913158489021237,-0.1403555393218996
2025-12-04 03:30:00,1.21,1.3602592502385518,1.1925098,-0.1502592502385518,0.017490229606628382
2025-12-04 03:30:00,1.0,0.9642935767754627,0.9825826,0.03570642322453732,0.01741737127304077
2025-12-04 03:30:00,5.53,5.1240303698666185,5.7171836,0.4059696301333817,-0.18718358993530249
2025-12-04 03:30:00,1.39,1.3843423901986345,1.3777335,0.005657609801365426,0.012266530990600488
2025-12-04 03:30:00,5.75,6.2339919192576465,6.2752743,-0.4839919192576465,-0.5252742767333984
2025-12-04 03:30:00,1.15,1.4232771413817367,1.3133023,-0.27327714138173675,-0.16330227851867685
2025-12-04 03:30:00,0.79,0.5895055418324282,0.5418419,0.20049445816757183,0.2481580758094788
2025-12-04 03:30:00,0.46,0.8901117019024157,0.5430887,-0.4301117019024157,-0.08308867454528807
2025-12-04 03:30:00,1.6,1.9759287617693564,1.7081859,-0.3759287617693563,-0.10818591117858878
2025-12-04 03:30:00,1.66,1.7966700203320312,1.6669072,-0.13667002033203124,-0.006907191276550373
2025-12-04 09:30:00,0.56,1.4048779865324534,1.1528945,-0.8448779865324534,-0.5928944969177246
2025-12-04 09:30:00,1.38,1.3924752752769205,1.4082886,-0.012475275276920605,-0.028288598060608017
2025-12-04 09:30:00,1.37,1.206184519345915,1.2833287,0.16381548065408502,0.08667134761810313
2025-12-04 09:30:00,1.06,1.1525564328486981,1.1388878,-0.09255643284869808,-0.07888776302337641
2025-12-04 09:30:00,2.07,1.6548977604975013,1.5602058,0.4151022395024986,0.5097941827774046
2025-12-04 09:30:00,2.42,2.0921192184405575,1.9508617,0.32788078155944245,0.46913830757141106
2025-12-04 09:30:00,0.76,0.824555338348896,0.86255324,-0.06455533834889604,-0.10255323886871337
2025-12-04 09:30:00,1.26,1.3952606916984376,1.4435941,-0.13526069169843757,-0.18359409809112548
2025-12-04 09:30:00,1.11,1.318427708301073,1.2148472,-0.20842770830107282,-0.10484720706939687
2025-12-04 09:30:00,-0.7,0.2976999999999997,0.4480686,-0.9976999999999996,-1.1480685889720916
2025-12-04 09:30:00,2.47,3.0206267650617646,2.9673944,-0.5506267650617644,-0.4973943519592283
2025-12-04 09:30:00,1.41,1.48672665564463,1.5029204,-0.07672665564462999,-0.09292038917541512
2025-12-04 09:30:00,3.75,3.2417264508008747,2.9129941,0.5082735491991253,0.8370058536529541
2025-12-04 09:30:00,0.48,0.5711343296425657,0.5018097,-0.09113432964256574,-0.021809716224670428
2025-12-04 09:30:00,0.96,1.6535482400434973,1.3516556,-0.6935482400434974,-0.3916556024551392
2025-12-04 09:30:00,2.3,2.4032663670271686,2.5105472,-0.10326636702716874,-0.2105471611022951
2025-12-04 09:30:00,1.64,1.8300678705617617,1.6586173,-0.19006787056176178,-0.018617258071899512
2025-12-04 09:30:00,0.82,0.8131465879232819,0.87493575,0.0068534120767180795,-0.05493574619293218
2025-12-04 09:30:00,2.3,2.9001485349803504,2.7053943,-0.6001485349803506,-0.40539426803588885
2025-12-04 09:30:00,2.02,1.8012379205211622,1.7241085,0.21876207947883786,0.2958915424346924
2025-12-04 09:30:00,3.06,3.1550570135818465,3.098099,-0.09505701358184648,-0.03809899330139155
2025-12-04 09:30:00,2.6,2.177973330005257,2.2342262,0.42202666999474303,0.36577377319335946
2025-12-04 09:30:00,1.92,1.9372047597555508,1.93027,-0.017204759755550914,-0.010269956588745188
2025-12-04 09:30:00,3.42,3.6407782443985366,3.54936,-0.22077824439853666,-0.12936003684997566
2025-12-04 09:30:00,0.78,0.7162379498534446,0.7487841,0.06376205014655545,0.03121587514877322
2025-12-04 09:30:00,1.02,0.9959506553486854,0.9634844,0.024049344651314586,0.056515593528747576
2025-12-04 09:30:00,0.96,0.9830271960235667,1.0446587,-0.02302719602356673,-0.08465866088867191
2025-12-04 09:30:00,1.86,0.943779612167042,1.0122648,0.9162203878329581,0.847735152244568
2025-12-04 09:30:00,1.0,0.9910970882170003,0.9947447,0.008902911782999734,0.005255281925201416
2025-12-04 09:30:00,10.52,10.64742191558442,10.603728,-0.12742191558442073,-0.08372829437255902
2025-12-04 09:30:00,1.61,1.7876162650450589,1.7241085,-0.17761626504505879,-0.11410845756530752
2025-12-04 09:30:00,1.23,0.8641555539404919,0.9640788,0.36584444605950805,0.26592121601104735
2025-12-04 09:30:00,6.02,5.053448070746385,5.643253,0.9665519292536144,0.37674715042114215
2025-12-04 09:30:00,2.87,0.48550601120966796,0.5208397,2.3844939887903323,2.3491603088378907
2025-12-04 09:30:00,0.96,1.1295471087583584,1.113889,-0.16954710875835843,-0.15388897895812992
2025-12-04 21:30:00,1.11,1.1446754224821472,1.0724502,-0.034675422482147056,0.03754983901977549
2025-12-04 21:30:00,0.98,3.177446417202605,3.2556853,-2.197446417202605,-2.275685329437256
2025-12-04 21:30:00,1.99,1.8252116238934986,2.0034978,0.16478837610650143,-0.013497838973999032
2025-12-04 21:30:00,0.76,0.8311119930414209,0.7477732,-0.0711119930414209,0.012226829528808603
2025-12-04 21:30:00,2.19,2.730558643045661,2.43235,-0.540558643045661,-0.2423499202728272
2025-12-04 21:30:00,6.23,6.477735303030303,6.127472,-0.24773530303030267,0.10252807617187543
2025-12-04 21:30:00,1.6,1.7264269097357214,1.5880306,-0.12642690973572135,0.011969423294067472
2025-12-04 21:30:00,2.1,3.0816508535355855,2.6858675,-0.9816508535355855,-0.5858675479888915
2025-12-04 21:30:00,6.32,5.220360581347002,5.4138255,1.0996394186529983,0.9061744880676272
2025-12-04 21:30:00,0.8,0.8262535164635453,0.84691054,-0.026253516463545234,-0.046910536289215043
2025-12-04 21:30:00,4.59,3.9778696219612524,3.7276523,0.6121303780387475,0.8623476886749266
2025-12-04 21:30:00,1.29,1.3139934236193926,1.306555,-0.023993423619392606,-0.016555032730102504
2025-12-04 21:30:00,0.9,0.970674976763794,0.977941,-0.07067497676379397,-0.07794097661972044
2025-12-04 21:30:00,2.6,2.718284756810838,2.2667131,-0.11828475681083805,0.33328685760498056
2025-12-04 21:30:00,0.92,1.070640549178356,1.0483167,-0.1506405491783559,-0.1283167171478271
2025-12-04 21:30:00,1.39,1.3510976334525164,1.4035977,0.03890236654748347,-0.013597712516784766
2025-12-04 21:30:00,10.45,10.797921666666655,10.524549,-0.3479216666666556,-0.07454853057861399
2025-12-04 21:30:00,1.14,0.44583005659812935,0.5850436,0.6941699434018705,0.5549563908576964
2025-12-04 21:30:00,0.91,1.0174628653069768,0.95403063,-0.1074628653069768,-0.044030632972717254
2025-12-04 21:30:00,2.44,2.5269902760076604,2.455805,-0.0869902760076604,-0.015805063247680717
2025-12-04 21:30:00,0.91,1.6478499999999985,1.315153,-0.7378499999999985,-0.4051530027389526
2025-12-04 21:30:00,0.85,1.4758542350614658,1.218858,-0.6258542350614659,-0.36885800361633303
2025-12-04 21:30:00,1.3,1.1501131949282017,1.0651308,0.1498868050717983,0.23486917018890385
2025-12-04 21:30:00,1.6,1.7832439961487794,2.1188507,-0.1832439961487793,-0.5188507080078124
2025-12-04 21:30:00,1.84,2.145354293810405,2.084361,-0.305354293810405,-0.2443610763549804
2025-12-04 21:30:00,1.88,2.1470132031149034,1.9963177,-0.2670132031149035,-0.11631774425506602
2025-12-04 21:30:00,1.35,1.3924132922696664,1.35301,-0.04241329226966628,-0.003010058403015048
2025-12-04 21:30:00,3.62,2.8849557031853066,3.1016335,0.7350442968146935,0.5183664512634278
2025-12-04 21:30:00,1.87,1.4746188479644897,1.3841091,0.3953811520355104,0.48589086055755626
2025-12-04 21:30:00,3.3,3.259723966981569,3.222617,0.040276033018430635,0.07738308906555158
2025-12-04 21:30:00,1.12,0.9920996254118718,1.0665805,0.1279003745881283,0.053419466018676864
2025-12-04 21:30:00,1.82,2.0019677332846717,1.9612112,-0.18196773328467164,-0.14121120452880853
2025-12-04 21:30:00,0.95,1.1228656629351654,1.0059662,-0.17286566293516548,-0.055966186523437544
2025-12-05 12:30:00,2.25,2.5294777540498474,2.802783,-0.2794777540498474,-0.5527830123901367
2025-12-05 12:30:00,6.28,6.760969230769234,6.3632374,-0.4809692307692339,-0.08323738098144506
2025-12-05 12:30:00,10.68,10.886347932330814,10.822905,-0.2063479323308144,-0.14290458679199247
2025-12-05 12:30:00,0.88,0.8138779133410736,0.866612,0.06612208665892638,0.013387982845306401
2025-12-05 12:30:00,2.77,2.172890376121601,2.31692,0.5971096238783988,0.45307995796203615
2025-12-05 12:30:00,0.75,0.8184822136517651,0.8317895,-0.0684822136517651,-0.08178949356079102
2025-12-05 12:30:00,0.87,1.030634029731735,0.9681744,-0.1606340297317349,-0.09817439794540406
2025-12-05 12:30:00,1.77,1.322230731091355,1.3066704,0.447769268908645,0.4633295726776123
2025-12-05 12:30:00,1.88,1.8259215858085338,1.8434646,0.054078414191466084,0.036535387039184464
2025-12-05 12:30:00,1.5,0.9532679676098544,0.87079734,0.5467320323901456,0.629202663898468
2025-12-05 12:30:00,3.3,2.12223230201322,1.9206738,1.1777676979867797,1.3793261528015135
2025-12-05 12:30:00,2.3,2.340452417602771,2.418868,-0.040452417602771185,-0.11886806488037127
2025-12-05 12:30:00,1.2,1.3808475263096178,1.260833,-0.18084752630961787,-0.06083302497863774
2025-12-05 12:30:00,0.89,0.9703048545441986,1.006186,-0.08030485454419856,-0.11618600845336913
2025-12-05 12:30:00,2.92,2.3602020807844064,2.380861,0.5597979192155935,0.5391389560699462
2025-12-05 12:30:00,0.98,1.3045532935911068,1.0966455,-0.32455329359110685,-0.11664547443389894
2025-12-05 12:30:00,0.65,0.8282009867637725,0.783285,-0.1782009867637725,-0.13328502178192136
2025-12-05 12:30:00,0.96,0.9897505037546288,0.98870724,-0.029750503754628843,-0.028707244396209752
2025-12-05 12:30:00,3.94,3.165817058580917,3.5181608,0.7741829414190828,0.42183917999267573
2025-12-05 12:30:00,1.15,0.9547851576106952,0.8713708,0.19521484238930475,0.2786292076110839
2025-12-05 12:30:00,2.33,1.7115122502969462,1.7623693,0.6184877497030539,0.5676307249069215
2025-12-05 12:30:00,1.61,1.7428122472857956,1.6269156,-0.13281224728579555,-0.016915574073791406
2025-12-05 12:30:00,4.33,3.985222633562343,4.0238357,0.3447773664376572,0.30616434097290046
2025-12-05 12:30:00,1.07,1.8299382625497602,1.6646773,-0.7599382625497602,-0.5946772623062133
2025-12-05 12:30:00,1.06,0.9448834817489683,0.9597284,0.11511651825103175,0.10027158021926885
2025-12-05 12:30:00,0.99,0.9686532541527701,1.0756742,0.021346745847229842,-0.0856741762161255
2025-12-05 12:30:00,1.78,1.974807637535167,1.8790364,-0.19480763753516706,-0.09903642654418943
2025-12-05 12:30:00,1.4,1.3669279663993794,1.3991369,0.0330720336006205,0.0008630990982054776
2025-12-05 12:30:00,2.07,2.4678068337257333,2.5012908,-0.39780683372573344,-0.431290798187256
2025-12-05 12:30:00,1.35,1.4012699169905614,1.3821628,-0.05126991699056127,-0.03216280937194815
2025-12-05 12:30:00,4.16,2.153423182245312,2.2236965,2.0065768177546883,1.93630352973938
2025-12-05 12:30:00,1.14,1.1550095603944206,1.1060351,-0.015009560394420696,0.03396488666534414
2025-12-05 12:30:00,3.37,3.218403655057922,3.2445896,0.15159634494207808,0.12541043281555186
2025-12-05 12:30:00,-1.45,-0.04164999999999994,-0.12846102,-1.40835,-1.321538981795311
2025-12-05 12:30:00,6.7,6.037449339579446,6.1786823,0.6625506604205542,0.5213176727294924
2025-12-05 12:30:00,0.74,1.2622533102685518,0.9245985,-0.5222533102685518,-0.18459851503372193
2025-12-06 00:30:00,1.09,1.1247648290358034,1.1296712,-0.03476482903580336,-0.03967121601104728
2025-12-06 00:30:00,10.32,10.697756966089456,10.740309,-0.3777569660894553,-0.4203087615966794
2025-12-06 00:30:00,1.74,1.8829939939870268,1.879467,-0.14299399398702684,-0.13946701049804688
2025-12-06 00:30:00,2.04,2.2084245152626703,2.6264844,-0.16842451526267022,-0.5864843940734863
2025-12-06 00:30:00,1.6,1.7605020027922769,1.6079042,-0.16050200279227678,-0.007904195785522372
2025-12-06 00:30:00,0.92,1.1011022730499924,1.0977852,-0.18110227304999238,-0.1777852344512939
2025-12-06 00:30:00,0.92,0.907554207800181,0.91161597,0.012445792199819006,0.008384032249450724
2025-12-06 00:30:00,0.64,1.047813891357896,0.8830099,-0.40781389135789603,-0.24300991058349608
2025-12-06 00:30:00,0.91,1.09926874414454,1.0300697,-0.18926874414453987,-0.12006970882415768
2025-12-06 00:30:00,1.34,2.0766588129679637,1.8514796,-0.7366588129679636,-0.5114796495437621
2025-12-06 00:30:00,1.01,1.045447037751871,0.9827919,-0.03544703775187097,0.027208099365234384
2025-12-06 00:30:00,0.87,0.8876377816257375,0.98718834,-0.01763778162573748,-0.11718833923339844
2025-12-06 00:30:00,1.07,1.2777944588343575,1.1354852,-0.20779445883435743,-0.06548517227172845
2025-12-06 00:30:00,6.82,6.639891022839901,6.225905,0.18010897716009922,0.5940950584411624
2025-12-06 00:30:00,0.38,0.743729272607035,0.7226821,-0.363729272607035,-0.3426821184158325
2025-12-06 00:30:00,0.76,1.1904912970744794,0.94633687,-0.4304912970744794,-0.18633686542510985
2025-12-06 00:30:00,1.31,1.47277597150607,1.4356624,-0.16277597150606993,-0.12566238880157465
2025-12-06 00:30:00,2.85,3.3611898777149514,3.4204943,-0.5111898777149513,-0.5704943180084228
2025-12-06 00:30:00,2.94,2.799494250953296,2.7863986,0.14050574904670388,0.1536013507843017
2025-12-06 00:30:00,0.91,1.1249148463036138,0.9303367,-0.2149148463036138,-0.020336713790893524
2025-12-06 00:30:00,1.89,1.8627706654671181,1.8471599,0.027229334532881788,0.042840137481689355
2025-12-06 00:30:00,1.9,2.8891062915706986,2.48538,-0.9891062915706987,-0.5853799343109132
2025-12-06 00:30:00,1.38,1.4227547952912898,1.4450183,-0.04275479529128989,-0.06501829147338878
2025-12-06 00:30:00,3.76,4.206337485050031,4.1642947,-0.446337485050031,-0.40429471969604514
2025-12-06 00:30:00,1.91,2.575259395610818,2.7163959,-0.6652593956108179,-0.8063958549499513
2025-12-06 00:30:00,1.17,1.245005646501493,1.2503562,-0.075005646501493,-0.0803561973571778
2025-12-06 00:30:00,5.97,6.987516428571432,6.769179,-1.0175164285714322,-0.7991788673400881
2025-12-06 00:30:00,1.25,1.078892700548549,1.0109444,0.1711072994514511,0.23905563354492188
2025-12-06 00:30:00,2.62,3.5686864285714273,3.6729734,-0.9486864285714272,-1.0529733943939208
2025-12-06 00:30:00,1.92,2.6567887167573976,2.459191,-0.7367887167573977,-0.5391910839080811
2025-12-06 00:30:00,2.5,2.1376711913242112,2.1144702,0.36232880867578876,0.3855297565460205
2025-12-06 00:30:00,4.05,3.9117805108316035,3.970833,0.13821948916839633,0.07916693687438947
2025-12-06 00:30:00,2.9,2.3787887451993455,2.2623348,0.5212112548006544,0.6376651763916015
2025-12-06 15:30:00,1.27,1.3841609128022818,1.4985958,-0.1141609128022818,-0.22859583377838133
2025-12-06 15:30:00,3.44,3.868830354937338,3.8607974,-0.42883035493733823,-0.42079740524292
2025-12-06 15:30:00,1.85,2.1744722530788785,2.1285677,-0.3244722530788784,-0.2785676956176757
2025-12-06 15:30:00,6.25,6.670671114718614,6.403798,-0.42067111471861374,-0.15379810333251953
2025-12-06 15:30:00,2.48,2.4569396407621973,2.3608603,0.023060359237802697,0.11913965225219725
2025-12-06 15:30:00,2.7,2.5678125140814636,2.6725001,0.13218748591853657,0.02749986648559588
2025-12-06 15:30:00,0.71,0.8431282715671077,0.8152769,-0.13312827156710771,-0.10527692079544071
2025-12-06 15:30:00,-1.58,-1.0521999999999996,-1.6648548,-0.5278000000000005,0.08485476493835442
2025-12-06 15:30:00,1.87,2.0009290010560044,2.1211526,-0.13092900105600425,-0.251152639389038
2025-12-06 15:30:00,1.68,2.2396482786660785,1.9521873,-0.5596482786660786,-0.2721872997283936
2025-12-06 15:30:00,1.08,1.0805966809931111,1.0774302,-0.0005966809931110539,0.002569751739502024
2025-12-06 15:30:00,2.47,3.0543192140638196,2.747606,-0.5843192140638194,-0.277606039047241
2025-12-06 15:30:00,2.79,3.4224654689481246,2.6655405,-0.6324654689481246,0.12445954322814945
2025-12-06 15:30:00,0.92,1.0993114672143625,1.0059531,-0.17931146721436242,-0.08595307350158687
2025-12-06 15:30:00,1.2,1.3949846042735323,1.2510598,-0.19498460427353237,-0.05105977058410649
2025-12-06 15:30:00,1.64,1.9268372575243575,1.8976997,-0.2868372575243576,-0.2576997137069703
2025-12-06 15:30:00,0.35,0.5522594201461105,0.5946285,-0.20225942014611054,-0.2446285128593445
2025-12-06 15:30:00,0.89,1.227716962361563,0.9647566,-0.3377169623615629,-0.07475660800933837
2025-12-06 15:30:00,1.36,1.4884322692342096,1.4391037,-0.12843226923420947,-0.07910372257232656
2025-12-06 15:30:00,1.27,1.3791481784194506,1.330141,-0.10914817841945057,-0.060140948295593244
2025-12-06 15:30:00,0.84,0.9404814322829305,0.911316,-0.1004814322829305,-0.0713159775733948
2025-12-06 15:30:00,1.89,1.8451305882319675,1.7718815,0.044869411768032386,0.11811853885650625
2025-12-06 15:30:00,5.8,5.897044480612777,5.834505,-0.09704448061277748,-0.03450508117675799
2025-12-06 15:30:00,0.9,1.0615656420023227,0.9615411,-0.1615656420023227,-0.06154111623764036
2025-12-06 15:30:00,10.1,10.721544999999987,10.588894,-0.6215449999999869,-0.48889389038085973
2025-12-06 15:30:00,2.07,2.196174388783193,2.1736357,-0.12617438878319298,-0.1036357212066652
2025-12-06 15:30:00,1.29,2.482881882681106,1.9985186,-1.1928818826811058,-0.7085185861587524
2025-12-06 15:30:00,0.7,0.7635478538675486,0.7725358,-0.06354785386754869,-0.07253580093383794
2025-12-06 15:30:00,0.95,1.0950708348898954,1.047485,-0.14507083488989547,-0.09748499393463139
2025-12-06 15:30:00,3.17,3.5408312112414086,3.5583045,-0.3708312112414087,-0.3883045482635499
2025-12-06 15:30:00,0.59,0.8072320878701508,0.6895941,-0.2172320878701508,-0.09959408998489383
2025-12-06 15:30:00,1.56,1.7295344090562095,1.6206944,-0.16953440905620942,-0.06069439888000483
2025-12-06 15:30:00,0.81,0.9442992496666843,0.98939514,-0.13429924966668427,-0.17939514160156245
2025-12-06 15:30:00,0.89,1.0551025586315719,1.1730666,-0.16510255863157186,-0.2830666160583496
2025-12-06 15:30:00,1.1,1.3054825633838874,1.2463256,-0.20548256338388726,-0.14632561206817618
2025-12-06 15:30:00,1.94,2.0606999314429846,2.0407367,-0.12069993144298463,-0.10073667526245123
2025-12-07 06:30:00,3.01,3.0175910508373183,3.761068,-0.00759105083731848,-0.751068105697632
2025-12-07 06:30:00,1.62,1.7440407117280339,1.68934,-0.12404071172803377,-0.0693399953842162
2025-12-07 06:30:00,0.87,1.2948541153665059,1.2017343,-0.42485411536650586,-0.3317343044281006
2025-12-07 06:30:00,1.7,2.4251562277471743,2.3874362,-0.7251562277471744,-0.6874361515045166
2025-12-07 06:30:00,2.7,3.1079065983394156,3.419596,-0.40790659833941545,-0.719595956802368
2025-12-07 06:30:00,0.69,1.0520785058755349,0.991974,-0.3620785058755349,-0.3019739961624146
2025-12-07 06:30:00,1.86,1.9369776410977289,1.9865459,-0.07697764109772876,-0.12654592037200918
2025-12-07 06:30:00,2.32,2.4625977150561336,2.8375993,-0.14259771505613372,-0.517599277496338
2025-12-07 06:30:00,0.67,0.7751904173936185,0.7599119,-0.10519041739361845,-0.08991189479827877
2025-12-07 06:30:00,0.87,1.1985426844232474,1.1105157,-0.3285426844232474,-0.24051571369171143
2025-12-07 06:30:00,0.56,0.6467673084863444,0.7532974,-0.0867673084863444,-0.19329738855361933
2025-12-07 06:30:00,1.57,2.640995889452321,2.6085625,-1.0709958894523208,-1.0385624694824218
2025-12-07 06:30:00,1.07,1.1374602395346356,1.1552224,-0.06746023953463554,-0.0852224159240722
2025-12-07 06:30:00,1.76,2.3509864752332548,1.9288201,-0.5909864752332548,-0.1688201332092285
2025-12-07 06:30:00,2.7,2.384314252232516,2.3674068,0.31568574776748415,0.33259315490722674
2025-12-07 06:30:00,1.54,1.795659160530483,1.6284463,-0.255659160530483,-0.08844634056091305
2025-12-07 06:30:00,1.47,1.842840498959976,1.8067887,-0.37284049895997606,-0.3367886829376221
2025-12-07 06:30:00,0.88,1.111425108482261,0.9978634,-0.23142510848226105,-0.11786341190338134
2025-12-07 06:30:00,5.5,5.553445362711355,5.8642673,-0.05344536271135514,-0.36426734924316406
2025-12-07 06:30:00,1.03,1.0595037377394574,1.0758517,-0.02950373773945736,-0.045851678848266575
2025-12-07 06:30:00,0.8,0.9871665111039273,0.861763,-0.18716651110392724,-0.061763000488281206
2025-12-07 06:30:00,2.0,2.5027846625227808,2.6423116,-0.5027846625227808,-0.6423115730285645
2025-12-07 06:30:00,1.27,1.2853904187412,1.3067741,-0.015390418741199952,-0.03677413940429686
2025-12-07 06:30:00,1.59,1.8643518276187556,1.7547461,-0.27435182761875554,-0.16474607944488517
2025-12-07 06:30:00,2.75,2.882876840681575,2.3941412,-0.13287684068157501,0.35585880279541016
2025-12-07 06:30:00,0.84,1.0457347480315182,1.0862195,-0.20573474803151826,-0.24621954917907718
2025-12-07 06:30:00,0.82,0.822365004309059,0.8111409,-0.00236500430905906,0.008859105110168408
2025-12-07 06:30:00,0.33,0.43146312029721123,0.47624227,-0.10146312029721122,-0.1462422740459442
2025-12-07 06:30:00,5.73,5.8825436496288805,6.0696955,-0.15254364962888012,-0.33969547271728473
2025-12-07 06:30:00,1.25,1.276773496795389,1.3135955,-0.026773496795388985,-0.06359553337097168
2025-12-07 06:30:00,10.15,10.32290000000001,10.728621,-0.17290000000000916,-0.5786205291748043
2025-12-07 06:30:00,1.34,1.3741427561617348,1.3909287,-0.03414275616173468,-0.05092874526977531
2025-12-07 06:30:00,0.87,0.9798993084239274,0.9251748,-0.10989930842392737,-0.055174772739410405
2025-12-07 15:30:00,0.95,0.9158773084559232,0.98703986,0.034122691544076766,-0.037039864063262984
2025-12-07 15:30:00,1.55,1.7238855593496825,1.5297961,-0.17388555934968242,0.020203876495361373
2025-12-07 15:30:00,1.25,1.3396426124404364,1.252523,-0.08964261244043636,-0.0025229454040527344
2025-12-07 15:30:00,2.51,2.790449763585763,2.83498,-0.280449763585763,-0.32498001098632834
2025-12-07 15:30:00,0.81,0.8598951995069248,0.8153043,-0.04989519950692478,-0.005304279327392525
2025-12-07 15:30:00,0.57,0.6320440046831866,0.5920695,-0.062044004683186604,-0.022069506645202686
2025-12-07 15:30:00,0.83,0.8901643474106865,0.9530343,-0.06016434741068655,-0.1230342817306519
2025-12-07 15:30:00,1.04,1.139298986194141,1.0766575,-0.0992989861941409,-0.03665753364562985
2025-12-07 15:30:00,0.72,0.7401044218311541,0.7120346,-0.02010442183115413,0.007965416908264134
2025-12-07 15:30:00,5.4,5.037471377204602,5.5527916,0.36252862279539855,-0.15279159545898402
2025-12-07 15:30:00,1.94,2.177885846346518,2.0786555,-0.2378858463465181,-0.13865548133850103
2025-12-07 15:30:00,1.3,1.6179631055925001,1.3877184,-0.3179631055925001,-0.08771843910217281
2025-12-07 15:30:00,1.26,1.4165594972233513,1.5335907,-0.15655949722335127,-0.2735906744003296
2025-12-07 15:30:00,1.64,1.8077192419903085,2.126396,-0.16771924199030863,-0.48639594078063975
2025-12-07 15:30:00,0.78,0.7443259268846875,0.88151217,0.035674073115312566,-0.10151216506958005
2025-12-07 15:30:00,10.06,11.076100000000007,10.380792,-1.0161000000000069,-0.32079166412353466
2025-12-07 15:30:00,1.58,2.1175498742169245,2.038776,-0.5375498742169245,-0.45877592086791985
2025-12-07 15:30:00,0.79,0.8878684162533002,0.9269186,-0.09786841625330012,-0.13691862583160397
2025-12-07 15:30:00,1.97,1.5457791202748232,1.4761775,0.42422087972517675,0.493822546005249
2025-12-07 15:30:00,0.87,0.8717569047794683,0.9131436,-0.0017569047794683268,-0.04314357519149781
2025-12-07 15:30:00,2.29,2.7856756767312914,2.4835668,-0.4956756767312913,-0.19356676101684567
2025-12-07 15:30:00,1.65,1.9745738792790022,1.8011993,-0.3245738792790023,-0.15119931697845468
2025-12-07 15:30:00,-1.5,-1.5655500000000007,-1.5157304,0.06555000000000066,0.01573038101196289
2025-12-07 15:30:00,1.88,1.6969835732276466,1.8094838,0.1830164267723533,0.07051623344421376
2025-12-07 15:30:00,0.97,0.9528349769098122,1.0599256,0.017165023090187748,-0.08992555618286135
2025-12-07 15:30:00,0.85,0.7195307258029817,0.7186393,0.13046927419701826,0.13136068582534788
2025-12-07 15:30:00,0.82,0.8290116076464116,0.8610458,-0.009011607646411623,-0.04104577779769902
2025-12-07 15:30:00,2.0,2.5325684608850314,2.5069265,-0.5325684608850314,-0.5069265365600586
2025-12-07 15:30:00,1.32,1.3847073462722579,1.3176311,-0.06470734627225783,0.002368874549865785
2025-12-07 15:30:00,1.61,1.6890698784900235,1.6314563,-0.07906987849002345,-0.021456255912780664
2025-12-07 15:30:00,2.96,2.9713773270349257,2.9030814,-0.011377327034925777,0.05691858291625973
2025-12-07 15:30:00,1.72,2.271332320178452,2.07542,-0.5513323201784519,-0.3554199028015137
2025-12-07 15:30:00,5.54,5.266510997337868,5.264741,0.2734890026621324,0.27525905609130863
2025-12-07 15:30:00,2.75,2.686767498639357,2.7929509,0.06323250136064296,-0.04295086860656738
2025-12-07 15:30:00,0.33,0.5868323437401651,0.47608477,-0.2568323437401651,-0.14608476877212523
2025-12-07 15:30:00,1.02,1.0549802433526474,1.0338073,-0.03498024335264738,-0.013807277679443342
2025-12-07 18:30:00,1.59,1.8104716549604318,1.7598333,-0.22047165496043175,-0.16983333587646476
2025-12-07 18:30:00,1.25,1.3573230624043666,1.3044916,-0.10732306240436662,-0.054491639137268066
2025-12-07 18:30:00,2.41,1.9882832282292027,2.0685644,0.42171677177079747,0.3414355850219728
2025-12-07 18:30:00,-0.44,-1.4593500000000008,-1.7697589,1.0193500000000009,1.329758939743042
2025-12-07 18:30:00,2.1,1.7852644003921503,1.9036367,0.3147355996078498,0.19636330604553232
2025-12-07 18:30:00,6.3,5.184507822914216,5.679693,1.115492177085784,0.6203067779541014
2025-12-07 18:30:00,2.26,1.9874408664927474,2.116297,0.27255913350725236,0.14370299339294412
2025-12-07 18:30:00,2.56,2.0827718585134503,1.9091944,0.4772281414865498,0.6508056497573853
2025-12-07 18:30:00,1.87,1.8868907643754245,1.7838683,-0.01689076437542436,0.08613168716430675
2025-12-07 18:30:00,1.28,1.3323720694794188,1.2463787,-0.05237206947941875,0.03362133979797366
2025-12-07 18:30:00,1.9,2.341322237834401,2.101813,-0.44132223783440105,-0.20181307792663583
2025-12-07 18:30:00,3.46,2.613531354778832,2.803155,0.8464686452211678,0.6568450546264648
2025-12-07 18:30:00,0.8,0.8273783273975246,0.8565653,-0.02737832739752455,-0.05656529664993282
2025-12-07 18:30:00,1.02,1.135609248415134,1.0705352,-0.11560924841513409,-0.05053518295288084
2025-12-07 18:30:00,1.47,1.4602946376343198,1.3843036,0.009705362365680203,0.0856964302062988
2025-12-07 18:30:00,1.15,1.1196744242239096,1.0078264,0.030325575776090297,0.14217355251312247
2025-12-07 18:30:00,1.02,1.0499682592194468,1.0060456,-0.02996825921944679,0.013954420089721697
2025-12-07 18:30:00,0.87,0.8691310602729041,0.8259705,0.0008689397270958965,0.04402952909469604
2025-12-07 18:30:00,0.32,0.5094488574031066,0.53333753,-0.18944885740310663,-0.2133375334739685
2025-12-07 18:30:00,1.52,1.703543733095258,1.5369419,-0.18354373309525807,-0.016941885948181135
2025-12-07 18:30:00,0.73,0.9146420037270429,0.7991606,-0.18464200372704287,-0.06916059970855715
2025-12-07 18:30:00,1.13,1.3700116668798776,1.0573123,-0.24001166687987774,0.07268774986267079
2025-12-07 18:30:00,4.56,5.129000710315571,5.1731963,-0.5690007103155716,-0.6131963157653813
2025-12-07 18:30:00,0.84,1.232521059482007,0.94496596,-0.3925210594820071,-0.10496595859527591
2025-12-07 18:30:00,0.71,0.5914489797572291,0.52496946,0.11855102024277087,0.18503054141998287
2025-12-07 18:30:00,2.78,3.4175510565476155,2.899361,-0.6375510565476157,-0.11936089515686055
2025-12-07 18:30:00,0.81,0.8483005141490103,0.8758692,-0.038300514149010256,-0.06586921453475947
2025-12-07 18:30:00,0.7,0.9304649993582191,0.723036,-0.23046499935821918,-0.023035991191864058
2025-12-07 18:30:00,1.68,1.9123770227903367,2.006695,-0.23237702279033678,-0.32669503211975104
2025-12-07 18:30:00,2.66,2.6588910667596544,2.7537694,0.0011089332403457774,-0.09376939773559556
2025-12-07 18:30:00,1.53,1.6109978411863375,1.6284153,-0.08099784118633746,-0.09841534614562986
2025-12-07 18:30:00,1.25,1.3396139764465698,1.3197217,-0.08961397644656977,-0.06972169876098633
2025-12-07 18:30:00,0.82,1.0108555922017946,0.93350154,-0.1908555922017946,-0.11350154161453252
2025-12-07 18:30:00,0.87,0.8852011978466559,0.9071885,-0.015201197846655856,-0.03718847513198853
2025-12-07 18:30:00,10.4,10.537649999999994,10.393361,-0.1376499999999936,0.006638908386230824
2025-12-07 18:30:00,3.75,3.137666777253212,3.1447217,0.6123332227467881,0.6052782535552979
2025-12-08 09:30:00,2.65,2.628858523388713,2.682735,0.021141476611286958,-0.03273496627807626
2025-12-08 09:30:00,-0.72,-0.6057500000000013,-1.1991034,-0.11424999999999863,0.47910335540771487
2025-12-08 09:30:00,0.86,0.9861249990064381,0.8991102,-0.12612499900643814,-0.03911019802093507
2025-12-08 09:30:00,2.38,3.0621440628339682,2.9807167,-0.6821440628339683,-0.6007167053222657
2025-12-08 09:30:00,0.7,0.8965522793657102,0.67339313,-0.1965522793657103,0.026606869697570756
2025-12-08 09:30:00,1.71,1.9732278232530152,1.8611329,-0.2632278232530152,-0.15113286018371586
2025-12-08 09:30:00,0.32,0.4890088635051428,0.36704993,-0.16900886350514277,-0.04704993247985839
2025-12-08 09:30:00,10.13,11.358149999999993,10.44317,-1.2281499999999923,-0.3131695938110344
2025-12-08 09:30:00,3.41,3.0856759441036923,3.334712,0.32432405589630786,0.07528797149658217
2025-12-08 09:30:00,0.8,0.8763143585823592,0.87814736,-0.07631435858235913,-0.07814736366271968
2025-12-08 09:30:00,2.17,2.443888585877289,2.524512,-0.27388858587728926,-0.3545120525360108
2025-12-08 09:30:00,0.98,1.2922367006535578,1.0849575,-0.3122367006535578,-0.10495748043060305
2025-12-08 09:30:00,4.23,4.272980389027484,4.334945,-0.042980389027483135,-0.10494520187377887
2025-12-08 09:30:00,6.18,6.638024761904762,6.4371185,-0.4580247619047624,-0.2571185302734378
2025-12-08 09:30:00,0.68,0.7631989914649524,0.74237686,-0.08319899146495235,-0.06237686395645137
2025-12-08 09:30:00,0.82,0.8330378630568336,0.9069853,-0.013037863056833632,-0.08698528289794927
2025-12-08 09:30:00,1.01,1.1231186005489477,1.0622536,-0.11311860054894773,-0.052253594398498526
2025-12-08 09:30:00,2.07,2.4067686236424395,2.4081204,-0.33676862364243965,-0.3381203937530519
2025-12-08 09:30:00,0.64,0.5591499739169637,0.5886228,0.08085002608303626,0.051377191543579115
2025-12-08 09:30:00,1.46,1.699793888326778,1.6200016,-0.23979388832677806,-0.16000155448913578
2025-12-08 09:30:00,2.03,2.013343473299912,2.0341341,0.01665652670008777,-0.004134149551391797
2025-12-08 09:30:00,1.78,1.8798603693426705,1.6882303,-0.09986036934267051,0.09176972389221194
2025-12-08 09:30:00,0.79,0.8094795075803534,0.8695933,-0.019479507580353328,-0.07959332227706906
2025-12-08 09:30:00,1.5,1.596620441124888,1.592989,-0.0966204411248881,-0.09298896789550781
2025-12-08 09:30:00,2.02,2.2835326306591925,2.1352851,-0.2635326306591925,-0.11528513908386229
2025-12-08 09:30:00,1.2,1.3081357548405632,1.274004,-0.10813575484056326,-0.07400398254394536
2025-12-08 09:30:00,1.23,1.3227069835190373,1.2881081,-0.09270698351903728,-0.05810811042785646
2025-12-08 09:30:00,0.7,0.8690578501244787,0.8004575,-0.16905785012447871,-0.10045747756958012
2025-12-08 09:30:00,0.8,0.8249095387783433,0.8997672,-0.024909538778343232,-0.09976722002029415
2025-12-08 09:30:00,1.23,1.331921987952299,1.3054426,-0.10192198795229901,-0.07544257164001467
2025-12-08 09:30:00,1.51,1.5525358125451976,1.5348054,-0.04253581254519756,-0.024805417060852042
2025-12-08 09:30:00,1.02,1.0158435225311966,1.032103,0.004156477468803432,-0.012102942466735822
2025-12-08 09:30:00,1.6,1.7869776030612115,1.9697057,-0.18697760306121136,-0.3697057008743285
2025-12-08 09:30:00,3.5,3.641640745996533,3.5994074,-0.1416407459965332,-0.09940743446350098
2025-12-08 09:30:00,2.6,2.021404812913738,2.1746757,0.578595187086262,0.42532429695129403
2025-12-08 09:30:00,1.02,1.30039677733105,1.1669879,-0.28039677733105006,-0.14698789596557615
2025-12-08 09:30:00,2.68,3.268250816993462,3.3085053,-0.5882508169934617,-0.6285052967071532
2025-12-08 15:30:00,0.32,0.4750335242429559,0.33400655,-0.1550335242429559,-0.014006547927856439
2025-12-08 15:30:00,0.8,0.8169338393653963,0.83118784,-0.016933839365396275,-0.031187844276428178
2025-12-08 15:30:00,1.87,2.153230934417472,2.1327653,-0.28323093441747194,-0.2627652931213378
2025-12-08 15:30:00,1.27,1.4786528938279633,1.4998642,-0.20865289382796326,-0.22986422061920164
2025-12-08 15:30:00,5.96,6.721892980769233,6.139355,-0.7618929807692334,-0.1793551826477051
2025-12-08 15:30:00,2.05,1.9977379929356507,1.9415008,0.052262007064349136,0.10849921703338605
2025-12-08 15:30:00,1.21,1.430030688944712,1.2614733,-0.22003068894471212,-0.05147329807281498
2025-12-08 15:30:00,1.02,1.1153192256835949,1.0445664,-0.09531922568359485,-0.024566392898559553
2025-12-08 15:30:00,0.97,1.0065713274049104,0.9843929,-0.036571327404910425,-0.014392881393432644
2025-12-08 15:30:00,1.0,0.8338927795306649,0.8329745,0.16610722046933513,0.16702550649642944
2025-12-08 15:30:00,1.84,1.9348121216821375,1.6216109,-0.09481212168213737,0.2183891201019288
2025-12-08 15:30:00,0.55,0.6069347056199696,0.5855978,-0.056934705619969606,-0.035597813129425004
2025-12-08 15:30:00,1.48,1.5660694925691054,1.4521736,-0.08606949256910545,0.027826409339904767
2025-12-08 15:30:00,10.02,10.969200000000003,10.409056,-0.9492000000000029,-0.3890557098388676
2025-12-08 15:30:00,0.93,1.0477470851184383,1.130421,-0.11774708511843823,-0.20042104244232173
2025-12-08 15:30:00,0.67,0.7026928739098984,0.7033379,-0.03269287390989839,-0.033337907791137655
2025-12-08 15:30:00,1.22,1.318530294427799,1.2767154,-0.09853029442779904,-0.05671539783477786
2025-12-08 15:30:00,2.39,2.5678338667133547,2.0673947,-0.17783386671335455,0.32260526657104505
2025-12-08 15:30:00,2.31,1.7767983823003362,1.934089,0.5332016176996639,0.3759110546112061
2025-12-08 15:30:00,2.0,3.298671093763289,2.5998993,-1.2986710937632888,-0.5998992919921875
2025-12-08 15:30:00,3.36,3.223952126005611,3.2221005,0.1360478739943889,0.13789950370788562
2025-12-08 15:30:00,1.46,1.5898610148389256,1.5541347,-0.12986101483892565,-0.09413472652435306
2025-12-08 15:30:00,1.03,1.0428098535659034,1.0100617,-0.012809853565903362,0.019938259124755886
2025-12-08 15:30:00,0.86,0.8568152360719092,0.81865054,0.0031847639280907503,0.041349456310272203
2025-12-08 15:30:00,3.42,3.69743858048657,3.793207,-0.27743858048657,-0.37320693016052253
2025-12-08 15:30:00,0.75,0.8312901348672109,0.92139536,-0.08129013486721093,-0.17139536142349243
2025-12-08 15:30:00,2.63,2.6689274653534176,2.6810946,-0.038927465353417734,-0.05109464645385753
2025-12-08 15:30:00,0.92,0.7135709059646637,0.72086394,0.20642909403533638,0.19913606166839604
2025-12-08 15:30:00,1.2,1.3908620095871151,1.2280418,-0.1908620095871152,-0.02804176807403569
2025-12-08 15:30:00,0.8,0.7092048062610087,0.7128169,0.09079519373899136,0.0871831059455872
2025-12-08 15:30:00,0.81,0.823274002084855,0.83879447,-0.013274002084854963,-0.02879446983337397
2025-12-08 15:30:00,1.38,2.3579809087106365,2.0402987,-0.9779809087106366,-0.6602987003326417
2025-12-08 15:30:00,-1.31,-0.3683000000000004,-0.7103224,-0.9416999999999996,-0.5996776199340821
2025-12-08 15:30:00,1.69,1.8471540065655057,1.7146572,-0.1571540065655057,-0.02465718746185308
2025-12-08 15:30:00,1.7,2.3234385137452573,2.3989847,-0.6234385137452574,-0.6989846706390381
2025-12-08 15:30:00,2.69,3.121545987469675,3.316141,-0.4315459874696752,-0.62614089012146
2025-12-08 15:30:00,2.82,2.9088493901820307,2.8255098,-0.08884939018203086,-0.005509786605835121
2025-12-09 09:30:00,1.2,0.8047879460746116,0.8606508,0.3952120539253884,0.3393492221832275
2025-12-09 09:30:00,1.61,2.404098269827039,2.4548976,-0.7940982698270387,-0.84489764213562
2025-12-09 09:30:00,1.51,1.524002885404262,1.4914542,-0.014002885404261978,0.018545756340026864
2025-12-09 09:30:00,1.68,1.7869276241538186,1.9558932,-0.10692762415381862,-0.27589315891265875
2025-12-09 09:30:00,1.9,1.924838364359574,1.8345966,-0.024838364359573983,0.0654033660888671
2025-12-09 09:30:00,1.83,2.036112484039866,2.0129786,-0.20611248403986604,-0.18297855377197259
2025-12-09 09:30:00,1.5,1.0610412781048473,1.1485691,0.4389587218951527,0.35143089294433594
2025-12-09 09:30:00,0.61,0.8611099289250049,0.76776856,-0.25110992892500494,-0.1577685618400574
2025-12-09 09:30:00,9.84,10.279800000000005,10.44317,-0.4398000000000053,-0.6031695938110353
2025-12-09 09:30:00,4.76,2.636471911880323,2.5233245,2.1235280881196767,2.236675510406494
2025-12-09 09:30:00,0.74,1.3825392163674823,0.85989136,-0.6425392163674823,-0.11989135503768922
2025-12-09 09:30:00,0.76,1.2629421629210773,1.2793705,-0.5029421629210773,-0.5193705463409424
2025-12-09 09:30:00,5.18,6.0654841496243215,6.0567427,-0.8854841496243218,-0.8767426681518558
2025-12-09 09:30:00,1.27,1.3522697955827314,1.2692229,-0.0822697955827314,0.0007771444320678889
2025-12-09 09:30:00,1.01,0.8352532154505421,0.7918454,0.1747467845494579,0.2181546187400818
2025-12-09 09:30:00,0.72,0.5768069025920999,0.60400295,0.1431930974079001,0.11599704742431638
2025-12-09 09:30:00,1.3,1.513196003401323,1.6967325,-0.21319600340132294,-0.39673252105712886
2025-12-09 09:30:00,0.38,0.4750954545010091,0.35561046,-0.09509545450100909,0.024389539957046513
2025-12-09 09:30:00,1.36,1.4556148031147158,1.5619832,-0.09561480311471571,-0.20198322772979727
2025-12-09 09:30:00,1.95,1.9440192673764045,2.1319113,0.005980732623595442,-0.18191127777099614
2025-12-09 09:30:00,1.2,1.296054446067883,1.2857674,-0.09605444606788294,-0.0857674360275269
2025-12-09 09:30:00,1.08,1.0730281394668362,1.0855983,0.006971860533163898,-0.005598349571227956
2025-12-09 09:30:00,2.6,2.7504541718168043,2.725322,-0.1504541718168042,-0.12532200813293448
2025-12-09 09:30:00,1.16,1.3429275908598532,1.2413845,-0.18292759085985333,-0.08138450622558602
2025-12-09 09:30:00,0.96,0.759963376415802,0.89291495,0.20003662358419794,0.06708504915237423
2025-12-09 09:30:00,2.48,2.6645665352816748,2.7879488,-0.18456653528167477,-0.3079488468170166
2025-12-09 09:30:00,0.85,0.8527254836850632,0.8747693,-0.0027254836850632014,-0.024769270420074485
2025-12-09 09:30:00,2.63,3.377779384397414,2.806069,-0.7477793843974143,-0.17606889724731456
2025-12-09 09:30:00,1.88,1.2340237361958388,0.9362483,0.6459762638041611,0.9437516975402831
2025-12-09 09:30:00,1.01,1.1018888216165472,1.0496223,-0.09188882161654721,-0.039622297286987296
2025-12-09 09:30:00,0.78,0.8122933399660561,0.83156955,-0.0322933399660561,-0.0515695524215698
2025-12-09 09:30:00,4.18,3.4223000606836376,3.5149457,0.7576999393163621,0.6650542545318601
2025-12-09 09:30:00,1.58,1.699951330804128,1.7322736,-0.11995133080412801,-0.15227357864379876
2025-12-09 09:30:00,3.45,2.953013792909137,3.138685,0.4969862070908633,0.3113150119781496
2025-12-09 09:30:00,2.08,2.038212218505819,2.0385284,0.041787781494181164,0.04147155761718757
2025-12-09 09:30:00,-1.39,-1.2917499999999986,-1.5240037,-0.09825000000000128,0.1340037441253663
2025-12-09 09:30:00,0.81,0.9579044625782148,0.9944082,-0.14790446257821477,-0.18440819025039668
2025-12-10 09:30:00,1.51,1.519445623891538,1.5540214,-0.009445623891537913,-0.044021358489990225
2025-12-10 09:30:00,1.95,3.6626469057463016,3.4221985,-1.7126469057463016,-1.4721985340118409
2025-12-10 09:30:00,2.6,2.764198468642417,2.7215407,-0.16419846864241672,-0.1215406894683837
2025-12-10 09:30:00,0.72,0.8365338365490379,0.6230239,-0.11653383654903793,0.0969760727882385
2025-12-10 09:30:00,-0.51,-1.3767500000000006,-1.0189289,0.8667500000000006,0.5089288854598999
2025-12-10 09:30:00,0.98,0.9118301244718041,0.8970268,0.06816987552819587,0.08297322273254393
2025-12-10 09:30:00,0.83,0.8556821710235976,0.872824,-0.0256821710235976,-0.042824013233184854
2025-12-10 09:30:00,1.62,1.7721249785888282,1.8333874,-0.15212497858882812,-0.21338737487792958
2025-12-10 09:30:00,2.56,2.632859300942809,2.8309247,-0.07285930094280912,-0.2709247493743896
2025-12-10 09:30:00,1.3,1.3801446333478027,1.4217992,-0.08014463334780264,-0.12179918289184566
2025-12-10 09:30:00,0.8,1.287944852747116,1.0778561,-0.48794485274711596,-0.2778560638427734
2025-12-10 09:30:00,3.76,3.864734114760109,3.9840298,-0.10473411476010908,-0.22402976989746115
2025-12-10 09:30:00,0.35,0.5720634157833517,0.42651036,-0.22206341578335176,-0.07651036381721499
2025-12-10 09:30:00,0.73,0.7790151530347268,0.83178085,-0.04901515303472681,-0.1017808508872986
2025-12-10 09:30:00,2.69,2.6816840706823926,2.4999485,0.008315929317607385,0.19005149841308588
2025-12-10 09:30:00,9.79,9.921199999999994,9.888436,-0.13119999999999443,-0.09843631744384851
2025-12-10 09:30:00,1.18,1.318659760707329,1.307223,-0.138659760707329,-0.12722296237945563
2025-12-10 09:30:00,0.95,0.8486688623010359,1.0906843,0.10133113769896407,-0.1406842947006226
2025-12-10 09:30:00,1.09,1.1182825143473742,1.0743958,-0.028282514347374166,0.01560422420501717
2025-12-10 09:30:00,0.65,0.6838880746027786,0.6902012,-0.03388807460277854,-0.040201222896575906
2025-12-10 09:30:00,1.06,1.5246117613002026,1.4003108,-0.46461176130020254,-0.3403107547760009
2025-12-10 09:30:00,1.56,1.9176859805364461,1.8544234,-0.35768598053644607,-0.29442340373992915
2025-12-10 09:30:00,3.8,3.3725840021397544,3.59203,0.4274159978602454,0.2079699516296385
2025-12-10 09:30:00,5.23,3.375749999999999,3.0654473,1.8542500000000013,2.164552669525147
2025-12-10 09:30:00,0.88,0.9271564874873203,0.9502382,-0.047156487487320264,-0.07023822784423828
2025-12-10 09:30:00,1.01,1.1078670282090668,1.0457323,-0.09786702820906679,-0.0357322597503662
2025-12-10 09:30:00,2.0,2.0287474946326864,2.144867,-0.028747494632686443,-0.144866943359375
2025-12-10 09:30:00,2.51,2.713710688681476,2.6502864,-0.20371068868147635,-0.14028643608093283
2025-12-10 09:30:00,1.81,1.7130830841085696,1.6325965,0.09691691589143048,0.17740350723266607
2025-12-10 09:30:00,2.2,1.5685179793877617,1.5033071,0.6314820206122385,0.6966928958892824
2025-12-10 09:30:00,5.15,5.283755599816845,5.482656,-0.13375559981684493,-0.3326560020446774
2025-12-10 09:30:00,1.61,1.881761782946322,1.8979024,-0.2717617829463219,-0.28790236949920645
2025-12-10 09:30:00,1.39,1.3666594461976243,1.4646504,0.023340553802375652,-0.07465039253234873
2025-12-10 09:30:00,1.16,1.1876567267994098,1.1965724,-0.027656726799409892,-0.03657242298126229
2025-12-10 09:30:00,1.84,2.026967860837592,2.0111113,-0.18696786083759176,-0.17111125946044914
2025-12-10 09:30:00,0.73,0.8813507371732443,0.82595944,-0.15135073717324432,-0.09595944404602053
2025-12-10 09:30:00,1.16,1.3692591532424936,1.3111584,-0.20925915324249367,-0.1511584186553956
2025-12-10 09:30:00,0.71,0.9504161310804287,0.9512948,-0.2404161310804287,-0.2412947797775269
2025-12-10 15:30:00,1.11,1.2676714058313219,1.1893877,-0.15767140583132178,-0.07938767910003652
2025-12-10 15:30:00,1.56,1.875694269172382,1.8430108,-0.31569426917238186,-0.28301078319549555
2025-12-10 15:30:00,1.14,1.1910284185302065,1.1645142,-0.051028418530206565,-0.024514183998108008
2025-12-10 15:30:00,1.42,1.6485713239036166,1.8103137,-0.22857132390361667,-0.39031370162963874
2025-12-10 15:30:00,0.92,1.0747581917517934,1.049249,-0.1547581917517934,-0.12924905300140377
2025-12-10 15:30:00,0.71,0.7347882024049279,0.68592566,-0.02478820240492796,0.024074337482452357
2025-12-10 15:30:00,0.54,0.6565851741913344,0.6597109,-0.1165851741913344,-0.11971088409423825
2025-12-10 15:30:00,0.89,1.0341442453034966,1.114617,-0.14414424530349657,-0.2246169900894165
2025-12-10 15:30:00,1.35,1.5007163041013927,1.4719708,-0.15071630410139258,-0.12197079658508292
2025-12-10 15:30:00,1.14,1.2966628104988493,1.3131378,-0.15666281049884945,-0.17313776969909678
2025-12-10 15:30:00,1.4,1.8570284274543416,1.9171047,-0.4570284274543417,-0.517104721069336
2025-12-10 15:30:00,1.65,2.397056609251851,2.616517,-0.7470566092518509,-0.9665170669555665
2025-12-10 15:30:00,1.5,1.6015559115034699,1.477455,-0.10155591150346988,0.0225449800491333
2025-12-10 15:30:00,0.75,0.7095606668373721,0.76519567,0.04043933316262793,-0.015195667743682861
2025-12-10 15:30:00,4.18,3.836734928076653,3.6506443,0.34326507192334654,0.5293556976318357
2025-12-10 15:30:00,2.96,3.4784874543014808,3.592027,-0.5184874543014808,-0.632026948928833
2025-12-10 15:30:00,1.44,2.3499331736409816,2.0320327,-0.9099331736409817,-0.5920327281951905
2025-12-10 15:30:00,-1.42,-0.5461000000000008,-0.4934633,-0.8738999999999991,-0.9265366923809051
2025-12-10 15:30:00,1.07,1.0895004932875658,1.0399089,-0.019500493287565757,0.030091114044189515
2025-12-10 15:30:00,1.35,1.95401283340976,1.686256,-0.6040128334097599,-0.3362560510635375
2025-12-10 15:30:00,3.13,2.6298413640316345,2.5238702,0.5001586359683654,0.6061297702789306
2025-12-10 15:30:00,0.8,0.8480116231368271,0.8160247,-0.04801162313682705,-0.01602472066879268
2025-12-10 15:30:00,2.69,2.6788041076929074,2.6038003,0.011195892307092503,0.08619970321655268
2025-12-10 15:30:00,2.55,2.8635917212831212,2.7293174,-0.3135917212831214,-0.17931742668151873
2025-12-10 15:30:00,4.55,5.059362697579058,5.1419005,-0.5093626975790579,-0.5919005393981935
2025-12-10 15:30:00,9.48,9.649249999999997,9.663891,-0.16924999999999635,-0.18389083862304645
2025-12-10 15:30:00,1.97,2.6743691310333886,2.4551573,-0.7043691310333886,-0.48515727996826175
2025-12-10 15:30:00,1.46,1.772659226003382,1.6179833,-0.31265922600338203,-0.15798334121704105
2025-12-10 15:30:00,0.77,1.0119688514269627,0.9478639,-0.24196885142696267,-0.17786387681961058
2025-12-10 15:30:00,0.54,0.7245602063138021,0.66173804,-0.1845602063138021,-0.12173803806304928
2025-12-10 15:30:00,0.57,1.061163988506297,0.8986614,-0.49116398850629694,-0.3286613750457764
2025-12-10 15:30:00,5.1,5.103218321474433,5.2333517,-0.003218321474433239,-0.13335170745849645
2025-12-10 15:30:00,1.0,1.0868713039794367,1.038705,-0.08687130397943665,-0.03870499134063721
2025-12-10 15:30:00,0.7,0.977303106129816,0.8925553,-0.277303106129816,-0.19255529642105107
2025-12-10 15:30:00,1.74,1.826697898148413,1.8571087,-0.086697898148413,-0.1171087121963501
2025-12-10 15:30:00,1.18,1.1742859343379808,0.99729353,0.005714065662019152,0.1827064681053161
2025-12-10 15:30:00,1.28,1.4020244919064555,1.4510591,-0.12202449190645548,-0.17105910301208493
2025-12-10 15:30:00,0.35,0.4915345006731148,0.41380107,-0.14153450067311485,-0.06380107402801516
2025-12-11 12:30:00,4.22,4.077269398877903,3.7702708,0.14273060112209635,0.4497291755676267
2025-12-11 12:30:00,1.28,1.3811084108153922,1.4238414,-0.10110841081539212,-0.1438413572311401
2025-12-11 12:30:00,3.59,3.2761860438620842,2.9977455,0.31381395613791563,0.5922544860839842
2025-12-11 12:30:00,1.09,1.1587204236673698,1.131273,-0.06872042366736975,-0.04127303123474113
2025-12-11 12:30:00,1.76,1.5916804232166113,1.4594401,0.1683195767833887,0.30055988788604737
2025-12-11 12:30:00,1.11,1.0798594845798752,1.0391037,0.030140515420124858,0.07089625358581553
2025-12-11 12:30:00,0.64,0.6152788551915841,0.71057284,0.024721144808415918,-0.07057283878326415
2025-12-11 12:30:00,0.74,0.7151011603350216,0.7468605,0.02489883966497841,-0.006860504150390634
2025-12-11 12:30:00,2.68,1.9904825431955984,1.8382391,0.6895174568044018,0.8417609262466432
2025-12-11 12:30:00,5.99,4.791402645617127,4.691381,1.1985973543828736,1.298619022369385
2025-12-11 12:30:00,9.55,9.391949999999998,9.700801,0.1580500000000029,-0.15080089569091726
2025-12-11 12:30:00,1.76,2.2626069487652973,1.5298455,-0.5026069487652973,0.2301545238494873
2025-12-11 12:30:00,1.08,1.4427729045487558,1.3938854,-0.36277290454875577,-0.3138853740692138
2025-12-11 12:30:00,1.19,0.926638652422732,0.80293363,0.2633613475772679,0.3870663666725158
2025-12-11 12:30:00,1.98,1.731295869121463,1.6766523,0.24870413087853693,0.3033476877212524
2025-12-11 12:30:00,5.83,5.248677609137839,5.2548614,0.5813223908621614,0.5751386451721192
2025-12-11 12:30:00,2.4,1.7328165847055401,1.5834656,0.6671834152944598,0.8165344238281249
2025-12-11 12:30:00,-0.42,-0.7058499999999998,-1.0879369,0.28584999999999977,0.6679368782043458
2025-12-11 12:30:00,1.34,1.331381652274281,1.3049412,0.008618347725719122,0.03505882263183602
2025-12-11 12:30:00,3.21,2.8600671936100075,2.9567225,0.34993280638999247,0.2532775020599365
2025-12-11 12:30:00,0.81,0.8143496886364684,0.7934887,-0.004349688636468341,0.01651131868362432
2025-12-11 12:30:00,2.5,3.165486803470995,2.734448,-0.6654868034709951,-0.23444795608520508
2025-12-11 12:30:00,1.69,0.9726859073546896,1.1986151,0.7173140926453103,0.4913849258422851
2025-12-11 12:30:00,0.63,0.762376754960149,0.6902986,-0.132376754960149,-0.06029861688613891
2025-12-11 12:30:00,0.61,0.599645152147773,0.61232793,0.010354847852226956,-0.0023279333114624157
2025-12-11 12:30:00,1.68,1.8586847276118195,1.7061968,-0.17868472761181953,-0.026196784973144593
2025-12-11 12:30:00,0.34,0.47183821667010484,0.4235979,-0.1318382166701048,-0.08359790205955503
2025-12-11 12:30:00,2.69,2.688058886987605,2.7040653,0.0019411130123949683,-0.014065322875976616
2025-12-11 12:30:00,1.13,1.1470161699056807,1.1593075,-0.017016169905680778,-0.029307479858398544
2025-12-11 12:30:00,1.61,1.5432163953776148,1.5154715,0.0667836046223853,0.0945285415649415
2025-12-11 12:30:00,0.92,0.94631337747376,1.0432552,-0.026313377473759947,-0.12325520992279049
2025-12-11 12:30:00,1.23,1.1350077771335203,1.1603069,0.09499222286647968,0.0696930694580078
2025-12-11 12:30:00,1.85,1.6107739810497623,1.6729647,0.23922601895023776,0.1770353078842164
2025-12-11 12:30:00,1.27,1.1303215398246846,1.1099378,0.13967846017531538,0.16006221294403078
2025-12-11 12:30:00,2.15,2.1381438830802812,2.1773486,0.011856116919718662,-0.02734861373901376
2025-12-11 12:30:00,0.77,0.7739520486186129,0.7342686,-0.003952048618612869,0.03573139429092409
2025-12-11 12:30:00,1.03,1.1045113863013274,1.0334878,-0.07451138630132736,-0.003487796783447239
2025-12-11 12:30:00,0.87,0.8984008861002697,0.9882687,-0.028400886100269696,-0.1182686734199524
2025-12-13 09:30:00,2.52,2.465137939064131,2.3780348,0.054862060935869206,0.14196516990661623
2025-12-13 09:30:00,0.79,0.9230156105048374,0.95708054,-0.13301561050483734,-0.1670805430412292
2025-12-13 09:30:00,2.27,2.2602730435459817,2.230591,0.009726956454018332,0.039408941268920916
2025-12-13 09:30:00,1.04,1.240446507015947,1.1201302,-0.2004465070159469,-0.080130181312561
2025-12-13 09:30:00,1.16,1.3466996807034073,1.2806252,-0.18669968070340737,-0.12062522411346444
2025-12-13 09:30:00,2.42,3.0236619531774576,2.7241561,-0.6036619531774576,-0.304156141281128
2025-12-13 09:30:00,1.85,2.182939693626906,1.9315652,-0.3329396936269058,-0.08156516551971427
2025-12-13 09:30:00,1.6,2.3508630420265844,2.1537359,-0.7508630420265843,-0.5537358760833739
2025-12-13 09:30:00,0.87,0.6382058738509113,0.6060569,0.23179412614908868,0.26394307136535644
2025-12-13 09:30:00,3.76,3.0498747780820823,3.4957795,0.7101252219179175,0.26422048568725565
2025-12-13 09:30:00,1.3,1.7823518209743283,1.6672825,-0.48235182097432827,-0.3672824621200561
2025-12-13 09:30:00,0.82,0.8178818689200554,0.8198004,0.0021181310799445185,0.0001996231079101074
2025-12-13 09:30:00,1.13,1.3470844753947264,1.2672797,-0.21708447539472653,-0.1372797441482545
2025-12-13 09:30:00,0.34,0.4855268459845321,0.4411966,-0.14552684598453208,-0.10119659066200254
2025-12-13 09:30:00,1.45,2.559992607580909,2.4328315,-1.109992607580909,-0.9828315258026123
2025-12-13 09:30:00,1.24,1.3896165443187332,1.3721166,-0.14961654431873317,-0.1321165657043457
2025-12-13 09:30:00,5.55,5.808118712779153,5.712401,-0.25811871277915355,-0.16240091323852557
2025-12-13 09:30:00,0.63,0.7096219116695474,0.71572435,-0.07962191166954735,-0.08572434902191162
2025-12-13 09:30:00,1.11,1.380207513023721,1.3423591,-0.2702075130237209,-0.2323590660095214
2025-12-13 09:30:00,1.54,1.5930947050358455,1.5869857,-0.05309470503584546,-0.046985707283019984
2025-12-13 09:30:00,1.72,1.5105928653125327,1.5603446,0.2094071346874673,0.15965542316436765
2025-12-13 09:30:00,0.59,0.6000671001556172,0.5681467,-0.010067100155617181,0.021853294372558563
2025-12-13 09:30:00,9.38,9.419729464285714,9.69553,-0.039729464285713334,-0.31552993774413984
2025-12-13 09:30:00,1.68,1.731726294846513,1.7968957,-0.05172629484651314,-0.1168957424163819
2025-12-13 09:30:00,1.34,1.154579122354371,1.0632582,0.18542087764562898,0.2767418289184571
2025-12-13 09:30:00,0.73,0.8175379017052588,0.77704906,-0.08753790170525877,-0.047049064636230487
2025-12-13 09:30:00,1.0,1.1077817013746172,1.0665061,-0.10778170137461718,-0.06650614738464355
2025-12-13 09:30:00,1.74,1.889365984933902,1.9998049,-0.14936598493390196,-0.2598048543930054
2025-12-13 09:30:00,4.12,3.3354536394934318,3.3168192,0.7845463605065683,0.8031808090209962
2025-12-13 09:30:00,0.97,1.3185050058659507,1.220645,-0.3485050058659507,-0.25064495086669925
2025-12-13 09:30:00,0.98,0.8001252625616416,0.75178355,0.17987473743835836,0.22821645021438597
2025-12-13 09:30:00,1.03,1.0934965052713816,1.0808437,-0.06349650527138162,-0.05084368705749509
2025-12-13 09:30:00,2.68,2.7737306510883646,2.6892366,-0.09373065108836443,-0.009236640930175621
2025-12-13 09:30:00,1.46,2.221975000000005,1.6218936,-0.761975000000005,-0.16189364433288578
2025-12-13 09:30:00,4.62,5.971988101820744,5.7302666,-1.3519881018207442,-1.1102665710449218
2025-12-13 09:30:00,-1.38,-0.4578500000000006,-0.5352291,-0.9221499999999994,-0.8447709131240844
2025-12-13 09:30:00,4.36,3.8790402461471905,3.8867972,0.48095975385280987,0.4732028102874759
2025-12-13 09:30:00,1.05,1.1395904246301722,1.1179161,-0.0895904246301722,-0.06791610717773433
2025-12-13 09:30:00,1.0,0.8302623338770106,1.1225245,0.16973766612298935,-0.12252449989318848
2025-12-14 09:30:00,0.9,0.9551214652090529,1.0071273,-0.05512146520905292,-0.10712728500366209
2025-12-14 09:30:00,0.13,0.4799890734652113,0.44022492,-0.3499890734652113,-0.31022491574287414
2025-12-14 09:30:00,1.53,2.144697298271631,2.1477783,-0.6146972982716308,-0.6177782726287842
2025-12-14 09:30:00,0.73,0.827344173617073,0.83021677,-0.09734417361707304,-0.10021676540374758
2025-12-14 09:30:00,1.45,2.389272405915206,2.3554037,-0.939272405915206,-0.9054036617279053
2025-12-14 09:30:00,0.92,1.1719889430014037,1.199075,-0.2519889430014036,-0.2790749835968017
2025-12-14 09:30:00,0.59,0.6616607677786712,0.7107372,-0.07166076777867125,-0.12073722839355472
2025-12-14 09:30:00,1.21,1.9573843759672314,1.8171468,-0.7473843759672314,-0.6071467781066895
2025-12-14 09:30:00,2.55,2.6919382006369883,2.715419,-0.14193820063698848,-0.16541905403137225
2025-12-14 09:30:00,0.86,0.8538034506270309,0.8604674,0.006196549372969096,-0.0004673743247985973
2025-12-14 09:30:00,2.32,3.0553327199797833,2.7592852,-0.7353327199797834,-0.4392852115631105
2025-12-14 09:30:00,0.49,0.850358302837998,0.8179517,-0.36035830283799797,-0.32795167922973634
2025-12-14 09:30:00,0.97,1.0766620062766028,1.0383377,-0.10666200627660283,-0.06833770751953128
2025-12-14 09:30:00,4.66,5.570838874313182,5.9915566,-0.9108388743131819,-1.3315566444396971
2025-12-14 09:30:00,1.12,1.7310211166766012,1.7785072,-0.6110211166766011,-0.6585072326660155
2025-12-14 09:30:00,1.15,1.4613542064388456,1.3322296,-0.3113542064388457,-0.1822296142578126
2025-12-14 09:30:00,1.12,1.158966552390375,1.2284756,-0.03896655239037483,-0.10847557067871083
2025-12-14 09:30:00,0.7,0.933605614986648,1.0074955,-0.233605614986648,-0.3074955224990845
2025-12-14 09:30:00,1.9,1.5738196450748405,1.6513638,0.3261803549251594,0.24863615036010733
2025-12-14 09:30:00,2.02,3.5453880908280757,3.559609,-1.5253880908280757,-1.5396089363098144
2025-12-14 09:30:00,2.1,2.238089629590847,2.2045755,-0.13808962959084692,-0.10457553863525382
2025-12-14 09:30:00,1.2,1.1882730874127785,1.2036006,0.011726912587221472,-0.0036006450653076616
2025-12-14 09:30:00,-1.47,-0.8599000000000003,-0.6724274,-0.6100999999999996,-0.7975725841522217
2025-12-14 09:30:00,0.97,1.0477751250318463,1.0816123,-0.07777512503184636,-0.11161234855651858
2025-12-14 09:30:00,1.88,1.1203022455225307,1.1642838,0.7596977544774692,0.7157162475585936
2025-12-14 09:30:00,4.0,4.250213537513647,4.218695,-0.2502135375136474,-0.21869516372680664
2025-12-14 09:30:00,1.75,1.594548352586633,1.5545568,0.15545164741336692,0.19544315338134766
2025-12-14 09:30:00,0.54,0.8912859215493613,0.87816966,-0.3512859215493612,-0.3381696557998657
2025-12-14 09:30:00,0.75,0.7688454108175036,0.7258821,-0.01884541081750357,0.024117887020111084
2025-12-14 09:30:00,9.33,9.375591964285709,9.775832,-0.045591964285709,-0.445832176208496
2025-12-14 09:30:00,0.61,1.7039492301857628,1.6690632,-1.0939492301857627,-1.0590632104873658
2025-12-14 09:30:00,2.69,3.9208112498098218,3.7778153,-1.2308112498098218,-1.087815341949463
2025-12-14 09:30:00,1.42,1.7054309326198975,1.5156723,-0.2854309326198976,-0.09567232608795173
2025-12-14 09:30:00,5.75,4.625316101061651,4.2539163,1.1246838989383487,1.4960837364196777
2025-12-14 09:30:00,0.94,1.0487415719235906,1.0697821,-0.10874157192359069,-0.12978213787078863
2025-12-14 09:30:00,0.45,0.5933811925273459,0.6516004,-0.14338119252734588,-0.2016004204750061
2025-12-14 09:30:00,0.71,1.5336825324992178,1.259514,-0.8236825324992179,-0.5495139741897583
2025-12-14 09:30:00,1.42,1.9071160470893023,1.8345658,-0.48711604708930234,-0.41456575870513923
2025-12-14 09:30:00,1.19,1.7569353877917095,1.9183816,-0.5669353877917096,-0.7283815717697144
2025-12-17 15:30:00,5.18,3.9546400757466125,3.9700415,1.2253599242533872,1.2099584865570066
2025-12-17 15:30:00,0.98,0.985757991574455,1.012499,-0.005757991574455001,-0.03249897480010988
2025-12-17 15:30:00,1.35,0.886912242710761,0.9476581,0.4630877572892391,0.40234187841415414
2025-12-17 15:30:00,1.18,0.9668014701691093,0.9913635,0.2131985298308906,0.18863647460937494
2025-12-17 15:30:00,1.18,1.5759919268166231,1.7300738,-0.3959919268166232,-0.5500738096237183
2025-12-17 15:30:00,0.6,0.65140419072707,0.6500527,-0.05140419072707003,-0.05005272626876833
2025-12-17 15:30:00,4.68,5.232855985005046,5.260361,-0.5528559850050465,-0.580361194610596
2025-12-17 15:30:00,0.45,0.5155701932307785,0.47734603,-0.06557019323077845,-0.027346032857894886
2025-12-17 15:30:00,2.56,1.1934007696517122,1.2156802,1.366599230348288,1.3443197584152222
2025-12-17 15:30:00,1.23,1.3635459991623409,1.243588,-0.1335459991623409,-0.013587970733642596
2025-12-17 15:30:00,9.2,9.372850000000005,9.379496,-0.17285000000000572,-0.17949562072753977
2025-12-17 15:30:00,5.32,5.4634279757452155,5.486113,-0.14342797574521526,-0.1661130714416501
2025-12-17 15:30:00,1.5,1.9387158606348818,1.6603332,-0.43871586063488177,-0.16033315658569336
2025-12-17 15:30:00,1.3,0.9337756085912433,0.8816567,0.36622439140875673,0.41834329366683964
2025-12-17 15:30:00,1.47,1.493839820588448,1.5346564,-0.023839820588448024,-0.0646564054489136
2025-12-17 15:30:00,0.55,0.5830314034382726,0.6617774,-0.0330314034382726,-0.11177737712860103
2025-12-17 15:30:00,1.05,0.970265739814986,1.0015544,0.07973426018501406,0.04844563007354741
2025-12-17 15:30:00,1.06,1.1002003300028311,1.0308164,-0.040200330002831075,0.029183564186096245
2025-12-17 15:30:00,0.69,1.065296131542018,0.89745903,-0.375296131542018,-0.20745903015136724
2025-12-17 15:30:00,1.42,1.5316071342092068,1.7474334,-0.11160713420920687,-0.32743342399597175
2025-12-17 15:30:00,0.48,0.683155026934848,0.635657,-0.203155026934848,-0.15565701246261598
2025-12-17 15:30:00,2.64,2.807494763769187,2.7996936,-0.16749476376918704,-0.15969358444213855
2025-12-17 15:30:00,1.0,1.1164532642073857,1.0511411,-0.11645326420738566,-0.05114114284515381
2025-12-17 15:30:00,1.33,1.5957100789741496,1.168346,-0.26571007897414956,0.16165395259857185
2025-12-17 15:30:00,2.35,2.858597861765012,2.73119,-0.5085978617650118,-0.38118996620178214
2025-12-17 15:30:00,1.05,1.4141004296059614,1.7316629,-0.36410042960596134,-0.6816628694534301
2025-12-17 15:30:00,0.78,0.8848307907481727,0.8507684,-0.1048307907481727,-0.07076838731765744
2025-12-17 15:30:00,2.5,1.8553878113120896,1.8601683,0.6446121886879104,0.6398316621780396
2025-12-17 15:30:00,1.14,1.6795047601427628,1.4134688,-0.5395047601427629,-0.2734688377380372
2025-12-17 15:30:00,1.19,1.484291717358982,1.5419949,-0.2942917173589821,-0.3519949293136597
2025-12-17 15:30:00,1.38,1.3661170295743656,1.2684367,0.013882970425634245,0.11156332969665517
2025-12-17 15:30:00,0.17,0.4218286404803729,0.3462506,-0.2518286404803729,-0.17625059366226195
2025-12-17 15:30:00,1.34,1.6123905270081238,1.8998154,-0.2723905270081237,-0.5598154401779174
2025-12-17 15:30:00,0.73,0.7348700945760334,0.74621385,-0.004870094576033379,-0.01621385335922243
2025-12-17 15:30:00,4.36,2.1381415842748637,2.0898836,2.2218584157251366,2.2701164340972904
2025-12-17 15:30:00,2.16,2.462012203800833,2.352212,-0.30201220380083305,-0.19221195220947251
2025-12-17 15:30:00,1.48,2.177546026458952,1.7047038,-0.6975460264589519,-0.22470380783081056
2025-12-17 15:30:00,2.98,2.660361053610434,2.7042527,0.31963894638956614,0.2757472801208496
2025-12-17 15:30:00,1.36,-1.3754000000000002,-1.6869488,2.7354000000000003,3.0469487762451175
2025-12-18 15:30:00,0.5,0.788447571052371,0.71276915,-0.28844757105237095,-0.21276915073394775
2025-12-18 15:30:00,1.01,1.8408982613818479,1.4880056,-0.8308982613818479,-0.4780056381225586
2025-12-18 15:30:00,0.95,0.996540827751545,1.0228266,-0.046540827751545,-0.07282655239105229
2025-12-18 15:30:00,9.15,10.040399999999996,9.704389,-0.8903999999999961,-0.5543886184692379
2025-12-18 15:30:00,5.4,5.488309594709375,5.0834346,-0.08830959470937483,0.31656541824340856
2025-12-18 15:30:00,1.25,1.4133652827849534,1.089308,-0.16336528278495344,0.1606919765472412
2025-12-18 15:30:00,2.82,2.976533044066207,2.983573,-0.15653304406620716,-0.1635729598999025
2025-12-18 15:30:00,1.19,1.237500200997919,1.0933555,-0.04750020099791907,0.09664446353912348
2025-12-18 15:30:00,1.49,1.5119781963855927,1.5837741,-0.02197819638559273,-0.09377408981323243
2025-12-18 15:30:00,2.52,1.4922991343669265,1.8609366,1.0277008656330735,0.6590633583068848
2025-12-18 15:30:00,2.14,2.7987779867059293,2.6134639,-0.6587779867059291,-0.4734638786315917
2025-12-18 15:30:00,1.37,1.7445589248557432,1.4553931,-0.37455892485574305,-0.08539307594299306
2025-12-18 15:30:00,0.55,0.470995080875967,0.5013305,0.07900491912403307,0.048669505119323775
2025-12-18 15:30:00,1.0,1.1768368571582473,1.0846192,-0.17683685715824726,-0.08461916446685791
2025-12-18 15:30:00,1.45,0.690935000000001,0.5461126,0.759064999999999,0.903887403011322
2025-12-18 15:30:00,1.12,1.4149034237021811,1.3454151,-0.29490342370218103,-0.2254151153564452
2025-12-18 15:30:00,4.7,5.310709802254397,5.341758,-0.6107098022543971,-0.6417577743530272
2025-12-18 15:30:00,4.66,3.7687000000000035,3.5337677,0.8912999999999967,1.1262322998046876
2025-12-18 15:30:00,0.58,0.9125715874103909,0.80897886,-0.33257158741039095,-0.22897885560989384
2025-12-18 15:30:00,1.26,1.4122175758270898,1.3297116,-0.15221757582708983,-0.06971155643463134
2025-12-18 15:30:00,1.13,1.6030527550580935,1.5200874,-0.47305275505809363,-0.3900873613357545
2025-12-18 15:30:00,1.9,2.3642237178243777,2.3217704,-0.46422371782437777,-0.42177042961120614
2025-12-18 15:30:00,1.83,1.5669385645412313,1.5129235,0.2630614354587688,0.3170765209197999
2025-12-18 15:30:00,1.35,1.7237844526731556,1.4454292,-0.3737844526731555,-0.09542920589447013
2025-12-18 15:30:00,1.06,1.1207193500351083,1.0408405,-0.0607193500351082,0.01915949344635015
2025-12-18 15:30:00,1.46,1.3573476126999666,1.3846284,0.10265238730003334,0.07537158489227291
2025-12-18 15:30:00,0.29,0.7379718510472373,0.36380005,-0.4479718510472373,-0.07380004882812502
2025-12-18 15:30:00,2.37,3.0307700827339437,2.7548392,-0.6607700827339436,-0.3848391819000243
2025-12-18 15:30:00,1.34,1.6023155399648519,2.0817015,-0.2623155399648518,-0.7417015171051025
2025-12-18 15:30:00,2.7,2.710954207784124,2.5855424,-0.010954207784124037,0.11445755958557147
2025-12-18 15:30:00,0.71,0.9088334812593837,0.8845288,-0.19883348125938372,-0.1745288157463074
2025-12-18 15:30:00,0.59,0.5910567114889668,0.5680679,-0.0010567114889667995,0.02193209171295163
2025-12-18 15:30:00,5.31,4.68431770987988,4.8219748,0.6256822901201193,0.4880252456665035
2025-12-18 15:30:00,0.45,0.49342836909473464,0.5153339,-0.04342836909473463,-0.06533389091491698
2025-12-18 15:30:00,0.71,0.7384042017815462,0.70562404,-0.028404201781546234,0.004375956058502162
2025-12-18 15:30:00,1.52,1.7808891354748615,1.5356928,-0.2608891354748615,-0.01569281101226805
2025-12-18 15:30:00,1.23,1.4996782789094087,1.3849136,-0.26967827890940876,-0.15491356372833254
2025-12-18 15:30:00,2.3,1.4280421451571368,1.1854106,0.871957854842863,1.1145893812179564
2025-12-18 15:30:00,1.33,1.499121948987177,1.6012138,-0.16912194898717692,-0.2712138128280639
2025-12-18 18:30:00,1.1,1.3570060340485401,1.2668222,-0.25700603404854006,-0.1668222188949584
2025-12-18 18:30:00,5.35,5.429707139295651,5.2217383,-0.07970713929565143,0.12826166152954066
2025-12-18 18:30:00,0.62,1.0093062334534175,0.7414383,-0.3893062334534175,-0.12143832921981812
2025-12-18 18:30:00,6.06,5.0766198232360145,5.1421084,0.9833801767639851,0.9178915596008297
2025-12-18 18:30:00,1.94,2.0329229366730717,1.8829032,-0.09292293667307172,0.0570967817306518
2025-12-18 18:30:00,1.21,1.5391040003921974,1.920006,-0.32910400039219745,-0.7100060367584229
2025-12-18 18:30:00,9.13,9.144599999999999,9.389332,-0.014599999999997948,-0.25933181762695234
2025-12-18 18:30:00,-0.05,1.4698466666666663,0.9170876,-1.5198466666666663,-0.9670876145362854
2025-12-18 18:30:00,0.5,0.8380692189764011,0.68274826,-0.3380692189764011,-0.18274825811386108
2025-12-18 18:30:00,1.3,2.16426392221183,1.642346,-0.86426392221183,-0.3423460245132446
2025-12-18 18:30:00,0.18,0.7946662772844993,0.35588908,-0.6146662772844993,-0.17588908195495606
2025-12-18 18:30:00,1.3,2.0380965111961045,1.8500545,-0.7380965111961044,-0.5500545024871826
2025-12-18 18:30:00,1.85,1.4933471982758626,1.7729396,0.3566528017241375,0.0770604372024537
2025-12-18 18:30:00,1.93,2.4792171629693196,2.3589456,-0.5492171629693197,-0.42894560813903815
2025-12-18 18:30:00,1.42,1.4578864835215297,1.338721,-0.03788648352152979,0.08127896308898919
2025-12-18 18:30:00,1.05,1.160507744707558,1.155905,-0.11050774470755798,-0.10590500831604
2025-12-18 18:30:00,1.33,1.4376375677626905,1.4960713,-0.1076375677626904,-0.16607133865356438
2025-12-18 18:30:00,1.15,1.3332827939241494,1.2586625,-0.18328279392414948,-0.10866246223449716
2025-12-18 18:30:00,1.48,1.7363879240251223,1.454519,-0.25638792402512234,0.025480966567993146
2025-12-18 18:30:00,1.0,1.1679775957986964,1.1689572,-0.16797759579869642,-0.16895723342895508
2025-12-18 18:30:00,0.54,0.824291925868569,0.5640399,-0.284291925868569,-0.02403988599777218
2025-12-18 18:30:00,4.83,5.2882137988828255,5.196536,-0.45821379888282543,-0.36653606414794915
2025-12-18 18:30:00,0.96,1.0001777615601073,1.0133303,-0.04017776156010733,-0.05333034038543705
2025-12-18 18:30:00,0.71,1.0853151371956,0.8284058,-0.37531513719560006,-0.1184057974815369
2025-12-18 18:30:00,1.06,1.217518824381383,1.0559633,-0.15751882438138298,0.004036722183227592
2025-12-18 18:30:00,1.3,2.1008381783680323,1.6090614,-0.8008381783680323,-0.30906136035919185
2025-12-18 18:30:00,0.43,0.8334376033775254,0.6496492,-0.4034376033775254,-0.21964920282363892
2025-12-18 18:30:00,1.13,1.523639099011055,1.4822986,-0.3936390990110552,-0.3522986125946046
2025-12-18 18:30:00,1.12,1.8897680415467055,1.5112281,-0.7697680415467054,-0.3912280845642089
2025-12-18 18:30:00,2.79,3.1545456741711964,2.9178312,-0.3645456741711963,-0.12783118247985836
2025-12-18 18:30:00,1.53,1.495913698585729,1.6369512,0.034086301414270936,-0.106951208114624
2025-12-18 18:30:00,1.8,1.7642427295968701,1.61135,0.035757270403129926,0.1886499404907227
2025-12-18 18:30:00,2.68,2.6860984497628952,2.5156794,-0.006098449762895086,0.164320640563965
2025-12-18 18:30:00,0.62,0.5848799174750343,0.60321915,0.03512008252496568,0.01678084850311279
2025-12-18 18:30:00,0.97,1.0986672336910126,1.014833,-0.12866723369101263,-0.044832973480224636
2025-12-18 18:30:00,2.7,3.1159156526492335,2.8321028,-0.41591565264923336,-0.1321027755737303
2025-12-18 18:30:00,0.71,0.9510685799364166,0.7059251,-0.24106857993641662,0.004074892997741664
2025-12-18 18:30:00,1.72,2.057455209117341,2.0829353,-0.33745520911734084,-0.36293533325195315
2025-12-18 18:30:00,4.81,4.075928730863354,3.9243898,0.7340712691366456,0.8856101608276363
2025-12-19 09:30:00,1.11,1.1821359902717858,1.1389692,-0.07213599027178574,-0.02896918296813955
2025-12-19 09:30:00,0.7,0.7422012232515489,0.71159637,-0.04220122325154896,-0.011596369743347212
2025-12-19 09:30:00,1.13,1.2192749159836245,1.1496063,-0.08927491598362458,-0.019606347084045517
2025-12-19 09:30:00,1.88,1.9443503116668652,1.8754326,-0.06435031166686533,0.004567389488220108
2025-12-19 09:30:00,0.48,0.498130843219039,0.52541894,-0.018130843219039017,-0.04541893720626833
2025-12-19 09:30:00,1.01,1.1073303736242677,1.1467906,-0.09733037362426766,-0.13679062366485595
2025-12-19 09:30:00,8.9,9.335500000000005,9.490022,-0.43550000000000466,-0.590021705627441
2025-12-19 09:30:00,1.29,1.3093372425467649,1.4048017,-0.019337242546764832,-0.11480172634124752
2025-12-19 09:30:00,6.21,6.136610977282313,5.9244857,0.07338902271768699,0.28551431655883786
2025-12-19 09:30:00,1.11,1.1882449549872218,1.2431991,-0.07824495498722173,-0.13319911003112783
2025-12-19 09:30:00,1.09,1.251159835660402,1.2623024,-0.16115983566040182,-0.17230239868164055
2025-12-19 09:30:00,0.96,1.0844545051068617,0.981156,-0.12445450510686173,-0.02115599155426029
2025-12-19 09:30:00,1.54,1.5595702629873671,1.6049387,-0.019570262987367082,-0.06493874549865719
2025-12-19 09:30:00,1.67,1.867715504871775,1.7822405,-0.19771550487177514,-0.11224050998687751
2025-12-19 09:30:00,0.4,0.525964350541957,0.5121176,-0.12596435054195698,-0.11211762428283689
2025-12-19 09:30:00,0.71,0.7422076518118318,0.7629439,-0.03220765181183183,-0.05294392347335819
2025-12-19 09:30:00,4.76,5.198534645149106,5.3556385,-0.43853464514910634,-0.5956385040283205
2025-12-19 09:30:00,1.9,2.0948486889288507,2.2195854,-0.19484868892885077,-0.31958541870117196
2025-12-19 09:30:00,0.59,0.635361828632568,0.6831926,-0.04536182863256799,-0.09319261074066165
2025-12-19 09:30:00,5.36,5.282423435520979,5.2128673,0.07757656447902139,0.14713274002075227
2025-12-19 09:30:00,0.45,0.5735260192115629,0.50918365,-0.12352601921156287,-0.059183645248413075
2025-12-19 09:30:00,4.7,4.509954048385496,4.114604,0.1900459516145041,0.5853960037231447
2025-12-19 09:30:00,2.68,2.698230100079888,2.6698475,-0.0182301000798879,0.010152511596679847
2025-12-19 09:30:00,0.62,0.577977789194081,0.5781646,0.04202221080591895,0.041835422515869136
2025-12-19 09:30:00,0.17,0.5006394078144081,0.19202575,-0.33063940781440804,-0.02202575087547301
2025-12-19 09:30:00,1.47,1.548159233087306,1.3274347,-0.07815923308730599,0.14256534099578855
2025-12-19 09:30:00,2.67,2.885064806194464,2.5602567,-0.215064806194464,0.10974328041076653
2025-12-19 09:30:00,1.3,1.3904256432781648,1.3543866,-0.09042564327816471,-0.05438656806945796
2025-12-19 09:30:00,1.4,1.503104925851795,1.468526,-0.10310492585179509,-0.06852600574493417
2025-12-19 09:30:00,2.35,1.787319460690142,1.6547894,0.5626805393098582,0.6952105522155763
2025-12-19 09:30:00,0.95,1.004079715984874,1.0028541,-0.054079715984874044,-0.05285410881042485
2025-12-19 09:30:00,1.48,1.6969655389338434,1.7163969,-0.2169655389338434,-0.23639692783355715
2025-12-19 09:30:00,0.96,1.0030822369168109,0.85395,-0.0430822369168109,0.10604997634887692
2025-12-19 09:30:00,1.1,1.6434303121104883,1.3111709,-0.5434303121104882,-0.21117093563079825
2025-12-19 09:30:00,2.68,3.1566786730962737,2.9348812,-0.47667867309627354,-0.2548812103271483
2025-12-19 09:30:00,1.27,1.3499513078141627,1.4274434,-0.07995130781416271,-0.15744338512420653
2025-12-19 09:30:00,1.8,1.458458589935545,1.9282411,0.34154141006445515,-0.12824113368988033
2025-12-19 09:30:00,1.06,1.0708921827088371,1.0629174,-0.010892182708837073,-0.002917351722717232
2025-12-19 09:30:00,0.4,0.2913499999999998,0.68108594,0.10865000000000025,-0.2810859441757202
2025-12-19 12:30:00,0.56,0.4258450135055751,0.5693729,0.13415498649442498,-0.009372892379760689
2025-12-19 12:30:00,1.28,1.358528107614383,1.346452,-0.07852810761438289,-0.06645199775695798
2025-12-19 12:30:00,6.26,6.121079513317744,5.893747,0.13892048668225598,0.3662531471252439
2025-12-19 12:30:00,2.45,2.228744374855013,2.1754076,0.2212556251449871,0.2745923519134523
2025-12-19 12:30:00,1.59,2.1084979788535536,2.188094,-0.5184979788535535,-0.5980939006805419
2025-12-19 12:30:00,1.59,1.6710638713279335,1.5405483,-0.08106387132793347,0.04945167541503914
2025-12-19 12:30:00,0.79,0.7990071666666658,0.70338017,-0.009007166666665789,0.08661983251571659
2025-12-19 12:30:00,2.67,2.6806647187553083,2.620178,-0.010664718755308389,0.04982201576232903
2025-12-19 12:30:00,1.45,1.4897791537619285,1.404211,-0.03977915376192853,0.04578895568847652
2025-12-19 12:30:00,2.6,2.631455453389718,2.8392103,-0.031455453389718,-0.23921027183532706
2025-12-19 12:30:00,1.07,1.1980751619264842,1.1484284,-0.12807516192648416,-0.07842844009399408
2025-12-19 12:30:00,4.7,4.949801758745738,4.902633,-0.24980175874573796,-0.20263319015502912
2025-12-19 12:30:00,1.24,1.3963475280831161,1.3776244,-0.15634752808311614,-0.13762439250946046
2025-12-19 12:30:00,1.87,1.878151549332695,1.7424757,-0.008151549332694907,0.12752425193786632
2025-12-19 12:30:00,1.18,1.0567381019133408,1.1503853,0.1232618980866591,0.029614739418029723
2025-12-19 12:30:00,1.51,1.5480298812883952,1.464313,-0.03802988128839524,0.04568696975708009
2025-12-19 12:30:00,0.94,1.1119357059025554,1.0583493,-0.17193570590255547,-0.1183492517471314
2025-12-19 12:30:00,0.77,0.6768280564633293,0.6519119,0.09317194353667069,0.11808808565139772
2025-12-19 12:30:00,1.1,1.130430865728307,1.1724162,-0.030430865728307,-0.07241621017456046
2025-12-19 12:30:00,0.16,0.35166988865753823,0.21619126,-0.19166988865753823,-0.05619126200675964
2025-12-19 12:30:00,0.61,0.6238475378315472,0.611009,-0.01384753783154724,-0.001009001731872572
2025-12-19 12:30:00,0.69,0.8007037181396268,0.7071001,-0.11070371813962687,-0.01710009336471563
2025-12-19 12:30:00,1.93,1.9401483704613762,1.9843402,-0.010148370461376288,-0.054340190887451234
2025-12-19 12:30:00,4.57,4.689764417101806,4.582218,-0.11976441710180552,-0.01221817016601534
2025-12-19 12:30:00,2.3,1.8821744126791515,1.7025461,0.4178255873208483,0.5974538803100584
2025-12-19 12:30:00,2.65,2.8628834865804014,2.6350102,-0.21288348658040146,0.014989757537841708
2025-12-19 12:30:00,1.3,1.3526673259837259,1.4877502,-0.05266732598372581,-0.18775017261505123
2025-12-19 12:30:00,0.7,0.778713370838621,0.7376064,-0.07871337083862107,-0.03760640621185307
2025-12-19 12:30:00,5.4,5.353749704713137,5.132692,0.046250295286863086,0.26730813980102575
2025-12-19 12:30:00,0.47,0.44875988878319384,0.5673633,0.021240111216806135,-0.09736332178115847
2025-12-19 12:30:00,0.97,1.7001157939549976,1.4344168,-0.7301157939549976,-0.4644167709350586
2025-12-19 12:30:00,1.01,1.017279081900525,1.0314939,-0.007279081900525064,-0.02149390220642089
2025-12-19 12:30:00,9.21,9.193316666666668,9.005362,0.01668333333333294,0.20463844299316492
2025-12-19 12:30:00,0.45,0.4785245862443152,0.5580298,-0.028524586244315198,-0.10802977085113524
2025-12-19 12:30:00,1.39,1.5281867841855112,1.4865869,-0.13818678418551134,-0.09658692836761484
2025-12-19 12:30:00,0.95,0.9684934595829372,0.9732603,-0.018493459582937244,-0.023260283470153853
2025-12-19 12:30:00,1.12,1.2650366942679496,1.2555182,-0.14503669426794952,-0.13551819801330556
2025-12-19 12:30:00,1.06,1.0552499381216847,1.028515,0.0047500618783153925,0.03148501873016363
2025-12-19 12:30:00,1.08,1.1490387430270494,1.1309017,-0.06903874302704938,-0.050901694297790456
2025-12-19 15:30:00,0.64,1.0959308743902767,0.7059061,-0.4559308743902767,-0.06590609312057494
2025-12-19 15:30:00,1.01,1.165927759258478,1.058508,-0.15592775925847802,-0.04850803852081298
2025-12-19 15:30:00,1.35,1.5091715821181526,1.4331348,-0.15917158211815252,-0.0831347942352294
2025-12-19 15:30:00,0.98,0.6401925963053949,0.64099896,0.33980740369460505,0.3390010404586792
2025-12-19 15:30:00,2.8,1.9207032805137871,1.9402871,0.8792967194862127,0.8597128868103026
2025-12-19 15:30:00,2.35,2.512131135942641,2.5570827,-0.16213113594264073,-0.2070826530456542
2025-12-19 15:30:00,0.44,0.5017453630701404,0.41066524,-0.06174536307014039,0.029334756135940554
2025-12-19 15:30:00,1.07,0.7349948486202941,0.72360283,0.335005151379706,0.3463971686363221
2025-12-19 15:30:00,0.01,0.4567412513917797,0.25444221,-0.44674125139177967,-0.2444422149658203
2025-12-19 15:30:00,0.97,1.2834361843333377,1.1297086,-0.31343618433333775,-0.15970864772796634
2025-12-19 15:30:00,0.91,0.9335437692648807,0.9572938,-0.023543769264880665,-0.047293808460235565
2025-12-19 15:30:00,1.18,1.5758492374998951,1.8668748,-0.3958492374998952,-0.6868748140335084
2025-12-19 15:30:00,2.58,2.587661468488122,2.6816993,-0.00766146848812177,-0.10169927597045891
2025-12-19 15:30:00,0.85,1.01567584922972,1.0103724,-0.16567584922972,-0.1603724002838135
2025-12-19 15:30:00,0.78,0.7365280740072145,0.69948983,0.04347192599278549,0.08051016807556155
2025-12-19 15:30:00,0.93,1.3643334405841432,1.4370453,-0.43433344058414314,-0.5070453357696533
2025-12-19 15:30:00,0.57,0.6028252493293939,0.5957775,-0.0328252493293939,-0.025777511596679736
2025-12-19 15:30:00,5.17,5.368438234869502,5.244233,-0.19843823486950196,-0.07423313140869148
2025-12-19 15:30:00,0.61,0.44125829873191996,0.4749256,0.16874170126808002,0.13507439255714415
2025-12-19 15:30:00,1.3,2.2160183498139245,2.127389,-0.9160183498139245,-0.8273889541625976
2025-12-19 15:30:00,1.53,1.1265081184087244,1.1585736,0.4034918815912756,0.3714263725280762
2025-12-19 15:30:00,3.86,2.7253854714760224,2.6275713,1.1346145285239775,1.2324286556243895
2025-12-19 15:30:00,5.35,4.7982892535991954,4.8539653,0.5517107464008042,0.4960347175598141
2025-12-19 15:30:00,0.81,1.2909624605732983,1.6660349,-0.4809624605732983,-0.8560349369049072
2025-12-19 15:30:00,1.36,1.6182569919036354,1.6376406,-0.25825699190363527,-0.2776405954360961
2025-12-19 15:30:00,1.76,1.3598208613930285,1.3976477,0.4001791386069715,0.36235226154327393
2025-12-19 15:30:00,1.06,1.0544670677020833,1.0309225,0.005532932297916737,0.02907746791839605
2025-12-19 15:30:00,1.34,1.8560866058932737,1.7980502,-0.5160866058932736,-0.4580501651763915
2025-12-19 15:30:00,1.38,2.2561939206539923,2.359465,-0.8761939206539924,-0.9794648838043214
2025-12-19 15:30:00,0.97,1.030801991568568,1.098356,-0.060801991568568026,-0.1283560085296631
2025-12-19 15:30:00,-0.86,1.2629266666666674,0.9548497,-2.1229266666666673,-1.8148497200012206
2025-12-19 15:30:00,1.73,1.8557739649823848,1.8172543,-0.1257739649823848,-0.08725430488586428
2025-12-19 15:30:00,2.85,4.431458341330997,4.3771777,-1.5814583413309973,-1.5271777153015136
2025-12-19 15:30:00,1.52,1.2340889189297726,1.3677766,0.28591108107022745,0.15222336769104006
2025-12-19 15:30:00,8.95,9.831450000000004,9.744497,-0.8814500000000045,-0.7944972991943366
2025-12-19 15:30:00,1.57,1.63267900688423,1.4504309,-0.06267900688423,0.11956912994384772
2025-12-19 15:30:00,5.39,6.186877454212452,5.8805423,-0.7968774542124519,-0.49054227828979524
2025-12-19 15:30:00,0.91,1.346767483805192,1.2832823,-0.4367674838051919,-0.3732822799682617
2025-12-19 15:30:00,1.54,1.3355046215500732,1.3529873,0.20449537844992682,0.1870127105712891
2025-12-21 09:30:00,0.93,0.9607442234062549,1.0032027,-0.030744223406254823,-0.07320267677307124
2025-12-21 09:30:00,0.56,0.6360926269056932,0.6239028,-0.07609262690569318,-0.06390279769897456
2025-12-21 09:30:00,0.01,0.0382330681702693,0.187325,-0.0282330681702693,-0.17732500076293944
2025-12-21 09:30:00,1.74,1.6812752810698597,1.5883275,0.05872471893014031,0.15167247295379638
2025-12-21 09:30:00,1.58,1.8000048063945875,1.810226,-0.22000480639458742,-0.23022596359252923
2025-12-21 09:30:00,0.84,0.93949363338276,0.9551211,-0.09949363338276007,-0.11512109994888309
2025-12-21 09:30:00,2.32,2.724154373969083,2.611561,-0.4041543739690834,-0.2915610599517824
2025-12-21 09:30:00,1.17,1.3748781011176125,1.3322104,-0.20487810111761262,-0.1622104215621949
2025-12-21 09:30:00,1.72,1.7260727393726645,1.8858528,-0.006072739372664504,-0.16585281372070315
2025-12-21 09:30:00,1.55,1.4255440672949116,1.5068078,0.12445593270508848,0.04319219589233403
2025-12-21 09:30:00,0.46,0.6130549851218714,0.5414954,-0.15305498512187138,-0.0814953827857971
2025-12-21 09:30:00,1.28,1.3778752641734735,1.7163426,-0.09787526417347348,-0.43634256839752195
2025-12-21 09:30:00,2.31,2.2901816826419137,2.4434392,0.019818317358086368,-0.13343924522399897
2025-12-21 09:30:00,0.89,1.2233144035996038,0.9571797,-0.33331440359960374,-0.06717972517013548
2025-12-21 09:30:00,5.09,5.131335643623255,5.4376945,-0.04133564362325526,-0.347694549560547
2025-12-21 09:30:00,1.06,1.0730703423849106,1.0584159,-0.01307034238491056,0.001584110260009819
2025-12-21 09:30:00,1.0,0.8939757445058345,0.8702247,0.1060242554941655,0.1297752857208252
2025-12-21 09:30:00,8.95,9.149500000000007,9.149121,-0.19950000000000756,-0.199121284484864
2025-12-21 09:30:00,3.52,3.5055281581945605,3.4488485,0.014471841805439478,0.07115151405334474
2025-12-21 09:30:00,2.73,2.95509388475087,2.6658432,-0.2250938847508701,0.06415675163269041
2025-12-21 09:30:00,1.35,1.377799676357052,1.4293056,-0.027799676357051828,-0.07930555343627921
2025-12-21 09:30:00,1.5,1.5929870675078037,1.7055757,-0.09298706750780372,-0.20557570457458496
2025-12-21 09:30:00,1.3,1.330453460738734,1.5660316,-0.030453460738733895,-0.26603157520294185
2025-12-21 09:30:00,-0.68,-0.23068000000000008,-0.06233786,-0.44931999999999994,-0.6176621395349503
2025-12-21 09:30:00,0.82,0.6970496495107205,0.6951434,0.12295035048927949,0.12485659837722773
2025-12-21 09:30:00,1.01,1.009388365416794,1.0612515,0.0006116345832059,-0.05125152111053466
2025-12-21 09:30:00,1.29,1.461226896704867,1.4955933,-0.1712268967048669,-0.20559330940246578
2025-12-21 09:30:00,1.32,1.5770111393540702,1.7638226,-0.25701113935407016,-0.4438225555419921
2025-12-21 09:30:00,2.1,1.3923889912605987,1.4012334,0.7076110087394014,0.6987665653228761
2025-12-21 09:30:00,0.66,0.8990039216125838,0.7672272,-0.23900392161258377,-0.10722717285156247
2025-12-21 09:30:00,0.91,0.9376006702036489,0.9979533,-0.02760067020364887,-0.0879532957077026
2025-12-21 09:30:00,0.77,1.482154462731392,1.6065377,-0.712154462731392,-0.8365376996994018
2025-12-21 09:30:00,2.7,2.602731147630447,2.635927,0.0972688523695533,0.06407303810119647
2025-12-21 09:30:00,0.42,0.47933909413616893,0.49652502,-0.059339094136168946,-0.07652501940727235
2025-12-21 09:30:00,0.91,1.0104527597705721,1.1018482,-0.10045275977057211,-0.1918482446670532
2025-12-21 09:30:00,4.85,4.701206395643748,4.783605,0.14879360435625166,0.06639490127563441
2025-12-21 09:30:00,5.05,5.170726252912548,4.959598,-0.12072625291254813,0.0904019355773924
2025-12-21 09:30:00,1.19,1.1873348552072374,1.0468822,0.002665144792762586,0.1431178474426269
2025-12-21 09:30:00,0.96,0.9900803178972687,1.0061908,-0.030080317897268727,-0.04619077682495121
2025-12-21 15:30:00,1.13,1.0737379741139772,1.0363747,0.05626202588602269,0.09362531185150136
2025-12-21 15:30:00,0.75,1.090874002723486,1.2381912,-0.340874002723486,-0.48819124698638916
2025-12-21 15:30:00,0.68,1.303262484641789,1.3779614,-0.623262484641789,-0.6979613971710205
2025-12-21 15:30:00,4.39,5.197685081656184,5.1948185,-0.8076850816561842,-0.8048184967041019
2025-12-21 15:30:00,0.93,1.4835395512771428,1.4736285,-0.5535395512771427,-0.5436285209655761
2025-12-21 15:30:00,2.0,1.0665536101221436,0.9892122,0.9334463898778564,1.0107877850532532
2025-12-21 15:30:00,0.68,1.5249777101129072,1.5708919,-0.8449777101129071,-0.8908918571472167
2025-12-21 15:30:00,0.46,1.6971845843278033,1.6513212,-1.2371845843278033,-1.1913211727142334
2025-12-21 15:30:00,-1.12,0.0672315789473684,-0.24127144,-1.1872315789473684,-0.8787285637855531
2025-12-21 15:30:00,1.98,2.4501182987163035,2.316182,-0.4701182987163035,-0.33618189811706545
2025-12-21 15:30:00,0.97,1.3670028753484589,1.7939742,-0.3970028753484589,-0.8239741611480713
2025-12-21 15:30:00,1.34,1.754364141313614,0.55319405,-0.4143641413136139,0.7868059539794923
2025-12-21 15:30:00,2.48,5.209511377027698,4.9218936,-2.729511377027698,-2.44189359664917
2025-12-21 15:30:00,2.4,2.7017511162332117,2.6554503,-0.3017511162332118,-0.25545034408569345
2025-12-21 15:30:00,0.83,0.8893958154516143,0.97294444,-0.05939581545161432,-0.14294443845748905
2025-12-21 15:30:00,1.01,1.0154278143723827,1.0255787,-0.005427814372382711,-0.015578737258911124
2025-12-21 15:30:00,1.0,1.8686957474448105,1.8585278,-0.8686957474448105,-0.8585277795791626
2025-12-21 15:30:00,0.55,0.8200923398665644,0.73226434,-0.27009233986656433,-0.1822643399238586
2025-12-21 15:30:00,1.33,1.4004680176963606,1.4476079,-0.07046801769636057,-0.11760787487030022
2025-12-21 15:30:00,1.91,2.232932925850835,2.322164,-0.3229329258508351,-0.4121640586853028
2025-12-21 15:30:00,0.53,0.9888054049756989,0.8651436,-0.4588054049756989,-0.33514359712600705
2025-12-21 15:30:00,3.31,3.1014250702527386,3.2414033,0.20857492974726144,0.06859665870666509
2025-12-21 15:30:00,1.16,1.553564846590824,1.5530266,-0.39356484659082414,-0.39302655696868904
2025-12-21 15:30:00,1.55,1.810381098104203,1.583747,-0.26038109810420296,-0.03374702930450435
2025-12-21 15:30:00,1.21,1.493505302592305,1.5621085,-0.2835053025923051,-0.35210851669311527
2025-12-21 15:30:00,2.38,4.2741445510483995,4.219544,-1.8941445510483996,-1.8395439338684083
2025-12-21 15:30:00,1.14,1.31290617704467,1.5016798,-0.17290617704467004,-0.36167977809906016
2025-12-21 15:30:00,0.82,1.0490373392917498,1.0582215,-0.22903733929174985,-0.23822145938873296
2025-12-21 15:30:00,1.05,1.3642873298829408,1.2333448,-0.3142873298829407,-0.1833447933197021
2025-12-21 15:30:00,0.75,0.9266331309752103,0.92975646,-0.17663313097521027,-0.17975646257400513
2025-12-21 15:30:00,0.4,0.473817417851458,0.44459724,-0.07381741785145796,-0.04459724426269529
2025-12-21 15:30:00,2.39,1.5488705450943572,1.7233942,0.841129454905643,0.6666058444976808
2025-12-21 15:30:00,0.74,1.289800982333707,1.2445619,-0.5498009823337071,-0.5045619106292725
2025-12-21 15:30:00,-0.11,0.055031933690906074,0.04406765,-0.16503193369090607,-0.15406765103340148
2025-12-21 15:30:00,0.96,0.9744987571574134,1.0026683,-0.014498757157413444,-0.04266826152801517
2025-12-21 15:30:00,8.85,9.063100000000007,9.086919,-0.21310000000000784,-0.2369188308715824
2025-12-21 15:30:00,0.62,0.7259818979181251,0.6902741,-0.10598189791812507,-0.07027411937713623
2025-12-21 15:30:00,0.5,0.5984085308127022,0.5474513,-0.09840853081270218,-0.04745131731033325
2025-12-21 15:30:00,2.17,2.857465732928048,2.5491126,-0.687465732928048,-0.37911255836486824
2025-12-24 09:30:00,2.1,3.3576880369891593,2.6884327,-1.2576880369891592,-0.5884326934814452
2025-12-24 09:30:00,0.54,0.5551281629981889,0.5605086,-0.015128162998188865,-0.020508608818054164
2025-12-24 09:30:00,1.72,2.2440440983452454,2.1703126,-0.5240440983452455,-0.4503126430511475
2025-12-24 09:30:00,0.7,1.0134429329681531,0.9738677,-0.3134429329681532,-0.27386771440505986
2025-12-24 09:30:00,1.4,1.8919959720080604,1.7860968,-0.49199597200806044,-0.38609681129455575
2025-12-24 09:30:00,2.71,2.070522501762943,2.1588109,0.6394774982370568,0.5511891460418701
2025-12-24 09:30:00,1.15,1.4307867744187004,1.369493,-0.2807867744187005,-0.2194930076599122
2025-12-24 09:30:00,0.89,0.9455184387440007,0.95784277,-0.05551843874400064,-0.06784276723861693
2025-12-24 09:30:00,-0.08,-0.11100361359673552,0.16773129,0.03100361359673552,-0.24773128509521486
2025-12-24 09:30:00,1.74,1.1941167893763183,1.3196291,0.5458832106236817,0.4203709268569946
2025-12-24 09:30:00,1.55,1.56921836344324,1.4701476,-0.019218363443239905,0.07985239028930669
2025-12-24 09:30:00,2.15,2.345521961277786,2.4060824,-0.1955219612777861,-0.2560823917388917
2025-12-24 09:30:00,0.76,0.9325890923950655,0.7573691,-0.17258909239506548,0.0026308989524841397
2025-12-24 09:30:00,1.33,1.3953457309585162,1.3666432,-0.06534573095851615,-0.03664319038391106
2025-12-24 09:30:00,0.78,0.7722763608887512,0.83580124,0.007723639111248848,-0.05580124378204343
2025-12-24 09:30:00,0.75,1.4972568835192075,1.3752648,-0.7472568835192075,-0.6252647638320923
2025-12-24 09:30:00,1.2,1.0524188008148956,1.020643,0.14758119918510437,0.17935700416564937
2025-12-24 09:30:00,0.95,1.1743159192789814,1.0745478,-0.22431591927898142,-0.1245477676391602
2025-12-24 09:30:00,1.03,1.3640872037033376,1.116585,-0.33408720370333755,-0.08658501625061032
2025-12-24 09:30:00,0.7,0.6546018934816964,0.68794686,0.04539810651830356,0.012053143978118852
2025-12-24 09:30:00,0.64,1.578930834910406,1.0218171,-0.9389308349104061,-0.3818170881271362
2025-12-24 09:30:00,9.04,9.126175000000007,9.0696125,-0.08617500000000788,-0.029612503051758665
2025-12-24 09:30:00,1.84,1.1736541209952296,1.6770911,0.6663458790047705,0.1629088783264161
2025-12-24 09:30:00,0.88,0.8131330805067841,0.8597252,0.06686691949321588,0.020274822711944585
2025-12-24 09:30:00,-1.23,-0.9672999999999995,-1.1344509,-0.2627000000000005,-0.09554908752441404
2025-12-24 09:30:00,2.22,2.6577245017956646,2.3273103,-0.43772450179566436,-0.10731032371520977
2025-12-24 09:30:00,1.0,1.0368141515452844,1.0527893,-0.036814151545284446,-0.05278933048248291
2025-12-24 09:30:00,1.9,1.2013639707455928,1.4107541,0.6986360292544072,0.48924591541290274
2025-12-24 09:30:00,2.97,3.291907487700822,3.3965867,-0.3219074877008219,-0.4265866565704344
2025-12-24 09:30:00,0.78,0.9606567832457962,1.0353862,-0.18065678324579615,-0.25538620471954343
2025-12-24 09:30:00,0.66,0.6978134017606767,0.7907,-0.03781340176067671,-0.13070001840591428
2025-12-24 09:30:00,0.95,0.9739569125031815,1.1523739,-0.02395691250318155,-0.2023739099502564
2025-12-24 09:30:00,0.42,1.2783795265312148,1.0300174,-0.8583795265312149,-0.610017375946045
2025-12-24 09:30:00,0.57,0.4872068765798246,0.43376398,0.08279312342017536,0.13623601913452144
2025-12-24 09:30:00,1.95,2.7516605271317562,2.7814744,-0.8016605271317563,-0.8314743518829346
2025-12-24 09:30:00,2.66,2.2489813790771445,2.2233942,0.4110186209228557,0.4366058444976808
2025-12-24 09:30:00,5.02,4.669064018179058,4.5447793,0.35093598182094166,0.4752206993103023
2025-12-24 09:30:00,1.13,1.601383857869426,1.5761286,-0.47138385786942605,-0.4461286020278932
2025-12-24 09:30:00,1.13,1.1433513170408034,1.1226355,-0.013351317040803501,0.0073645162582396395
2025-12-25 09:30:00,0.68,0.8525966831445702,0.9331447,-0.1725966831445701,-0.25314468860626216
2025-12-25 09:30:00,0.74,1.0779044734602294,1.0564795,-0.33790447346022945,-0.31647945404052735
2025-12-25 09:30:00,0.33,0.67673979527406,0.65018046,-0.34673979527406,-0.32018045902252196
2025-12-25 09:30:00,1.28,1.3808980720490185,1.3076677,-0.10089807204901846,-0.027667732238769505
2025-12-25 09:30:00,1.63,2.2536048754056885,2.2464716,-0.6236048754056887,-0.6164716434478761
2025-12-25 09:30:00,0.88,2.1630261562998414,1.8433397,-1.2830261562998415,-0.9633396816253662
2025-12-25 09:30:00,1.0,1.9515437500804247,1.7431904,-0.9515437500804247,-0.7431904077529907
2025-12-25 09:30:00,0.71,0.8033542176565089,0.7881819,-0.09335421765650898,-0.07818190097808841
2025-12-25 09:30:00,-0.06,-0.02335614958365937,0.16913028,-0.03664385041634063,-0.22913028061389923
2025-12-25 09:30:00,1.9,1.5042206077436728,1.3791254,0.3957793922563271,0.5208746433258056
2025-12-25 09:30:00,0.36,1.0933306729288852,0.95156616,-0.7333306729288852,-0.5915661597251892
2025-12-25 09:30:00,8.76,9.375100000000005,9.669608,-0.6151000000000053,-0.9096081161499026
2025-12-25 09:30:00,0.7,0.8966178870133276,0.96150756,-0.1966178870133276,-0.2615075588226319
2025-12-25 09:30:00,0.97,1.2248630251768722,1.1034737,-0.2548630251768722,-0.13347366333007815
2025-12-25 09:30:00,1.06,1.1532982153240514,1.1288967,-0.09329821532405136,-0.06889671325683588
2025-12-25 09:30:00,1.55,1.6638727835880647,1.5789955,-0.11387278358806463,-0.02899546623229976
2025-12-25 09:30:00,1.68,2.1795301243354044,2.2711222,-0.49953012433540445,-0.5911222171783448
2025-12-25 09:30:00,0.54,1.0461224962698707,0.8597562,-0.5061224962698707,-0.3197561717033386
2025-12-25 09:30:00,0.41,0.6693513640292048,0.54280317,-0.25935136402920483,-0.132803168296814
2025-12-25 09:30:00,1.03,1.2462969725284816,1.2158402,-0.21629697252848157,-0.18584022045135495
2025-12-25 09:30:00,4.43,5.289202052706311,5.1644745,-0.8592020527063111,-0.7344744873046878
2025-12-25 09:30:00,0.63,1.3396452743761793,1.4442463,-0.7096452743761793,-0.8142462921142578
2025-12-25 09:30:00,1.35,1.8632335162947635,1.9307365,-0.5132335162947634,-0.5807365417480468
2025-12-25 09:30:00,2.06,2.245695645729864,2.3303335,-0.18569564572986375,-0.2703334712982177
2025-12-25 09:30:00,1.96,2.720963955801784,2.4439304,-0.7609639558017842,-0.4839303874969483
2025-12-25 09:30:00,0.64,0.823639827276936,0.88933015,-0.18363982727693595,-0.2493301486968994
2025-12-25 09:30:00,1.6,2.349053342228589,2.3496094,-0.749053342228589,-0.7496093749999999
2025-12-25 09:30:00,0.8,1.1290867980083517,1.0331892,-0.3290867980083516,-0.23318917751312251
2025-12-25 09:30:00,0.99,1.4203291039038357,1.1583214,-0.4303291039038357,-0.16832138061523438
2025-12-25 09:30:00,1.47,2.7319441538281954,2.5759032,-1.2619441538281955,-1.1059031772613526
2025-12-25 09:30:00,0.58,1.347618780960347,1.4366229,-0.7676187809603471,-0.8566228580474854
2025-12-25 09:30:00,0.36,0.6013720197799668,0.49911097,-0.2413720197799668,-0.13911096692085267
2025-12-25 09:30:00,0.49,0.7381993453670206,0.92796254,-0.2481993453670206,-0.4379625415802002
2025-12-25 09:30:00,-1.53,-1.0589000000000002,0.09995075,-0.47109999999999985,-1.6299507531523705
2025-12-25 09:30:00,2.44,2.9951301327821973,3.0345652,-0.5551301327821974,-0.5945652103424073
2025-12-25 09:30:00,1.07,2.2562420142583233,2.054646,-1.1862420142583232,-0.9846460151672363
2025-12-25 09:30:00,0.65,0.9810228070563086,0.8146043,-0.3310228070563086,-0.16460428237915037
2025-12-25 09:30:00,0.96,1.0223136017173444,1.0363353,-0.06231360171734446,-0.07633534908294681
2025-12-25 09:30:00,0.58,0.839811007534717,0.7322875,-0.2598110075347171,-0.1522875261306763
2025-12-29 09:30:00,1.79,0.9927744990855399,1.0271732,0.7972255009144601,0.7628268384933472
2025-12-29 09:30:00,1.25,2.306102089368978,1.9376416,-1.056102089368978,-0.6876416206359863
2025-12-29 09:30:00,-1.47,-0.9428499999999996,-1.6152142,-0.5271500000000003,0.14521422863006594
2025-12-29 09:30:00,0.69,0.6105430358901076,0.7493054,0.07945696410989234,-0.059305427074432426
2025-12-29 09:30:00,9.11,8.865425000000002,9.191243,0.24457499999999754,-0.0812431716918951
2025-12-29 09:30:00,1.57,1.5994151203535119,1.5929693,-0.029415120353511792,-0.02296929836273187
2025-12-29 09:30:00,2.11,2.5522285326803136,2.1629555,-0.4422285326803137,-0.05295552253723157
2025-12-29 09:30:00,0.97,0.7422821523594807,0.8474285,0.22771784764051928,0.12257149934768674
2025-12-29 09:30:00,1.08,1.1578935849448586,1.0660881,-0.07789358494485854,0.013911919593811106
2025-12-29 09:30:00,0.62,0.43996253710333894,0.43364844,0.18003746289666106,0.18635156273841857
2025-12-29 09:30:00,0.75,0.9451523646315795,0.88983095,-0.19515236463157948,-0.13983094692230225
2025-12-29 09:30:00,0.58,0.44560954567600514,0.4629156,0.13439045432399482,0.11708440065383907
2025-12-29 09:30:00,1.23,1.3169366661045003,1.1054612,-0.08693666610450035,0.12453876018524168
2025-12-29 09:30:00,0.78,0.7166162223408894,0.82369024,0.06338377765911063,-0.043690235614776585
2025-12-29 09:30:00,2.87,2.53207004070104,3.165699,0.3379299592989602,-0.295699005126953
2025-12-29 09:30:00,0.52,1.0026400824328086,1.0579199,-0.48264008243280854,-0.5379198598861694
2025-12-29 09:30:00,1.25,1.0614743730384588,1.0646771,0.18852562696154118,0.18532288074493408
2025-12-29 09:30:00,1.62,1.6566470605826626,1.5272231,-0.03664706058266254,0.0927768898010255
2025-12-29 09:30:00,4.33,4.736638903420208,4.8212366,-0.40663890342020803,-0.4912366104125976
2025-12-29 09:30:00,2.02,2.6374298420258206,2.8123126,-0.6174298420258206,-0.7923126029968262
2025-12-29 09:30:00,1.6,2.0494325146099657,2.3069932,-0.4494325146099656,-0.7069932460784911
2025-12-29 09:30:00,0.92,1.2846692510878912,1.3389708,-0.36466925108789117,-0.4189707803726196
2025-12-29 09:30:00,1.01,1.0432203352395997,1.0234766,-0.03322033523959966,-0.013476600646972647
2025-12-29 09:30:00,0.83,0.7127987388790277,0.7848065,0.11720126112097229,0.04519351005554195
2025-12-29 09:30:00,2.3,2.6251521059381253,2.732838,-0.3251521059381255,-0.4328379154205324
2025-12-29 09:30:00,1.04,2.232759013875014,1.845511,-1.1927590138750142,-0.8055109596252441
2025-12-29 09:30:00,1.2,1.7980968365924892,2.030877,-0.5980968365924892,-0.8308771133422852
2025-12-29 09:30:00,0.45,0.8294414670167543,0.7936721,-0.37944146701675424,-0.3436720848083496
2025-12-29 09:30:00,0.84,0.8314926595062201,0.881194,0.00850734049377988,-0.041193995475769074
2025-12-29 09:30:00,0.83,1.3549129565232352,1.4014933,-0.5249129565232352,-0.5714933109283448
2025-12-29 09:30:00,0.64,0.5910715916456672,0.600296,0.048928408354332764,0.03970397949218751
2025-12-29 09:30:00,0.34,0.8468759046369319,1.1135987,-0.5068759046369318,-0.7735987043380737
2025-12-29 09:30:00,0.38,-0.005174391297011391,0.08679629,0.3851743912970114,0.2932037088274956
2025-12-29 09:30:00,0.7,0.702771210432216,0.73889256,-0.0027712104322160647,-0.03889255523681645
2025-12-29 09:30:00,1.92,1.3649825368022945,1.2759467,0.5550174631977054,0.6440532636642455
2025-12-29 09:30:00,0.25,0.7857224465720793,0.60873884,-0.5357224465720793,-0.35873883962631226
2025-12-29 09:30:00,1.72,0.7747260293923085,0.79832554,0.9452739706076915,0.9216744613647461
2025-12-29 09:30:00,2.05,2.0624876595322847,2.0631278,-0.012487659532284923,-0.013127756118774592
2025-12-29 09:30:00,0.95,1.5242026703669194,1.5323775,-0.5742026703669194,-0.5823774814605713
2026-01-01 09:30:00,4.07,4.602369856112483,4.36752,-0.5323698561124823,-0.2975198554992673
2026-01-01 09:30:00,2.73,2.733253868513567,2.5474539,-0.0032538685135672374,0.1825461196899414
2026-01-01 09:30:00,1.36,2.075411864111905,2.094248,-0.7154118641119049,-0.7342480564117431
2026-01-01 09:30:00,0.76,1.1300824405282244,0.9715454,-0.37008244052822437,-0.21154539823532104
2026-01-01 09:30:00,0.63,0.8043283936629438,0.8747763,-0.17432839366294384,-0.24477630376815795
2026-01-01 09:30:00,0.96,1.1204258888011562,1.0743176,-0.16042588880115627,-0.11431757450103763
2026-01-01 09:30:00,1.44,2.0647268161985077,1.6835213,-0.6247268161985078,-0.24352127075195318
2026-01-01 09:30:00,1.2,0.8214892398920618,0.81537086,0.37851076010793816,0.38462914228439327
2026-01-01 09:30:00,0.67,1.4139430053837072,1.1191711,-0.7439430053837072,-0.44917114257812496
2026-01-01 09:30:00,0.33,0.5419492939135495,0.4834475,-0.2119492939135495,-0.15344749212265013
2026-01-01 09:30:00,0.18,0.6940884105453504,0.49573344,-0.5140884105453505,-0.31573343992233277
2026-01-01 09:30:00,0.7,0.9993302807960344,0.88468,-0.2993302807960344,-0.1846799731254578
2026-01-01 09:30:00,-1.27,-1.4562499999999992,-1.7342515,0.18624999999999914,0.4642514991760254
2026-01-01 09:30:00,0.52,0.6395972621024857,0.52006406,-0.11959726210248567,-6.405591964719903e-05
2026-01-01 09:30:00,8.57,9.746100000000009,9.605347,-1.1761000000000088,-1.0353466796874997
2026-01-01 09:30:00,0.32,0.4155700989441988,0.35418364,-0.09557009894419877,-0.034183644056320184
2026-01-01 09:30:00,1.06,1.031286566806949,0.822373,0.028713433193050975,0.23762702703475957
2026-01-01 09:30:00,1.02,1.5602033333333345,1.4382409,-0.5402033333333345,-0.4182408857345581
2026-01-01 09:30:00,0.8,1.325766312645195,1.4377617,-0.525766312645195,-0.6377616643905639
2026-01-01 09:30:00,1.19,1.6517903425822562,1.4618574,-0.46179034258225626,-0.27185743808746343
2026-01-01 09:30:00,0.49,0.7016670216892442,0.4761941,-0.21166702168924423,0.013805886507034293
2026-01-01 09:30:00,2.34,2.852965049563269,2.5031464,-0.5129650495632689,-0.16314640998840346
2026-01-01 09:30:00,1.98,2.2817620809931127,2.0786078,-0.30176208099311275,-0.09860779762268068
2026-01-01 09:30:00,1.11,1.2706605755493217,1.2250677,-0.16066057554932156,-0.11506773471832266
2026-01-01 09:30:00,2.01,2.046875082965937,1.9724756,-0.036875082965937,0.03752435207366922
2026-01-01 09:30:00,0.75,0.8406355397020078,0.846455,-0.09063553970200777,-0.09645497798919678
2026-01-01 09:30:00,1.23,1.5667928212224753,1.6799634,-0.33679282122247534,-0.4499633502960205
2026-01-01 09:30:00,0.29,0.5141359517593858,0.50744015,-0.22413595175938578,-0.21744014978408815
2026-01-01 09:30:00,1.13,1.227511422612921,1.2638544,-0.097511422612921,-0.13385438442230235
2026-01-01 09:30:00,0.43,1.3182297752329015,1.1144756,-0.8882297752329016,-0.6844756078720093
2026-01-01 09:30:00,0.83,0.7891050088670862,0.71713185,0.04089499113291373,0.11286814689636226
2026-01-01 09:30:00,0.92,1.0684119126330307,1.0195699,-0.14841191263303066,-0.09956987380981441
2026-01-01 09:30:00,0.67,0.2384939075017123,0.26099396,0.43150609249828775,0.4090060424804688
2026-01-01 09:30:00,1.88,2.314198480548899,2.3299193,-0.4341984805488992,-0.44991933822631847
2026-01-01 09:30:00,2.05,1.7139819437892811,1.6553944,0.3360180562107187,0.3946055650711058
2026-01-01 09:30:00,1.45,1.5512816948443566,1.57071,-0.10128169484435667,-0.12070994377136235
2026-01-01 09:30:00,0.58,0.8992280336239422,0.7859151,-0.31922803362394225,-0.20591507673263554
2026-01-01 09:30:00,0.85,0.9643055430011076,1.0181884,-0.11430554300110762,-0.16818835735321047
2026-01-01 09:30:00,0.4,0.8827917264137284,0.50027716,-0.48279172641372836,-0.10027716159820554
2026-01-10 12:30:00,1.19,0.9606367477515996,1.1531353,0.22936325224840037,0.03686470031738276
2026-01-10 12:30:00,1.11,1.103514234643111,1.099983,0.0064857653568890505,0.01001702308654795
2026-01-10 12:30:00,1.6,1.1527192021269475,0.96082854,0.44728079787305264,0.6391714572906495
2026-01-10 12:30:00,0.96,1.068592494814288,1.029078,-0.10859249481428801,-0.0690780067443848
2026-01-10 12:30:00,0.45,0.41180304494418324,0.53979343,0.03819695505581677,-0.0897934317588806
2026-01-10 12:30:00,1.38,1.5501302622158333,1.3543745,-0.17013026221583338,0.025625472068786515
2026-01-10 12:30:00,0.84,0.8506428120556011,0.82137173,-0.010642812055601136,0.018628265857696502
2026-01-10 12:30:00,0.79,1.1356574324405115,1.070266,-0.3456574324405115,-0.28026600837707516
2026-01-10 12:30:00,0.68,1.0731274620214224,1.100223,-0.39312746202142235,-0.4202229452133178
2026-01-10 12:30:00,1.01,1.3122075184558253,1.098781,-0.3022075184558253,-0.08878098964691161
2026-01-10 12:30:00,0.75,0.7942939072001154,0.848876,-0.04429390720011539,-0.0988759994506836
2026-01-10 12:30:00,2.34,2.765674965838366,2.5787642,-0.42567496583836606,-0.23876420021057143
2026-01-10 12:30:00,0.67,0.34809356625773646,0.3559824,0.3219064337422636,0.3140176069736481
2026-01-10 12:30:00,2.73,2.9791101240154125,2.3822305,-0.24911012401541255,0.3477694797515869
2026-01-10 12:30:00,0.28,0.606990368393324,0.48738965,-0.32699036839332396,-0.2073896539211273
2026-01-10 12:30:00,1.92,1.954890356070998,1.9553615,-0.03489035607099811,-0.03536148548126228
2026-01-10 12:30:00,-1.3,-1.2713499999999995,-1.6468328,-0.02865000000000051,0.3468328237533569
2026-01-10 12:30:00,0.17,1.0630355321337683,0.5847137,-0.8930355321337683,-0.41471369743347164
2026-01-10 12:30:00,0.39,1.0417057910713963,0.57056874,-0.6517057910713963,-0.1805687403678894
2026-01-10 12:30:00,0.26,0.7210944848463636,0.43556052,-0.4610944848463636,-0.17556052446365356
2026-01-10 12:30:00,8.57,8.546975000000003,8.803612,0.023024999999996965,-0.23361175537109347
2026-01-10 12:30:00,1.05,0.9198351578757289,1.1164125,0.13016484212427115,-0.06641252040863033
2026-01-10 12:30:00,0.4,1.1154241298324514,1.1642977,-0.7154241298324514,-0.7642976999282837
2026-01-10 12:30:00,0.63,0.7344625390721511,0.7710278,-0.10446253907215108,-0.1410278034210205
2026-01-10 12:30:00,2.01,2.16343379983915,1.9983226,-0.15343379983915018,0.01167739391326883
2026-01-10 12:30:00,1.2,1.3376881649573042,1.5299448,-0.1376881649573043,-0.32994477748870854
2026-01-10 12:30:00,1.19,1.6868619207743083,1.562304,-0.49686192077430835,-0.37230401992797857
2026-01-10 12:30:00,0.76,1.0145614990610978,1.0713147,-0.2545614990610978,-0.3113146924972534
2026-01-10 12:30:00,0.51,0.6721758255668969,0.64642406,-0.16217582556689691,-0.1364240550994873
2026-01-10 12:30:00,0.57,0.6671569606451491,0.6621853,-0.09715696064514912,-0.0921853113174439
2026-01-10 12:30:00,1.12,1.3535079144323232,1.269914,-0.2335079144323231,-0.14991403102874745
2026-01-10 12:30:00,1.56,2.0618650742299978,1.9644661,-0.5018650742299977,-0.40446609497070307
2026-01-10 12:30:00,0.75,0.7503193178520582,0.6926045,-0.0003193178520581874,0.05739551782608032
2026-01-10 12:30:00,0.48,0.6822323093537654,0.51164514,-0.20223230935376546,-0.03164513826370241
2026-01-10 12:30:00,2.05,1.760882414250321,1.7771498,0.28911758574967883,0.27285020351409894
2026-01-10 12:30:00,4.06,3.913582068972046,3.9483092,0.14641793102795342,0.11169081687927207
2026-01-10 12:30:00,1.29,1.40451112521635,1.5096365,-0.11451112521634998,-0.21963652133941647
2026-01-10 12:30:00,1.49,1.4203500721252775,1.4618472,0.06964992787472246,0.02815281391143798
2026-01-10 12:30:00,0.91,1.0824248188442644,1.0112919,-0.17242481884426442,-0.10129186153411862
2026-01-10 15:30:00,0.2,0.2916042492033577,0.31216738,-0.09160424920335769,-0.11216737627983092
2026-01-10 15:30:00,1.14,1.1688621448695948,1.1914018,-0.02886214486959493,-0.05140183925628672
2026-01-10 15:30:00,2.01,2.0442636061443293,1.9689516,-0.03426360614432955,0.041048417091369416
2026-01-10 15:30:00,0.63,0.9916009850985164,0.7400031,-0.36160098509851635,-0.11000310897827148
2026-01-10 15:30:00,0.76,0.8223150863320811,0.8889264,-0.06231508633208105,-0.1289263868331909
2026-01-10 15:30:00,1.37,1.3216223044687527,0.9933104,0.04837769553124738,0.3766896080970765
2026-01-10 15:30:00,1.04,0.9326910384950513,0.9959922,0.10730896150494873,0.0440078163146973
2026-01-10 15:30:00,1.6,1.4986391642832297,1.4067832,0.10136083571677035,0.19321677684783944
2026-01-10 15:30:00,2.05,1.9199179771514634,1.7228345,0.13008202284853643,0.3271655321121214
2026-01-10 15:30:00,0.63,0.8032729097175487,0.87224793,-0.17327290971754872,-0.24224793434143066
2026-01-10 15:30:00,1.11,1.1285709337501444,1.0602915,-0.01857093375014429,0.04970847129821787
2026-01-10 15:30:00,0.4,0.6470075026839914,0.74665123,-0.2470075026839914,-0.3466512322425842
2026-01-10 15:30:00,0.96,1.0234791194260227,1.0089427,-0.06347911942602269,-0.04894272327423099
2026-01-10 15:30:00,0.46,0.4736588300648777,0.48144528,-0.01365883006487767,-0.021445282697677592
2026-01-10 15:30:00,1.18,1.251952737528919,1.1455939,-0.07195273752891906,0.034406118392944274
2026-01-10 15:30:00,1.5,1.9637965022051378,1.7084025,-0.4637965022051378,-0.20840251445770264
2026-01-10 15:30:00,2.34,2.567384438578718,2.3406227,-0.22738443857871804,-0.0006226634979249468
2026-01-10 15:30:00,0.4,0.4691338597288876,0.37538248,-0.06913385972888758,0.02461751699447634
2026-01-10 15:30:00,0.26,0.4173997729783433,0.38548395,-0.1573997729783433,-0.1254839503765106
2026-01-10 15:30:00,1.1,1.1284409345802526,1.0910672,-0.02844093458025254,0.00893280506134042
2026-01-10 15:30:00,0.76,0.7547185733048284,0.7491426,0.0052814266951716204,0.010857412815094003
2026-01-10 15:30:00,0.66,0.42519616450061376,0.54698485,0.23480383549938627,0.11301514863967899
2026-01-10 15:30:00,8.58,8.426200000000003,8.776492,0.15379999999999683,-0.19649211883544915
2026-01-10 15:30:00,0.9,0.9310719125245095,0.9698882,-0.03107191252450947,-0.06988821029663084
2026-01-10 15:30:00,2.72,2.3638066191643543,2.301314,0.3561933808356459,0.4186858844757082
2026-01-10 15:30:00,1.26,1.3884184920223868,1.590899,-0.12841849202238675,-0.3308989906311035
2026-01-10 15:30:00,1.23,1.4519180858292495,1.383401,-0.22191808582924955,-0.15340103626251222
2026-01-10 15:30:00,0.51,0.4993454883027374,0.48961526,0.010654511697262614,0.02038473844528199
2026-01-10 15:30:00,2.4,1.4564578603298515,1.6041342,0.9435421396701484,0.7958657979965209
2026-01-10 15:30:00,0.83,0.844889637263891,0.7626772,-0.014889637263891031,0.06732280731201168
2026-01-10 15:30:00,1.95,2.082445113983436,1.8622268,-0.13244511398343595,0.08777315616607662
2026-01-10 15:30:00,-1.4,-1.3451999999999982,-1.4297882,-0.054800000000001736,0.0297882318496705
2026-01-10 15:30:00,0.99,1.0694949685509991,0.8984322,-0.07949496855099913,0.091567804813385
2026-01-10 15:30:00,4.06,3.9503848470712835,4.034525,0.10961515292871615,0.025475082397460547
2026-01-10 15:30:00,0.77,0.5591960648310154,0.51981384,0.21080393516898466,0.2501861643791199
2026-01-10 15:30:00,0.81,0.83993152052599,0.92165154,-0.029931520525989908,-0.11165154218673701
2026-01-10 15:30:00,0.69,1.0333801830997416,0.91619277,-0.3433801830997416,-0.22619277000427251
2026-01-10 15:30:00,0.39,0.422123685991767,0.45088708,-0.03212368599176696,-0.06088708400726317
2026-01-10 15:30:00,0.57,0.5812089286161479,0.5767756,-0.011208928616147973,-0.0067756104469299805
2026-01-10 18:30:00,-0.02,0.714629852461783,0.62822896,-0.734629852461783,-0.6482289624214173
2026-01-10 18:30:00,2.58,2.685654669362502,2.781173,-0.10565466936250179,-0.20117299079895012
2026-01-10 18:30:00,1.46,1.6994742512674117,1.5518426,-0.23947425126741173,-0.09184257030487064
2026-01-10 18:30:00,2.31,2.5294682798640373,2.3449993,-0.21946827986403727,-0.034999313354492134
2026-01-10 18:30:00,1.5,1.4082574868061806,1.4040754,0.09174251319381943,0.09592461585998535
2026-01-10 18:30:00,0.24,0.3578452531623219,0.3653725,-0.11784525316232192,-0.12537250876426698
2026-01-10 18:30:00,2.05,2.0097097891974705,1.9242479,0.04029021080252937,0.12575213909149152
2026-01-10 18:30:00,-1.38,-1.473049999999998,-1.4294261,0.09304999999999808,0.04942607402801524
2026-01-10 18:30:00,1.95,1.9035000846448997,1.8346367,0.04649991535510023,0.11536331176757808
2026-01-10 18:30:00,0.48,0.7242533435361803,0.90515023,-0.24425334353618033,-0.4251502346992493
2026-01-10 18:30:00,8.68,8.480300000000005,8.729882,0.19969999999999466,-0.04988224029541044
2026-01-10 18:30:00,0.77,0.8050476702330838,0.8637704,-0.03504767023308375,-0.09377042531967161
2026-01-10 18:30:00,4.16,4.0288713601726815,4.006399,0.1311286398273186,0.1536008453369142
2026-01-10 18:30:00,0.93,0.9106667706836998,0.96991235,0.019333229316300216,-0.039912350177764844
2026-01-10 18:30:00,0.4,0.406851656334866,0.49341694,-0.006851656334865952,-0.09341693520545957
2026-01-10 18:30:00,0.61,0.7996831651274419,0.73053366,-0.18968316512744188,-0.12053365945816041
2026-01-10 18:30:00,1.73,2.0251055332433,1.8708538,-0.29510553324330013,-0.1408537817001343
2026-01-10 18:30:00,0.92,1.0322380147110382,1.0469677,-0.11223801471103811,-0.12696774482727047
2026-01-10 18:30:00,0.4,0.291414925468725,0.39995053,0.10858507453127503,4.9465894699118884e-05
2026-01-10 18:30:00,1.08,1.1119892042971447,1.1296706,-0.03198920429714458,-0.04967061996459954
2026-01-10 18:30:00,0.8,1.2912063532851632,0.88853556,-0.49120635328516316,-0.08853555917739864
2026-01-10 18:30:00,1.27,1.3008550309265803,1.3214321,-0.030855030926580262,-0.05143211364746092
2026-01-10 18:30:00,0.79,0.8262841610387031,0.8694556,-0.03628416103870302,-0.07945557594299313
2026-01-10 18:30:00,0.5,0.47704194032904307,0.5239873,0.022958059670956932,-0.023987293243408203
2026-01-10 18:30:00,0.6,0.9485238655937707,0.673585,-0.3485238655937707,-0.0735849976539612
2026-01-10 18:30:00,1.4,1.9513981235652376,1.8572013,-0.5513981235652377,-0.45720133781433114
2026-01-10 18:30:00,1.2,0.8028702535462291,0.9154107,0.39712974645377086,0.2845893025398254
2026-01-10 18:30:00,0.56,0.9054533957476678,0.75028616,-0.34545339574766776,-0.1902861618995666
2026-01-10 18:30:00,1.0,1.1948828823406337,1.0074244,-0.19488288234063367,-0.007424354553222656
2026-01-10 18:30:00,1.03,1.529431087174132,1.2820343,-0.49943108717413187,-0.25203427791595456
2026-01-10 18:30:00,0.56,0.5767927986614817,0.53933406,-0.016792798661481645,0.020665941238403374
2026-01-10 18:30:00,1.32,2.671550909813966,1.9330105,-1.3515509098139658,-0.613010458946228
2026-01-10 18:30:00,1.09,1.0960684028879384,1.0903077,-0.006068402887938307,-0.0003077125549315607
2026-01-10 18:30:00,0.96,1.0692935859601682,1.1623782,-0.10929358596016825,-0.20237819194793705
2026-01-10 18:30:00,0.75,0.7870461942405602,0.7892751,-0.037046194240560215,-0.03927510976791382
2026-01-10 18:30:00,0.39,0.5512829182513537,0.36143106,-0.16128291825135366,0.028568937778472914
2026-01-10 18:30:00,1.12,1.1468998284327956,1.1788727,-0.02689982843279548,-0.058872704505920304
2026-01-10 18:30:00,0.43,0.4499919737167481,0.49126127,-0.0199919737167481,-0.061261273622512824
2026-01-10 18:30:00,1.7,1.6644309420302992,1.520274,0.03556905796970078,0.17972595691680904
2026-01-11 09:30:00,1.44,2.6639923515899766,2.9961717,-1.2239923515899767,-1.5561717128753663
2026-01-11 09:30:00,2.0,1.456895446376032,1.4373351,0.543104553623968,0.5626648664474487
2026-01-11 09:30:00,1.2,1.7729935164675446,1.7222891,-0.5729935164675446,-0.5222890853881836
2026-01-11 09:30:00,3.91,4.204249870959991,4.028956,-0.294249870959991,-0.11895593643188462
2026-01-11 09:30:00,0.83,0.531943720554206,0.5793763,0.29805627944579394,0.2506237196922302
2026-01-11 09:30:00,-0.1,-1.222549999999999,-1.4182931,1.1225499999999988,1.3182931184768676
2026-01-11 09:30:00,0.08,0.6473702554239312,0.8235767,-0.5673702554239313,-0.7435766887664795
2026-01-11 09:30:00,0.4,0.4723177735668459,0.5004517,-0.07231777356684588,-0.10045168399810789
2026-01-11 09:30:00,1.52,1.0829150716618647,1.091695,0.4370849283381353,0.42830504894256594
2026-01-11 09:30:00,0.73,1.1630478982413441,1.0245551,-0.43304789824134415,-0.2945550870895386
2026-01-11 09:30:00,0.61,0.7631247884571402,0.7974719,-0.15312478845714017,-0.18747188091278078
2026-01-11 09:30:00,-0.05,1.3833217836257305,0.4526426,-1.4333217836257306,-0.5026425898075104
2026-01-11 09:30:00,0.64,1.1455793175936642,0.8570256,-0.5055793175936641,-0.2170256233215332
2026-01-11 09:30:00,0.53,0.5539858162741083,0.4269803,-0.02398581627410823,0.10301971316337588
2026-01-11 09:30:00,1.0,1.3053311596523713,1.3252543,-0.30533115965237134,-0.32525432109832764
2026-01-11 09:30:00,2.18,1.4389949681029126,1.5035561,0.7410050318970876,0.6764438676834108
2026-01-11 09:30:00,0.94,0.8318626138885352,0.833668,0.10813738611146473,0.10633200645446772
2026-01-11 09:30:00,0.13,0.39750106799523527,0.37913275,-0.26750106799523526,-0.24913274765014648
2026-01-11 09:30:00,3.5,1.199906391656162,1.1473818,2.300093608343838,2.3526182174682617
2026-01-11 09:30:00,1.94,2.3819570974662496,2.3683908,-0.44195709746624967,-0.42839079856872564
2026-01-11 09:30:00,0.06,0.3674374912398602,0.23637529,-0.3074374912398602,-0.17637528717517853
2026-01-11 09:30:00,0.78,0.9556511279863382,0.9826981,-0.1756511279863382,-0.20269808292388913
2026-01-11 09:30:00,0.98,0.9714309851464478,1.0293953,0.008569014853552215,-0.04939534187316896
2026-01-11 09:30:00,8.44,8.606100000000001,8.768564,-0.1661000000000019,-0.32856422424316456
2026-01-11 09:30:00,0.2,0.5934034280697549,0.55215204,-0.39340342806975487,-0.3521520376205444
2026-01-11 09:30:00,1.21,0.6019527498532459,0.7174356,0.6080472501467541,0.4925644016265869
2026-01-11 09:30:00,1.91,1.9321626317770022,1.8926922,-0.022162631777002284,0.017307791709899822
2026-01-11 09:30:00,2.74,2.027793352878105,2.0981956,0.7122066471218953,0.6418044471740725
2026-01-11 09:30:00,0.0,0.31111190575941466,0.3707904,-0.31111190575941466,-0.37079039216041565
2026-01-11 09:30:00,0.25,0.40270850442036676,0.62331736,-0.15270850442036676,-0.3733173608779907
2026-01-11 09:30:00,1.2,0.9393689037328309,1.2178164,0.26063109626716907,-0.017816352844238326
2026-01-11 09:30:00,1.17,0.8266785130340806,0.85579765,0.34332148696591935,0.3142023515701293
2026-01-11 09:30:00,0.62,1.007337262260398,1.0683205,-0.387337262260398,-0.44832051277160645
2026-01-11 09:30:00,1.18,1.347626619207926,1.279516,-0.1676266192079261,-0.0995159816741944
2026-01-11 09:30:00,1.56,1.403459901516738,1.4679446,0.1565400984832621,0.09205537796020513
2026-01-11 09:30:00,0.33,0.7856520998126877,0.8046208,-0.45565209981268767,-0.4746208024024963
2026-01-11 09:30:00,1.8,2.0670110364535437,1.9637516,-0.2670110364535436,-0.1637515544891357
2026-01-11 09:30:00,0.63,1.063203190861133,1.0926412,-0.433203190861133,-0.4626412343978882
2026-01-11 09:30:00,0.96,1.0812690652875194,1.0600793,-0.12126906528751946,-0.10007933616638187
2026-02-20 06:30:00,0.5,0.6659011508353807,0.74192613,-0.1659011508353807,-0.2419261336326599
2026-02-20 06:30:00,1.7,0.6051289694243229,0.57130575,1.094871030575677,1.1286942481994628
2026-02-20 06:30:00,1.74,0.7064105548760939,0.7748614,1.033589445123906,0.9651386046409607
2026-02-20 06:30:00,0.72,0.7986230951532286,1.0134721,-0.07862309515322863,-0.2934720802307129
2026-02-20 06:30:00,1.35,3.043450000000003,2.7548444,-1.693450000000003,-1.4048444271087646
2026-02-20 06:30:00,0.05,0.89487092995169,0.5926567,-0.84487092995169,-0.542656672000885
2026-02-20 06:30:00,5.05,4.094627371641909,4.1411777,0.9553726283580906,0.9088223457336424
2026-02-20 06:30:00,1.12,0.9384729133850199,0.9611734,0.18152708661498018,0.1588265848159791
2026-02-20 06:30:00,1.74,1.2945956290338372,1.3189136,0.4454043709661628,0.4210864210128784
2026-02-20 06:30:00,0.75,1.0978946040179571,1.1341019,-0.34789460401795713,-0.38410186767578125
2026-02-20 06:30:00,1.43,1.5603559791223298,1.2614917,-0.13035597912232988,0.16850834369659418
2026-02-20 06:30:00,1.15,1.2443574861553983,1.2508743,-0.0943574861553984,-0.10087428092956552
2026-02-20 06:30:00,1.0,2.063169452082869,2.027405,-1.0631694520828692,-1.027405023574829
2026-02-20 06:30:00,3.6,1.4161033001306493,1.6056798,2.1838966998693508,1.9943202495574952
2026-02-20 06:30:00,0.6,0.9601718280905552,0.85151184,-0.36017182809055526,-0.25151183605194094
2026-02-20 06:30:00,1.85,1.5737138736676015,1.5635322,0.2762861263323986,0.2864677667617799
2026-02-20 06:30:00,0.71,1.1644966610922882,0.9672348,-0.45449666109228826,-0.25723479032516483
2026-02-20 06:30:00,1.36,0.4538919973636377,0.5189525,0.9061080026363624,0.8410475111007691
2026-02-20 06:30:00,1.71,0.47426631980336964,0.44747868,1.2357336801966303,1.2625213181972503
2026-02-20 06:30:00,4.2,1.4788027939400614,1.5651752,2.721197206059939,2.634824824333191
2026-02-20 06:30:00,9.26,8.537954166666665,8.656283,0.7220458333333344,0.6037166213989256
2026-02-20 06:30:00,4.56,0.9482857999770075,1.0640478,3.611714200022992,3.4959521865844723
2026-02-20 06:30:00,2.06,1.976956836219336,2.1647127,0.08304316378066412,-0.10471266746520991
2026-02-20 06:30:00,1.67,0.9218670456650426,0.995412,0.7481329543349573,0.6745880079269408
2026-02-20 06:30:00,1.42,1.1056905134683235,1.132087,0.31430948653167645,0.287913007736206
2026-02-20 06:30:00,2.15,2.0118795407038763,1.9791048,0.1381204592961236,0.17089524269103995
2026-02-20 06:30:00,1.58,0.3167578901982023,0.32548055,1.2632421098017979,1.2545194494724274
2026-02-20 06:30:00,1.57,2.1028047905382463,1.8317987,-0.5328047905382463,-0.26179867267608636
2026-02-20 06:30:00,3.11,2.3931490362168244,2.401659,0.7168509637831755,0.7083409881591796
2026-02-20 06:30:00,1.78,1.1656981475348576,0.95023644,0.6143018524651425,0.829763560295105
2026-02-20 06:30:00,0.48,0.8847541743443634,1.1149491,-0.40475417434436345,-0.634949107170105
2026-02-20 06:30:00,-0.12,0.3823396020932548,0.19262056,-0.5023396020932548,-0.31262056052684783
2026-02-20 06:30:00,1.2,1.169330149646419,1.1318789,0.03066985035358094,0.06812114715576167
2026-02-20 06:30:00,0.76,0.6964698033752613,0.57738304,0.06353019662473869,0.18261695861816407
2026-02-20 06:30:00,1.38,0.3114328735501151,0.18101713,1.0685671264498848,1.1989828693866729
2026-02-20 06:30:00,1.8,1.9630605175389146,1.9085466,-0.1630605175389146,-0.10854656696319576
2026-02-21 21:30:00,1.37,2.1263683739557644,1.6673115,-0.7563683739557643,-0.29731154918670644
2026-02-21 21:30:00,0.19,2.3135637782972647,2.2513897,-2.1235637782972647,-2.061389741897583
2026-02-21 21:30:00,0.22,2.0280164501904623,1.6343149,-1.8080164501904623,-1.4143148946762085
2026-02-21 21:30:00,4.27,4.849665753968252,5.5008926,-0.5796657539682526,-1.2308926391601567
2026-02-21 21:30:00,-0.01,0.6689641785714282,0.3941639,-0.6789641785714282,-0.4041639065742493
2026-02-21 21:30:00,1.32,1.9198371464581718,1.8754942,-0.5998371464581718,-0.5554942417144775
2026-02-21 21:30:00,0.68,2.66375,3.3189971,-1.9837499999999997,-2.6389971446990965
2026-02-21 21:30:00,1.22,1.5738547797030549,1.5591395,-0.3538547797030549,-0.3391394901275635
2026-02-21 21:30:00,0.96,2.117014851814852,1.7922246,-1.1570148518148522,-0.8322246456146241
2026-02-21 21:30:00,0.55,1.3206988585641588,1.0257815,-0.7706988585641588,-0.47578151226043697
2026-02-21 21:30:00,0.47,0.9713290655168714,0.7942599,-0.5013290655168714,-0.32425990581512454
2026-02-21 21:30:00,1.94,2.107694835886739,1.9903394,-0.16769483588673895,-0.05033939838409429
2026-02-21 21:30:00,1.53,2.7734822619057162,2.5373092,-1.2434822619057162,-1.007309169769287
2026-02-21 21:30:00,0.31,1.7686833333333332,1.7079207,-1.458683333333333,-1.3979206705093383
2026-02-21 21:30:00,1.03,4.07495,4.92159,-3.04495,-3.8915898513793943
2026-02-21 21:30:00,8.71,9.54535,9.259923,-0.8353499999999983,-0.5499229812622062
2026-02-21 21:30:00,0.72,0.892314748876742,0.826717,-0.17231474887674203,-0.10671701908111575
2026-02-21 21:30:00,0.25,1.4490649766899764,1.4766679,-1.1990649766899764,-1.226667881011963
2026-02-21 21:30:00,0.89,0.9802868857982796,0.8625303,-0.09028688579827959,0.02746970891952516
2026-02-21 21:30:00,1.29,1.2795486908442362,1.1176819,0.010451309155763866,0.17231813907623295
2026-02-21 21:30:00,0.9,1.9768144066768507,1.8162452,-1.0768144066768506,-0.9162451982498169
2026-02-21 21:30:00,0.13,1.2799628787878783,1.0238278,-1.1499628787878784,-0.8938277912139893
2026-02-21 21:30:00,2.1,3.006819311244312,3.2664216,-0.9068193112443117,-1.1664215564727782
2026-02-21 21:30:00,1.75,2.014410100901652,1.9371413,-0.2644101009016522,-0.1871412992477417
2026-02-21 21:30:00,0.39,1.749494420139608,1.6205007,-1.3594944201396082,-1.2305006837844847
2026-02-21 21:30:00,0.98,1.5819971745827452,1.5076286,-0.6019971745827453,-0.5276285600662232
2026-02-21 21:30:00,0.46,1.0247517299146547,0.9617243,-0.5647517299146547,-0.5017242813110352
2026-02-21 21:30:00,0.56,0.8122661813276362,0.816341,-0.2522661813276361,-0.2563409829139709
2026-02-21 21:30:00,1.51,1.2839702145177072,1.2272234,0.2260297854822928,0.2827766036987305
2026-02-21 21:30:00,1.3,1.2165088435553655,1.249881,0.08349115644463456,0.050118970870971724
2026-02-21 21:30:00,0.36,0.8461441589621822,0.8997709,-0.4861441589621822,-0.5397709155082703
2026-02-21 21:30:00,0.38,0.5767789734717901,0.3111156,-0.19677897347179008,0.06888440728187561
2026-02-21 21:30:00,0.76,1.6989671989122,1.5650295,-0.9389671989121999,-0.805029501914978
2026-02-21 21:30:00,1.04,2.82325,4.1443734,-1.7832499999999998,-3.1043734169006347
2026-02-21 21:30:00,0.34,0.718368520685129,0.6375942,-0.378368520685129,-0.2975942230224609
2026-04-15 09:30:00,3.4,3.039967339094626,2.5468624,0.3600326609053739,0.8531376361846923
2026-04-15 09:30:00,10.19,8.645575000000003,9.485977,1.5444249999999968,0.704022827148437
2026-04-15 09:30:00,2.57,1.6476867609356,1.4714743,0.9223132390643998,1.0985257101058958
2026-04-15 09:30:00,0.7,0.6721923263560156,0.6194268,0.0278076736439844,0.0805732131004333
2026-04-15 09:30:00,0.35,0.7079133773673721,0.9339842,-0.35791337736737217,-0.5839842200279236
2026-04-15 09:30:00,1.58,0.9549409349506105,1.1146073,0.6250590650493896,0.4653926658630372
2026-04-15 09:30:00,1.15,0.8582014610389613,0.8482342,0.2917985389610386,0.3017658233642577
2026-04-15 09:30:00,1.3,1.815564976258229,1.4839103,-0.5155649762582291,-0.183910322189331
2026-04-15 09:30:00,1.5,1.4407121705668777,1.4834298,0.059287829433122274,0.016570210456848145
2026-04-15 09:30:00,1.21,1.8643108777041852,1.7824407,-0.6543108777041853,-0.5724406623840332
2026-04-15 09:30:00,1.54,1.9106098752260738,2.0868113,-0.3706098752260738,-0.5468113040924072
2026-04-15 09:30:00,0.84,1.0008815887189433,0.85256207,-0.1608815887189433,-0.012562069892883332
2026-04-15 09:30:00,1.32,2.480578068181819,2.766548,-1.1605780681818187,-1.446547918319702
2026-04-15 09:30:00,1.0,1.487115702233887,1.5167122,-0.487115702233887,-0.5167121887207031
2026-04-15 09:30:00,1.61,0.3430067345791595,0.34132728,1.2669932654208407,1.268672720193863
2026-04-15 09:30:00,2.52,2.0688791872663965,2.2229247,0.4511208127336035,0.29707529067993166
2026-04-15 09:30:00,4.98,4.129021706227751,4.5995274,0.8509782937722496,0.38047264099121136
2026-04-15 09:30:00,0.64,0.7832813446035197,0.79790074,-0.1432813446035197,-0.15790073633193968
2026-04-15 09:30:00,0.96,1.0548190604332337,1.1136312,-0.09481906043323374,-0.15363124847412113
2026-04-15 09:30:00,1.31,1.087217040095683,1.0987989,0.22278295990431696,0.21120112895965582
2026-04-15 09:30:00,0.74,0.9830577655677654,0.83637565,-0.24305776556776537,-0.0963756537437439
2026-04-15 09:30:00,1.6,0.024061376517736814,0.15130334,1.5759386234822632,1.4486966639757157
2026-04-15 09:30:00,1.6,2.279102777777779,2.1441598,-0.6791027777777789,-0.5441597938537597
2026-04-15 09:30:00,3.26,2.10377824645353,2.0667596,1.1562217535464696,1.1932404136657713
2026-04-15 09:30:00,2.56,1.4416627391133676,1.5628909,1.1183372608866324,0.997109112739563
2026-04-15 09:30:00,0.79,0.9024195915195921,0.73155856,-0.11241959151959202,0.05844143867492679
2026-04-15 09:30:00,3.24,0.46478013589865247,0.5409648,2.7752198641013477,2.6990352177619936
2026-04-15 09:30:00,1.48,1.845905610330874,1.7714373,-0.365905610330874,-0.29143728733062746
2026-04-15 09:30:00,-2.12,-1.723000000000003,-1.68211,-0.39699999999999713,-0.4378900480270387
2026-04-15 09:30:00,1.02,1.6534063453346541,1.634934,-0.6334063453346541,-0.6149339485168457
2026-04-15 09:30:00,0.07,0.46305,0.7089703,-0.39305,-0.638970308303833
2026-04-15 09:30:00,1.54,1.4366897539455676,1.5213888,0.1033102460544324,0.018611230850219762
2026-04-15 09:30:00,1.8,1.4028438274629886,1.1532305,0.3971561725370114,0.6467694520950318
2026-04-15 09:30:00,1.58,0.8813408477263142,0.8779753,0.6986591522736859,0.7020247149467469
2026-04-15 09:30:00,0.67,0.90754685064935,0.657876,-0.23754685064935,0.012123985290527384
2026-04-15 09:30:00,2.42,2.483955196522814,2.6225526,-0.063955196522814,-0.20255263328552253
2026-04-15 09:30:00,0.35,0.5720375286498772,0.60298705,-0.22203752864987725,-0.25298705101013186
2026-04-15 09:30:00,1.97,1.1491846971748259,1.3331327,0.8208153028251741,0.6368672561645508
2026-04-15 09:30:00,0.43,0.6476055503376711,0.8464269,-0.2176055503376711,-0.4164269042015076
2026-05-10 06:30:00,1.6,1.6036850216450216,1.5984929,-0.003685021645021491,0.001507139205932706
2026-05-10 06:30:00,1.07,1.0431725013137612,1.0226964,0.026827498686238904,0.04730362415313727
2026-05-10 06:30:00,2.62,2.7439543230510317,2.4187267,-0.1239543230510316,0.20127331733703624
2026-05-10 06:30:00,1.99,1.7557088372591403,1.518252,0.2342911627408597,0.4717479848861694
2026-05-10 06:30:00,2.2,1.4077076861684583,0.9717855,0.7922923138315419,1.2282145142555239
2026-05-10 06:30:00,1.52,1.569674757243945,1.3504572,-0.04967475724394488,0.16954280853271486
2026-05-10 06:30:00,2.15,1.9163661068809876,1.8268871,0.23363389311901228,0.3231128692626952
2026-05-10 06:30:00,0.34,0.20655550724637683,0.2124593,0.1334444927536232,0.12754070401191714
2026-05-10 06:30:00,1.28,1.1455716271453813,0.91309047,0.13442837285461873,0.3669095325469971
2026-05-10 06:30:00,2.6,2.1899998441656385,1.4470425,0.41000015583436156,1.1529575347900392
2026-05-10 06:30:00,0.45,0.5504850120527494,0.49262527,-0.10048501205274935,-0.042625266313552845
2026-05-10 06:30:00,0.8,1.082322605868717,1.0290617,-0.28232260586871694,-0.22906167507171626
2026-05-10 06:30:00,1.82,1.330675968204136,1.2490181,0.48932403179586403,0.5709819269180298
2026-05-10 06:30:00,2.75,0.4543621699607646,0.5515384,2.2956378300392353,2.198461592197418
2026-05-10 06:30:00,1.07,0.8501144109534495,0.5940454,0.21988558904655053,0.4759545993804932
2026-05-10 06:30:00,2.67,2.752799094846165,2.8693953,-0.08279909484616521,-0.19939525604248054
2026-05-10 06:30:00,1.94,1.5679711577923117,1.5510163,0.3720288422076883,0.3889836692810058
2026-05-10 06:30:00,2.1,1.5725985301768222,1.7543412,0.5274014698231779,0.3456587553024293
2026-05-10 06:30:00,2.43,1.924805863095238,1.7812163,0.5051941369047621,0.648783736228943
2026-05-10 06:30:00,2.15,1.5107263601847123,1.4093394,0.6392736398152876,0.7406605720520019
2026-05-10 06:30:00,0.99,0.8447659411467505,0.6226476,0.14523405885324947,0.36735241651535033
2026-05-10 06:30:00,2.39,1.5301059523809517,1.2243485,0.8598940476190484,1.1656514549255372
2026-05-10 06:30:00,5.57,5.20764501656475,5.37471,0.3623549834352504,0.19528991699218778
2026-05-10 06:30:00,2.45,2.4174500000000005,2.4104726,0.032549999999999635,0.039527368545532404
2026-05-10 06:30:00,1.31,1.115308831931324,0.8973526,0.19469116806867603,0.4126474237442017
2026-05-10 06:30:00,1.51,1.8275942857142857,1.6637907,-0.3175942857142857,-0.1537907028198242
2026-05-10 06:30:00,3.64,3.0095663730158724,2.9989715,0.6304336269841277,0.6410285377502443
2026-05-10 06:30:00,1.1,1.029970921812113,0.87205714,0.07002907818788717,0.22794286012649545
2026-05-10 06:30:00,10.19,9.927306249999992,9.605309,0.2626937500000075,0.5846914672851558
2026-05-10 06:30:00,0.64,0.6275473603910197,0.5804938,0.012452639608980354,0.05950619220733644
2026-05-10 06:30:00,1.79,1.4560885986413035,1.4730458,0.33391140135869657,0.3169541740417481
2026-05-10 06:30:00,1.1,1.4446610869947634,1.2559178,-0.3446610869947633,-0.1559177875518798
2026-05-10 06:30:00,2.2,1.9936747252747253,1.8574653,0.20632527472527484,0.3425347328186037
2026-05-10 06:30:00,0.3,0.6793020877746782,0.6025754,-0.37930208777467816,-0.302575421333313
2026-05-10 06:30:00,1.56,1.2410453665537213,1.3950803,0.3189546334462787,0.16491967201232915
2026-05-11 21:30:00,1.61,1.7187397362604397,1.77823,-0.10873973626043965,-0.1682299518585204
2026-05-11 21:30:00,1.5,2.1588251797335936,1.9451677,-0.6588251797335936,-0.4451676607131958
2026-05-11 21:30:00,0.68,1.8274000000000001,1.5971574,-1.1474000000000002,-0.9171573591232299
2026-05-11 21:30:00,0.91,1.2835221269909802,1.2085285,-0.3735221269909802,-0.2985285186767578
2026-05-11 21:30:00,1.09,3.03609156759907,3.456422,-1.9460915675990698,-2.3664220905303956
2026-05-11 21:30:00,3.88,3.3320579196452815,3.70629,0.5479420803547184,0.17370999336242665
2026-05-11 21:30:00,1.95,2.286608959982486,2.1412356,-0.3366089599824862,-0.19123558998107915
2026-05-11 21:30:00,0.22,0.7392481582606335,0.5394752,-0.5192481582606335,-0.31947520256042483
2026-05-11 21:30:00,0.73,0.9027433231353793,0.9641292,-0.17274332313537932,-0.23412920951843263
2026-05-11 21:30:00,1.05,0.838935886977042,0.9297503,0.21106411302295802,0.12024967670440678
2026-05-11 21:30:00,1.72,2.0325643996033307,2.1007104,-0.3125643996033307,-0.38071039199829104
2026-05-11 21:30:00,1.68,3.573615255183413,3.7956798,-1.893615255183413,-2.115679807662964
2026-05-11 21:30:00,1.52,3.6156487179487176,3.3852887,-2.0956487179487175,-1.8652887153625488
2026-05-11 21:30:00,3.27,2.6167473800819243,2.7884011,0.6532526199180757,0.48159887313842775
2026-05-11 21:30:00,1.51,1.6512389721010288,1.7047828,-0.14123897210102876,-0.1947828435897827
2026-05-11 21:30:00,0.67,1.9818978909427374,1.79264,-1.3118978909427375,-1.122639970779419
2026-05-11 21:30:00,0.94,1.1911110346227536,1.2978549,-0.25111103462275364,-0.3578549003601075
2026-05-11 21:30:00,9.87,10.499949999999998,10.176634,-0.6299499999999991,-0.30663383483886797
2026-05-11 21:30:00,1.8,1.2660837191264807,0.84494233,0.5339162808735194,0.9550576686859131
2026-05-11 21:30:00,1.95,2.021306813156988,2.0419247,-0.07130681315698806,-0.0919247150421143
2026-05-11 21:30:00,1.78,1.9475726289887667,1.7458652,-0.16757262898876668,0.034134774208068874
2026-05-11 21:30:00,0.75,1.2957512178721933,1.1852015,-0.5457512178721933,-0.4352015256881714
2026-05-11 21:30:00,0.64,0.7332236703132012,0.7226687,-0.09322367031320122,-0.08266870737075804
2026-05-11 21:30:00,0.44,0.5164992281893216,0.49902615,-0.07649922818932159,-0.05902614951133728
2026-05-11 21:30:00,2.2,2.588171664715065,2.6088893,-0.38817166471506503,-0.40888934135436994
2026-05-11 21:30:00,1.07,1.4388394975082681,1.3055795,-0.36883949750826805,-0.23557954311370843
2026-05-11 21:30:00,2.15,2.425207655256744,1.916779,-0.27520765525674395,0.2332209587097167
2026-05-11 21:30:00,2.74,2.5658781677000424,2.7815702,0.1741218322999578,-0.041570196151733185
2026-05-11 21:30:00,3.12,2.3421896005573206,1.9931209,0.7778103994426795,1.1268790912628175
2026-05-11 21:30:00,5.62,5.705334404358821,5.6165805,-0.08533440435882067,0.0034195137023926847
2026-05-11 21:30:00,1.46,1.760582525082961,1.712453,-0.300582525082961,-0.2524530076980591
2026-05-11 21:30:00,0.67,0.8355948721442484,0.6751089,-0.1655948721442484,-0.005108909606933554
2026-05-11 21:30:00,1.9,1.7739908411898413,1.7653863,0.12600915881015862,0.13461365699768058
2026-05-11 21:30:00,2.29,2.1972442265136314,2.0706291,0.09275577348636865,0.21937088012695316
2026-05-11 21:30:00,2.01,2.2318035714285718,2.1916919,-0.221803571428572,-0.18169187545776389
2026-05-11 21:30:00,0.7,0.995015820332971,0.9913155,-0.295015820332971,-0.2913154840469361
2026-05-12 15:30:00,1.67,0.8186221957653343,0.8768173,0.8513778042346656,0.793182713985443
2026-05-12 15:30:00,1.07,1.249385140528241,1.0599889,-0.17938514052824095,0.01001114368438727
2026-05-12 15:30:00,1.3,1.9130566666666664,1.944598,-0.6130566666666664,-0.6445979595184326
2026-05-12 15:30:00,0.25,1.6243642857142857,1.52273,-1.3743642857142857,-1.2727299928665161
2026-05-12 15:30:00,0.72,0.664411592164025,0.6751696,0.05558840783597496,0.04483041286468503
2026-05-12 15:30:00,0.64,0.6141952096312895,0.6084991,0.02580479036871053,0.03150089025497438
2026-05-12 15:30:00,2.7,2.8332857846088415,2.9730444,-0.13328578460884133,-0.27304439544677717
2026-05-12 15:30:00,3.9,1.5654595487941125,1.3166059,2.3345404512058874,2.5833940744400024
2026-05-12 15:30:00,5.44,5.497554077819647,5.7942343,-0.05755407781964639,-0.3542342758178707
2026-05-12 15:30:00,1.87,1.9793114207946452,1.923553,-0.10931142079464506,-0.05355298995971669
2026-05-12 15:30:00,1.82,1.6268538225958087,1.7157639,0.19314617740419138,0.10423607349395758
2026-05-12 15:30:00,0.18,0.3635009231280468,0.25657716,-0.18350092312804683,-0.07657716393470765
2026-05-12 15:30:00,0.78,0.8158027777777782,0.6097222,-0.03580277777777818,0.17027780294418338
2026-05-12 15:30:00,1.33,3.1275815823376587,3.2871745,-1.7975815823376586,-1.9571744632720947
2026-05-12 15:30:00,1.86,1.8845279882274335,1.9656764,-0.024527988227433406,-0.10567642688751211
2026-05-12 15:30:00,0.64,1.0020001235790925,0.92542577,-0.3620001235790925,-0.28542576789855956
2026-05-12 15:30:00,1.91,2.4121167726748673,1.9852798,-0.5021167726748674,-0.07527979850769051
2026-05-12 15:30:00,10.52,9.723250000000004,10.242818,0.7967499999999959,0.27718212127685504
2026-05-12 15:30:00,0.38,0.4761495655856349,0.2573636,-0.09614956558563492,0.12263641238212586
2026-05-12 15:30:00,1.53,2.463953679920488,2.3268785,-0.933953679920488,-0.796878547668457
2026-05-12 15:30:00,2.16,2.229117905267882,1.9528666,-0.06911790526788186,0.20713344573974624
2026-05-12 15:30:00,-2.63,-2.145798387096775,-1.6981345,-0.4842016129032247,-0.9318654584884642
2026-05-12 15:30:00,2.75,1.5323667584377991,1.6135846,1.2176332415622009,1.1364153623580933
2026-05-12 15:30:00,1.8,1.8350619932356127,1.9043636,-0.035061993235612654,-0.1043636322021484
2026-05-12 15:30:00,3.54,2.146779444974739,2.238064,1.3932205550252612,1.3019359493255616
2026-05-12 15:30:00,0.94,0.9433649194609203,0.71308047,-0.0033649194609203237,0.22691953420639033
2026-05-12 15:30:00,2.81,3.009440277777779,3.4882836,-0.19944027777777906,-0.678283634185791
2026-05-12 15:30:00,1.89,2.0485266627300946,2.0342515,-0.15852666273009475,-0.14425145149230967
2026-05-12 15:30:00,1.6,1.6471970220285643,1.7044705,-0.04719702202856424,-0.10447051525115958
2026-05-12 15:30:00,1.6,1.0966968972906943,1.0278331,0.5033031027093058,0.5721668958663941
2026-05-12 15:30:00,3.93,3.966399327559984,3.5233898,-0.036399327559983874,0.4066101837158205
2026-05-12 15:30:00,0.89,1.099303085195593,1.0763667,-0.20930308519559293,-0.18636666297912596
2026-05-12 15:30:00,1.62,1.4799897164838318,1.5503147,0.1400102835161683,0.06968533515930186
2026-05-12 15:30:00,1.55,1.5342730678555685,1.4763178,0.01572693214443155,0.0736822366714478
2026-05-12 15:30:00,1.44,1.569457659853515,1.6669176,-0.1294576598535151,-0.22691756248474126
2026-05-12 15:30:00,3.24,1.6264988206941369,1.7883483,1.6135011793058633,1.451651682853699
2026-05-12 15:30:00,4.34,3.3952246375051245,3.8385403,0.9447753624948754,0.5014596843719481
2026-05-12 15:30:00,1.15,1.1000483899297249,1.0473206,0.04995161007027504,0.10267939567565909
2026-05-12 15:30:00,1.15,1.0106966361358982,1.0574647,0.1393033638641017,0.09253528118133536
2026-05-12 21:30:00,1.18,1.2062503271466227,1.162798,-0.026250327146622787,0.017201952934265075
2026-05-12 21:30:00,6.6,5.396177000648859,5.669286,1.2038229993511402,0.9307142257690426
2026-05-12 21:30:00,0.74,1.079826600973148,1.008232,-0.3398266009731481,-0.2682319974899292
2026-05-12 21:30:00,1.46,3.128303095238094,3.1519392,-1.6683030952380942,-1.6919391536712647
2026-05-12 21:30:00,2.0,2.5580553173729843,2.575873,-0.5580553173729843,-0.5758728981018066
2026-05-12 21:30:00,1.58,1.6506512859376512,1.5532726,-0.07065128593765113,0.026727395057678294
2026-05-12 21:30:00,0.9,0.8941821658245829,0.817224,0.005817834175417147,0.08277597427368166
2026-05-12 21:30:00,1.55,1.7185042647795172,1.7288578,-0.1685042647795172,-0.1788577556610107
2026-05-12 21:30:00,0.24,0.34984809230421354,0.24122487,-0.10984809230421355,-0.0012248700857162564
2026-05-12 21:30:00,3.49,4.158991289458379,4.068143,-0.6689912894583792,-0.5781428909301756
2026-05-12 21:30:00,1.4,1.8747787764685726,1.7472875,-0.4747787764685727,-0.3472875118255616
2026-05-12 21:30:00,2.19,1.845842207229393,1.7602438,0.344157792770607,0.42975622653961176
2026-05-12 21:30:00,0.63,0.6329443921984582,0.6126635,-0.002944392198458212,0.017336492538452153
2026-05-12 21:30:00,10.29,11.25304999999999,10.628562,-0.9630499999999902,-0.3385619735717782
2026-05-12 21:30:00,2.22,2.2837704922426116,1.892309,-0.06377049224261144,0.32769104957580586
2026-05-12 21:30:00,4.54,4.55817131873506,4.529114,-0.018171318735060282,0.010886230468750036
2026-05-12 21:30:00,1.12,1.0625935912866173,1.0713943,0.05740640871338276,0.04860567569732677
2026-05-12 21:30:00,1.79,1.833485847400606,1.8808877,-0.043485847400605904,-0.09088774681091305
2026-05-12 21:30:00,1.19,1.2804115380527028,1.1397781,-0.09041153805270286,0.0502218627929687
2026-05-12 21:30:00,1.56,1.7304432536358672,1.9029572,-0.1704432536358671,-0.34295720100402827
2026-05-12 21:30:00,2.78,2.277166042435221,2.3121688,0.5028339575647789,0.4678311634063719
2026-05-12 21:30:00,1.41,1.7145912145270066,1.8379849,-0.30459121452700666,-0.42798491954803475
2026-05-12 21:30:00,2.12,3.193586043029741,3.028172,-1.0735860430297408,-0.9081720161437987
2026-05-12 21:30:00,0.61,0.7728721327714508,0.72163266,-0.16287213277145085,-0.11163265943527223
2026-05-12 21:30:00,1.86,2.2062011376126587,2.2936695,-0.3462011376126586,-0.4336694622039794
2026-05-12 21:30:00,0.37,0.46638491197990795,0.42032364,-0.09638491197990795,-0.050323640108108525
2026-05-12 21:30:00,0.85,1.8962034273712822,1.9071568,-1.0462034273712821,-1.0571568250656127
2026-05-12 21:30:00,0.85,1.7257825321223053,1.4682307,-0.8757825321223053,-0.6182307243347168
2026-05-12 21:30:00,4.45,3.0766958730158733,2.8828893,1.3733041269841268,1.5671107292175295
2026-05-12 21:30:00,0.72,0.722485208362937,0.7115619,-0.0024852083629369748,0.008438081741332981
2026-05-12 21:30:00,0.84,1.575720109514668,1.6442785,-0.735720109514668,-0.8042785263061524
2026-05-12 21:30:00,1.61,1.1433750469964061,1.0855567,0.46662495300359397,0.5244432544708253
2026-05-12 21:30:00,2.69,2.8857239243519244,2.8996556,-0.19572392435192443,-0.20965558052062994
2026-05-12 21:30:00,0.99,1.9842589583333337,1.817112,-0.9942589583333337,-0.8271119689941406
2026-05-12 21:30:00,1.82,1.7099615727314665,1.6233091,0.11003842726853352,0.19669086456298834
2026-05-12 21:30:00,2.34,2.8936954202592453,3.0013585,-0.5536954202592455,-0.6613585090637208
2026-05-13 06:30:00,0.9,1.7293653456914533,1.3329965,-0.8293653456914533,-0.43299648761749265
2026-05-13 06:30:00,11.05,11.539679999999986,11.146047,-0.4896799999999857,-0.09604663848876882
2026-05-13 06:30:00,2.03,1.4402383266027778,1.6945351,0.589761673397222,0.33546486377716045
2026-05-13 06:30:00,2.28,1.9376775165691413,1.7334714,0.34232248343085847,0.5465286064147947
2026-05-13 06:30:00,1.09,1.3066903158785672,1.265767,-0.21669031587856713,-0.1757669782638549
2026-05-13 06:30:00,0.94,0.4404564598585034,0.40385088,0.49954354014149654,0.5361491167545318
2026-05-13 06:30:00,5.29,3.4995634491798224,3.6762707,1.7904365508201776,1.6137292766571045
2026-05-13 06:30:00,1.7,1.5964586143289936,1.4951131,0.10354138567100635,0.20488686561584468
2026-05-13 06:30:00,0.93,0.6881292851472212,0.7549968,0.2418707148527789,0.1750032234191895
2026-05-13 06:30:00,2.91,2.435441612209139,2.5286748,0.47455838779086124,0.3813251590728761
2026-05-13 06:30:00,3.48,2.526508369112521,2.6927876,0.9534916308874788,0.7872123527526855
2026-05-13 06:30:00,2.36,1.6918059053670549,1.6277406,0.668194094632945,0.7322593784332274
2026-05-13 06:30:00,1.4,1.207984061967588,1.2662767,0.19201593803241201,0.1337232828140258
2026-05-13 06:30:00,1.47,1.579661188948956,1.626971,-0.10966118894895605,-0.15697100639343264
2026-05-13 06:30:00,3.13,2.8581149312396086,2.836347,0.2718850687603913,0.2936528968811034
2026-05-13 06:30:00,0.69,1.3188891209477789,1.5157316,-0.6288891209477789,-0.8257315731048585
2026-05-13 06:30:00,0.93,0.7524411978281781,0.7416644,0.17755880217182196,0.18833559036254888
2026-05-13 06:30:00,0.3,0.4167670318756647,0.41583893,-0.11676703187566473,-0.11583892703056337
2026-05-13 06:30:00,1.75,2.133010635292047,2.1783366,-0.38301063529204704,-0.42833662033081055
2026-05-13 06:30:00,1.69,1.6928652207592105,1.792263,-0.002865220759210585,-0.10226303100585943
2026-05-13 06:30:00,2.9,2.355037885082495,2.1353016,0.5449621149175048,0.7646984100341796
2026-05-13 06:30:00,2.05,3.3066764646453817,3.2596543,-1.2566764646453819,-1.2096542835235597
2026-05-13 06:30:00,1.15,0.996132799045563,0.83336157,0.15386720095443696,0.31663843393325797
2026-05-13 06:30:00,5.9,4.372994737891462,4.7998524,1.5270052621085384,1.10014762878418
2026-05-13 06:30:00,1.74,1.846722459025205,1.8564434,-0.10672245902520494,-0.1164434051513672
2026-05-13 06:30:00,8.1,6.726586504329004,7.230245,1.373413495670996,0.8697548866271969
2026-05-13 06:30:00,5.16,2.5897154051363724,2.7490466,2.5702845948636277,2.4109534358978273
2026-05-13 06:30:00,2.26,1.170130133831548,1.0603806,1.0898698661684518,1.1996194219589231
2026-05-13 06:30:00,0.62,0.632465207867113,0.6167335,-0.012465207867113026,0.003266508579254146
2026-05-13 06:30:00,1.74,0.98416529356309,1.0944818,0.75583470643691,0.6455181741714477
2026-05-13 06:30:00,0.65,1.5885321559876218,1.5978277,-0.9385321559876217,-0.947827672958374
2026-05-13 06:30:00,3.18,2.135469732869413,2.2979145,1.044530267130587,0.8820854949951173
2026-05-13 06:30:00,0.97,1.6796907405841313,0.99351674,-0.7096907405841313,-0.023516743183136013
2026-05-13 06:30:00,5.86,4.389324999999999,4.405547,1.4706750000000017,1.4544528579711917
2026-05-13 06:30:00,1.16,2.1191750469013924,2.4050028,-0.9591750469013924,-1.2450028324127198
2026-05-13 06:30:00,2.8,2.0865916177605413,1.8432846,0.7134083822394586,0.9567153930664061
2026-05-13 21:30:00,1.73,1.9325531652778858,1.8606251,-0.2025531652778858,-0.13062514781951906
2026-05-13 21:30:00,2.87,2.925037732230887,2.773438,-0.05503773223088704,0.0965620231628419
2026-05-13 21:30:00,5.9,5.8564439944374636,6.185158,0.043556005562536804,-0.2851577758789059
2026-05-13 21:30:00,0.74,0.9091732082534953,0.73677915,-0.16917320825349536,0.0032208466529846103
2026-05-13 21:30:00,3.48,3.1614601274828917,3.129634,0.31853987251710825,0.350366096496582
2026-05-13 21:30:00,1.12,1.3524431668537196,1.4017771,-0.23244316685371946,-0.28177714824676503
2026-05-13 21:30:00,2.16,2.1346206348182766,2.0695024,0.025379365181723568,0.09049764633178725
2026-05-13 21:30:00,1.73,1.8739160664603596,1.7713853,-0.1439160664603596,-0.04138531208038332
2026-05-13 21:30:00,1.66,2.794227316586921,3.1485038,-1.134227316586921,-1.4885037803649903
2026-05-13 21:30:00,2.32,1.9767619601806217,1.9903806,0.34323803981937817,0.32961935520172103
2026-05-13 21:30:00,1.33,1.4653721917899623,1.41194,-0.13537219178996218,-0.08193997859954827
2026-05-13 21:30:00,1.45,1.568094755129958,1.5161588,-0.11809475512995804,-0.06615881919860844
2026-05-13 21:30:00,5.49,5.360146179653689,6.0813766,0.12985382034631154,-0.5913765525817869
2026-05-13 21:30:00,2.6,1.6562834005096283,1.6509675,0.9437165994903718,0.9490325212478639
2026-05-13 21:30:00,3.29,3.5995803429785695,3.2984495,-0.3095803429785695,-0.008449516296386683
2026-05-13 21:30:00,2.05,2.2004755617641205,2.2699618,-0.1504755617641207,-0.2199618339538576
2026-05-13 21:30:00,0.3,0.3017422413573574,0.30607405,-0.0017422413573573992,-0.0060740530490875355
2026-05-13 21:30:00,0.66,0.8576335561656855,0.8185351,-0.19763355616568545,-0.15853508949279782
2026-05-13 21:30:00,0.86,0.848170057631273,0.8850094,0.011829942368727031,-0.02500940799713136
2026-05-13 21:30:00,5.07,5.127010772546421,5.400001,-0.05701077254642062,-0.33000104904174776
2026-05-13 21:30:00,1.9,1.830861793971604,1.7692938,0.06913820602839582,0.13070621490478507
2026-05-13 21:30:00,0.62,0.5991015105835887,0.6004998,0.02089848941641126,0.019500191211700435
2026-05-13 21:30:00,0.96,1.0835954306760665,1.0808569,-0.12359543067606649,-0.12085691928863529
2026-05-13 21:30:00,1.49,1.6981554401061585,1.6648369,-0.2081554401061585,-0.17483688354492188
2026-05-13 21:30:00,3.25,3.1535826055898695,3.3199623,0.09641739441013053,-0.0699622631072998
2026-05-13 21:30:00,4.92,4.71996118613467,5.0330048,0.20003881386532996,-0.11300476074218757
2026-05-13 21:30:00,2.74,2.939537926850141,2.7832308,-0.19953792685014093,-0.04323078155517557
2026-05-13 21:30:00,0.91,0.8772358512794004,0.82402086,0.03276414872059963,0.08597913742065433
2026-05-13 21:30:00,8.22,8.038299999999998,8.486126,0.18170000000000286,-0.26612594604492124
2026-05-13 21:30:00,1.16,1.2982008757559662,1.0035738,-0.1382008757559663,0.15642622470855705
2026-05-13 21:30:00,1.57,1.6504852012834053,1.554454,-0.0804852012834052,0.015546030998230043
2026-05-13 21:30:00,10.8,10.815468214285708,10.722826,-0.01546821428570766,0.0771739959716804
2026-05-13 21:30:00,2.08,1.970426535606087,1.7227371,0.10957346439391302,0.35726292610168464
2026-05-13 21:30:00,0.63,0.9069386380028156,1.015126,-0.2769386380028156,-0.3851259899139404
2026-05-13 21:30:00,0.81,1.0719053236166416,0.97263855,-0.26190532361664154,-0.16263854742050166
2026-05-13 21:30:00,0.86,1.0962674233244398,1.0281826,-0.23626742332443984,-0.16818262577056886
2026-05-14 00:30:00,2.14,0.9107847628248545,0.9574609,1.2292152371751457,1.182539119720459
2026-05-14 00:30:00,3.0,2.3111862323183288,2.2328897,0.6888137676816712,0.7671103477478027
2026-05-14 00:30:00,4.89,5.141974919967254,5.2281756,-0.2519749199672541,-0.3381756401062015
2026-05-14 00:30:00,1.62,0.9055271823952289,0.81425345,0.7144728176047712,0.8057465505599977
2026-05-14 00:30:00,0.49,0.91841657539804,0.89320725,-0.42841657539804,-0.40320725202560426
2026-05-14 00:30:00,1.62,1.779970929498621,1.7253493,-0.1599709294986209,-0.10534930706024159
2026-05-14 00:30:00,2.42,2.4414198033040337,2.446238,-0.021419803304033813,-0.026238040924072337
2026-05-14 00:30:00,1.17,1.956370648848197,1.8664773,-0.786370648848197,-0.6964772510528565
2026-05-14 00:30:00,0.66,1.0169297832658535,0.9809058,-0.35692978326585345,-0.32090577125549313
2026-05-14 00:30:00,4.5,3.2875268625383733,3.1457984,1.2124731374616267,1.3542015552520752
2026-05-14 00:30:00,2.83,2.192467516504183,2.389454,0.6375324834958169,0.44054611206054695
2026-05-14 00:30:00,1.16,1.683374383702034,1.6560173,-0.5233743837020342,-0.49601730346679695
2026-05-14 00:30:00,1.31,1.462079769058104,1.4574574,-0.15207976905810394,-0.147457423210144
2026-05-14 00:30:00,1.84,1.3150512695202579,1.3275344,0.5249487304797422,0.5124655628204347
2026-05-14 00:30:00,2.28,1.9244886963679846,1.8821026,0.3555113036320152,0.3978973913192747
2026-05-14 00:30:00,2.59,2.2038163021919037,2.1299348,0.38618369780809614,0.4600652122497557
2026-05-14 00:30:00,0.69,0.5967859671972766,0.5920597,0.09321403280272333,0.09794032812118525
2026-05-14 00:30:00,1.91,1.624636651704557,1.6781701,0.28536334829544296,0.23182991504669181
2026-05-14 00:30:00,4.48,3.2265268704515573,3.2175992,1.2534731295484431,1.2624008464813237
2026-05-14 00:30:00,3.69,4.635224551515597,4.9360056,-0.9452245515155968,-1.2460055923461915
2026-05-14 00:30:00,8.59,8.018400000000003,8.095166,0.5715999999999966,0.4948337936401366
2026-05-14 00:30:00,5.48,2.8963217940117034,2.8073587,2.583678205988297,2.6726412582397465
2026-05-14 00:30:00,3.1,3.2059253662548857,3.0933259,-0.10592536625488558,0.0066741466522217685
2026-05-14 00:30:00,0.28,0.2971027760421528,0.29682502,-0.017102776042152767,-0.01682502150535581
2026-05-14 00:30:00,6.62,5.938554544368034,5.8484416,0.681445455631966,0.7715583992004396
2026-05-14 00:30:00,1.07,1.3835861986322824,1.2761905,-0.3135861986322823,-0.20619051933288568
2026-05-14 00:30:00,3.88,2.130315095312424,1.8961176,1.7496849046875758,1.9838824319839476
2026-05-14 00:30:00,1.02,0.9008762636494724,0.80572647,0.11912373635052764,0.21427353143692018
2026-05-14 00:30:00,0.62,0.8983761553396917,0.971955,-0.27837615533969173,-0.35195500135421753
2026-05-14 00:30:00,4.97,5.089004102090906,5.095649,-0.11900410209090584,-0.1256487655639651
2026-05-14 00:30:00,1.44,1.7632624718587553,1.7207834,-0.32326247185875534,-0.28078335285186773
2026-05-14 00:30:00,0.39,0.7345311892664473,0.7155943,-0.3445311892664473,-0.3255942916870117
2026-05-14 00:30:00,1.11,1.1823663706151195,1.0771636,-0.07236637061511941,0.03283642292022715
2026-05-14 00:30:00,14.19,10.975350833333325,11.113988,3.2146491666666748,3.0760120773315425
2026-05-15 00:30:00,0.5,0.7249109610324613,0.70614797,-0.22491096103246133,-0.2061479687690735
2026-05-15 00:30:00,0.25,0.29049850698329044,0.31173798,-0.04049850698329044,-0.06173798441886902
2026-05-15 00:30:00,3.98,3.602051982328378,3.8668525,0.3779480176716219,0.11314747810363768
2026-05-15 00:30:00,0.43,0.6849501668314733,0.8199166,-0.25495016683147326,-0.38991660594940186
2026-05-15 00:30:00,2.86,3.2609250000000007,3.8551059,-0.40092500000000086,-0.9951058769226075
2026-05-15 00:30:00,2.98,2.926136420773035,2.7236543,0.05386357922696483,0.25634572982788084
2026-05-15 00:30:00,1.07,1.1602128829067713,1.1620556,-0.09021288290677121,-0.09205561161041254
2026-05-15 00:30:00,2.6,2.7595880681141085,2.5352774,-0.15958806811410842,0.0647226333618165
2026-05-15 00:30:00,1.31,2.0154658333333333,1.8878438,-0.7054658333333332,-0.5778438472747802
2026-05-15 00:30:00,0.85,0.9720828760632717,1.0005565,-0.12208287606327173,-0.15055646896362307
2026-05-15 00:30:00,0.84,1.2467751260812259,1.2601905,-0.4067751260812259,-0.420190486907959
2026-05-15 00:30:00,2.92,2.398753413396357,2.380307,0.5212465866036431,0.5396930408477782
2026-05-15 00:30:00,1.38,1.3994814939303035,1.0821701,-0.01948149393030363,0.29782987117767323
2026-05-15 00:30:00,1.23,1.443453124586716,1.5510488,-0.21345312458671595,-0.32104875564575197
2026-05-15 00:30:00,1.2,1.2759556323449315,1.3263025,-0.07595563234493152,-0.1263025283813477
2026-05-15 00:30:00,0.46,0.7078331535577691,0.6804744,-0.24783315355776908,-0.2204744005203247
2026-05-15 00:30:00,4.76,5.482516666666668,5.868712,-0.7225166666666683,-1.1087119483947756
2026-05-15 00:30:00,7.02,6.526532632069084,6.5512586,0.49346736793091583,0.46874143600463825
2026-05-15 00:30:00,8.7,8.522500000000006,8.486805,0.1774999999999931,0.21319503784179616
2026-05-15 00:30:00,1.8,2.0899955146568683,1.9014139,-0.28999551465686824,-0.10141391754150386
2026-05-15 00:30:00,3.24,3.012142834957084,3.049843,0.22785716504291642,0.19015692710876486
2026-05-15 00:30:00,3.89,4.875064291523949,5.033813,-0.9850642915239489,-1.1438129997253417
2026-05-15 00:30:00,1.16,1.4076382721445215,1.4387308,-0.2476382721445216,-0.2787308359146119
2026-05-15 00:30:00,4.64,4.759148756653972,4.6848307,-0.1191487566539724,-0.044830665588379226
2026-05-15 00:30:00,1.89,1.84575604566138,1.7879562,0.04424395433861994,0.10204376220703115
2026-05-15 00:30:00,2.12,2.6114391383354003,2.4341013,-0.4914391383354002,-0.3141013431549071
2026-05-15 00:30:00,4.17,4.724331630352393,4.9392157,-0.5543316303523929,-0.7692156600952149
2026-05-15 00:30:00,1.13,1.423406108075984,1.364841,-0.293406108075984,-0.23484098434448253
2026-05-15 00:30:00,3.97,2.0306103470848527,1.7385269,1.9393896529151475,2.231473059654236
2026-05-15 00:30:00,0.38,0.9842286185211846,0.99412477,-0.6042286185211846,-0.6141247701644897
2026-05-15 00:30:00,1.53,1.6161778113891905,1.5579096,-0.08617781138919045,-0.02790960788726804
2026-05-15 00:30:00,0.6,0.7544738185435155,0.8002693,-0.1544738185435155,-0.2002693057060242
2026-05-15 00:30:00,11.4,14.131250000000012,15.729672,-2.7312500000000117,-4.3296724319458
2026-05-15 00:30:00,2.09,2.707387539789195,2.8461483,-0.617387539789195,-0.7561482524871828
2026-05-15 00:30:00,4.16,4.766914092022673,4.7787647,-0.6069140920226728,-0.6187647247314452
2026-05-15 21:30:00,0.6,0.61009243245041,0.6919882,-0.010092432450410027,-0.09198822975158694
2026-05-15 21:30:00,2.93,2.727829798873722,2.7034009,0.20217020112627804,0.22659914970397965
2026-05-15 21:30:00,3.16,3.289031997024726,3.2380846,-0.1290319970247258,-0.07808455467224107
2026-05-15 21:30:00,2.0,2.619110757140074,2.4471161,-0.6191107571400738,-0.4471161365509033
2026-05-15 21:30:00,1.22,1.2853432732909622,1.4135215,-0.06534327329096223,-0.19352152824401858
2026-05-15 21:30:00,2.1,2.268565638384662,2.3526907,-0.1685656383846621,-0.2526906967163085
2026-05-15 21:30:00,1.19,1.1797187890976348,1.2536591,0.010281210902365112,-0.06365912914276128
2026-05-15 21:30:00,0.68,0.6202742252882377,0.68211114,0.059725774711762325,-0.0021111440658568847
2026-05-15 21:30:00,1.23,1.4909165511838378,1.461156,-0.26091655118383783,-0.2311560106277466
2026-05-15 21:30:00,0.44,0.6010570756481777,0.55483204,-0.16105707564817767,-0.11483204126358032
2026-05-15 21:30:00,1.75,1.7180183666699451,1.7130109,0.03198163333005488,0.03698909282684326
2026-05-15 21:30:00,2.8,3.0201140038482124,2.73824,-0.22011400384821256,0.06175999641418439
2026-05-15 21:30:00,4.44,4.117872960557018,4.007485,0.32212703944298227,0.43251508712768594
2026-05-15 21:30:00,1.1,1.2542084588978453,1.2286074,-0.15420845889784518,-0.128607416152954
2026-05-15 21:30:00,4.58,4.2133702109244355,4.218727,0.36662978907556454,0.3612728881835938
2026-05-15 21:30:00,7.05,6.848587487281378,6.9965825,0.2014125127186217,0.05341749191284162
2026-05-15 21:30:00,8.68,8.641560714285724,8.89917,0.038439285714275684,-0.21916992187500028
2026-05-15 21:30:00,1.34,1.3349652088902801,1.3238397,0.005034791109719938,0.016160335540771564
2026-05-15 21:30:00,0.85,1.0062981858810143,1.0738511,-0.1562981858810143,-0.2238511085510254
2026-05-15 21:30:00,0.42,0.44910102425125215,0.5550349,-0.02910102425125216,-0.135034875869751
2026-05-15 21:30:00,0.84,0.969991989365665,0.8814692,-0.12999198936566503,-0.04146919012069705
2026-05-15 21:30:00,1.52,1.578718794887172,1.5752066,-0.05871879488717191,-0.055206637382507306
2026-05-15 21:30:00,4.07,3.9154224248206235,4.0206504,0.15457757517937676,0.04934961318969755
2026-05-15 21:30:00,0.25,0.25493304477974893,0.27104956,-0.00493304477974893,-0.021049559116363525
2026-05-15 21:30:00,3.86,3.8805919373444677,3.9865544,-0.020591937344467848,-0.1265543842315675
2026-05-15 21:30:00,1.65,1.899573115709106,1.8961022,-0.24957311570910612,-0.24610219001770028
2026-05-15 21:30:00,1.33,1.9139007986150254,1.3631757,-0.5839007986150253,-0.03317574977874749
2026-05-15 21:30:00,3.95,3.5715503300152447,3.7324367,0.3784496699847555,0.21756334304809588
2026-05-15 21:30:00,0.38,0.6228787126100096,0.6558643,-0.2428787126100096,-0.27586429834365844
2026-05-15 21:30:00,0.54,0.6177817895206146,0.6451261,-0.07778178952061454,-0.10512610435485836
2026-05-15 21:30:00,2.93,3.038752671904894,2.8313906,-0.1087526719048939,0.09860938072204606
2026-05-15 21:30:00,3.0,2.406301672460431,2.4088678,0.5936983275395691,0.5911321640014648
2026-05-15 21:30:00,1.06,1.0868586680937466,1.113273,-0.026858668093746596,-0.05327302455902094
2026-05-15 21:30:00,11.21,11.500350000000003,10.986306,-0.2903500000000019,0.2236938095092782
2026-05-15 21:30:00,4.02,4.005073286742882,3.945967,0.014926713257117363,0.07403304100036578
2026-05-15 21:30:00,3.85,3.8196478284656274,3.91224,0.03035217153437264,-0.06224002838134757
2026-05-16 00:30:00,0.62,1.3901700738930174,1.3277566,-0.7701700738930174,-0.7077566432952881
2026-05-16 00:30:00,0.36,1.0287252267507605,1.0426121,-0.6687252267507605,-0.6826120758056641
2026-05-16 00:30:00,3.8,2.960946299312317,2.7983644,0.8390537006876828,1.0016355991363524
2026-05-16 00:30:00,3.18,3.9193713671336683,3.9019287,-0.7393713671336681,-0.721928663253784
2026-05-16 00:30:00,0.1,0.6464077127126922,0.6560532,-0.5464077127126922,-0.5560531854629517
2026-05-16 00:30:00,1.84,1.770775394813243,1.6843562,0.0692246051867571,0.15564378738403328
2026-05-16 00:30:00,4.75,4.440015479304005,4.3821507,0.3099845206959948,0.36784934997558594
2026-05-16 00:30:00,11.39,11.253999999999996,11.037099,0.13600000000000456,0.35290111541748104
2026-05-16 00:30:00,0.64,0.9779979736818784,0.98223066,-0.33799797368187834,-0.34223066329956053
2026-05-16 00:30:00,2.68,3.5408636530041684,3.9105668,-0.8608636530041682,-1.2305668067932127
2026-05-16 00:30:00,1.39,3.763233933550879,2.5933688,-2.373233933550879,-1.2033687686920167
2026-05-16 00:30:00,0.44,0.43150686764421886,0.45484304,0.008493132355781141,-0.014843044281005857
2026-05-16 00:30:00,1.58,2.1540098572002435,2.0376048,-0.5740098572002434,-0.457604808807373
2026-05-16 00:30:00,5.76,4.183719914137565,3.9332228,1.576280085862435,1.8267772293090818
2026-05-16 00:30:00,-0.11,0.5211660435728758,0.50404084,-0.6311660435728758,-0.6140408372879028
2026-05-16 00:30:00,0.53,0.6095145403198141,0.6923239,-0.07951454031981409,-0.1623239231109619
2026-05-16 00:30:00,10.26,8.609025000000011,8.755056,1.6509749999999883,1.5049436187744138
2026-05-16 00:30:00,1.46,1.3215377365892784,1.2237822,0.13846226341072154,0.23621781826019284
2026-05-16 00:30:00,0.93,1.260896007497247,1.3118016,-0.330896007497247,-0.3818015527725219
2026-05-16 00:30:00,1.32,1.5854667311912098,1.5035628,-0.2654667311912098,-0.18356280803680414
2026-05-16 00:30:00,0.67,0.9005140541740267,0.9306024,-0.2305140541740267,-0.26060237169265743
2026-05-16 00:30:00,0.12,0.25900102871070746,0.27407804,-0.13900102871070746,-0.15407804131507874
2026-05-16 00:30:00,0.7,1.227485650028123,1.4168363,-0.5274856500281231,-0.7168362617492676
2026-05-16 00:30:00,6.68,6.990387988993799,6.9437814,-0.31038798899379927,-0.26378137588501005
2026-05-16 00:30:00,1.29,2.850747249314566,2.6913962,-1.560747249314566,-1.4013962364196777
2026-05-16 00:30:00,0.67,4.069837086333506,3.9852092,-3.3998370863335063,-3.3152092266082764
2026-05-16 00:30:00,0.28,0.5706145484941004,0.54438394,-0.2906145484941004,-0.2643839430809021
2026-05-16 00:30:00,0.92,1.1657914715155895,1.1951988,-0.24579147151558944,-0.2751987743377685
2026-05-16 00:30:00,5.38,3.7312889550908737,3.8808506,1.6487110449091262,1.4991494464874267
2026-05-16 00:30:00,2.94,3.6533900322957793,3.7661905,-0.7133900322957794,-0.826190528869629
2026-05-16 00:30:00,0.7,1.2134224136939131,1.241224,-0.5134224136939132,-0.5412240505218506
2026-05-16 00:30:00,1.26,1.9161932616391186,1.7851462,-0.6561932616391186,-0.5251462364196777
2026-05-16 00:30:00,2.25,3.2245354366342456,3.1685467,-0.9745354366342456,-0.9185466766357422
2026-05-16 00:30:00,1.9,2.193022059433508,2.1949646,-0.293022059433508,-0.2949646472930909
2026-05-16 00:30:00,3.2,2.847779325902908,2.778302,0.35222067409709235,0.421698045730591
2026-05-16 00:30:00,0.16,0.5386518113398836,0.5424742,-0.37865181133988357,-0.38247421026229855
2026-05-23 21:30:00,0.26,0.41457693061716044,0.45391983,-0.15457693061716044,-0.19391982793807983
2026-05-23 21:30:00,2.57,2.8978127375896117,2.7309456,-0.3278127375896118,-0.16094558715820328
2026-05-23 21:30:00,0.69,0.9029041127220124,0.9250981,-0.21290411272201248,-0.2350981211662293
2026-05-23 21:30:00,2.77,2.872148008335102,3.0782523,-0.10214800833510207,-0.3082523155212402
2026-05-23 21:30:00,0.44,0.45097230464257854,0.39599857,-0.010972304642578534,0.044001432657241824
2026-05-23 21:30:00,0.12,0.17021106958456053,0.20635246,-0.050211069584560536,-0.08635245740413666
2026-05-23 21:30:00,3.0,3.50161236089465,3.6876004,-0.5016123608946499,-0.6876003742218018
2026-05-23 21:30:00,1.29,2.026754045173094,1.7054815,-0.7367540451730941,-0.4154815292358398
2026-05-23 21:30:00,0.66,0.6978918855843058,0.787435,-0.037891885584305784,-0.12743499517440793
2026-05-23 21:30:00,1.35,1.2933160977228095,1.3362043,0.056683902277190557,0.01379570960998544
2026-05-23 21:30:00,2.52,3.094623810584687,3.1570244,-0.5746238105846868,-0.6370243835449219
2026-05-23 21:30:00,1.69,1.8717488724113776,1.8964542,-0.1817488724113776,-0.2064542150497437
2026-05-23 21:30:00,0.62,1.638932487693088,1.4112566,-1.018932487693088,-0.7912565517425537
2026-05-23 21:30:00,10.96,11.40120785714287,11.025963,-0.44120785714286903,-0.0659628295898429
2026-05-23 21:30:00,4.69,5.277943333570988,5.305963,-0.5879433335709878,-0.615963039398193
2026-05-23 21:30:00,1.44,1.8139118800846543,1.7452565,-0.37391188008465437,-0.3052565431594849
2026-05-23 21:30:00,0.68,1.1605256664321886,1.0058434,-0.4805256664321885,-0.32584340095520015
2026-05-23 21:30:00,-0.13,0.16517477188527885,0.18769652,-0.29517477188527885,-0.31769651651382447
2026-05-23 21:30:00,0.93,1.0113873622914145,1.0007195,-0.08138736229141441,-0.07071954727172847
2026-05-23 21:30:00,1.8,1.9558919121373877,1.9793043,-0.15589191213738762,-0.17930431365966792
2026-05-23 21:30:00,0.58,1.0109030909990495,0.8328656,-0.43090309099904955,-0.25286559581756596
2026-05-23 21:30:00,1.29,1.7963180960876393,1.6391872,-0.5063180960876392,-0.349187216758728
2026-05-23 21:30:00,0.13,1.004405342587301,0.5626713,-0.874405342587301,-0.43267130374908447
2026-05-23 21:30:00,0.12,0.3150581046939642,0.27061588,-0.19505810469396423,-0.1506158757209778
2026-05-23 21:30:00,1.31,1.769181198013943,1.8993742,-0.45918119801394286,-0.58937424659729
2026-05-23 21:30:00,4.97,5.57380420127923,5.464536,-0.60380420127923,-0.49453619003295923
2026-05-23 21:30:00,1.17,1.559115458283853,1.6234874,-0.38911545828385297,-0.4534873533248902
2026-05-23 21:30:00,0.92,0.9551410167863988,0.97802764,-0.035141016786398804,-0.05802764177322384
2026-05-23 21:30:00,0.62,0.6934520241315123,0.7648206,-0.0734520241315123,-0.14482057571411133
2026-05-23 21:30:00,3.3,3.2051997615213947,3.1470432,0.09480023847860508,0.15295677185058576
2026-05-23 21:30:00,6.61,6.516341222486443,6.627722,0.09365877751355711,-0.017721786499023118
2026-05-23 21:30:00,0.53,0.5682755480946484,0.59849185,-0.03827554809464839,-0.06849184751510617
2026-05-23 21:30:00,10.1,10.060399999999989,9.381678,0.03960000000001074,0.7183223724365231
2026-05-23 21:30:00,4.05,4.594313675172419,4.5436544,-0.5443136751724191,-0.49365444183349627
2026-05-23 21:30:00,0.32,0.7336026812582476,0.7595404,-0.41360268125824756,-0.4395403790473938
2026-05-23 21:30:00,1.92,2.476338886208482,2.5214283,-0.5563388862084819,-0.6014283466339112
2026-05-24 06:30:00,1.33,1.4952100339831826,1.4928215,-0.16521003398318257,-0.16282145500183098
2026-05-24 06:30:00,0.68,0.8555714918192381,0.8197283,-0.17557149181923803,-0.13972831487655635
2026-05-24 06:30:00,1.33,1.3596786222085038,1.3730426,-0.029678622208503702,-0.0430425834655761
2026-05-24 06:30:00,3.15,1.3220030978102282,1.2392025,1.8279969021897717,1.9107975006103515
2026-05-24 06:30:00,2.11,2.558110595932831,2.682201,-0.4481105959328313,-0.5722009086608888
2026-05-24 06:30:00,2.15,1.7133109614314328,1.6697594,0.4366890385685671,0.4802406072616576
2026-05-24 06:30:00,-0.15,0.2611054163165265,0.2221389,-0.41110541631652653,-0.3721388965845108
2026-05-24 06:30:00,2.0,1.4218322761603548,1.4587392,0.5781677238396452,0.541260838508606
2026-05-24 06:30:00,0.61,1.0176430673093995,1.0233629,-0.4076430673093995,-0.4133628749847412
2026-05-24 06:30:00,0.67,0.6983475753947548,0.68204933,-0.028347575394754743,-0.012049334049224814
2026-05-24 06:30:00,6.16,6.5076389645487,6.5980964,-0.34763896454869947,-0.43809637069702134
2026-05-24 06:30:00,0.69,0.73806070914975,0.7780646,-0.048060709149750025,-0.08806460857391363
2026-05-24 06:30:00,9.48,10.170199999999998,9.714217,-0.6901999999999973,-0.23421718597412067
2026-05-24 06:30:00,10.8,10.871391437728937,10.976557,-0.07139143772893597,-0.17655677795410085
2026-05-24 06:30:00,5.08,4.597994054900548,4.434375,0.48200594509945205,0.6456251907348634
2026-05-24 06:30:00,1.66,1.908000495505205,1.8872571,-0.2480004955052051,-0.2272570991516114
2026-05-24 06:30:00,0.53,0.5565570026893805,0.5434881,-0.026557002689380438,-0.013488085269927952
2026-05-24 06:30:00,2.84,3.912914390279561,3.881905,-1.072914390279561,-1.0419050788879396
2026-05-24 06:30:00,3.27,3.2275412789682125,3.1363218,0.042458721031787494,0.13367821693420412
2026-05-24 06:30:00,2.62,3.100150680558338,2.9281607,-0.48015068055833776,-0.3081606674194335
2026-05-24 06:30:00,2.5,2.999613924109039,2.8066442,-0.49961392410903915,-0.3066442012786865
2026-05-24 06:30:00,0.23,0.546825590606382,0.48898172,-0.31682559060638205,-0.2589817237854004
2026-05-24 06:30:00,0.29,0.3503176598291231,0.34837902,-0.06031765982912313,-0.05837901592254641
2026-05-24 06:30:00,0.48,0.6488974753302241,0.7134406,-0.16889747533022414,-0.23344059705734255
2026-05-24 06:30:00,0.05,0.2313922136227685,0.23142731,-0.18139221362276847,-0.18142731189727784
2026-05-24 06:30:00,1.52,2.0555180594397426,2.1206489,-0.5355180594397426,-0.6006488609313965
2026-05-24 06:30:00,0.01,0.3116314825200357,0.32481888,-0.3016314825200357,-0.314818879365921
2026-05-24 06:30:00,0.12,0.17775092602206055,0.16914092,-0.057750926022060556,-0.04914092004299164
2026-05-24 06:30:00,0.91,1.0754318829326261,0.9758136,-0.16543188293262612,-0.06581362724304196
2026-05-24 06:30:00,3.87,4.418193666054281,4.8188233,-0.5481936660542805,-0.9488233375549315
2026-05-24 06:30:00,2.45,2.7692702097893247,2.7073834,-0.3192702097893245,-0.25738339424133283
2026-05-24 06:30:00,0.46,0.44825372628558346,0.4137546,0.011746273714416555,0.0462453877925873
2026-05-24 06:30:00,0.88,1.1106993122290632,0.97280365,-0.23069931222906315,-0.09280365228652954
2026-05-24 06:30:00,0.53,0.9136583192436244,0.71198064,-0.38365831924362437,-0.18198064088821408
2026-05-24 06:30:00,1.3,1.7094023032313825,2.128871,-0.4094023032313825,-0.8288709640502929
2026-05-24 06:30:00,1.43,1.4582173321930643,1.4567771,-0.028217332193064326,-0.026777095794677797
2026-05-24 21:30:00,0.02,0.22568486572085725,0.2684959,-0.20568486572085726,-0.2484958875179291
2026-05-24 21:30:00,-0.14,0.037829170918187445,0.16226389,-0.17782917091818745,-0.302263885140419
2026-05-24 21:30:00,0.87,0.901610006178808,0.95035774,-0.03161000617880805,-0.08035773515701294
2026-05-24 21:30:00,0.04,0.2271885813775799,0.20117506,-0.1871885813775799,-0.16117506384849548
2026-05-24 21:30:00,8.75,9.666550000000004,9.575903,-0.9165500000000044,-0.8259029388427734
2026-05-24 21:30:00,1.6,2.8249999999999984,2.6840878,-1.2249999999999983,-1.0840877532958983
2026-05-24 21:30:00,3.95,4.899541404105285,4.8226566,-0.9495414041052852,-0.8726566314697264
2026-05-24 21:30:00,0.68,0.7750342235995169,0.75867903,-0.09503422359951685,-0.07867903232574458
2026-05-24 21:30:00,5.06,5.723411231176468,5.938677,-0.6634112311764682,-0.8786768341064457
2026-05-24 21:30:00,0.55,0.8020018226787734,0.7102003,-0.25200182267877336,-0.16020030975341792
2026-05-24 21:30:00,0.53,0.5383862408206391,0.56650656,-0.008386240820639101,-0.036506564617156956
2026-05-24 21:30:00,2.39,2.227484982551503,2.3195515,0.16251501744849728,0.07044853210449231
2026-05-24 21:30:00,0.59,0.6615692583918309,0.6150593,-0.07156925839183093,-0.02505931615829471
2026-05-24 21:30:00,0.46,0.46036044143310983,0.42967618,-0.0003604414331098149,0.030323824882507344
2026-05-24 21:30:00,1.28,1.6591919387034197,1.7750013,-0.3791919387034197,-0.4950012874603271
2026-05-24 21:30:00,0.9,0.6128860867511323,0.6766648,0.2871139132488677,0.22333517074584963
2026-05-24 21:30:00,0.2,0.6859722517238456,0.4520675,-0.48597225172384556,-0.252067494392395
2026-05-24 21:30:00,2.76,3.2440851211600075,3.2498074,-0.4840851211600077,-0.48980735778808615
2026-05-24 21:30:00,0.68,0.7890090831206997,0.7551231,-0.10900908312069968,-0.07512307882308955
2026-05-24 21:30:00,1.66,1.6722123072537753,1.6150839,-0.012212307253775423,0.044916067123413006
2026-05-24 21:30:00,0.63,0.7460666326150531,0.7004842,-0.11606663261505312,-0.07048421621322631
2026-05-24 21:30:00,11.4,11.090501115779649,10.877853,0.30949888422035166,0.5221466064453129
2026-05-24 21:30:00,0.11,0.17421577756668827,0.17290144,-0.06421577756668827,-0.06290143668651581
2026-05-24 21:30:00,2.72,2.6765545378693414,2.5411186,0.04344546213065881,0.17888137817382832
2026-05-24 21:30:00,2.75,2.7442409886953834,2.759969,0.005759011304616646,-0.009968996047973633
2026-05-24 21:30:00,1.3,1.3808580071333543,1.2962766,-0.08085800713335423,0.0037234306335449663
2026-05-24 21:30:00,0.3,0.3268977240481187,0.35602036,-0.026897724048118687,-0.056020361185073864
2026-05-24 21:30:00,1.84,2.2197168676882773,2.3364742,-0.37971686768827717,-0.49647418022155754
2026-05-24 21:30:00,1.72,1.5075911107239564,1.6006451,0.21240888927604362,0.11935493469238279
2026-05-24 21:30:00,0.91,0.932551366804828,0.9483817,-0.022551366804827944,-0.03838172197341916
2026-05-24 21:30:00,4.09,3.486278442117182,3.4998512,0.6037215578828179,0.5901487731933592
2026-05-24 21:30:00,1.31,1.4898862887714515,1.4320741,-0.1798862887714514,-0.12207406997680659
2026-05-24 21:30:00,2.2,2.4922799568636615,2.5387216,-0.29227995686366137,-0.3387215614318846
2026-05-24 21:30:00,1.99,1.7900631401369578,1.8329529,0.19993685986304222,0.1570471429824829
2026-05-24 21:30:00,1.5,1.9156835839560076,1.7790459,-0.4156835839560076,-0.2790459394454956
2026-05-24 21:30:00,2.25,2.9662490915251793,2.8260288,-0.7162490915251793,-0.5760288238525391
2026-05-25 21:30:00,2.72,2.4915768935923825,2.611413,0.22842310640761765,0.10858699798584004
2026-05-25 21:30:00,0.1,0.13393026785086057,0.10561063,-0.03393026785086056,-0.005610631406307215
2026-05-25 21:30:00,12.5,10.998909981146314,10.709683,1.5010900188536862,1.7903165817260742
2026-05-25 21:30:00,2.78,2.675957624183608,2.824937,0.10404237581639197,-0.0449371051788332
2026-05-25 21:30:00,0.11,0.07998907546156481,0.052849192,0.030010924538435194,0.057150807827711106
2026-05-25 21:30:00,1.76,1.763540776205538,1.6426809,-0.0035407762055379433,0.11731911659240724
2026-05-25 21:30:00,2.1,2.157406047309259,2.371291,-0.05740604730925902,-0.2712909221649169
2026-05-25 21:30:00,0.72,0.9618308426277119,0.8188959,-0.24183084262771193,-0.09889587640762332
2026-05-25 21:30:00,0.67,0.7070455678868008,0.71306837,-0.0370455678868008,-0.043068366050720175
2026-05-25 21:30:00,2.05,1.6991339445839455,1.7458199,0.3508660554160543,0.30418007373809797
2026-05-25 21:30:00,2.58,2.7457802424628737,2.7355087,-0.1657802424628736,-0.15550868034362786
2026-05-25 21:30:00,1.3,1.287678481454425,1.2373232,0.01232151854557495,0.06267683506011967
2026-05-25 21:30:00,2.53,2.603433293207216,2.6140244,-0.07343329320721637,-0.08402440071105977
2026-05-25 21:30:00,1.26,1.3212550966912906,1.3214053,-0.06125509669129059,-0.061405291557312
2026-05-25 21:30:00,0.89,0.6242990231107385,0.5568293,0.26570097688926153,0.3331707262992859
2026-05-25 21:30:00,0.2,0.4812791090318747,0.49727607,-0.2812791090318747,-0.29727606773376464
2026-05-25 21:30:00,0.45,0.4589641705912105,0.42967618,-0.008964170591210463,0.020323824882507335
2026-05-25 21:30:00,0.46,0.6167919297651785,0.68477,-0.15679192976517847,-0.22476998805999754
2026-05-25 21:30:00,1.58,1.7550602066486645,1.6306005,-0.1750602066486644,-0.05060045242309563
2026-05-25 21:30:00,2.76,2.814057254333831,2.7722678,-0.05405725433383113,-0.012267818450927948
2026-05-25 21:30:00,0.02,0.029354332124771,0.0009199828,-0.009354332124770999,0.01908001720905304
2026-05-25 21:30:00,0.9,0.8718148706588293,0.94484776,0.028185129341170678,-0.04484776258468626
2026-05-25 21:30:00,1.27,1.317062937383683,1.5953519,-0.04706293738368306,-0.3253519344329834
2026-05-25 21:30:00,5.22,5.784302041708288,4.8726754,-0.564302041708288,0.34732458114624
2026-05-25 21:30:00,2.1,2.429154886136856,2.308259,-0.32915488613685584,-0.20825901031494132
2026-05-25 21:30:00,0.67,0.665167576444674,0.6573036,0.004832423555326093,0.012696428298950235
2026-05-25 21:30:00,1.7,1.5498641845976417,1.5181772,0.1501358154023582,0.18182284832000728
2026-05-25 21:30:00,0.3,0.30656883159928594,0.29681852,-0.006568831599285951,0.0031814754009246715
2026-05-25 21:30:00,4.94,3.4909043659151466,3.7906036,1.4490956340848538,1.149396362304688
2026-05-25 21:30:00,0.53,0.5262531589698405,0.50791913,0.0037468410301595423,0.022080867290496853
2026-05-25 21:30:00,1.91,1.8571478220483215,1.7281587,0.0528521779516784,0.18184128761291496
2026-05-25 21:30:00,0.68,0.720943698862731,0.7116198,-0.04094369886273097,-0.03161979436874385
2026-05-25 21:30:00,4.18,3.5602166333610423,3.6606958,0.6197833666389574,0.5193042087554929
2026-05-25 21:30:00,0.91,0.8915797923676775,0.9431206,0.01842020763232255,-0.033120598793029754
2026-05-25 21:30:00,8.63,8.46810000000001,9.068435,0.16189999999999038,-0.4384347152709953
2026-05-25 21:30:00,-0.11,-0.14368234948946335,-0.12156596,0.033682349489463345,0.011565960347652435
2026-05-26 09:30:00,0.12,0.08674749806827271,0.11239203,0.03325250193172728,0.0076079693436622575
2026-05-26 09:30:00,1.15,2.1393314006502337,2.1863887,-0.9893314006502338,-1.0363887310028077
2026-05-26 09:30:00,0.27,0.13502294130108403,0.15820399,0.134977058698916,0.11179601073265077
2026-05-26 09:30:00,1.0,2.0388341070070215,2.1396003,-1.0388341070070215,-1.1396002769470215
2026-05-26 09:30:00,1.15,1.7931638403674162,1.8642247,-0.6431638403674163,-0.714224672317505
2026-05-26 09:30:00,0.78,0.7092473508326625,0.7827506,0.07075264916733748,-0.0027506065368652077
2026-05-26 09:30:00,-3.36,-2.807,-2.9697788,-0.5529999999999999,-0.39022122383117663
2026-05-26 09:30:00,0.64,0.44321913501077637,0.36180267,0.19678086498922365,0.27819733262062074
2026-05-26 09:30:00,2.29,2.7072806652365626,2.662635,-0.4172806652365626,-0.3726350879669189
2026-05-26 09:30:00,2.49,4.173505905652529,4.0470653,-1.6835059056525292,-1.5570652580261228
2026-05-26 09:30:00,6.95,8.67035,8.884559,-1.720349999999999,-1.9345586776733397
2026-05-26 09:30:00,0.32,0.29078498267861164,0.30330226,0.02921501732138837,0.016697741746902472
2026-05-26 09:30:00,0.95,0.8955343033184517,0.9572096,0.054465696681548215,-0.007209587097168013
2026-05-26 09:30:00,0.55,0.5256360486948496,0.51846606,0.024363951305150455,0.03153394460678105
2026-05-26 09:30:00,1.44,1.7733247650751827,1.644346,-0.3333247650751827,-0.20434599876403814
2026-05-26 09:30:00,0.51,0.9563620565907517,1.121704,-0.4463620565907517,-0.6117039823532104
2026-05-26 09:30:00,6.08,5.664801446608943,5.3862023,0.4151985533910567,0.693797664642334
2026-05-26 09:30:00,1.58,2.776235749009865,2.621709,-1.196235749009865,-1.041709108352661
2026-05-26 09:30:00,2.44,2.477961759399104,2.7196085,-0.03796175939910418,-0.2796085453033448
2026-05-26 09:30:00,3.25,2.8854172697590585,2.8523011,0.36458273024094145,0.39769887924194336
2026-05-26 09:30:00,2.57,1.981894141746006,2.0872786,0.5881058582539938,0.48272139549255355
2026-05-26 09:30:00,0.52,0.8988228520251137,0.7962373,-0.3788228520251137,-0.2762372899055481
2026-05-26 09:30:00,1.6,1.5852222710508592,1.7112392,0.014777728949140867,-0.11123921871185294
2026-05-26 09:30:00,1.84,1.8985314577546577,1.8788137,-0.05853145775465762,-0.038813743591308514
2026-05-26 09:30:00,2.58,2.8050836486185777,2.9803164,-0.22508364861857766,-0.40031640052795403
2026-05-26 09:30:00,0.67,0.7338874360395735,0.7179417,-0.06388743603957348,-0.04794170141220089
2026-05-26 09:30:00,0.56,0.7314262470510371,0.7126449,-0.17142624705103704,-0.152644875049591
2026-05-26 09:30:00,1.29,1.2820685069332438,1.2345079,0.007931493066756223,0.055492081642150914
2026-05-26 09:30:00,2.24,4.953930540762375,5.068735,-2.713930540762375,-2.828735122680664
2026-05-26 09:30:00,10.35,12.322883333333344,12.179665,-1.9728833333333444,-1.8296646118164066
2026-05-26 09:30:00,-0.19,-0.04920473499161913,-0.118003435,-0.14079526500838088,-0.07199656456708908
2026-05-26 09:30:00,0.38,0.46887328376912124,0.48559073,-0.08887328376912124,-0.10559072613716125
2026-05-26 09:30:00,0.87,0.874080062634839,0.9567132,-0.004080062634838955,-0.08671319961547852
2026-05-26 09:30:00,1.08,1.2862779519280028,1.3266547,-0.2062779519280027,-0.2466546726226806
2026-05-26 09:30:00,0.66,0.7995657340909859,0.7212444,-0.13956573409098583,-0.06124439477920529
2026-05-26 09:30:00,1.3,1.3173529627830447,1.6259464,-0.017352962783044656,-0.3259464025497436
2026-05-26 09:30:00,-0.1,0.05556643203909381,0.005487389,-0.15556643203909382,-0.10548738893121481
2026-05-26 09:30:00,0.39,0.4566379562437791,0.4281945,-0.0666379562437791,-0.038194493055343615
2026-05-26 09:30:00,2.05,2.1871598289186927,2.6582808,-0.13715982891869283,-0.6082808494567873
2026-05-30 21:30:00,0.66,0.7252861891610881,0.69793963,-0.06528618916108808,-0.037939634323120086
2026-05-30 21:30:00,0.64,0.666905041574545,0.71306837,-0.026905041574544986,-0.0730683660507202
2026-05-30 21:30:00,0.29,0.3060410750363949,0.30210173,-0.016041075036394903,-0.012101731300354024
2026-05-30 21:30:00,0.93,0.9194567647106783,0.94098634,0.010543235289321773,-0.010986335277557324
2026-05-30 21:30:00,2.16,2.6153402662916623,2.4872942,-0.45534026629166213,-0.3272941970825194
2026-05-30 21:30:00,0.54,0.6521461449019954,0.627113,-0.11214614490199537,-0.08711298465728756
2026-05-30 21:30:00,0.15,0.27042703090442916,0.24679622,-0.12042703090442916,-0.09679622054100037
2026-05-30 21:30:00,1.3,1.4494164647151202,1.5664903,-0.14941646471512016,-0.26649029254913326
2026-05-30 21:30:00,0.81,0.876550931682888,0.940396,-0.06655093168288795,-0.13039601087570185
2026-05-30 21:30:00,-0.15,-0.03581074909524407,-0.041641474,-0.11418925090475593,-0.10835852622985839
2026-05-30 21:30:00,5.7,6.61975,6.3320537,-0.9197499999999996,-0.6320536613464354
2026-05-30 21:30:00,1.76,2.585587895855749,2.745305,-0.825587895855749,-0.985305061340332
2026-05-30 21:30:00,1.97,2.1781595675322603,2.0248954,-0.20815956753226028,-0.05489542961120608
2026-05-30 21:30:00,4.34,5.877355835884068,6.1595845,-1.5373558358840684,-1.8195845222473146
2026-05-30 21:30:00,1.41,1.5941740408835157,1.6892968,-0.18417404088351574,-0.279296841621399
2026-05-30 21:30:00,0.55,0.5567521124276101,0.50791913,-0.006752112427610091,0.04208086729049687
2026-05-30 21:30:00,2.14,2.4306985274181065,2.3004038,-0.2906985274181064,-0.1604038333892821
2026-05-30 21:30:00,-0.15,-0.17276447538977283,-0.22543032,0.02276447538977283,0.07543032467365265
2026-05-30 21:30:00,1.02,1.1647792172396365,1.1290188,-0.1447792172396365,-0.10901878356933592
2026-05-30 21:30:00,1.0,2.34938665230969,2.3788338,-1.3493866523096898,-1.3788337707519531
2026-05-30 21:30:00,0.28,0.3944176416864903,0.446214,-0.11441764168649027,-0.16621399044990537
2026-05-30 21:30:00,1.36,1.6172994747356273,1.5508152,-0.2572994747356272,-0.19081522464752187
2026-05-30 21:30:00,0.5,0.6202349701311575,0.7293939,-0.12023497013115747,-0.22939389944076538
2026-05-30 21:30:00,0.42,0.3937124991750418,0.3967269,0.026287500824958177,0.02327309370040892
2026-05-30 21:30:00,0.38,0.6356116651404157,0.45273113,-0.25561166514041567,-0.07273113250732421
2026-05-30 21:30:00,2.79,3.2456680158578863,3.2723649,-0.4556680158578863,-0.48236485481262203
2026-05-30 21:30:00,0.99,1.785809717712843,1.5646359,-0.7958097177128429,-0.5746358728408814
2026-05-30 21:30:00,1.27,1.271298057232309,1.2039135,-0.0012980572323089135,0.06608654975891115
2026-05-30 21:30:00,0.11,0.12745808617390447,0.10561063,-0.017458086173904472,0.00438936859369278
2026-05-30 21:30:00,9.91,11.637266666666665,11.48069,-1.7272666666666652,-1.570690002441406
2026-05-30 21:30:00,1.2,1.5103429473716727,1.4511505,-0.3103429473716728,-0.25115053653717045
2026-05-30 21:30:00,1.81,1.8411986341655717,2.00561,-0.03119863416557167,-0.1956099891662597
2026-05-30 21:30:00,0.7,0.9166710904481846,0.7624677,-0.21667109044818467,-0.06246768236160283
2026-05-30 21:30:00,2.19,2.622182084686257,2.3358946,-0.4321820846862572,-0.14589458465576177
2026-05-30 21:30:00,1.29,1.3801807357446882,1.5953519,-0.09018073574468821,-0.30535193443298336
2026-05-30 21:30:00,2.0,2.7252230382543035,3.0463321,-0.7252230382543035,-1.0463321208953857
2026-05-31 21:30:00,0.09,0.1283347122953049,0.10561063,-0.03833471229530491,-0.015610631406307224
2026-05-31 21:30:00,0.23,0.3005335632041736,0.29681852,-0.07053356320417362,-0.06681852459907531
2026-05-31 21:30:00,2.98,2.2974969331597994,2.0530758,0.6825030668402006,0.9269242095947265
2026-05-31 21:30:00,0.5,0.7216027722784554,0.7794345,-0.22160277227845537,-0.2794345021247864
2026-05-31 21:30:00,0.61,0.7583362231883578,0.39616787,-0.14833622318835782,0.2138321256637573
2026-05-31 21:30:00,2.17,1.1656785198749398,1.3545735,1.0043214801250602,0.8154265117645263
2026-05-31 21:30:00,0.62,0.7223901654741909,0.75189847,-0.10239016547419089,-0.13189846754074097
2026-05-31 21:30:00,6.08,1.8309118075502666,1.5273504,4.249088192449733,4.552649574279785
2026-05-31 21:30:00,2.55,1.289268660307294,1.3211266,1.2607313396927058,1.2288734197616575
2026-05-31 21:30:00,0.73,0.9044847303694878,0.94608754,-0.17448473036948786,-0.21608753919601442
2026-05-31 21:30:00,1.35,1.2556409098312207,1.2035098,0.09435909016877941,0.14649019241333017
2026-05-31 21:30:00,3.55,2.2873494134327332,2.3399973,1.2626505865672666,1.2100027084350584
2026-05-31 21:30:00,1.4,0.5675679300955908,0.51856196,0.8324320699044091,0.8814380407333373
2026-05-31 21:30:00,1.25,1.3534458539518395,1.5953519,-0.10344585395183947,-0.3453519344329834
2026-05-31 21:30:00,5.96,4.379022492577368,4.2803063,1.5809775074226318,1.679693660736084
2026-05-31 21:30:00,1.12,0.1788389675370834,0.16446634,0.9411610324629167,0.9555336636304856
2026-05-31 21:30:00,1.56,0.554159280549027,0.5163368,1.005840719450973,1.0436632013320923
2026-05-31 21:30:00,-0.18,0.08200688187981585,-0.040242482,-0.26200688187981586,-0.13975751802325248
2026-05-31 21:30:00,11.63,10.019349999999992,10.3348465,1.6106500000000086,1.2951535034179695
2026-05-31 21:30:00,2.89,1.9988512281299635,2.038791,0.8911487718700366,0.8512090587615968
2026-05-31 21:30:00,2.15,1.8092645587794705,1.7809327,0.34073544122052946,0.3690673351287841
2026-05-31 21:30:00,-0.01,-0.15358038003759344,-0.12156596,0.14358038003759344,0.11156596034765244
2026-05-31 21:30:00,3.12,1.4366365119934776,1.7209973,1.6833634880065225,1.3990026664733888
2026-05-31 21:30:00,0.51,0.5571189893154765,0.50791913,-0.047118989315476534,0.002080867290496835
2026-05-31 21:30:00,2.44,1.1216023441559289,1.0311204,1.318397655844071,1.4088795804977416
2026-05-31 21:30:00,1.29,0.7203696590220523,0.7418713,0.5696303409779477,0.5481287026405335
2026-05-31 21:30:00,8.22,5.974487177894563,5.760957,2.2455128221054377,2.4590432357788092
2026-05-31 21:30:00,4.6,2.192787834531356,2.089096,2.4072121654686436,2.510903930664062
2026-05-31 21:30:00,3.94,2.3603316736701565,2.3809013,1.5796683263298434,1.559098663330078
2026-05-31 21:30:00,2.2,1.4074802409764653,1.4829566,0.7925197590235349,0.7170433521270754
2026-05-31 21:30:00,2.1,1.3979866732005037,1.3102043,0.7020133267994964,0.789795732498169
2026-05-31 21:30:00,1.36,0.8677592288179392,0.8398751,0.4922407711820609,0.5201248979568482
2026-05-31 21:30:00,0.38,0.4361202757181665,0.37431967,-0.05612027571816647,0.005680327415466313
2026-05-31 21:30:00,2.25,1.0524418269217124,0.98437786,1.1975581730782876,1.2656221389770508
2026-05-31 21:30:00,1.0,0.5052210482059314,0.39851904,0.4947789517940686,0.6014809608459473
2026-05-31 21:30:00,4.16,2.9921758808139747,2.918772,1.1678241191860255,1.241228017807007
2026-06-12 18:30:00,2.39,1.6380958928571423,1.8232462,0.7519041071428578,0.5667537593841554
2026-06-12 18:30:00,0.09,0.057265723227307185,0.13920671,0.03273427677269281,-0.04920670747756958
2026-06-12 18:30:00,11.9,11.735008333333337,11.33899,0.16499166666666376,0.561009788513184
2026-06-12 18:30:00,1.25,1.3165339845935429,1.7394068,-0.06653398459354287,-0.4894068241119385
2026-06-12 18:30:00,1.9,2.0090465382874685,2.1966033,-0.10904653828746858,-0.29660329818725595
2026-06-12 18:30:00,0.38,0.3956272963613345,0.3991245,-0.015627296361334475,-0.019124503135681148
2026-06-12 18:30:00,1.72,1.4906969780219776,1.6194817,0.22930302197802233,0.10051831722259519
2026-06-12 18:30:00,1.86,2.2305089874915485,2.216042,-0.37050898749154837,-0.35604204177856436
2026-06-12 18:30:00,4.31,3.913213621212863,4.335873,0.3967863787871364,-0.02587312698364297
2026-06-12 18:30:00,1.38,1.3853100134652243,1.524416,-0.005310013465224417,-0.14441596984863292
2026-06-12 18:30:00,1.96,2.0789197719945722,2.3237472,-0.11891977199457227,-0.36374715805053714
2026-06-12 18:30:00,0.0,0.9513279265873008,0.10288219,-0.9513279265873008,-0.10288219153881073
2026-06-12 18:30:00,0.61,0.707256838783507,0.79940516,-0.097256838783507,-0.18940515756607057
2026-06-12 18:30:00,1.36,1.3820656334397965,1.4411492,-0.022065633439796395,-0.08114923477172842
2026-06-12 18:30:00,4.68,3.643272222222221,4.2239847,1.0367277777777786,0.4560152816772458
2026-06-12 18:30:00,2.82,2.0833461229524532,2.1480415,0.7366538770475466,0.6719585132598875
2026-06-12 18:30:00,6.71,4.290099999999997,3.9530392,2.419900000000003,2.7569608306884765
2026-06-12 18:30:00,3.67,2.6684889834641514,3.3324747,1.0015110165358485,0.337525291442871
2026-06-12 18:30:00,0.62,0.9268671578739514,0.8134559,-0.30686715787395136,-0.19345587968826294
2026-06-12 18:30:00,0.62,0.7243214302604877,0.6584621,-0.10432143026048768,-0.03846210718154908
2026-06-12 18:30:00,1.27,1.925996399192146,1.7243502,-0.655996399192146,-0.4543502140045166
2026-06-12 18:30:00,1.25,1.7847825199972078,1.396809,-0.5347825199972078,-0.14680898189544678
2026-06-12 18:30:00,2.19,2.381537874921172,2.29717,-0.19153787492117225,-0.10716992378234869
2026-06-12 18:30:00,6.08,5.918489691171053,6.0553203,0.16151030882894712,0.024679737091064524
2026-06-12 18:30:00,1.64,0.768583886097288,0.43480086,0.8714161139027119,1.2051991367340087
2026-06-12 18:30:00,0.51,0.4846875409605029,0.53796816,0.02531245903949708,-0.02796815872192382
2026-06-12 18:30:00,2.21,2.062869599231223,2.4878953,0.14713040076877704,-0.2778952503204346
2026-06-12 18:30:00,8.31,7.944400000000003,7.9895496,0.3655999999999979,0.3204503631591802
2026-06-12 18:30:00,3.06,2.712300833333333,3.0859494,0.3476991666666671,-0.025949420928955025
2026-06-12 18:30:00,2.97,2.533877499773403,2.9798293,0.43612250022659715,-0.009829311370849414
2026-06-12 18:30:00,-0.18,-0.0902044434130722,-0.016023196,-0.0897955565869278,-0.1639768037199974
2026-06-12 18:30:00,0.9,1.0310588424940947,0.8131401,-0.13105884249409472,0.0868599057197571
2026-06-12 18:30:00,0.24,0.3031377277380814,0.3116832,-0.0631377277380814,-0.07168320775032044
2026-06-12 18:30:00,1.82,1.0946551071878938,0.9899888,0.7253448928121062,0.8300111961364747
2026-06-12 18:30:00,3.49,3.095161092802127,3.5488489,0.3948389071978733,-0.05884886741638162
2026-06-12 18:30:00,3.31,-2.5919999999999987,-2.8761725,5.901999999999999,6.186172542572022
2026-06-12 18:30:00,3.82,3.7463449255397854,4.038636,0.07365507446021446,-0.21863620758056657
2026-06-12 18:30:00,0.71,0.9972193303830532,0.97586495,-0.28721933038305325,-0.26586494684219364
2026-06-12 18:30:00,1.6,1.1775828096737426,1.4034401,0.42241719032625746,0.19655988216400155
2026-06-12 21:30:00,3.03,2.7941632415156574,3.0511172,0.23583675848434238,-0.021117181777954297
2026-06-12 21:30:00,3.67,3.533675520853417,3.493478,0.13632447914658297,0.17652194023132317
2026-06-12 21:30:00,0.66,0.7648092145438414,1.1020577,-0.1048092145438414,-0.4420576953887939
2026-06-12 21:30:00,8.35,8.27705714285714,8.094106,0.0729428571428592,0.2558942794799801
2026-06-12 21:30:00,6.44,6.11870958333333,6.316451,0.32129041666667035,0.1235489273071293
2026-06-12 21:30:00,0.04,-0.021976944444444445,0.01287348,0.061976944444444446,0.027126519903540612
2026-06-12 21:30:00,2.32,2.072214883221821,2.0237446,0.24778511677817905,0.296255416870117
2026-06-12 21:30:00,0.66,0.6222882264981647,0.66146934,0.0377117735018353,-0.0014693403244018244
2026-06-12 21:30:00,0.23,0.2817061528121736,0.3020401,-0.051706152812173584,-0.07204010009765624
2026-06-12 21:30:00,1.37,1.3696110586111627,1.491537,0.0003889413888373827,-0.12153697490692128
2026-06-12 21:30:00,6.14,5.950477053346046,5.9213886,0.18952294665395364,0.21861137390136687
2026-06-12 21:30:00,0.71,0.7271230764882606,0.8117318,-0.017123076488260613,-0.1017318153381348
2026-06-12 21:30:00,1.2,1.1531949243490474,1.2470087,0.0468050756509526,-0.04700868129730229
2026-06-12 21:30:00,4.73,4.2644224253808884,4.4878855,0.465577574619112,0.24211452484130902
2026-06-12 21:30:00,3.32,2.3390509798644343,2.7505784,0.9809490201355655,0.5694215965270994
2026-06-12 21:30:00,1.9,1.9117763138032224,2.1035705,-0.011776313803222527,-0.20357046127319345
2026-06-12 21:30:00,12.32,11.645041666666668,11.74462,0.6749583333333327,0.5753796768188479
2026-06-12 21:30:00,0.09,0.057059696786834146,0.13440852,0.03294030321316585,-0.044408518671989444
2026-06-12 21:30:00,2.5,1.7731715285406398,1.7779012,0.7268284714593602,0.7220988273620605
2026-06-12 21:30:00,3.94,3.3057791247382444,3.6485813,0.6342208752617555,0.2914187335968017
2026-06-12 21:30:00,3.45,3.3419572406948244,3.4591634,0.10804275930517582,-0.009163427352905096
2026-06-12 21:30:00,1.97,1.6738976184721686,1.513926,0.2961023815278314,0.4560739707946777
2026-06-12 21:30:00,0.94,0.9867396894950861,0.81073374,-0.04673968949508611,0.1292662644386291
2026-06-12 21:30:00,1.25,1.3150328427998172,1.5842444,-0.06503284279981725,-0.33424437046051025
2026-06-12 21:30:00,1.83,1.851407142857143,1.6947894,-0.021407142857142958,0.1352105903625489
2026-06-12 21:30:00,0.63,0.9507765980083402,0.7415206,-0.32077659800834024,-0.11152058362960815
2026-06-12 21:30:00,3.06,2.8284726109686615,2.9406793,0.23152738903133852,0.11932068824768072
2026-06-12 21:30:00,0.38,0.3888474867735724,0.4060561,-0.008847486773572388,-0.02605610609054565
2026-06-12 21:30:00,1.44,1.9386544405102064,1.7854743,-0.49865444051020646,-0.34547430038452154
2026-06-12 21:30:00,1.98,2.006956177205483,2.1788013,-0.026956177205482934,-0.1988012981414795
2026-06-12 21:30:00,0.52,0.48663140381373843,0.52565616,0.03336859618626159,-0.0056561636924743475
2026-06-12 21:30:00,4.56,4.381865899393109,4.390417,0.17813410060689083,0.16958290100097617
2026-06-12 21:30:00,2.25,2.4496797599684497,2.518048,-0.19967975996844967,-0.2680480480194092
2026-06-12 21:30:00,1.36,1.4605312293683825,1.538783,-0.10053122936838244,-0.17878295421600332
2026-06-12 21:30:00,-0.19,-0.16540300353673942,-0.14934143,-0.02459699646326058,-0.040658565759658816
2026-06-12 21:30:00,1.52,1.7563708669342675,1.861529,-0.23637086693426745,-0.34152899265289305
2026-06-13 00:30:00,1.42,1.2024698770387585,1.2152731,0.2175301229612414,0.20472685813903801
2026-06-13 00:30:00,-0.1,-0.16522255550701243,-0.25017744,0.06522255550701242,0.15017744302749633
2026-06-13 00:30:00,0.71,0.7498523356791541,0.71338123,-0.03985233567915414,-0.0033812308311462758
2026-06-13 00:30:00,1.39,1.6390130720747706,1.474763,-0.24901307207477075,-0.08476303577423105
2026-06-13 00:30:00,0.66,0.5752868260311377,0.52833873,0.08471317396886235,0.13166126966476444
2026-06-13 00:30:00,2.4,2.460565106281183,2.2385957,-0.060565106281182945,0.16140427589416495
2026-06-13 00:30:00,1.46,1.9149966386411195,1.8556647,-0.4549966386411195,-0.3956647300720215
2026-06-13 00:30:00,0.52,0.5137095782997505,0.49342543,0.0062904217002495155,0.02657457113265993
2026-06-13 00:30:00,2.3,2.271130344208396,2.141375,0.028869655791603943,0.1586249351501463
2026-06-13 00:30:00,4.72,4.399391608474029,4.3308945,0.32060839152597076,0.389105529785156
2026-06-13 00:30:00,12.18,12.514150000000006,11.965219,-0.3341500000000064,0.21478145599365206
2026-06-13 00:30:00,6.24,5.996815207399403,5.9707365,0.243184792600597,0.269263496398926
2026-06-13 00:30:00,4.19,3.6228593993127247,3.5746293,0.5671406006872757,0.6153706932067875
2026-06-13 00:30:00,1.92,1.990051847215885,1.8969193,-0.07005184721588509,0.02308074951171868
2026-06-13 00:30:00,2.51,3.439804509076426,2.9463785,-0.9298045090764262,-0.4363784694671633
2026-06-13 00:30:00,0.98,0.9789703130719782,1.0032188,0.0010296869280217447,-0.023218770027160662
2026-06-13 00:30:00,4.82,4.541523835409471,4.689346,0.27847616459052915,0.130654163360596
2026-06-13 00:30:00,3.67,3.5358949761608924,3.4363947,0.1341050238391075,0.23360530853271477
2026-06-13 00:30:00,1.9,1.925352782396975,1.8723886,-0.025352782396975027,0.027611398696899325
2026-06-13 00:30:00,0.38,0.38563219141502963,0.41530737,-0.00563219141502963,-0.035307372808456416
2026-06-13 00:30:00,2.2,1.8764990014417307,1.8128341,0.3235009985582695,0.38716585636138934
2026-06-13 00:30:00,0.78,0.6213866597782226,0.59640443,0.15861334022177742,0.18359556674957278
2026-06-13 00:30:00,8.43,8.07300714285714,8.074836,0.3569928571428598,0.35516422271728487
2026-06-13 00:30:00,6.26,6.036691164293569,5.970276,0.22330883570643056,0.2897241210937498
2026-06-13 00:30:00,3.17,3.0362059241971253,2.7641246,0.1337940758028746,0.40587536811828606
2026-06-13 00:30:00,0.04,0.013458021297056722,0.05984308,0.02654197870294328,-0.01984307825565338
2026-06-13 00:30:00,1.36,1.5418701757772606,1.4606105,-0.1818701757772605,-0.10061050891876211
2026-06-13 00:30:00,0.09,0.057248522544409874,0.115280576,0.03275147745559012,-0.025280576050281528
2026-06-13 00:30:00,1.32,1.3743176302782358,1.2782253,-0.05431763027823577,0.041774697303772035
2026-06-13 00:30:00,1.25,1.1981601262387167,1.5402342,0.051839873761283295,-0.29023420810699463
2026-06-13 00:30:00,0.26,0.27147903419639574,0.25432593,-0.011479034196395732,0.0056740736961364835
2026-06-13 00:30:00,3.09,2.9099617600993617,2.787133,0.18003823990063816,0.3028670215606688
2026-06-13 00:30:00,2.29,2.3558324081199804,2.153598,-0.06583240811998037,0.13640192985534672
2026-06-13 00:30:00,1.36,1.3998366509662716,1.3810852,-0.039836650966271536,-0.021085157394409082
2026-06-13 00:30:00,0.7,0.7265975244833076,1.0025373,-0.026597524483307655,-0.3025372505187989
2026-06-13 00:30:00,3.41,3.3041692964778213,3.358172,0.10583070352217883,0.051828060150146626
2026-06-13 03:30:00,3.32,3.444676538570401,3.1335673,-0.12467653857040117,0.1864326667785643
2026-06-13 03:30:00,1.1,0.9620620316940068,0.9160961,0.13793796830599325,0.1839039087295533
2026-06-13 03:30:00,4.56,4.748839947845033,4.785109,-0.18883994784503333,-0.22510904312133828
2026-06-13 03:30:00,1.28,1.3304166163344646,1.545451,-0.05041661633446459,-0.2654510450363159
2026-06-13 03:30:00,1.84,1.9843209849669747,1.9165293,-0.14432098496697465,-0.07652929782867424
2026-06-13 03:30:00,0.87,1.4938962354330514,1.3590287,-0.6238962354330514,-0.489028697013855
2026-06-13 03:30:00,1.08,1.4262208118601518,1.3402461,-0.34622081186015174,-0.2602460813522338
2026-06-13 03:30:00,2.5,2.2859355364444753,2.179867,0.21406446355552466,0.3201329708099365
2026-06-13 03:30:00,5.54,6.216697828211667,6.1125035,-0.6766978282116671,-0.5725035285949707
2026-06-13 03:30:00,8.6,8.485241666666653,8.487127,0.11475833333334684,0.11287269592285121
2026-06-13 03:30:00,-0.04,0.115762953504225,0.031663563,-0.155762953504225,-0.07166356310248376
2026-06-13 03:30:00,1.38,1.4129802089013876,1.391828,-0.03298020890138775,-0.01182794094085704
2026-06-13 03:30:00,3.3,2.4119893371867116,2.3002007,0.8880106628132882,0.9997992992401121
2026-06-13 03:30:00,3.18,3.1171865207325413,2.8977726,0.06281347926745884,0.2822274494171144
2026-06-13 03:30:00,1.37,1.5783415515771109,1.4377021,-0.20834155157711076,-0.06770205974578847
2026-06-13 03:30:00,3.99,4.073819365760726,3.7891421,-0.0838193657607258,0.2008578681945803
2026-06-13 03:30:00,1.12,1.508929286525745,1.3446295,-0.388929286525745,-0.22462952613830556
2026-06-13 03:30:00,0.74,0.7710441996879192,0.6972533,-0.03104419968791916,0.0427467131614685
2026-06-13 03:30:00,6.47,6.207984763835124,6.1755853,0.262015236164876,0.29441473007202124
2026-06-13 03:30:00,0.53,0.5062759389378988,0.4818858,0.02372406106210123,0.04811420917510989
2026-06-13 03:30:00,11.88,12.013349999999997,12.269284,-0.13334999999999653,-0.38928424835205
2026-06-13 03:30:00,2.42,2.5897658359038114,2.5227718,-0.16976583590381145,-0.10277183532714851
2026-06-13 03:30:00,0.08,0.052492242198938374,0.08098296,0.027507757801061627,-0.0009829607605934126
2026-06-13 03:30:00,-0.04,-0.09273121011827279,-0.1286681,0.05273121011827279,0.08866809964179992
2026-06-13 03:30:00,1.49,1.8952777896047737,1.9607109,-0.4052777896047737,-0.470710883140564
2026-06-13 03:30:00,0.42,0.3844930365320349,0.38913047,0.03550696346796506,0.03086952686309813
2026-06-13 03:30:00,2.7,3.7819050910705276,3.4584966,-1.0819050910705275,-0.758496570587158
2026-06-13 03:30:00,2.39,2.5075815305750235,2.5739021,-0.11758153057502341,-0.183902130126953
2026-06-13 03:30:00,1.84,2.0037374241033294,1.9568723,-0.16373742410332937,-0.11687234401702873
2026-06-13 03:30:00,0.98,0.8415696283315516,0.7254183,0.1384303716684484,0.2545816707611084
2026-06-13 03:30:00,0.26,0.25195326819189306,0.1923818,0.008046731808106944,0.06761820077896119
2026-06-13 03:30:00,4.15,4.592693829459134,4.4796653,-0.4426938294591336,-0.3296652793884274
2026-06-13 03:30:00,0.57,0.8398758989249581,0.8985346,-0.2698758989249581,-0.32853459596633916
2026-06-13 03:30:00,0.69,0.7365072140277684,0.69431555,-0.04650721402776847,-0.00431555271148687
2026-06-13 03:30:00,3.51,3.5981242760979226,3.552921,-0.08812427609792284,-0.04292105674743674
2026-06-13 12:30:00,2.55,2.8060514353302803,2.8476691,-0.2560514353302805,-0.29766912460327166
2026-06-13 12:30:00,0.53,0.5315646554487821,0.49933577,-0.0015646554487820374,0.03066423416137698
2026-06-13 12:30:00,1.01,0.9953786068478953,0.8550316,0.014621393152104756,0.15496839046478272
2026-06-13 12:30:00,1.34,1.892361491588938,1.6217829,-0.5523614915889379,-0.281782898902893
2026-06-13 12:30:00,0.7,0.7147157985308235,0.6845495,-0.014715798530823498,0.015450489521026567
2026-06-13 12:30:00,1.62,2.1098335189049227,1.65276,-0.48983351890492255,-0.03276002883911122
2026-06-13 12:30:00,11.82,11.997529999999998,12.101206,-0.1775299999999973,-0.2812058258056638
2026-06-13 12:30:00,1.29,1.342552129354264,1.299922,-0.0525521293542639,-0.009921989440917933
2026-06-13 12:30:00,1.13,1.1430194375777931,1.0429612,-0.013019437577793225,0.08703876018524159
2026-06-13 12:30:00,0.08,0.04909838159740424,0.09008441,0.03090161840259576,-0.010084411203861235
2026-06-13 12:30:00,1.58,1.9812750000000003,1.8126155,-0.40127500000000027,-0.23261551380157464
2026-06-13 12:30:00,2.37,2.615955330430808,2.472632,-0.24595533043080797,-0.10263193130493153
2026-06-13 12:30:00,1.35,1.7503582044509198,1.6340395,-0.40035820445091974,-0.2840395212173461
2026-06-13 12:30:00,1.38,1.8156534984964565,1.5841997,-0.4356534984964566,-0.20419966697692882
2026-06-13 12:30:00,2.54,2.572659512210846,2.6632283,-0.03265951221084595,-0.1232282733917236
2026-06-13 12:30:00,1.3,1.3237176210832675,1.5533694,-0.02371762108326747,-0.25336940288543697
2026-06-13 12:30:00,3.3,3.2969802406454307,3.3262014,0.003019759354569107,-0.02620143890380877
2026-06-13 12:30:00,0.42,0.4357683290492252,0.3465555,-0.015768329049225205,0.07344449877738951
2026-06-13 12:30:00,1.85,1.9217526288275286,1.9315808,-0.07175262882752853,-0.08158078193664542
2026-06-13 12:30:00,4.0,3.7739509538260476,3.7206397,0.22604904617395238,0.279360294342041
2026-06-13 12:30:00,0.53,0.5907065768886297,1.0456007,-0.06070657688862968,-0.5156006526947021
2026-06-13 12:30:00,3.47,3.3790640335908364,3.317502,0.0909359664091638,0.15249797821044941
2026-06-13 12:30:00,8.65,8.565752380952386,8.508868,0.08424761904761446,0.14113178253173864
2026-06-13 12:30:00,-3.32,2.5846500000000017,1.8920267,-5.904650000000002,-5.212026662826538
2026-06-13 12:30:00,0.77,0.9589667445583556,1.1187462,-0.1889667445583556,-0.34874616146087645
2026-06-13 12:30:00,1.02,1.0337114225762196,1.0039227,-0.0137114225762196,0.01607729911804201
2026-06-13 12:30:00,6.5,6.5285853040883115,6.3137507,-0.028585304088311503,0.1862492561340332
2026-06-13 12:30:00,1.04,1.1289880673164798,1.133554,-0.08898806731647979,-0.09355398178100582
2026-06-13 12:30:00,4.05,3.853130968179171,4.033277,0.19686903182082904,0.016722965240478338
2026-06-13 12:30:00,-0.06,0.13229373661208768,-0.09349202,-0.19229373661208768,0.033492023646831515
2026-06-13 12:30:00,4.44,4.759364776258623,4.722323,-0.3193647762586229,-0.2823229408264156
2026-06-13 12:30:00,0.24,0.2844614480280968,0.24203178,-0.04446144802809682,-0.002031782865524301
2026-06-13 12:30:00,1.84,1.9983815899553377,1.8793309,-0.15838158995533758,-0.0393308734893798
2026-06-13 12:30:00,2.3,2.5966630729697666,2.552447,-0.2966630729697668,-0.2524470806121828
2026-06-13 12:30:00,3.19,3.1535978181128894,3.1881115,0.03640218188711053,0.001888456344604439
2026-06-13 12:30:00,5.21,5.341215527565796,5.4268107,-0.13121552756579646,-0.21681074142456058
2026-06-13 12:30:00,0.68,0.7425171291715401,0.72240937,-0.06251712917154006,-0.04240936756134028
2026-06-13 12:30:00,3.1,3.2332356979909167,3.1348429,-0.1332356979909166,-0.03484287261962882
2026-06-13 12:30:00,-0.04,0.36886338105726585,0.013155485,-0.40886338105726583,-0.053155484572052956
2026-06-13 15:30:00,0.07,0.047649257113885894,0.09766396,0.022350742886114112,-0.02766396135091781
2026-06-13 15:30:00,1.44,1.9867494642686045,1.7176703,-0.5467494642686046,-0.2776703214645386
2026-06-13 15:30:00,0.99,1.0327854194550072,1.0395955,-0.042785419455007245,-0.04959548473358155
2026-06-13 15:30:00,1.47,1.8397156645105381,1.707132,-0.36971566451053817,-0.23713198184967044
2026-06-13 15:30:00,4.03,3.942152388530139,3.9615772,0.08784761146986142,0.06842282295227076
2026-06-13 15:30:00,1.5,1.34959989188398,1.3917664,0.15040010811602,0.10823357105255127
2026-06-13 15:30:00,3.96,3.8565221909773966,3.6423,0.1034778090226034,0.3177001094818115
2026-06-13 15:30:00,1.29,1.2832848650276254,1.2357285,0.006715134972374637,0.054271497726440465
2026-06-13 15:30:00,4.33,4.5693602311500365,4.5457935,-0.23936023115003646,-0.21579353332519524
2026-06-13 15:30:00,6.53,6.52332236487475,6.2781334,0.006677635125249992,0.2518666076660159
2026-06-13 15:30:00,0.48,0.5736116250519749,0.58381575,-0.09361162505197496,-0.10381575345993044
2026-06-13 15:30:00,-0.05,0.0066289209741772544,0.096695475,-0.05662892097417726,-0.14669547528028487
2026-06-13 15:30:00,3.26,3.1754361236863446,3.3399436,0.08456387631365514,-0.07994364738464377
2026-06-13 15:30:00,3.18,3.1458520580010405,3.299847,0.03414794199895965,-0.11984688758850082
2026-06-13 15:30:00,0.29,0.24232971826029137,0.2004026,0.04767028173970861,0.08959739744663237
2026-06-13 15:30:00,1.8,1.904037379998074,1.9415683,-0.10403737999807405,-0.14156825542449947
2026-06-13 15:30:00,1.26,1.3293120850233167,1.303642,-0.06931208502331665,-0.04364203453063964
2026-06-13 15:30:00,2.36,2.4351118244047223,2.190747,-0.07511182440472242,0.1692529773712157
2026-06-13 15:30:00,1.02,1.06773757881974,1.0155128,-0.047737578819740056,0.004487175941467303
2026-06-13 15:30:00,0.54,0.5245995174085845,0.4981074,0.015400482591415576,0.041892596483230626
2026-06-13 15:30:00,0.4,0.4177230350435866,0.38027093,-0.017723035043586577,0.019729071855545066
2026-06-13 15:30:00,2.0,2.9209258133422056,2.9624636,-0.9209258133422056,-0.9624636173248291
2026-06-13 15:30:00,2.19,2.4342393469616543,2.4444861,-0.2442393469616544,-0.25448614120483404
2026-06-13 15:30:00,8.69,8.564835714285728,8.565906,0.12516428571427163,0.12409442901611278
2026-06-13 15:30:00,-0.03,-0.01711614715220716,-0.030995132,-0.01288385284779284,0.00099513240158558
2026-06-13 15:30:00,0.67,0.6949613393066539,0.6792885,-0.024961339306653896,-0.009288506507873495
2026-06-13 15:30:00,4.98,5.035160098387922,5.1461825,-0.055160098387921686,-0.166182537078857
2026-06-13 15:30:00,3.44,3.2841217236970746,3.417396,0.1558782763029254,0.0226039314270019
2026-06-13 15:30:00,2.62,2.5605784696685028,2.5214758,0.05942153033149733,0.09852420806884776
2026-06-13 15:30:00,-3.34,0.03410000000000004,-1.9701617,-3.3741,-1.3698383235931395
2026-06-13 15:30:00,1.35,1.4245688664922056,1.4960281,-0.07456886649220551,-0.14602806568145743
2026-06-13 15:30:00,1.02,1.0986547143398282,1.0669858,-0.07865471433982818,-0.04698584556579588
2026-06-13 15:30:00,1.35,1.3855046985421948,1.6700728,-0.035504698542194735,-0.3200727939605712
2026-06-13 15:30:00,0.75,0.9430865386374784,1.0667592,-0.19308653863747838,-0.31675922870635986
2026-06-13 15:30:00,11.73,11.986041176470573,12.124625,-0.256041176470573,-0.3946252059936519
2026-06-13 15:30:00,1.13,1.1174545097049697,1.0417881,0.01254549029503016,0.08821189880371083
2026-06-13 15:30:00,0.69,0.6953292295183273,0.6815884,-0.005329229518327372,0.008411588668823189
2026-06-13 15:30:00,2.5,2.6875435167302544,2.8176036,-0.18754351673025438,-0.31760358810424805
2026-06-13 15:30:00,2.05,1.9098798190621897,1.8654186,0.1401201809378101,0.18458144664764387
2026-06-13 18:30:00,-0.01,0.0097952959366625,-0.03283548,-0.019795295936662502,0.02283547982573509
2026-06-13 18:30:00,1.61,1.665894591169618,1.4487603,-0.05589459116961781,0.1612397289276124
2026-06-13 18:30:00,0.46,0.5029368800535801,0.5879626,-0.04293688005358004,-0.12796262741088865
2026-06-13 18:30:00,3.42,3.389260491910923,3.6727579,0.030739508089077106,-0.25275786399841316
2026-06-13 18:30:00,1.94,2.015749290999393,2.0169191,-0.07574929099939309,-0.07691913604736333
2026-06-13 18:30:00,0.38,0.38970635175867147,0.3971519,-0.009706351758671461,-0.017151887416839595
2026-06-13 18:30:00,2.28,2.4358900561418806,2.4209101,-0.15589005614188078,-0.14091012001037617
2026-06-13 18:30:00,1.32,2.3473422210261137,1.7823998,-1.0273422210261136,-0.4623997735977172
2026-06-13 18:30:00,2.46,2.5487445948975322,2.639031,-0.08874459489753228,-0.179030933380127
2026-06-13 18:30:00,2.4,2.308873035295313,2.688606,0.09112696470468684,-0.28860602378845224
2026-06-13 18:30:00,3.92,3.9464000257358096,4.0034895,-0.026400025735809685,-0.08348949432373054
2026-06-13 18:30:00,1.38,1.4531959086439665,1.6797316,-0.07319590864396663,-0.2997316074371339
2026-06-13 18:30:00,4.27,4.2595932104158,4.260907,0.010406789584199494,0.009092826843261292
2026-06-13 18:30:00,0.98,1.1058107433334488,1.155311,-0.12581074333344877,-0.1753109884262085
2026-06-13 18:30:00,1.33,1.3017124718324637,1.3513086,0.028287528167536324,-0.021308584213256765
2026-06-13 18:30:00,1.9,2.373155635559551,2.26256,-0.473155635559551,-0.3625598907470704
2026-06-13 18:30:00,8.63,8.519375000000013,9.21501,0.1106249999999882,-0.5850096893310539
2026-06-13 18:30:00,-0.03,-0.02108303066913539,0.061984625,-0.00891696933086461,-0.09198462471365929
2026-06-13 18:30:00,0.66,0.9839809928420581,0.735336,-0.32398099284205806,-0.07533600568771359
2026-06-13 18:30:00,2.66,2.7102037663920497,2.5627847,-0.0502037663920496,0.09721532821655288
2026-06-13 18:30:00,-3.12,-2.442099999999999,-2.4034488,-0.6779000000000011,-0.7165511798858644
2026-06-13 18:30:00,4.78,4.985109636383821,5.0103264,-0.20510963638382051,-0.23032638549804663
2026-06-13 18:30:00,0.7,0.9312393430923701,0.9078284,-0.23123934309237015,-0.20782839059829716
2026-06-13 18:30:00,0.54,0.6025756168175164,0.5276514,-0.06257561681751633,0.012348570823669469
2026-06-13 18:30:00,3.9,3.8819234403182823,3.8907015,0.01807655968171762,0.00929846763610831
2026-06-13 18:30:00,11.73,12.10974950980392,12.9499,-0.3797495098039203,-1.2198996734619136
2026-06-13 18:30:00,0.7,1.5565441361316912,1.6120502,-0.8565441361316912,-0.9120501756668091
2026-06-13 18:30:00,0.26,0.2716060679532236,0.30558687,-0.011606067953223609,-0.04558687448501586
2026-06-13 18:30:00,3.16,3.2268224742473444,3.2607048,-0.06682247424734422,-0.10070475578308091
2026-06-13 18:30:00,1.46,1.5326656175489421,1.66911,-0.07266561754894219,-0.20910994052886966
2026-06-13 18:30:00,1.02,1.1030419018743411,1.0260853,-0.08304190187434113,-0.006085257530212385
2026-06-13 18:30:00,1.05,1.1174642955012317,1.0742843,-0.06746429550123167,-0.024284315109252885
2026-06-13 18:30:00,1.28,1.2739874978494046,1.2470382,0.006012502150595456,0.03296175479888919
2026-06-13 18:30:00,0.96,1.005808223073696,0.9671134,-0.04580822307369603,-0.00711337566375736
2026-06-13 18:30:00,0.69,0.9177410209232094,0.71734774,-0.22774102092320947,-0.027347741127014213
2026-06-13 18:30:00,6.56,6.628267814020476,6.923717,-0.06826781402047644,-0.36371702194213906
2026-06-13 18:30:00,1.93,1.8711483666647168,1.864245,0.05885163333528309,0.06575494289398187
2026-06-13 18:30:00,3.2,3.2351368548003996,3.29747,-0.03513685480039941,-0.09747009277343732
2026-06-13 18:30:00,0.07,0.05835429784684575,0.12144493,0.011645702153154254,-0.051444933116436
2026-06-13 21:30:00,0.24,0.3266889189698761,0.28084514,-0.08668891896987613,-0.04084513545036317
2026-06-13 21:30:00,1.28,1.257579295466738,1.2165397,0.02242070453326206,0.06346025943756106
2026-06-13 21:30:00,0.66,0.6477053146895474,0.70938194,0.012294685310452635,-0.049381937980651824
2026-06-13 21:30:00,1.32,1.3041359207962515,1.3136712,0.01586407920374855,0.006328768730163636
2026-06-13 21:30:00,11.7,11.830462843137248,12.160863,-0.13046284313724854,-0.46086292266845774
2026-06-13 21:30:00,0.07,0.0774417814954435,0.06813585,-0.0074417814954435,0.0018641498684883184
2026-06-13 21:30:00,0.04,0.010431845930791342,-0.014227494,0.02956815406920866,0.054227493666112424
2026-06-13 21:30:00,3.12,3.206208181397065,3.1706398,-0.08620818139706499,-0.0506397533416747
2026-06-13 21:30:00,0.98,1.0113882060999762,0.99515283,-0.03138820609997617,-0.015152831077575701
2026-06-13 21:30:00,2.58,2.83286347821725,2.8722196,-0.25286347821724986,-0.2922195625305175
2026-06-13 21:30:00,1.26,1.4069585808912723,1.2939578,-0.14695858089127234,-0.03395782947540282
2026-06-13 21:30:00,8.6,8.49475000000001,8.649524,0.10524999999998919,-0.049523735046387074
2026-06-13 21:30:00,0.66,0.7910537542553832,0.7641486,-0.13105375425538313,-0.10414859294891354
2026-06-13 21:30:00,2.71,2.648150122198797,2.4796643,0.06184987780120288,0.23033567428588864
2026-06-13 21:30:00,3.87,3.812734381026671,3.8139133,0.05726561897332916,0.056086654663086044
2026-06-13 21:30:00,4.51,4.590884023355793,4.5044203,-0.08088402335579303,0.005579719543456818
2026-06-13 21:30:00,1.81,1.9861025264183505,1.8624119,-0.17610252641835045,-0.0524118566513061
2026-06-13 21:30:00,-0.05,-0.011761003669911755,0.011063088,-0.038238996330088246,-0.06106308773159981
2026-06-13 21:30:00,0.95,0.974644843540363,0.9482651,-0.024644843540363004,0.0017349243164062056
2026-06-13 21:30:00,1.4,1.554462527488753,1.4582269,-0.154462527488753,-0.058226919174194425
2026-06-13 21:30:00,3.25,3.227197321843517,3.151628,0.02280267815648296,0.09837198257446289
2026-06-13 21:30:00,3.73,3.865616875415156,3.798172,-0.1356168754151561,-0.06817199707031252
2026-06-13 21:30:00,4.2,4.124529971500985,4.0560856,0.07547002849901485,0.14391441345214862
2026-06-13 21:30:00,0.54,0.5366435511103521,0.5108223,0.0033564488896479228,0.02917770385742191
2026-06-13 21:30:00,0.69,0.7105383931951518,0.6969765,-0.020538393195151827,-0.006976482868194633
2026-06-13 21:30:00,0.97,1.045822207265836,1.0560513,-0.0758222072658361,-0.08605125427246096
2026-06-13 21:30:00,1.38,1.4429899167465035,1.7250993,-0.06298991674650356,-0.3450993251800538
2026-06-13 21:30:00,2.29,2.514564396399208,2.510336,-0.2245643963992081,-0.2203359222412109
2026-06-13 21:30:00,2.6,1.868523756991872,2.0606291,0.7314762430081281,0.53937087059021
2026-06-13 21:30:00,1.05,1.0134444170644086,1.0091479,0.03655558293559147,0.04085211753845219
2026-06-13 21:30:00,2.16,2.1983638286081795,2.3055475,-0.03836382860817933,-0.1455474758148192
2026-06-13 21:30:00,0.45,0.4723506079616891,0.44447902,-0.022350607961689084,0.005520981550216686
2026-06-13 21:30:00,6.55,6.599103806253732,6.634724,-0.049103806253731896,-0.0847241401672365
2026-06-13 21:30:00,3.35,3.334753611452405,3.4594913,0.015246388547595302,-0.10949125289916983
2026-06-13 21:30:00,1.94,1.9634774491688225,1.9655863,-0.02347744916882255,-0.02558630466461187
2026-06-13 21:30:00,0.38,0.38057983893477326,0.36906442,-0.000579838934773258,0.010935579538345341
2026-06-14 00:30:00,11.62,11.980116666666664,12.130925,-0.36011666666666464,-0.5109251785278328
2026-06-14 00:30:00,0.6,0.7718309514834689,0.753797,-0.17183095148346894,-0.15379699468612673
2026-06-14 00:30:00,2.7,2.718540740846542,2.4586072,-0.01854074084654167,0.24139280319213885
2026-06-14 00:30:00,0.94,0.9502694209319686,0.93356913,-0.010269420931968698,0.006430866718292183
2026-06-14 00:30:00,1.32,1.6162738397121847,1.5286342,-0.2962738397121847,-0.20863419055938714
2026-06-14 00:30:00,0.43,0.4563658262710038,0.44223154,-0.02636582627100381,-0.012231535911560065
2026-06-14 00:30:00,0.21,0.24639901620968804,0.24300085,-0.03639901620968805,-0.033000850081443794
2026-06-14 00:30:00,3.06,3.165857637395842,3.05441,-0.10585763739584175,0.005590019226074272
2026-06-14 00:30:00,1.38,1.4034770556736094,1.6179546,-0.02347705567360947,-0.23795461177825938
2026-06-14 00:30:00,4.24,4.405395418573045,4.505162,-0.16539541857304485,-0.2651617622375486
2026-06-14 00:30:00,1.19,1.2332754475158214,1.2567034,-0.043275447515821464,-0.06670337677001958
2026-06-14 00:30:00,0.54,0.5363278365153892,0.51385075,0.0036721634846108575,0.026149251461029088
2026-06-14 00:30:00,3.84,3.6708094231602697,3.7022555,0.16919057683973016,0.13774451255798326
2026-06-14 00:30:00,1.75,1.879188389923179,1.7820185,-0.12918838992317894,-0.03201854228973389
2026-06-14 00:30:00,2.1,2.095392379410028,2.137367,0.004607620589971884,-0.03736701011657706
2026-06-14 00:30:00,-0.06,0.007630684231969649,-0.032910723,-0.06763068423196965,-0.027089276760816572
2026-06-14 00:30:00,3.21,3.2366561278661754,3.1513069,-0.02665612786617544,0.05869313240051266
2026-06-14 00:30:00,4.15,4.065151172520783,3.999709,0.08484882747921763,0.15029110908508336
2026-06-14 00:30:00,6.54,6.574559179099841,6.594136,-0.03455917909984141,-0.054136238098144496
2026-06-14 00:30:00,0.68,0.7042759329012774,0.6857525,-0.024275932901277386,-0.005752511024475049
2026-06-14 00:30:00,1.05,1.0524552697263239,1.0404555,-0.0024552697263238166,0.009544539451599166
2026-06-14 00:30:00,8.55,8.544485714285717,8.464736,0.0055142857142840285,0.08526401519775462
2026-06-14 00:30:00,0.98,1.0237504032842244,0.99056923,-0.043750403284224415,-0.010569233894348162
2026-06-14 00:30:00,0.95,0.9422512388385386,0.9676414,0.007748761161461393,-0.017641413211822554
2026-06-14 00:30:00,2.5,2.65798105160489,2.3364267,-0.15798105160489007,0.1635732650756836
2026-06-14 00:30:00,1.87,1.9671133115397799,1.9649044,-0.09711331153977976,-0.09490442752838124
2026-06-14 00:30:00,2.38,2.5492628251242393,2.5565584,-0.1692628251242394,-0.17655837059021007
2026-06-14 00:30:00,0.65,0.7662825405476739,0.74640036,-0.11628254054767384,-0.09640035629272459
2026-06-14 00:30:00,3.25,3.2848251616889756,3.4436615,-0.03482516168897565,-0.19366145133972168
2026-06-14 00:30:00,0.38,0.3792422719874937,0.35658845,0.0007577280125062869,0.023411546945571904
2026-06-14 00:30:00,3.55,3.515700847403007,3.5835397,0.03429915259699268,-0.033539724349975764
2026-06-14 00:30:00,0.05,0.0020173280222530485,0.003831027,0.04798267197774696,0.046168972924351695
2026-06-14 00:30:00,1.28,1.0441983289137564,1.1944675,0.2358016710862436,0.08553245544433596
2026-06-14 00:30:00,0.07,0.0761980278879399,0.07116432,-0.006198027887939897,-0.0011643174290656977
2026-06-14 03:30:00,1.01,1.0530195383215553,1.0254756,-0.04301953832155525,-0.015475621223449698
2026-06-14 03:30:00,0.65,0.6670993220574941,0.739447,-0.017099322057494093,-0.08944699764251707
2026-06-14 03:30:00,2.66,2.68497270441526,2.44738,-0.024972704415259894,0.2126199340820314
2026-06-14 03:30:00,0.92,0.9364003023845308,0.89759415,-0.01640030238453072,0.022405846118927042
2026-06-14 03:30:00,3.15,3.46483051415724,3.3836756,-0.31483051415724006,-0.23367557525634775
2026-06-14 03:30:00,0.21,0.23202431478423047,0.25042337,-0.022024314784230475,-0.04042337179183961
2026-06-14 03:30:00,0.05,0.09932447320287746,0.022597332,-0.04932447320287746,0.027402668446302417
2026-06-14 03:30:00,1.87,1.8703715914909373,1.8683769,-0.00037159149093723975,0.001623148918151962
2026-06-14 03:30:00,-0.09,-0.001912003027208035,-0.051869307,-0.08808799697279196,-0.03813069328665733
2026-06-14 03:30:00,4.05,4.032014620545557,3.997717,0.01798537945444245,0.052283096313476385
2026-06-14 03:30:00,2.14,2.5794344472119097,2.39164,-0.4394344472119096,-0.2516399478912352
2026-06-14 03:30:00,3.96,4.049913985758134,3.9026496,-0.08991398575813392,0.05735035896301266
2026-06-14 03:30:00,0.54,0.5371498268102332,0.5103187,0.0028501731897668803,0.029681303501129186
2026-06-14 03:30:00,3.75,3.612535593440386,3.6941037,0.137464406559614,0.05589628219604492
2026-06-14 03:30:00,8.52,8.453802380952382,8.405836,0.06619761904761745,0.11416389465331989
2026-06-14 03:30:00,6.47,6.572292512433173,6.5350213,-0.1022925124331735,-0.06502130508422876
2026-06-14 03:30:00,1.25,1.2567914380511929,1.2160364,-0.006791438051192866,0.033963561058044434
2026-06-14 03:30:00,0.07,0.0717239769796978,0.06776475,-0.0017239769796977972,0.0022352483868599005
2026-06-14 03:30:00,1.32,1.315236184001716,1.2882255,0.004763815998284127,0.0317744684219361
2026-06-14 03:30:00,2.16,2.2452864068342224,2.3113241,-0.08528640683422228,-0.15132411956787095
2026-06-14 03:30:00,0.42,0.43702701538575317,0.41645092,-0.017027015385753186,0.0035490822792053067
2026-06-14 03:30:00,3.22,3.2324202307211776,3.2675848,-0.012420230721177372,-0.04758480072021465
2026-06-14 03:30:00,0.38,0.3784151436319187,0.36856094,0.001584856368081311,0.011439059972763066
2026-06-14 03:30:00,0.99,0.930343837753197,0.949422,0.059656162246803035,0.04057799816131591
2026-06-14 03:30:00,1.9,2.36067964167767,2.367304,-0.46067964167766995,-0.46730408668518075
2026-06-14 03:30:00,0.97,1.071375379480734,1.0074848,-0.10137537948073394,-0.03748479366302493
2026-06-14 03:30:00,0.68,0.7071630327993874,0.6964729,-0.027163032799387365,-0.016472883224487256
2026-06-14 03:30:00,11.49,11.948349999999996,12.121002,-0.4583499999999958,-0.6310021972656248
2026-06-14 03:30:00,1.28,1.3260026457665628,1.3034245,-0.046002645766562766,-0.023424477577209446
2026-06-14 03:30:00,3.17,3.2135533220433525,3.0917785,-0.043553322043352605,0.07822148323059075
2026-06-14 03:30:00,1.7,1.908525945930335,1.7222995,-0.20852594593033502,-0.022299456596374556
2026-06-14 03:30:00,2.03,2.0612625060238616,2.0528855,-0.031262506023861825,-0.022885532379150586
2026-06-14 03:30:00,1.09,1.2160188203369975,1.2118385,-0.1260188203369974,-0.12183848381042472
2026-06-14 03:30:00,0.53,0.722557850941717,0.73608613,-0.19255785094171696,-0.2060861301422119
2026-06-14 03:30:00,2.96,3.096339930598524,2.990391,-0.136339930598524,-0.030391016006469762
2026-06-14 03:30:00,1.39,1.4007453740160958,1.4068604,-0.010745374016095877,-0.016860351562500098
2026-06-14 06:30:00,11.21,11.746260000000001,11.598656,-0.5362600000000004,-0.3886557006835929
2026-06-14 06:30:00,0.76,0.9674427211814318,0.94830847,-0.2074427211814318,-0.18830846786499023
2026-06-14 06:30:00,2.63,2.640409725600244,2.4165049,-0.010409725600244002,0.2134951400756835
2026-06-14 06:30:00,6.3,6.599763327559225,6.5272875,-0.2997633275592255,-0.2272874832153322
2026-06-14 06:30:00,2.05,2.168387202272511,2.1909456,-0.11838720227251098,-0.14094562530517596
2026-06-14 06:30:00,0.94,1.029955417797078,0.99018824,-0.08995541779707805,-0.0501882410049439
2026-06-14 06:30:00,1.56,1.5174950853810012,1.4068604,0.04250491461899886,0.15313964843750005
2026-06-14 06:30:00,2.75,2.9100690932854643,2.8432958,-0.16006909328546426,-0.09329581260681152
2026-06-14 06:30:00,2.7,2.0781424945355416,2.0506089,0.6218575054644586,0.6493911266326906
2026-06-14 06:30:00,0.4,0.3774272253962145,0.36517152,0.02257277460378554,0.03482847809791567
2026-06-14 06:30:00,3.34,3.849483676981699,3.7607129,-0.509483676981699,-0.42071286201477065
2026-06-14 06:30:00,3.12,3.2283804512034475,3.25304,-0.10838045120344741,-0.13304007530212392
2026-06-14 06:30:00,1.85,2.0075885141152208,1.9537411,-0.15758851411522068,-0.10374107360839835
2026-06-14 06:30:00,-0.11,0.013614147766442757,-0.06147069,-0.12361414776644275,-0.04852930888533592
2026-06-14 06:30:00,0.08,0.0656652900868805,0.06437533,0.014334709913119498,0.015624666512012483
2026-06-14 06:30:00,1.25,1.2504553107248282,1.2163311,-0.000455310724828184,0.0336688756942749
2026-06-14 06:30:00,1.15,1.3093695225586086,1.284836,-0.1593695225586087,-0.1348360538482667
2026-06-14 06:30:00,3.8,3.9779995405999107,3.9288006,-0.17799954059991085,-0.12880058288574237
2026-06-14 06:30:00,8.33,8.40683571428572,8.318975,-0.07683571428571945,0.011024551391601634
2026-06-14 06:30:00,0.55,0.5369224458578522,0.5069293,0.01307755414214784,0.04307072162628178
2026-06-14 06:30:00,0.94,1.0135155213970517,1.0068672,-0.07351552139705175,-0.06686717033386236
2026-06-14 06:30:00,1.67,1.715299328168253,1.6730239,-0.045299328168252995,-0.0030239391326905007
2026-06-14 06:30:00,0.05,0.08242285035375703,0.023279287,-0.03242285035375703,0.02672071307897568
2026-06-14 06:30:00,0.43,0.41193429997654607,0.3985191,0.018065700023453923,0.031480901241302484
2026-06-14 06:30:00,3.5,3.54720888299468,3.5348358,-0.04720888299467996,-0.0348358154296875
2026-06-14 06:30:00,1.13,1.2942187523450708,1.3194271,-0.16421875234507088,-0.18942713260650645
2026-06-14 06:30:00,1.69,1.8837947297018176,1.8757892,-0.19379472970181766,-0.18578916549682623
2026-06-14 06:30:00,0.45,0.6223520512384219,0.68192786,-0.17235205123842184,-0.2319278597831726
2026-06-14 06:30:00,2.04,2.2924430371617754,2.2879608,-0.2524430371617754,-0.24796076774597164
2026-06-14 06:30:00,2.78,3.16206813859448,3.1842082,-0.3820681385944802,-0.4042081546783449
2026-06-14 06:30:00,1.08,1.1087928215312721,1.0774212,-0.02879282153127205,0.0025788116455078836
2026-06-14 06:30:00,0.85,0.9495865790803755,0.8991068,-0.09958657908037549,-0.049106800556182884
2026-06-14 06:30:00,0.17,0.20438291149896046,0.24703394,-0.034382911498960445,-0.0770339387655258
2026-06-14 06:30:00,0.64,0.7086863753378964,0.7360576,-0.06868637533789634,-0.09605757951736449
2026-06-14 06:30:00,0.6,0.717251676600118,0.69308347,-0.11725167660011804,-0.09308346509933474
2026-06-14 06:30:00,3.06,3.219281729932263,3.1627567,-0.15928172993226308,-0.10275668144226069
2026-06-14 12:30:00,-0.1,-0.05318158971704619,-0.058453597,-0.04681841028295382,-0.04154640287160874
2026-06-14 12:30:00,3.76,3.5983732778792956,3.712282,0.16162672212070417,0.047718057632446076
2026-06-14 12:30:00,0.81,0.9519930417073398,1.0012699,-0.14199304170733973,-0.19126993656158442
2026-06-14 12:30:00,1.64,1.7779242906720238,1.6546184,-0.13792429067202394,-0.014618382453918555
2026-06-14 12:30:00,1.76,2.1647144533669587,2.167655,-0.40471445336695866,-0.40765499114990233
2026-06-14 12:30:00,1.1,2.7086040271125937,2.560804,-1.6086040271125936,-1.4608038902282714
2026-06-14 12:30:00,0.77,1.0547458262469498,1.0109942,-0.2847458262469498,-0.24099419593811033
2026-06-14 12:30:00,1.86,2.657271112693349,2.5468278,-0.7972711126933489,-0.6868277931213378
2026-06-14 12:30:00,2.66,3.2730362569391627,3.2582974,-0.6130362569391625,-0.5982974433898924
2026-06-14 12:30:00,0.24,0.1729907547694766,0.20202114,0.0670092452305234,0.03797886312007903
2026-06-14 12:30:00,0.68,0.8543473666623901,0.8750968,-0.17434736666239004,-0.19509679794311519
2026-06-14 12:30:00,1.87,2.650411769418328,2.9141011,-0.7804117694183277,-1.0441011238098143
2026-06-14 12:30:00,10.56,11.189867905982902,11.270125,-0.629867905982902,-0.7101253890991206
2026-06-14 12:30:00,1.05,1.1878403779507398,1.1833149,-0.13784037795073978,-0.13331491947174068
2026-06-14 12:30:00,0.27,1.1582159077851868,1.0088784,-0.8882159077851868,-0.7388783502578735
2026-06-14 12:30:00,0.51,0.5612708963187812,0.5224169,-0.051270896318781234,-0.012416889667510977
2026-06-14 12:30:00,1.31,1.273924346653883,1.224289,0.036075653346117065,0.08571105957031255
2026-06-14 12:30:00,3.11,6.087828865518462,6.2129226,-2.9778288655184624,-3.1029225730895997
2026-06-14 12:30:00,1.19,1.2519831861623263,1.2461927,-0.06198318616232634,-0.0561926937103272
2026-06-14 12:30:00,0.08,0.06976651831836769,0.07361711,0.010233481681632309,0.006382891833782198
2026-06-14 12:30:00,2.32,3.1024452073310558,3.1008828,-0.7824452073310559,-0.7808827686309816
2026-06-14 12:30:00,0.37,0.382700057904972,0.38881734,-0.012700057904972029,-0.018817340135574345
2026-06-14 12:30:00,0.53,0.6897110374556589,0.6933746,-0.15971103745565884,-0.1633745741844177
2026-06-14 12:30:00,1.74,3.080709493642437,2.8831892,-1.3407094936424369,-1.1431892013549805
2026-06-14 12:30:00,-3.26,-2.5991999999999997,-3.0202367,-0.6608,-0.23976326942443826
2026-06-14 12:30:00,1.17,1.9497338725963385,1.9726428,-0.7797338725963385,-0.8026427793502808
2026-06-14 12:30:00,-0.09,0.0972905891470797,0.0325211,-0.1872905891470797,-0.12252109885215759
2026-06-14 12:30:00,2.0,2.028092916399403,2.0956142,-0.028092916399403034,-0.09561419486999512
2026-06-14 12:30:00,0.46,0.9507453780548909,0.98469603,-0.4907453780548909,-0.5246960306167603
2026-06-14 12:30:00,0.65,0.4123997766239293,0.45674986,0.23760022337607073,0.19325014352798464
2026-06-14 12:30:00,1.32,1.510169593164435,1.5638101,-0.19016959316443494,-0.24381011009216302
2026-06-14 12:30:00,0.99,2.6286262530399456,2.5125725,-1.6386262530399456,-1.5225725269317627
2026-06-14 12:30:00,1.33,1.7976627169774377,1.644851,-0.46766271697743766,-0.3148509693145751
2026-06-14 12:30:00,0.36,0.4191288569851739,0.392185,-0.059128856985173894,-0.032185002565383924
2026-06-14 12:30:00,1.46,1.6703483066096754,1.7145392,-0.2103483066096754,-0.2545391702651978
2026-06-14 12:30:00,0.61,0.6889647037174335,0.7550873,-0.07896470371743347,-0.14508731603622438
2026-06-14 12:30:00,6.12,8.181860000000006,8.0995245,-2.0618600000000056,-1.9795244979858397
2026-06-14 12:30:00,0.74,0.8255627217126102,0.864843,-0.08556272171261026,-0.1248430109024048
2026-06-14 12:30:00,2.04,3.330828457967596,3.2255921,-1.2908284579675962,-1.1855921363830566
2026-06-18 09:30:00,0.57,0.6505062021825876,0.63807267,-0.08050620218258764,-0.06807266950607305
2026-06-18 09:30:00,1.86,1.8181082217954574,1.7007846,0.04189177820454271,0.15921543598175059
2026-06-18 09:30:00,5.46,3.8751189356979374,3.5191946,1.5848810643020625,1.9408053970336914
2026-06-18 09:30:00,0.53,0.6781136756772003,0.7431111,-0.14811367567720024,-0.21311107397079465
2026-06-18 09:30:00,-0.12,-0.06097352201259833,-0.043974712,-0.05902647798740167,-0.07602528750896453
2026-06-18 09:30:00,0.24,0.24192814646164573,0.22715624,-0.001928146461645741,0.012843763232231131
2026-06-18 09:30:00,3.13,2.75836425222718,2.3911028,0.37163574777282005,0.7388972091674804
2026-06-18 09:30:00,1.93,1.0867513436060616,1.0643,0.8432486563939383,0.8657000589370727
2026-06-18 09:30:00,2.55,1.9828446433516205,2.0153701,0.5671553566483793,0.5346298694610594
2026-06-18 09:30:00,2.48,2.6986268270753833,2.7171128,-0.21862682707538328,-0.2371127796173096
2026-06-18 09:30:00,1.88,1.0170274351317552,0.9892383,0.8629725648682447,0.8907616782188414
2026-06-18 09:30:00,0.95,0.8688817240239233,0.936242,0.08111827597607668,0.01375801563262935
2026-06-18 09:30:00,1.94,1.1203171934890355,1.4409766,0.8196828065109645,0.49902338027954096
2026-06-18 09:30:00,0.34,0.3633825743358478,0.36865765,-0.023382574335847783,-0.028657648563384985
2026-06-18 09:30:00,0.65,0.7059754008000309,0.750925,-0.05597540080003083,-0.10092500448226926
2026-06-18 09:30:00,2.09,2.0689036810407493,2.0215962,0.02109631895925057,0.06840380668640123
2026-06-18 09:30:00,0.38,0.36857117682551965,0.3796114,0.011428823174480351,0.00038859724998474565
2026-06-18 09:30:00,2.1,1.5966797936063228,1.6596042,0.5033202063936772,0.44039580821990976
2026-06-18 09:30:00,3.58,2.0288503536742586,2.4231033,1.5511496463257415,1.1568966674804688
2026-06-18 09:30:00,2.96,1.9073544958607536,1.9472735,1.0526455041392464,1.0127265071868896
2026-06-18 09:30:00,3.95,3.4962342184707995,3.749523,0.45376578152920066,0.2004770755767824
2026-06-18 09:30:00,1.28,1.382096694217452,1.3002887,-0.10209669421745193,-0.020288677215576145
2026-06-18 09:30:00,0.45,0.8668964083970241,0.7607669,-0.4168964083970241,-0.3107669234275818
2026-06-18 09:30:00,2.36,1.8367735214422365,1.8580399,0.5232264785577634,0.5019601440429686
2026-06-18 09:30:00,-3.14,-2.6698499999999994,-3.0186179,-0.47015000000000073,-0.12138213157653821
2026-06-18 09:30:00,1.17,1.1919991190042958,1.2216611,-0.021999119004295853,-0.05166109085083015
2026-06-18 09:30:00,7.58,6.469275000000001,6.4421515,1.1107249999999986,1.1378484535217286
2026-06-18 09:30:00,1.4,1.377842383812048,1.3991895,0.02215761618795198,0.0008105278015135831
2026-06-18 09:30:00,0.8,1.2043443250438128,0.9772848,-0.4043443250438128,-0.17728478908538814
2026-06-18 09:30:00,0.6,0.6294873480420853,0.6919954,-0.029487348042085304,-0.09199538230895998
2026-06-18 09:30:00,0.89,0.6616740793401295,0.53651774,0.22832592065987056,0.35348226070404054
2026-06-18 09:30:00,0.07,0.05114299599510273,0.28609988,0.018857004004897274,-0.2160998809337616
2026-06-18 09:30:00,3.14,2.6440985697367716,3.1576684,0.4959014302632285,-0.01766835212707507
2026-06-18 09:30:00,0.5,0.5669743636824174,0.5112984,-0.06697436368241738,-0.011298418045043945
2026-06-18 09:30:00,1.48,1.6515336533158618,1.4862466,-0.1715336533158618,-0.006246585845947283
2026-06-18 09:30:00,1.57,1.4872389196163422,1.5726761,0.08276108038365781,-0.0026760625839232777
2026-06-18 09:30:00,-0.14,0.09885628821527315,-0.014146842,-0.23885628821527316,-0.12585315793752672
2026-06-18 09:30:00,0.13,1.3343150529840173,1.3482919,-1.2043150529840174,-1.2182918739318849
2026-06-18 09:30:00,12.01,10.88001787878787,10.894178,1.1299821212121302,1.11582160949707
2026-06-22 21:30:00,7.78,7.065204166666666,7.6755724,0.7147958333333344,0.10442760467529322
2026-06-22 21:30:00,0.6,0.620523040524165,0.67134887,-0.02052304052416498,-0.07134886980056765
2026-06-22 21:30:00,3.78,3.613604035249301,3.5630808,0.16639596475069895,0.2169192123413084
2026-06-22 21:30:00,1.4,1.585648189222195,1.4721816,-0.18564818922219506,-0.07218155860900888
2026-06-22 21:30:00,3.9,3.548331163359164,3.6171627,0.3516688366408358,0.2828372955322265
2026-06-22 21:30:00,0.37,0.3772962211966098,0.36906442,-0.007296221196609831,0.0009355795383453325
2026-06-22 21:30:00,2.92,2.5446629536022893,2.522731,0.3753370463977106,0.39726893424987786
2026-06-22 21:30:00,0.9,0.8337886116718469,0.81546277,0.0662113883281531,0.08453723192214968
2026-06-22 21:30:00,1.17,1.1634170286965204,1.2435614,0.006582971303479512,-0.07356138706207282
2026-06-22 21:30:00,3.5,2.702167977762808,3.3140626,0.7978320222371922,0.18593740463256836
2026-06-22 21:30:00,0.54,0.6263822377119357,0.5958622,-0.08638223771193565,-0.05586220979690548
2026-06-22 21:30:00,0.27,0.340229898409708,0.4241575,-0.070229898409708,-0.1541575002670288
2026-06-22 21:30:00,-0.12,-0.10005112301587314,-0.11866278,-0.019948876984126854,-0.0013372179865837053
2026-06-22 21:30:00,2.22,2.297528645850626,1.8700972,-0.07752864585062591,0.3499028396606447
2026-06-22 21:30:00,1.12,0.9393166168774166,0.8372384,0.18068338312258347,0.2827616286277772
2026-06-22 21:30:00,3.99,3.971444906796392,4.0426993,0.018555093203608042,-0.05269933700561502
2026-06-22 21:30:00,1.28,1.2822541310930111,1.33807,-0.0022541310930110914,-0.0580700349807739
2026-06-22 21:30:00,2.03,2.0798641854028177,2.208398,-0.049864185402817895,-0.17839810371398945
2026-06-22 21:30:00,1.8,2.0389508174248228,2.032172,-0.23895081742482271,-0.2321719646453857
2026-06-22 21:30:00,1.62,1.7780471478235638,1.7732394,-0.15804714782356366,-0.1532393741607665
2026-06-22 21:30:00,0.55,0.8208731121313744,0.8315241,-0.2708731121313743,-0.28152407407760616
2026-06-22 21:30:00,5.52,5.593717441915738,5.82728,-0.07371744191573804,-0.3072800445556645
2026-06-22 21:30:00,2.12,2.3287741694010444,2.2185867,-0.20877416940104432,-0.09858668327331532
2026-06-22 21:30:00,0.5,0.49084522937530667,0.5007515,0.009154770624693331,-0.000751495361328125
2026-06-22 21:30:00,1.91,1.9768931897757611,1.9320027,-0.0668931897757612,-0.022002663612365803
2026-06-22 21:30:00,0.07,0.06287420277040513,0.10095949,0.007125797229594874,-0.030959487259387963
2026-06-22 21:30:00,3.16,2.8047012737253225,2.6631317,0.3552987262746776,0.49686828613281264
2026-06-22 21:30:00,0.34,0.33823008303296914,0.37019667,0.0017699169670308823,-0.03019667029380796
2026-06-22 21:30:00,2.47,1.7921817750908522,2.0749915,0.677818224909148,0.39500853538513203
2026-06-22 21:30:00,2.67,2.834853198543024,3.0589316,-0.16485319854302416,-0.388931589126587
2026-06-22 21:30:00,0.98,1.0996421595147308,1.0077357,-0.11964215951473078,-0.027735729217529315
2026-06-22 21:30:00,2.36,1.938544201631702,2.0465622,0.42145579836829783,0.3134378051757811
2026-06-22 21:30:00,-0.13,0.01320830041179448,-0.03326793,-0.1432083004117945,-0.09673206984996796
2026-06-22 21:30:00,0.65,0.7816001007783626,0.7708279,-0.1316001007783626,-0.12082788944244383
2026-06-22 21:30:00,13.02,11.710226152597409,11.755473,1.3097738474025906,1.264526863098144
2026-06-22 21:30:00,3.88,3.9025230929703967,3.6973627,-0.022523092970396785,0.18263733863830556
2026-06-23 00:30:00,1.74,2.4322350012419247,2.5873256,-0.6922350012419247,-0.8473255729675293
2026-06-23 00:30:00,4.0,2.981463368055558,3.6863704,1.0185366319444422,0.3136296272277832
2026-06-23 00:30:00,0.86,1.0188662341649044,1.1777775,-0.15886623416490442,-0.3177775287628174
2026-06-23 00:30:00,2.29,2.2021653860495642,2.2604802,0.08783461395043579,0.029519834518432653
2026-06-23 00:30:00,1.42,2.2897420775975856,2.4367483,-0.8697420775975857,-1.0167482662200928
2026-06-23 00:30:00,2.4,1.9251594185318384,1.9390149,0.47484058146816155,0.4609850883483886
2026-06-23 00:30:00,0.64,0.9410727242946266,0.7817524,-0.3010727242946266,-0.14175240755081175
2026-06-23 00:30:00,7.97,7.65864444444445,8.287544,0.31135555555554983,-0.3175442504882815
2026-06-23 00:30:00,2.81,2.598624833463955,2.5172496,0.21137516653604527,0.292750415802002
2026-06-23 00:30:00,0.22,0.3949535124088836,0.3834136,-0.1749535124088836,-0.1634136128425598
2026-06-23 00:30:00,1.46,1.6687260104030486,1.5160944,-0.2087260104030486,-0.05609444618225101
2026-06-23 00:30:00,1.0,0.9459598648799077,0.8442178,0.054040135120092314,0.15578222274780273
2026-06-23 00:30:00,0.63,0.6182979179653353,0.6588729,0.011702082034664718,-0.02887290239334106
2026-06-23 00:30:00,1.18,1.2266887054257707,1.1870561,-0.04668870542577075,-0.007056064605712953
2026-06-23 00:30:00,-0.05,1.320365429247264,-0.023710547,-1.370365429247264,-0.026289452984929088
2026-06-23 00:30:00,13.2,13.103050000000005,12.806138,0.09694999999999432,0.3938619613647454
2026-06-23 00:30:00,0.07,0.08081622233238436,0.049513716,-0.010816222332384356,0.02048628374934197
2026-06-23 00:30:00,4.97,3.8880940095505894,3.7705657,1.0819059904494104,1.199434251785278
2026-06-23 00:30:00,0.5,0.4929662087175599,0.50444627,0.007033791282440083,-0.004446268081665039
2026-06-23 00:30:00,1.9,2.9726456890005157,3.0096397,-1.0726456890005158,-1.1096397399902345
2026-06-23 00:30:00,0.59,0.9224253079035986,0.99480164,-0.3324253079035986,-0.4048016405105591
2026-06-23 00:30:00,3.88,4.081323991713474,3.8524613,-0.20132399171347437,0.027538661956787003
2026-06-23 00:30:00,5.84,5.392251981658797,5.5106173,0.44774801834120304,0.3293827438354491
2026-06-23 00:30:00,2.6,3.1806690167925034,3.3277783,-0.5806690167925033,-0.7277783393859862
2026-06-23 00:30:00,1.5,1.6847288337042854,1.70648,-0.1847288337042854,-0.2064800262451172
2026-06-23 00:30:00,3.63,3.019680578454177,2.9562051,0.6103194215458227,0.6737948703765868
2026-06-23 00:30:00,0.93,1.0332172482297064,1.1006135,-0.10321724822970635,-0.17061347484588618
2026-06-23 00:30:00,0.33,0.3327816626455406,0.34847465,-0.0027816626455405835,-0.018474651575088485
2026-06-23 00:30:00,2.2,2.2161900143904125,2.3850613,-0.016190014390412344,-0.18506126403808576
2026-06-23 00:30:00,0.37,0.3716676433750651,0.35658845,-0.0016676433750650865,0.013411546945571895
2026-06-23 00:30:00,4.05,3.990954814769755,3.9970727,0.05904518523024471,0.05292730331420881
2026-06-23 00:30:00,1.28,1.3364414799666682,1.6635733,-0.05644147996666815,-0.38357326507568357
2026-06-23 00:30:00,-0.12,0.5203018608058607,-0.018518401,-0.6403018608058607,-0.10148159869015216
2026-06-23 00:30:00,0.57,0.5533659777899803,0.5388909,0.01663402221001964,0.0311091017723083
2026-06-23 00:30:00,1.85,1.91797243696662,1.88892,-0.06797243696661992,-0.03891994953155509
2026-06-23 00:30:00,4.03,3.9423987810127175,4.040398,0.08760121898728279,-0.010398120880126704
2026-06-23 06:30:00,3.26,3.6561866287022142,3.3328605,-0.39618662870221444,-0.07286046981811545
2026-06-23 06:30:00,0.87,1.5482283230877654,1.3773425,-0.6782283230877654,-0.5073424625396729
2026-06-23 06:30:00,1.29,1.4754889846321861,1.4297243,-0.1854889846321861,-0.13972433567047116
2026-06-23 06:30:00,1.1,1.79777022849592,1.7322613,-0.69777022849592,-0.632261300086975
2026-06-23 06:30:00,3.75,3.070197910261717,3.2881956,0.679802089738283,0.4618043899536133
2026-06-23 06:30:00,0.55,0.5755482330494474,0.4987119,-0.02554823304944731,0.051288086175918624
2026-06-23 06:30:00,0.36,0.36625077424150926,0.36517152,-0.0062507742415092715,-0.005171521902084364
2026-06-23 06:30:00,2.02,2.7354567613636322,2.6210675,-0.7154567613636322,-0.6010675239562988
2026-06-23 06:30:00,0.37,0.3259700425913799,0.3224027,0.04402995740862009,0.047597314119338985
2026-06-23 06:30:00,1.99,2.5687553319394176,2.5746336,-0.5787553319394176,-0.5846335983276367
2026-06-23 06:30:00,0.58,0.7575032190577591,0.53973067,-0.17750321905775912,0.04026933193206783
2026-06-23 06:30:00,0.5,0.49086453030460353,0.49752507,0.00913546969539647,0.0024749338626861572
2026-06-23 06:30:00,0.07,0.06673786584445626,0.06437533,0.0032621341555437444,0.005624666512012488
2026-06-23 06:30:00,1.17,1.2335082226434808,1.1677623,-0.06350822264348088,0.002237720489501882
2026-06-23 06:30:00,0.93,1.5473187569783895,1.5004032,-0.6173187569783894,-0.5704031658172607
2026-06-23 06:30:00,2.2,2.215976062337101,2.2092998,-0.015976062337101027,-0.00929980278015119
2026-06-23 06:30:00,1.38,1.3142735036995623,1.6082822,0.06572649630043759,-0.2282822084426881
2026-06-23 06:30:00,3.71,4.9483276151392985,4.799694,-1.2383276151392986,-1.089694061279297
2026-06-23 06:30:00,0.62,0.6390794505492446,0.6723966,-0.019079450549244648,-0.05239660024642945
2026-06-23 06:30:00,3.44,4.066820614365642,3.8642724,-0.6268206143656418,-0.42427235603332525
2026-06-23 06:30:00,0.42,1.0089815546064562,0.91748947,-0.5889815546064563,-0.4974894690513611
2026-06-23 06:30:00,-0.09,0.017931174289891393,-0.13205752,-0.1079311742898914,0.04205751776695252
2026-06-23 06:30:00,0.2,0.327703079840127,0.21356659,-0.12770307984012697,-0.0135665863752365
2026-06-23 06:30:00,2.24,2.2247997763956975,2.0762708,0.015200223604302732,0.16372918128967306
2026-06-23 06:30:00,0.61,1.0286847837237914,0.79361635,-0.41868478372379136,-0.18361635446548463
2026-06-23 06:30:00,5.9,5.97203977018239,5.750545,-0.07203977018239005,0.14945497512817418
2026-06-23 06:30:00,-0.13,1.1493040274725277,-0.12342689,-1.2793040274725276,-0.006573108136653905
2026-06-23 06:30:00,2.41,3.4172214304915514,3.5133932,-1.0072214304915512,-1.1033931636810301
2026-06-23 06:30:00,1.5,2.562716879387827,2.2195885,-1.062716879387827,-0.7195885181427002
2026-06-23 06:30:00,7.92,7.92934166666667,7.98339,-0.009341666666670356,-0.06338985443115241
2026-06-23 06:30:00,0.85,1.0634152418182135,1.0265597,-0.21341524181821347,-0.17655971050262453
2026-06-23 06:30:00,2.36,2.308074176859488,2.1202652,0.05192582314051197,0.2397347545623778
2026-06-23 06:30:00,1.81,1.9218464160555322,1.7597106,-0.11184641605553214,0.050289449691772514
2026-06-23 06:30:00,2.65,3.766579365923793,3.6584666,-1.1165793659237933,-1.0084665775299073
2026-06-23 06:30:00,0.93,0.9831432823906393,0.9382691,-0.05314328239063926,-0.008269078731536816
2026-06-23 06:30:00,11.05,13.222900000000008,13.097096,-2.1729000000000074,-2.047096443176269
2026-06-23 21:30:00,0.2,0.2736975694883634,0.18181333,-0.07369756948836337,0.018186670541763317
2026-06-23 21:30:00,0.37,0.37573168169804533,0.327021,-0.005731681698045332,0.04297899723052978
2026-06-23 21:30:00,0.54,0.5818996355973104,0.48684484,-0.04189963559731036,0.053155162334442174
2026-06-23 21:30:00,2.23,2.6012195133429787,2.512969,-0.37121951334297876,-0.2829690170288086
2026-06-23 21:30:00,-0.13,-0.0944754634076134,-0.11866278,-0.03552453659238661,-0.011337217986583714
2026-06-23 21:30:00,2.9,2.6918641147741136,2.138936,0.20813588522588633,0.7610639572143554
2026-06-23 21:30:00,3.29,3.198696371248912,3.324998,0.091303628751088,-0.03499790191650387
2026-06-23 21:30:00,0.36,0.3533839855733817,0.3417667,0.0066160144266183,0.018233314752578722
2026-06-23 21:30:00,1.38,1.4529363945838296,1.6757066,-0.07293639458382972,-0.2957066249847413
2026-06-23 21:30:00,5.88,5.474418295534813,5.93228,0.40558170446518726,-0.0522800636291505
2026-06-23 21:30:00,3.16,3.1944307365251547,3.2570543,-0.034430736525154604,-0.09705432891845689
2026-06-23 21:30:00,2.37,2.448549709247069,2.2807338,-0.07854970924706883,0.08926617622375499
2026-06-23 21:30:00,1.6,1.8183272465126865,1.7884924,-0.21832724651268642,-0.18849244117736808
2026-06-23 21:30:00,0.93,0.9214437246017182,0.9158837,0.008556275398281854,0.014116280078887988
2026-06-23 21:30:00,0.5,0.4901282502902669,0.49736437,0.00987174970973309,0.0026356279850006104
2026-06-23 21:30:00,0.07,0.07271976129342331,0.06813585,-0.0027197612934233006,0.0018641498684883184
2026-06-23 21:30:00,10.98,11.202700000000002,11.021563,-0.22270000000000145,-0.041562576293944886
2026-06-23 21:30:00,1.28,1.3131259775918624,1.3263872,-0.03312597759186242,-0.046387166976928684
2026-06-23 21:30:00,1.88,2.3234406545974426,1.9895257,-0.44344065459744275,-0.10952567577362071
2026-06-23 21:30:00,2.5,2.667932064739523,2.6485827,-0.16793206473952305,-0.14858269691467285
2026-06-23 21:30:00,0.89,1.020442211846847,1.041242,-0.130442211846847,-0.15124200344085692
2026-06-23 21:30:00,3.41,3.1414142331374255,3.5389004,0.2685857668625746,-0.1289003753662108
2026-06-23 21:30:00,0.75,0.8852040559033802,0.93285817,-0.13520405590338025,-0.1828581690788269
2026-06-23 21:30:00,2.14,2.14602102016091,2.1717238,-0.006021020160909885,-0.031723842620849485
2026-06-23 21:30:00,1.18,1.2166804353730258,1.1094061,-0.0366804353730259,0.07059388637542718
2026-06-23 21:30:00,0.61,0.6134090152343995,0.68147403,-0.003409015234399515,-0.0714740300178528
2026-06-23 21:30:00,0.85,1.0197122048505967,0.86990285,-0.16971220485059668,-0.019902849197387718
2026-06-23 21:30:00,3.6,3.734693044211858,3.629238,-0.13469304421185813,-0.029237890243530185
2026-06-23 21:30:00,0.62,0.6179236140449282,0.67731375,0.002076385955071758,-0.05731374502182007
2026-06-23 21:30:00,-0.09,-0.040334115628523536,-0.12510695,-0.04966588437147646,0.03510694563388825
2026-06-23 21:30:00,0.58,0.6457173282936288,0.5305987,-0.06571732829362886,0.04940129995346065
2026-06-23 21:30:00,2.1,1.557006176779289,1.7319373,0.542993823220711,0.368062710762024
2026-06-23 21:30:00,1.08,1.911869487179488,1.3727847,-0.8318694871794878,-0.29278473377227776
2026-06-23 21:30:00,1.93,2.156186301640935,2.0308774,-0.2261863016409349,-0.10087735176086432
2026-06-23 21:30:00,0.4,0.6205069130726109,0.6968855,-0.22050691307261083,-0.2968855261802673
2026-06-23 21:30:00,7.73,7.734755555555554,7.8966575,-0.004755555555553848,-0.1666574668884273
2026-06-24 00:30:00,1.59,1.606795408902388,1.4890132,-0.016795408902387843,0.10098680496215828
2026-06-24 00:30:00,0.07,0.07512545213036416,0.07116432,-0.005125452130364153,-0.0011643174290656977
2026-06-24 00:30:00,1.75,2.043806428125418,1.7720696,-0.2938064281254178,-0.022069573402404785
2026-06-24 00:30:00,0.37,0.37503726833435985,0.31814215,-0.005037268334359857,0.05185785412788391
2026-06-24 00:30:00,2.23,2.9639214489888617,2.8166943,-0.7339214489888617,-0.5866942596435547
2026-06-24 00:30:00,5.74,5.585045733807556,5.6573687,0.15495426619244412,0.08263134002685568
2026-06-24 00:30:00,1.18,1.1494951251689585,1.2051468,0.030504874831041473,-0.025146789550781312
2026-06-24 00:30:00,0.65,0.7503816298511425,0.8343296,-0.10038162985114252,-0.18432960510253904
2026-06-24 00:30:00,0.95,11.101328260869568,10.977292,-10.151328260869569,-10.027292060852051
2026-06-24 00:30:00,0.62,0.6165367172450475,0.6648378,0.003463282754952446,-0.04483777761459351
2026-06-24 00:30:00,0.57,0.5968880019693357,0.5029182,-0.026888001969335718,0.0670818161964416
2026-06-24 00:30:00,-0.08,-0.0024285465448294456,-0.040522825,-0.07757145345517055,-0.039477175027132036
2026-06-24 00:30:00,1.84,2.0452831121817923,2.0357072,-0.20528311218179218,-0.19570723533630363
2026-06-24 00:30:00,1.38,1.5393333845904371,1.6179546,-0.15933338459043722,-0.23795461177825938
2026-06-24 00:30:00,0.85,1.0565820961760353,0.99755573,-0.2065820961760353,-0.1475557327270508
2026-06-24 00:30:00,1.05,1.3807900302014027,1.1701047,-0.33079003020140263,-0.12010474205017085
2026-06-24 00:30:00,7.45,7.339788015873015,7.6436086,0.11021198412698485,-0.19360857009887678
2026-06-24 00:30:00,3.42,3.4268941587923485,3.3521616,-0.006894158792348559,0.0678383541107177
2026-06-24 00:30:00,1.27,1.2451014642106881,1.3203443,0.024898535789311893,-0.05034432888031004
2026-06-24 00:30:00,0.36,0.35090260736883794,0.32929072,0.009097392631162049,0.030709282159805285
2026-06-24 00:30:00,0.81,1.0985415561731697,1.0757475,-0.2885415561731697,-0.26574748992919917
2026-06-24 00:30:00,0.54,0.5524984214682565,0.46877784,-0.012498421468256415,0.07122216463088993
2026-06-24 00:30:00,0.6,0.6152121138851689,0.6094731,-0.015212113885168965,-0.009473109245300315
2026-06-24 00:30:00,1.6,2.0890084253098733,2.1086113,-0.4890084253098732,-0.5086113452911376
2026-06-24 00:30:00,2.02,2.523488683955542,2.1197968,-0.5034886839555419,-0.09979675292968748
2026-06-24 00:30:00,0.19,0.25943632432023256,0.29579395,-0.06943632432023256,-0.10579395055770874
2026-06-24 00:30:00,3.14,3.2534512987896385,3.3059316,-0.11345129878963833,-0.16593156814575183
2026-06-24 00:30:00,3.27,3.2733411310107514,3.1232805,-0.003341131010751397,0.1467194747924805
2026-06-24 00:30:00,3.07,3.1111353736338576,3.441877,-0.041135373633857775,-0.37187688827514664
2026-06-24 00:30:00,2.37,2.4119371818132316,2.2177598,-0.04193718181323147,0.1522401523590089
2026-06-24 00:30:00,-0.13,-0.12452728158943156,-0.11688637,-0.005472718410568442,-0.013113630115985875
2026-06-24 00:30:00,2.37,2.5429834335747357,2.5202382,-0.17298343357473556,-0.15023816108703603
2026-06-24 00:30:00,0.94,0.99438583885321,0.97280645,-0.05438583885321002,-0.03280645370483404
2026-06-24 00:30:00,2.02,2.098930217365366,2.1384122,-0.07893021736536587,-0.11841223716735838
2026-06-24 00:30:00,0.38,0.4528177660064039,0.49393126,-0.07281776600640388,-0.11393126368522644
2026-06-24 03:30:00,1.18,1.1545749321670093,1.1683977,0.02542506783299059,0.011602334976196227
2026-06-24 03:30:00,1.95,1.7814288696581466,1.7701817,0.16857113034185334,0.1798183441162109
2026-06-24 03:30:00,3.11,3.2307962995322352,3.1338706,-0.12079629953223536,-0.02387060165405286
2026-06-24 03:30:00,0.78,0.8479419504870694,0.8254069,-0.06794195048706941,-0.04540690898895261
2026-06-24 03:30:00,3.25,3.2813816380346474,3.2661047,-0.03138163803464744,-0.016104698181152344
2026-06-24 03:30:00,0.56,0.5542335816310542,0.55904156,0.005766418368945869,0.0009584403038025435
2026-06-24 03:30:00,1.38,1.41684056107463,1.4064567,-0.036840561074630074,-0.02645670890808116
2026-06-24 03:30:00,0.9,0.9081655296061545,0.9514585,-0.008165529606154465,-0.05145851373672483
2026-06-24 03:30:00,1.79,1.8525606072487388,1.8624561,-0.0625606072487388,-0.07245608329772946
2026-06-24 03:30:00,0.36,0.3518099741687047,0.3412632,0.0081900258312953,0.018736795186996447
2026-06-24 03:30:00,0.07,0.0717239769796978,0.06776475,-0.0017239769796977972,0.0022352483868599005
2026-06-24 03:30:00,0.56,0.551342128007108,0.4994447,0.00865787199289203,0.06055530667304998
2026-06-24 03:30:00,-0.05,-0.016150490557941936,-0.030300168,-0.03384950944205807,-0.01969983167946339
2026-06-24 03:30:00,1.57,2.1676880519904627,2.1302776,-0.5976880519904626,-0.5602776336669921
2026-06-24 03:30:00,1.88,2.1654257675622186,2.2760408,-0.2854257675622187,-0.39604079246521007
2026-06-24 03:30:00,0.62,0.6251593173116917,0.67681015,-0.005159317311691725,-0.0568101453781128
2026-06-24 03:30:00,1.64,1.7892453295846693,1.7939686,-0.1492453295846694,-0.1539685583114625
2026-06-24 03:30:00,3.02,3.1208468272553076,3.098815,-0.10084682725530758,-0.07881496429443358
2026-06-24 03:30:00,-0.12,-0.12303921340761338,-0.120037474,0.0030392134076133864,3.7473738193516404e-05
2026-06-24 03:30:00,1.97,1.5939382578519714,1.5495185,0.37606174214802857,0.4204815340042114
2026-06-24 03:30:00,7.05,6.795771336996333,7.205008,0.25422866300366653,-0.15500802993774432
2026-06-24 03:30:00,1.25,1.3036813091452408,1.2567028,-0.05368130914524083,-0.006702780723571777
2026-06-24 03:30:00,2.98,3.1076110291218955,3.0136657,-0.12761102912189548,-0.03366567611694338
2026-06-24 03:30:00,0.35,0.39305842342768765,0.4484619,-0.043058423427687675,-0.09846189022064211
2026-06-24 03:30:00,0.55,0.6798342277636498,0.6944731,-0.12983422776364972,-0.14447308778762813
2026-06-24 03:30:00,0.61,0.6037864351795192,0.5829981,0.006213564820480744,0.027001903057098375
2026-06-24 03:30:00,10.74,2.5724481818181824,2.2309542,8.167551818181817,8.50904582977295
2026-06-24 03:30:00,0.37,0.3708156465171545,0.35300335,-0.0008156465171544891,0.01699664711952209
2026-06-24 03:30:00,2.23,2.482393618717737,2.4466274,-0.25239361871773713,-0.21662737846374513
2026-06-24 03:30:00,0.19,0.22110159319120565,0.18189041,-0.031101593191205645,0.008109586834907534
2026-06-24 03:30:00,5.6,5.635291307808219,5.6356177,-0.03529130780821976,-0.03561773300170934
2026-06-24 03:30:00,1.01,1.2290775114083399,1.147341,-0.21907751140833986,-0.1373410129547119
2026-06-24 03:30:00,0.81,0.9587415499655323,0.9323921,-0.14874154996553224,-0.12239212036132807
2026-06-24 03:30:00,1.94,2.0196689707044944,1.999471,-0.07966897070449441,-0.059470949172973686
2026-06-24 03:30:00,2.38,2.441121591719756,2.319674,-0.061121591719756285,0.06032598495483388
2026-06-24 06:30:00,2.64,3.035862174789476,2.9104347,-0.39586217478947594,-0.2704347229003905
2026-06-24 06:30:00,2.02,2.2327798901419116,2.2470353,-0.21277989014191157,-0.22703526496887205
2026-06-24 06:30:00,1.37,1.3940618873960444,1.4068604,-0.024061887396044312,-0.03686035156249989
2026-06-24 06:30:00,2.74,3.1388875266752176,3.2524877,-0.39888752667521743,-0.5124876594543455
2026-06-24 06:30:00,0.71,0.8211215429546305,0.7982711,-0.1111215429546305,-0.08827111959457401
2026-06-24 06:30:00,1.25,1.2510768801775043,1.2342877,-0.0010768801775042913,0.015712261199951172
2026-06-24 06:30:00,0.39,0.3496785417341379,0.3378738,0.04032145826586209,0.05212621331214906
2026-06-24 06:30:00,0.56,0.5843249076773869,0.50894433,-0.02432490767738682,0.05105566740036016
2026-06-24 06:30:00,2.75,2.860663294778792,2.9384713,-0.11066329477879222,-0.18847131729125977
2026-06-24 06:30:00,1.74,1.7852843703755645,1.8054266,-0.04528437037556454,-0.06542659759521485
2026-06-24 06:30:00,0.5,0.4904366408131427,0.49347135,0.009563359186857301,0.006528645753860474
2026-06-24 06:30:00,0.07,0.0656652900868805,0.06437533,0.004334709913119503,0.005624666512012488
2026-06-24 06:30:00,1.71,1.9375105767652474,2.0378623,-0.22751057676524744,-0.32786230087280277
2026-06-24 06:30:00,0.75,0.8686790261428754,0.85022575,-0.1186790261428754,-0.10022574663162231
2026-06-24 06:30:00,1.85,1.9323238758523649,1.7817116,-0.08232387585236478,0.06828842163085946
2026-06-24 06:30:00,0.55,0.7304112814678149,0.6736477,-0.18041128146781482,-0.12364770174026485
2026-06-24 06:30:00,10.56,10.210499999999998,7.8923926,0.3495000000000026,2.6676073646545415
2026-06-24 06:30:00,-0.15,0.10958608823464226,-0.05050186,-0.25958608823464224,-0.09949813932180404
2026-06-24 06:30:00,1.44,2.4801713685740454,1.7819363,-1.0401713685740455,-0.3419362878799439
2026-06-24 06:30:00,0.6,0.6326376250619995,0.6734207,-0.03263762506199952,-0.07342072725296023
2026-06-24 06:30:00,1.44,1.6100409879608575,1.5933275,-0.17004098796085754,-0.15332752227783208
2026-06-24 06:30:00,4.98,5.443233051449914,5.432785,-0.46323305144991345,-0.4527850341796871
2026-06-24 06:30:00,0.59,0.6057041900627294,0.5796087,-0.015704190062729384,0.010391321182250945
2026-06-24 06:30:00,1.48,1.8523099602406647,1.6835746,-0.37230996024066476,-0.20357455730438234
2026-06-24 06:30:00,-0.13,-0.11613939157262695,-0.12342689,-0.01386060842737305,-0.006573108136653905
2026-06-24 06:30:00,2.82,2.8466182920742154,2.971784,-0.02661829207421551,-0.15178411483764664
2026-06-24 06:30:00,1.6,2.0078918949648035,2.1902409,-0.4078918949648034,-0.5902408599853515
2026-06-24 06:30:00,0.19,0.22546800299079517,0.17850097,-0.03546800299079517,0.01149903476238251
2026-06-24 06:30:00,1.9,2.4361954598753943,2.3304286,-0.5361954598753944,-0.4304286003112794
2026-06-24 06:30:00,6.2,6.6072241776556755,6.8443093,-0.4072241776556753,-0.6443093299865721
2026-06-24 06:30:00,0.32,0.34593199111718936,0.3485981,-0.025931991117189357,-0.02859809279441833
2026-06-24 06:30:00,0.85,0.8724864748664847,0.94871956,-0.022486474866484696,-0.09871956110000613
2026-06-24 06:30:00,0.38,0.368696046182638,0.35421777,0.011303953817361989,0.025782232284545903
2026-06-24 06:30:00,0.95,1.081429589949801,1.0187072,-0.13142958994980103,-0.0687071561813355
2026-06-24 06:30:00,0.52,0.5458588120909851,0.52941406,-0.02585881209098506,-0.0094140577316284
2026-06-24 06:30:00,0.14,1.1594603180683545,1.1683977,-1.0194603180683544,-1.0283976650238036
2026-06-24 15:30:00,0.4,0.39123475033244004,0.36916113,0.008765249667559982,0.030838871002197288
2026-06-24 15:30:00,7.58,6.3847285921324985,6.4298234,1.1952714078675015,1.1501766014099122
2026-06-24 15:30:00,0.34,0.32249575884819903,0.35163292,0.017504241151800992,-0.0116329228878021
2026-06-24 15:30:00,0.82,0.5913632435475824,0.59489733,0.22863675645241754,0.22510267019271846
2026-06-24 15:30:00,-3.3,-2.6029499999999994,-2.967149,-0.6970500000000004,-0.3328509807586668
2026-06-24 15:30:00,2.96,1.9876255660870579,2.0162508,0.9723744339129421,0.9437491512298584
2026-06-24 15:30:00,1.3,1.3970981547055552,1.4370316,-0.09709815470555516,-0.13703162670135494
2026-06-24 15:30:00,1.78,2.5813181437232307,2.6076055,-0.8013181437232306,-0.8276054573059082
2026-06-24 15:30:00,1.38,1.0617656898221837,1.0545789,0.3182343101778162,0.32542109966278066
2026-06-24 15:30:00,0.06,0.502428601872843,0.53146845,-0.442428601872843,-0.4714684510231018
2026-06-24 15:30:00,1.91,1.2534873510078182,1.2627438,0.6565126489921818,0.6472561693191528
2026-06-24 15:30:00,0.39,0.3964021901283147,0.3849556,-0.0064021901283146665,0.005044385194778456
2026-06-24 15:30:00,0.67,0.5629025117927313,0.5238879,0.10709748820726872,0.1461121273040772
2026-06-24 15:30:00,2.97,1.7484519299696983,1.8277006,1.2215480700303019,1.142299385070801
2026-06-24 15:30:00,0.89,0.7417746457000719,0.7425858,0.1482253542999281,0.14741422176361085
2026-06-24 15:30:00,1.47,1.9037105430408097,2.0533144,-0.4337105430408097,-0.5833144474029541
2026-06-24 15:30:00,0.17,0.1868822515664133,0.19068854,-0.016882251566413292,-0.020688535571098315
2026-06-24 15:30:00,5.75,1.6926046868233482,1.7633681,4.057395313176652,3.9866318702697754
2026-06-24 15:30:00,1.33,0.8270881348465176,0.8579443,0.5029118651534825,0.47205569028854377
2026-06-24 15:30:00,1.1,1.8214370722128002,1.876659,-0.7214370722128001,-0.7766590356826781
2026-06-24 15:30:00,1.02,0.6749883432568881,0.5625186,0.34501165674311196,0.4574814033508301
2026-06-24 15:30:00,-0.16,0.0032238853137268406,-0.021801798,-0.16322388531372684,-0.1381982023268938
2026-06-24 15:30:00,0.83,0.8658475386087565,0.9303649,-0.03584753860875656,-0.10036490678787235
2026-06-24 15:30:00,3.18,1.6014874255185643,1.6255541,1.578512574481436,1.5544459152221681
2026-06-24 15:30:00,2.3,2.714116523796962,2.6949604,-0.4141165237969622,-0.39496035575866717
2026-06-24 15:30:00,12.2,10.988549999999986,9.17647,1.2114500000000135,3.023530197143554
2026-06-24 15:30:00,1.2,1.4844754911688625,1.5404313,-0.2844754911688625,-0.3404312610626221
2026-06-24 15:30:00,4.86,4.695920635741021,4.777866,0.1640793642589795,0.0821341133117679
2026-06-24 15:30:00,2.01,1.5181815308929196,1.5494568,0.49181846910708016,0.46054316520690897
2026-06-24 15:30:00,-0.18,-0.1281686776933277,-0.11372558,-0.051831322306672284,-0.06627441972494125
2026-06-24 15:30:00,4.33,2.889431230585147,2.9743392,1.440568769414853,1.3556607532501221
2026-06-24 15:30:00,1.14,1.2312038562541898,0.7622633,-0.09120385625418992,0.37773670196533193
2026-06-24 15:30:00,0.6,0.6232032618078214,0.692499,-0.023203261807821396,-0.09249898195266726
2026-06-24 15:30:00,0.15,0.6764514071872764,0.5545296,-0.5264514071872763,-0.40452960729598997
2026-06-24 15:30:00,3.8,2.4407746020642143,2.675129,1.3592253979357856,1.1248710632324217
2026-06-24 15:30:00,0.5,0.49009450029026685,0.50841457,0.009905499709733145,-0.00841456651687622
2026-06-24 15:30:00,1.05,0.8000532987772466,0.5961,0.24994670122275342,0.4539000272750855
2026-06-24 15:30:00,2.29,1.8689437685689307,1.8124045,0.4210562314310693,0.4775954866409302
2026-06-24 15:30:00,0.02,0.0676185979911459,0.07307305,-0.0476185979911459,-0.05307305186986923
2026-06-29 21:30:00,0.5,0.4901282502902669,0.49736437,0.00987174970973309,0.0026356279850006104
2026-06-29 21:30:00,0.6,0.616481378128292,0.67134887,-0.01648137812829198,-0.07134886980056765
2026-06-29 21:30:00,0.41,0.3843970006586974,0.36626908,0.025602999341302557,0.04373091816902158
2026-06-29 21:30:00,1.73,2.109155121794918,1.9604514,-0.37915512179491806,-0.23045136451721193
2026-06-29 21:30:00,1.44,1.3199056033129255,1.4802362,0.12009439668707445,-0.04023617267608648
2026-06-29 21:30:00,4.97,4.539292851716132,4.526883,0.4307071482838678,0.44311687469482397
2026-06-29 21:30:00,0.3,0.32859192560802486,0.3240752,-0.02859192560802487,-0.024075192213058483
2026-06-29 21:30:00,1.61,2.046684570232347,2.1088016,-0.43668457023234697,-0.49880160331726064
2026-06-29 21:30:00,7.89,6.75164953529512,7.292801,1.1383504647048799,0.5971990966796872
2026-06-29 21:30:00,2.93,2.503528846514567,2.5685625,0.4264711534854331,0.36143749237060563
2026-06-29 21:30:00,1.63,1.69507452387384,1.7012049,-0.06507452387384016,-0.07120489597320567
2026-06-29 21:30:00,0.67,0.6251389016462656,0.52236027,0.04486109835373442,0.14763973474502567
2026-06-29 21:30:00,0.17,0.21334292031932178,0.1893702,-0.04334292031932177,-0.019370200037956226
2026-06-29 21:30:00,-0.18,-0.1681736829743218,-0.11866278,-0.011826317025678185,-0.0613372179865837
2026-06-29 21:30:00,4.84,4.261050000000003,3.763916,0.5789499999999972,1.0760839843749999
2026-06-29 21:30:00,1.13,1.2039609298183467,0.9186643,-0.07396092981834679,0.21133572340011586
2026-06-29 21:30:00,0.87,0.8865581472056943,0.8612688,-0.016558147205694262,0.00873118162155151
2026-06-29 21:30:00,4.09,4.152481134377474,4.2769084,-0.06248113437747449,-0.1869083976745607
2026-06-29 21:30:00,0.7,0.8563888987614139,0.8050662,-0.15638889876141393,-0.10506622791290288
2026-06-29 21:30:00,11.39,11.361417777777776,11.657751,0.02858222222222473,-0.26775108337402287
2026-06-29 21:30:00,0.38,0.39516044847903786,0.37390515,-0.015160448479037858,0.006094847917556767
2026-06-29 21:30:00,2.12,2.186965525329427,2.257444,-0.06696552532942679,-0.13744390487670888
2026-06-29 21:30:00,2.1,1.495468320053713,1.3586062,0.604531679946287,0.7413937807083131
2026-06-29 21:30:00,1.71,1.755854391275957,1.9273442,-0.04585439127595703,-0.21734420299530033
2026-06-29 21:30:00,-0.14,1.7068569190860012,-0.026739007,-1.8468569190860014,-0.11326099313795568
2026-06-29 21:30:00,1.31,1.3394788762207326,1.3342135,-0.02947887622073253,-0.02421349525451655
2026-06-29 21:30:00,3.73,3.7979166265994873,4.1231265,-0.06791662659948727,-0.39312650680541994
2026-06-29 21:30:00,1.0,0.949347808082052,0.8157462,0.05065219191794801,0.18425381183624268
2026-06-29 21:30:00,2.36,2.7260166958656766,2.5088818,-0.36601669586567676,-0.14888180732727063
2026-06-29 21:30:00,1.21,1.2570437252619535,1.1759949,-0.04704372526195355,0.034005126953124964
2026-06-29 21:30:00,1.03,0.8844894876614589,0.8563029,0.14551051233854118,0.17369708299636843
2026-06-29 21:30:00,0.02,0.02852225452293095,0.02946615,-0.008522254522930948,-0.00946615032851696
2026-06-29 21:30:00,2.6,2.4656667098778757,2.7865129,0.13433329012212436,-0.1865128517150878
2026-06-29 21:30:00,1.11,1.5131745327163473,1.3401474,-0.4031745327163472,-0.23014737606048574
2026-06-29 21:30:00,2.65,3.0103666666666657,3.032558,-0.36036666666666584,-0.38255796432495126
2026-06-29 21:30:00,0.05,0.4616338379160455,0.24197583,-0.4116338379160455,-0.1919758290052414
2026-06-30 03:30:00,1.0,4.468592473118282,4.633523,-3.4685924731182816,-3.6335229873657227
2026-06-30 03:30:00,1.15,2.4595002102954457,2.5601091,-1.3095002102954458,-1.4101091384887696
2026-06-30 03:30:00,1.03,1.7632248463175935,1.8828436,-0.7332248463175934,-0.8528436136245727
2026-06-30 03:30:00,1.25,1.8643904832882767,1.7914011,-0.6143904832882767,-0.5414011478424072
2026-06-30 03:30:00,0.95,1.1444236222407531,0.9845566,-0.19442362224075316,-0.03455661535263066
2026-06-30 03:30:00,4.74,7.920693749999999,7.8083625,-3.1806937499999988,-3.0683624839782713
2026-06-30 03:30:00,1.26,2.2564699875870424,2.1785092,-0.9964699875870424,-0.9185092353820801
2026-06-30 03:30:00,0.56,0.6903229653026396,0.76417524,-0.13032296530263954,-0.20417523622512812
2026-06-30 03:30:00,0.01,0.29378055957377025,0.29538956,-0.28378055957377024,-0.2853895628452301
2026-06-30 03:30:00,0.02,0.23427681152417823,0.14493282,-0.21427681152417824,-0.124932821393013
2026-06-30 03:30:00,1.31,1.391454812408166,1.6567408,-0.08145481240816599,-0.3467407846450805
2026-06-30 03:30:00,1.47,1.742716265426733,1.8979585,-0.272716265426733,-0.427958517074585
2026-06-30 03:30:00,0.45,0.4904928908131426,0.49686077,-0.04049289081314261,-0.0468607723712921
2026-06-30 03:30:00,0.43,0.3770323511729724,0.36856094,0.05296764882702759,0.061439059972763055
2026-06-30 03:30:00,0.4,1.7199323306069403,1.6418487,-1.3199323306069402,-1.2418486833572389
2026-06-30 03:30:00,1.63,3.3786890863070465,3.7311435,-1.7486890863070466,-2.1011434745788575
2026-06-30 03:30:00,2.33,3.9496165984391713,3.9997203,-1.6196165984391713,-1.6697203350067138
2026-06-30 03:30:00,0.51,0.8940882094635434,0.81934106,-0.3840882094635434,-0.3093410634994507
2026-06-30 03:30:00,9.65,11.013926569264072,11.614805,-1.3639265692640716,-1.9648052215576168
2026-06-30 03:30:00,0.55,0.6173438781282921,0.67084527,-0.06734387812829201,-0.12084527015686031
2026-06-30 03:30:00,0.14,0.18676912020318912,0.19435813,-0.0467691202031891,-0.054358125329017626
2026-06-30 03:30:00,1.12,1.7639982613023826,1.6873183,-0.6439982613023825,-0.5673183250427245
2026-06-30 03:30:00,0.81,1.0196125739316024,1.0481163,-0.20961257393160238,-0.23811632633209223
2026-06-30 03:30:00,2.08,4.944356128085792,4.7871795,-2.8643561280857917,-2.707179470062256
2026-06-30 03:30:00,1.46,2.7015336049851078,2.681569,-1.2415336049851078,-1.2215690994262696
2026-06-30 03:30:00,0.55,1.248248717100156,1.17603,-0.6982487171001559,-0.6260300397872924
2026-06-30 03:30:00,1.6,2.3054620146905367,2.4404776,-0.7054620146905366,-0.8404776096343993
2026-06-30 03:30:00,1.8,1.8115131345404325,1.7404896,-0.011513134540432457,0.05951039791107182
2026-06-30 03:30:00,-0.06,-0.11648400762614543,-0.1286681,0.05648400762614543,0.06866809964179993
2026-06-30 03:30:00,0.06,0.02496742014535203,0.009951069,0.03503257985464797,0.05004893098026514
2026-06-30 03:30:00,0.1,0.9397682915177253,0.89655936,-0.8397682915177254,-0.7965593576431275
2026-06-30 03:30:00,0.48,0.6099966316175806,0.5864478,-0.12999663161758057,-0.10644777536392214
2026-06-30 03:30:00,-0.17,-0.1872158281298856,-0.120037474,0.01721582812988559,-0.0499625262618065
2026-06-30 03:30:00,1.08,1.2111424726388302,1.0863328,-0.13114247263883017,-0.00633279800415032
2026-06-30 03:30:00,0.22,0.3905546107373312,0.3657656,-0.17055461073733122,-0.14576560139656067
2026-06-30 03:30:00,2.15,2.754585530162641,2.600142,-0.604585530162641,-0.450142002105713
2026-07-11 09:30:00,0.2,0.9126228778467909,0.96885157,-0.7126228778467909,-0.7688515663146973
2026-07-11 09:30:00,0.77,0.8955447079926941,0.9041795,-0.12554470799269413,-0.13417951345443724
2026-07-11 09:30:00,0.42,0.47128831538298516,0.4481587,-0.05128831538298517,-0.02815871119499208
2026-07-11 09:30:00,1.2,1.405771220549863,1.7664577,-0.20577122054986297,-0.5664576768875123
2026-07-11 09:30:00,0.72,0.738969723832605,0.71027243,-0.01896972383260498,0.009727568626403782
2026-07-11 09:30:00,0.03,0.2548496022956039,0.29106987,-0.22484960229560388,-0.2610698652267456
2026-07-11 09:30:00,2.9,2.1010449122832258,2.166384,0.7989550877167741,0.733616018295288
2026-07-11 09:30:00,4.52,2.0525053179031474,1.9941255,2.467494682096852,2.5258745145797725
2026-07-11 09:30:00,-0.05,0.7599132905682136,0.34107912,-0.8099132905682136,-0.39107911586761473
2026-07-11 09:30:00,-0.12,1.5290670189547453,-0.113078274,-1.6490670189547454,-0.006921726167201991
2026-07-11 09:30:00,3.78,2.701980813570489,1.741772,1.0780191864295108,2.0382279443740843
2026-07-11 09:30:00,0.04,0.09164034632716012,0.0072727934,-0.051640346327160115,0.03272720655426383
2026-07-11 09:30:00,0.09,0.20010084790124957,0.17079146,-0.11010084790124958,-0.08079146206378937
2026-07-11 09:30:00,0.53,1.3467697789486013,0.8797999,-0.8167697789486013,-0.3497999024391174
2026-07-11 09:30:00,2.34,2.6849850119239016,2.6188385,-0.34498501192390174,-0.27883854866027846
2026-07-11 09:30:00,0.88,1.5382978930112206,0.95080054,-0.6582978930112205,-0.07080053806304931
2026-07-11 09:30:00,-0.25,-0.12531913715205006,-0.14518698,-0.12468086284794994,-0.10481302440166473
2026-07-11 09:30:00,3.0,1.7952493026974343,1.6472423,1.2047506973025657,1.3527576923370361
2026-07-11 09:30:00,0.92,1.0898566311600775,0.97103864,-0.16985663116007743,-0.051038639545440634
2026-07-11 09:30:00,2.05,1.908562659812204,1.704648,0.14143734018779575,0.34535198211669904
2026-07-11 09:30:00,0.95,1.067155766370319,0.9493207,-0.1171557663703191,0.0006793260574340376
2026-07-11 09:30:00,5.51,2.5972272916666674,2.4318688,2.9127727083333323,3.0781312084197996
2026-07-11 09:30:00,6.84,5.32342525297036,5.9194446,1.5165747470296402,0.9205554389953612
2026-07-11 09:30:00,0.15,0.2506402792103166,0.18209548,-0.10064027921031662,-0.032095482945442205
2026-07-11 09:30:00,4.24,2.7467928709484193,2.8141909,1.493207129051581,1.425809135437012
2026-07-11 09:30:00,3.33,1.1728484516386009,1.1598767,2.157151548361399,2.1701232957839967
2026-07-11 09:30:00,14.46,10.564149999999993,10.563944,3.8958500000000083,3.896056137084962
2026-07-11 09:30:00,-3.2,-2.611399999999999,-3.0274794,-0.5886000000000013,-0.1725205898284914
2026-07-11 09:30:00,0.54,0.6317953990415173,0.6833008,-0.09179539904151723,-0.14330079317092892
2026-07-11 09:30:00,1.59,1.7699450282099993,1.6743182,-0.17994502820999925,-0.08431819438934318
2026-07-11 09:30:00,1.32,1.053531372618935,1.0202509,0.266468627381065,0.299749083518982
2026-07-11 09:30:00,0.03,0.2984505083424746,0.32718584,-0.26845050834247464,-0.29718583941459653
2026-07-11 09:30:00,2.55,2.3488619521396763,2.3288796,0.20113804786032352,0.22112040519714338
2026-07-11 09:30:00,0.16,0.4081329919486894,0.3992863,-0.2481329919486894,-0.23928629994392395
2026-07-11 09:30:00,2.16,1.494523590058476,1.4644499,0.6654764099415242,0.6955501174926759
2026-07-11 09:30:00,0.48,0.8003012254666244,0.58799756,-0.32030122546662443,-0.10799755573272707
2026-07-11 09:30:00,2.13,1.5218083591332148,1.4206438,0.6081916408667851,0.7093561935424804
2026-07-11 09:30:00,1.14,1.035626806198786,0.8045653,0.10437319380121379,0.33543468952178945
2026-07-11 09:30:00,1.57,1.8615673343300032,1.9211801,-0.29156733433000315,-0.35118012905120843
2026-08-01 15:30:00,5.53,4.7256419841269794,4.4986897,0.8043580158730208,1.0313103485107424
2026-08-01 15:30:00,1.96,2.158077658717039,2.232533,-0.1980776587170392,-0.27253297805786136
2026-08-01 15:30:00,0.53,0.6417605344020321,0.6072734,-0.11176053440203204,-0.07727339982986448
2026-08-01 15:30:00,13.42,12.206799999999982,12.065619,1.2132000000000183,1.354380531311035
2026-08-01 15:30:00,1.16,1.556619731155061,1.494966,-0.396619731155061,-0.3349660301208497
2026-08-01 15:30:00,3.6,3.4442124999999995,3.7913005,0.15578750000000063,-0.19130053520202628
2026-08-01 15:30:00,-3.32,-2.612249999999999,-2.9341388,-0.7077500000000008,-0.38586122512817367
2026-08-01 15:30:00,1.5,1.8763774009405807,1.769289,-0.3763774009405807,-0.2692890167236328
2026-08-01 15:30:00,0.04,0.1247559378402001,0.040366627,-0.08475593784020011,-0.00036662727594375527
2026-08-01 15:30:00,0.11,0.24359431824009598,0.21783544,-0.133594318240096,-0.1078354412317276
2026-08-01 15:30:00,0.95,1.008234587836485,1.0528271,-0.05823458783648494,-0.10282711982727055
2026-08-01 15:30:00,0.77,0.9214243220546331,0.93689245,-0.15142432205463308,-0.16689244985580443
2026-08-01 15:30:00,1.53,2.5242859915099523,2.0347657,-0.9942859915099522,-0.5047657203674316
2026-08-01 15:30:00,0.92,1.0447895585052067,1.0806776,-0.12478955850520668,-0.16067762851715084
2026-08-01 15:30:00,7.06,7.059396312961546,7.1468973,0.0006036870384535931,-0.0868973159790043
2026-08-01 15:30:00,1.9,2.145027215869965,2.1104925,-0.2450272158699649,-0.2104924678802491
2026-08-01 15:30:00,4.32,3.9045519878962476,4.3866363,0.4154480121037527,-0.06663625717163058
2026-08-01 15:30:00,3.0,2.551780378787879,2.3941932,0.4482196212121212,0.605806827545166
2026-08-01 15:30:00,0.91,1.2432208360648382,1.0296692,-0.3332208360648382,-0.11966916561126706
2026-08-01 15:30:00,-0.25,-0.2516421151545196,-0.26832786,0.0016421151545196189,0.01832786202430725
2026-08-01 15:30:00,0.16,0.26182962510152097,0.33029732,-0.10182962510152097,-0.1702973210811615
2026-08-01 15:30:00,0.48,0.9595710264497176,0.5682147,-0.4795710264497176,-0.08821471452713014
2026-08-01 15:30:00,3.24,3.4115913770999113,3.6169722,-0.17159137709991112,-0.3769722080230711
2026-08-01 15:30:00,0.08,0.13181406520522546,0.14584744,-0.051814065205225454,-0.06584743976593017
2026-08-01 15:30:00,2.5,2.8878499999999985,2.687475,-0.3878499999999985,-0.18747496604919434
2026-08-01 15:30:00,0.61,0.8859059745284483,0.7151932,-0.27590597452844834,-0.10519321203231813
2026-08-01 15:30:00,2.35,2.8149225189002554,2.8478339,-0.46492251890025527,-0.4978338718414306
2026-08-01 15:30:00,1.2,1.368413354340446,1.9419833,-0.16841335434044602,-0.7419833421707154
2026-08-01 15:30:00,3.92,2.950835640214377,2.7368498,0.9691643597856228,1.1831502151489257
2026-08-01 15:30:00,0.31,0.8171322872263392,0.56539595,-0.5071322872263393,-0.25539595127105713
2026-08-01 15:30:00,0.52,0.863817416908651,0.6814905,-0.343817416908651,-0.16149048089981077
2026-08-01 15:30:00,-0.05,-0.010086969180430812,0.055586025,-0.03991303081956919,-0.10558602511882782
2026-08-01 15:30:00,-0.11,-0.07705345418470416,-0.09300435,-0.03294654581529584,-0.01699564665555954
2026-08-01 15:30:00,1.96,2.031779918053277,1.8880899,-0.07177991805327721,0.07191010475158688
2026-08-01 15:30:00,0.02,0.18579271419823928,0.2254629,-0.1657927141982393,-0.2054628986120224
2026-08-01 15:30:00,0.42,0.5209517900861783,0.6061756,-0.10095179008617833,-0.18617560148239137
2026-08-01 15:30:00,0.03,0.19482942518341598,0.24746785,-0.16482942518341598,-0.21746784567832947
2026-08-01 15:30:00,2.5,2.6014557979297748,2.6704626,-0.10145579792977477,-0.17046260833740234
2026-08-01 15:30:00,1.16,1.3202747668981383,0.92739266,-0.16027476689813835,0.23260733842849723
2026-08-01 18:30:00,1.9,1.9257460031486846,1.9022725,-0.025746003148684693,-0.0022724628448487216
2026-08-01 18:30:00,7.13,6.9377109780530315,7.0639253,0.1922890219469684,0.06607473373413075
2026-08-01 18:30:00,2.29,2.648830470051309,2.5735488,-0.35883047005130875,-0.2835487937927246
2026-08-01 18:30:00,0.45,0.612909383351501,0.52700424,-0.162909383351501,-0.07700424194335936
2026-08-01 18:30:00,1.48,2.100977652264419,1.7532834,-0.6209776522644188,-0.2732833814620972
2026-08-01 18:30:00,0.04,0.17735211025586856,0.21010248,-0.13735211025586855,-0.17010248363018035
2026-08-01 18:30:00,0.52,0.7023018453730606,0.69430065,-0.1823018453730606,-0.17430065155029295
2026-08-01 18:30:00,1.0,0.8933339100585846,0.9732342,0.10666608994141535,0.026765823364257812
2026-08-01 18:30:00,1.2,1.397412731135048,1.8858247,-0.19741273113504798,-0.6858246803283692
2026-08-01 18:30:00,-0.25,-0.25980990344116867,-0.25957698,0.009809903441168666,0.009576976299285889
2026-08-01 18:30:00,-0.05,-0.0271109500208285,0.05040463,-0.022889049979171502,-0.1004046306014061
2026-08-01 18:30:00,0.16,0.21352790241358954,0.33585992,-0.05352790241358954,-0.17585992455482483
2026-08-01 18:30:00,1.37,1.3314266746089538,1.1825337,0.0385733253910463,0.18746625900268565
2026-08-01 18:30:00,2.76,3.244213519037704,4.0014906,-0.4842135190377044,-1.2414905929565432
2026-08-01 18:30:00,0.48,0.8810926235447137,0.59269786,-0.40109262354471376,-0.11269785881042482
2026-08-01 18:30:00,0.42,0.5186178510222643,0.5795891,-0.09861785102226434,-0.1595891284942627
2026-08-01 18:30:00,0.08,0.09655726742798276,0.14123768,-0.01655726742798276,-0.06123767614364624
2026-08-01 18:30:00,4.35,4.2501657981616345,4.2101254,0.09983420183836511,0.13987455368041957
2026-08-01 18:30:00,0.92,1.140249613646043,1.0747116,-0.2202496136460429,-0.1547115612030029
2026-08-01 18:30:00,5.12,5.135637463056565,5.2122855,-0.01563746305656455,-0.09228551864624013
2026-08-01 18:30:00,0.53,0.6636933358381518,0.6188982,-0.1336933358381518,-0.08889821290969846
2026-08-01 18:30:00,0.66,0.8922031375291682,0.6982216,-0.2322031375291682,-0.03822162389755246
2026-08-01 18:30:00,3.54,3.804732217630648,3.66994,-0.26473221763064814,-0.12993999481201168
2026-08-01 18:30:00,0.9,1.1923492786416374,1.0550172,-0.2923492786416374,-0.15501723289489744
2026-08-01 18:30:00,1.4,2.063215501933277,1.7618854,-0.6632155019332773,-0.3618854045867921
2026-08-01 18:30:00,2.34,2.6536600616082064,2.6584384,-0.3136600616082066,-0.3184384441375734
2026-08-01 18:30:00,-0.1,0.005700573107448109,0.011361366,-0.10570057310744811,-0.11136136613786221
2026-08-01 18:30:00,3.44,3.1980520549674054,3.5937707,0.24194794503259454,-0.1537707424163819
2026-08-01 18:30:00,-3.36,-2.606199999999999,-2.8813574,-0.7538000000000009,-0.4786425685882567
2026-08-01 18:30:00,0.04,0.07532086525075252,0.05072587,-0.035320865250752516,-0.010725869834423064
2026-08-01 18:30:00,1.0,1.2337550200578378,1.2096037,-0.23375502005783777,-0.2096036672592163
2026-08-01 18:30:00,12.07,13.187350000000006,12.769652,-1.1173500000000054,-0.6996523666381833
2026-08-01 18:30:00,0.09,0.4931301973586528,0.30135003,-0.40313019735865285,-0.21135002732276917
2026-08-01 18:30:00,0.02,0.1546684001572955,0.17712487,-0.1346684001572955,-0.15712487280368806
2026-08-01 18:30:00,2.6,2.8887094753560576,2.8915637,-0.2887094753560575,-0.29156365394592276
2026-08-01 18:30:00,1.9,2.045943838376157,2.232982,-0.14594383837615688,-0.33298192024230966
2026-08-01 18:30:00,0.79,0.9959597997173775,0.87437445,-0.20595979971737743,-0.08437444925308224
2026-08-01 18:30:00,1.66,1.71863146775792,2.0175672,-0.05863146775792005,-0.3575671577453614
2026-08-01 18:30:00,1.91,1.8451113326046282,2.0659142,0.06488866739537169,-0.15591415405273445
2026-08-01 21:30:00,0.79,1.0073255142603696,0.85682845,-0.2173255142603696,-0.06682845115661618
2026-08-01 21:30:00,2.33,2.444066123361434,2.509982,-0.11406612336143374,-0.17998210906982415
2026-08-01 21:30:00,3.26,3.495359724012459,3.28427,-0.2353597240124592,-0.024270048141479705
2026-08-01 21:30:00,1.34,1.442171489561918,1.5437111,-0.1021714895619179,-0.20371106624603263
2026-08-01 21:30:00,-0.13,-0.026881853361804722,-0.09567707,-0.10311814663819528,-0.03432292968034745
2026-08-01 21:30:00,0.91,1.1401718004344545,1.0510073,-0.2301718004344545,-0.14100727081298825
2026-08-01 21:30:00,-0.25,-0.25347893227912516,-0.26445812,0.0034789322791251576,0.014458119869232178
2026-08-01 21:30:00,3.11,3.1655257888769226,3.4182568,-0.05552578887692272,-0.3082567596435548
2026-08-01 21:30:00,1.58,2.007186677997147,1.9955832,-0.4271866779971467,-0.41558317661285393
2026-08-01 21:30:00,4.38,4.031626033158051,4.291926,0.3483739668419492,0.08807409286499013
2026-08-01 21:30:00,0.51,0.8005080302266243,0.5655233,-0.2905080302266243,-0.05552332639694213
2026-08-01 21:30:00,0.53,1.1990058571408182,0.58637017,-0.6690058571408182,-0.056370170116424534
2026-08-01 21:30:00,1.73,1.9181589537907637,1.9019362,-0.18815895379076375,-0.1719361734390259
2026-08-01 21:30:00,0.02,0.2208139656671629,0.061941106,-0.20081396566716292,-0.04194110587239265
2026-08-01 21:30:00,1.38,1.5105915354837434,1.4838148,-0.13059153548374347,-0.10381483554840099
2026-08-01 21:30:00,0.35,0.4631659815639591,0.28622633,-0.11316598156395913,0.06377366781234739
2026-08-01 21:30:00,1.82,1.9889626695324907,1.9290545,-0.16896266953249062,-0.10905449867248529
2026-08-01 21:30:00,0.09,0.07566372963787182,0.048307803,0.014336270362128173,0.04169219747185707
2026-08-01 21:30:00,11.2,11.96320000000002,11.996251,-0.7632000000000208,-0.7962511062622077
2026-08-01 21:30:00,2.34,2.794643596760789,2.7661667,-0.45464359676078914,-0.4261666870117189
2026-08-01 21:30:00,0.48,0.9517423860629122,0.51322305,-0.4717423860629122,-0.033223052024841326
2026-08-01 21:30:00,2.05,2.162536055968685,2.3380473,-0.11253605596868521,-0.2880472660064699
2026-08-01 21:30:00,0.16,0.2591028095773419,0.3054655,-0.09910280957734188,-0.14546548962593078
2026-08-01 21:30:00,-0.03,-0.01185371367543756,0.039311662,-0.018146286324562437,-0.06931166231632233
2026-08-01 21:30:00,0.64,0.7706284801124202,0.7034772,-0.13062848011242023,-0.06347720384597777
2026-08-01 21:30:00,4.52,4.293174495165375,4.715931,0.2268255048346246,-0.19593093872070355
2026-08-01 21:30:00,0.42,0.4587336412825277,0.3828653,-0.03873364128252771,0.03713469028472899
2026-08-01 21:30:00,1.26,1.7187520779947218,1.696473,-0.45875207799472184,-0.43647300243377685
2026-08-01 21:30:00,0.8,1.0113241983508028,0.9447329,-0.21132419835080274,-0.14473290443420406
2026-08-01 21:30:00,6.99,7.164112561161912,6.8425155,-0.17411256116191165,0.1474845314025881
2026-08-01 21:30:00,0.99,1.0180042514632501,1.0790254,-0.02800425146325014,-0.08902538776397706
2026-08-01 21:30:00,0.1,0.08412348270860426,0.1320746,0.015876517291395748,-0.03207459449768066
2026-08-01 21:30:00,0.08,0.08603504625687303,0.1557427,-0.006035046256873025,-0.07574270486831665
2026-08-01 21:30:00,1.53,1.637297711594607,1.266672,-0.10729771159460699,0.2633279848098755
2026-08-01 21:30:00,2.5,2.3067509422725347,2.3745778,0.19324905772746526,0.12542223930358887
2026-08-01 21:30:00,1.2,1.4241261839430674,1.8229582,-0.2241261839430675,-0.6229582309722901
2026-08-02 00:30:00,1.2,1.3894504324162367,1.7998531,-0.1894504324162367,-0.5998530864715577
2026-08-02 00:30:00,6.7,6.410794358318014,6.7269354,0.2892056416819866,-0.026935386657714666
2026-08-02 00:30:00,1.3,1.3569662897751653,1.4871935,-0.05696628977516527,-0.18719346523284908
2026-08-02 00:30:00,4.31,4.212073697406038,4.1983576,0.09792630259396162,0.11164241790771445
2026-08-02 00:30:00,0.42,0.4607295170216626,0.37883246,-0.04072951702166261,0.04116754055023192
2026-08-02 00:30:00,1.7,1.9122182065967197,1.7763294,-0.21221820659671975,-0.07632939815521245
2026-08-02 00:30:00,0.94,0.9905505618700565,1.0135745,-0.050550561870056576,-0.07357448101043707
2026-08-02 00:30:00,4.05,3.9604410357525763,4.2581916,0.08955896424742349,-0.20819158554077166
2026-08-02 00:30:00,0.04,0.10277923361039304,0.08887287,-0.06277923361039303,-0.04887287229299545
2026-08-02 00:30:00,0.01,-0.003193541574732593,0.016486092,0.013193541574732593,-0.006486091539263725
2026-08-02 00:30:00,3.13,3.143893004444315,3.1436048,-0.013893004444315071,-0.013604755401611435
2026-08-02 00:30:00,0.72,0.8694830018159481,0.88906485,-0.1494830018159481,-0.16906484842300418
2026-08-02 00:30:00,2.8,2.483443213800016,2.4483993,0.3165567861999836,0.3516006946563719
2026-08-02 00:30:00,0.53,0.8966721567009579,0.5668329,-0.3666721567009579,-0.03683290004730222
2026-08-02 00:30:00,0.08,0.09528419537320991,0.15170982,-0.015284195373209908,-0.07170982480049133
2026-08-02 00:30:00,1.75,1.8882024214768647,1.8936284,-0.13820242147686468,-0.14362835884094238
2026-08-02 00:30:00,1.3,1.4139168733394647,1.48623,-0.11391687333946465,-0.18623001575469966
2026-08-02 00:30:00,10.68,11.09557826086957,10.987267,-0.4155782608695695,-0.30726654052734403
2026-08-02 00:30:00,0.92,1.1002909678468271,1.0131304,-0.18029096784682708,-0.09313042640686031
2026-08-02 00:30:00,1.42,2.3306537173951765,2.0024345,-0.9106537173951765,-0.5824344921112061
2026-08-02 00:30:00,1.27,1.23093945402415,1.3836501,0.03906054597584996,-0.11365006446838377
2026-08-02 00:30:00,0.16,0.1599984012478695,0.17510892,1.598752130516079e-06,-0.015108924508094784
2026-08-02 00:30:00,2.88,3.043329831671033,3.0137086,-0.163329831671033,-0.13370859146118175
2026-08-02 00:30:00,1.65,1.651260567162451,1.4333577,-0.0012605671624510428,0.21664228439331046
2026-08-02 00:30:00,-0.25,-0.2527302991025333,-0.26969618,0.0027302991025333068,0.019696176052093506
2026-08-02 00:30:00,0.3,0.48795527124054877,0.33402592,-0.18795527124054878,-0.03402591943740846
2026-08-02 00:30:00,0.47,0.9517423860629122,0.49493793,-0.4817423860629122,-0.02493792653083804
2026-08-02 00:30:00,0.64,0.7419005081980816,0.754828,-0.10190050819808161,-0.11482797622680663
2026-08-02 00:30:00,0.51,0.8220186170924919,0.550834,-0.3120186170924919,-0.04083400011062621
2026-08-02 00:30:00,-0.03,0.039154317122363023,0.04909805,-0.06915431712236303,-0.07909804835915565
2026-08-02 00:30:00,1.8,2.1015535214394423,2.1246696,-0.30155352143944225,-0.3246695518493652
2026-08-02 00:30:00,2.33,2.379845528604124,2.4615576,-0.049845528604123945,-0.1315576267242431
2026-08-02 00:30:00,1.96,2.6245602288415757,2.8975413,-0.6645602288415757,-0.9375412845611573
2026-08-02 00:30:00,0.08,0.08680054533079953,0.12804171,-0.006800545330799532,-0.048041714429855345
2026-08-02 00:30:00,0.73,1.0596422248771749,0.91805655,-0.32964222487717487,-0.18805654764175417
2026-08-02 00:30:00,-0.15,0.619063298738884,0.050117772,-0.769063298738884,-0.20011777207255363
2026-08-02 03:30:00,1.56,1.9142489704408203,1.9783363,-0.35424897044082027,-0.41833633422851557
2026-08-02 03:30:00,1.6,2.622646994529719,2.6104066,-1.022646994529719,-1.0104066371917724
2026-08-02 03:30:00,1.04,1.3843533597533615,1.5075278,-0.34435335975336145,-0.4675278282165527
2026-08-02 03:30:00,1.96,2.002190805976748,2.0889935,-0.04219080597674818,-0.12899354934692386
2026-08-02 03:30:00,2.55,2.871900107045659,2.9289327,-0.3219001070456593,-0.37893266677856463
2026-08-02 03:30:00,-0.04,0.0018737258586528718,0.057196535,-0.04187372585865287,-0.09719653517007829
2026-08-02 03:30:00,0.92,1.1059991284971586,1.0368887,-0.1859991284971586,-0.11688871860504146
2026-08-02 03:30:00,0.65,0.7984798276968874,0.74589443,-0.1484798276968874,-0.09589443206787107
2026-08-02 03:30:00,0.02,-0.012638605677296695,0.033290718,0.03263860567729669,-0.013290717750787735
2026-08-02 03:30:00,0.42,0.46083215591055143,0.40181988,-0.04083215591055145,0.018180115222930893
2026-08-02 03:30:00,1.25,1.5340952817402365,1.5020036,-0.28409528174023646,-0.25200355052948
2026-08-02 03:30:00,0.45,0.8221872816746039,0.57507324,-0.37218728167460385,-0.1250732421875
2026-08-02 03:30:00,1.2,1.417064500079252,1.8257859,-0.21706450007925215,-0.6257858753204346
2026-08-02 03:30:00,-0.15,-0.11797203275640605,0.16996951,-0.03202796724359394,-0.31996951401233675
2026-08-02 03:30:00,0.82,0.8262418643993322,0.8468176,-0.006241864399332275,-0.026817612648010303
2026-08-02 03:30:00,1.18,1.6711556149097904,1.6359489,-0.49115561490979043,-0.4559488964080811
2026-08-02 03:30:00,2.28,3.115486171414651,3.2588594,-0.8354861714146513,-0.9788593959808352
2026-08-02 03:30:00,1.26,1.407084589092657,1.4887191,-0.1470845890926571,-0.22871910572052
2026-08-02 03:30:00,0.53,0.8866572683826872,0.5806107,-0.3566572683826872,-0.05061069250106809
2026-08-02 03:30:00,10.1,10.80145333333333,10.861584,-0.7014533333333297,-0.7615837097167972
2026-08-02 03:30:00,0.09,0.07430100879526325,0.14427662,0.01569899120473675,-0.054276618957519535
2026-08-02 03:30:00,1.57,2.5227177095526225,2.6571126,-0.9527177095526225,-1.0871125984191894
2026-08-02 03:30:00,3.49,4.127467903163069,4.1725054,-0.6374679031630688,-0.6825053787231443
2026-08-02 03:30:00,-0.24,-0.2558684193891094,-0.2596738,0.015868419389109434,0.01967380404472352
2026-08-02 03:30:00,0.04,0.0843115248280913,0.16794473,-0.0443115248280913,-0.1279447293281555
2026-08-02 03:30:00,0.16,0.1557267914753717,0.18560998,0.004273208524628314,-0.02560998141765594
2026-08-02 03:30:00,0.04,0.06755329042171772,0.11019822,-0.027553290421717717,-0.0701982221007347
2026-08-02 03:30:00,1.8,1.6203800461615117,1.6145927,0.1796199538384884,0.1854073286056519
2026-08-02 03:30:00,5.98,6.539999560493975,6.846071,-0.5599995604939743,-0.8660707664489742
2026-08-02 03:30:00,2.3,2.361064110833151,2.5501566,-0.06106411083315111,-0.2501565933227541
2026-08-02 03:30:00,0.39,0.4951171300344493,0.38735956,-0.10511713003444928,0.0026404404640197887
2026-08-02 03:30:00,2.44,3.523471685234412,3.6157846,-1.0834716852344122,-1.1757846450805665
2026-08-02 03:30:00,0.62,0.8840255202704828,0.79164624,-0.26402552027048276,-0.17164624214172364
2026-08-02 03:30:00,0.53,0.5588726494882809,0.490051,-0.028872649488280833,0.039948998689651516
2026-08-02 03:30:00,0.87,1.1236337819899131,1.0699977,-0.25363378198991315,-0.1999976682662964
2026-08-02 03:30:00,1.26,1.6829107810984534,1.6585975,-0.42291078109845337,-0.398597469329834
2026-08-02 09:30:00,0.92,1.2947815729490524,1.3650515,-0.37478157294905234,-0.44505150794982906
2026-08-02 09:30:00,1.1,1.397636396570469,1.5721006,-0.2976363965704689,-0.47210063934326163
2026-08-02 09:30:00,3.18,2.25946188356676,2.2981918,0.92053811643324,0.8818082141876222
2026-08-02 09:30:00,0.81,1.0413288280143114,0.9252367,-0.23132882801431132,-0.11523670196533198
2026-08-02 09:30:00,-0.1,-0.12023670554949989,0.0702863,0.020236705549499884,-0.17028629630804062
2026-08-02 09:30:00,5.58,1.9220374338304334,1.945359,3.6579625661695667,3.6346410083770753
2026-08-02 09:30:00,0.02,0.07096121714150878,0.074757524,-0.05096121714150878,-0.05475752383470535
2026-08-02 09:30:00,0.45,0.6043591234295362,0.4560206,-0.15435912342953623,-0.0060205936431884655
2026-08-02 09:30:00,-0.04,0.003578033577517139,0.06834567,-0.04357803357751714,-0.10834567338228226
2026-08-02 09:30:00,2.99,2.4639642295451423,2.9457874,0.5260357704548579,0.0442125701904299
2026-08-02 09:30:00,0.09,0.07281275896826997,0.15142912,0.017187241031730027,-0.061429116725921634
2026-08-02 09:30:00,0.18,0.1543667914753717,0.19276248,0.025633208524628304,-0.012762479186058051
2026-08-02 09:30:00,1.39,0.7173176441411229,0.77586716,0.672682355858877,0.6141328358650207
2026-08-02 09:30:00,0.04,0.05611199196367066,0.075572304,-0.016111991963670656,-0.03557230442762375
2026-08-02 09:30:00,0.5,0.5952582019628637,0.55579394,-0.09525820196286372,-0.055793941020965576
2026-08-02 09:30:00,-0.24,-0.24399750039296436,-0.2547366,0.00399750039296437,0.014736602306365976
2026-08-02 09:30:00,2.01,2.013284766897947,2.077218,-0.003284766897947211,-0.06721805572509787
2026-08-02 09:30:00,1.15,1.0869271638248161,1.1983443,0.06307283617518378,-0.04834434986114511
2026-08-02 09:30:00,2.2,0.4768844148937563,0.55457145,1.7231155851062439,1.6454285502433779
2026-08-02 09:30:00,0.92,1.10476336460827,1.0539764,-0.18476336460826992,-0.13397641658782955
2026-08-02 09:30:00,5.74,5.898237320487485,6.621407,-0.15823732048748518,-0.8814070320129392
2026-08-02 09:30:00,0.56,0.8867406017160205,0.5941564,-0.3267406017160205,-0.03415638446807856
2026-08-02 09:30:00,0.6,2.0600317272912934,2.090232,-1.4600317272912933,-1.4902318954467773
2026-08-02 09:30:00,0.16,0.07711098859289678,0.26988715,0.08288901140710322,-0.10988714933395385
2026-08-02 09:30:00,0.53,0.67724998132834,0.72783315,-0.14724998132834,-0.19783315181732175
2026-08-02 09:30:00,-3.3,-2.611499999999998,-2.9929492,-0.6885000000000017,-0.30705075263977033
2026-08-02 09:30:00,2.96,0.9539029087878445,1.033355,2.0060970912121556,1.9266450023651123
2026-08-02 09:30:00,1.2,1.4173395000792521,1.8572612,-0.21733950007925218,-0.6572611808776856
2026-08-02 09:30:00,0.42,0.46040084800277287,0.41536555,-0.04040084800277288,0.004634453058242782
2026-08-02 09:30:00,3.86,3.568999359369655,3.6935055,0.2910006406303447,0.16649447441101062
2026-08-02 09:30:00,1.58,1.4313720092389353,1.4000454,0.1486279907610648,0.17995460510253913
2026-08-02 09:30:00,1.55,2.8692981751074758,3.7476847,-1.3192981751074757,-2.197684717178345
2026-08-02 09:30:00,10.2,11.83570000000001,12.21722,-1.6357000000000106,-2.017220306396485
2026-08-02 09:30:00,3.28,2.9782379106062797,2.8948352,0.30176208939372007,0.3851647663116453
2026-08-02 09:30:00,0.02,-0.015439361731948204,0.039824087,0.035439361731948206,-0.019824087172746658
2026-08-02 09:30:00,1.01,0.9690297835973211,1.0715234,0.04097021640267895,-0.06152342796325683
2026-08-02 09:30:00,2.25,2.643904860379667,2.6455138,-0.3939048603796671,-0.39551377296447754
2026-08-02 09:30:00,2.69,1.5255861024219715,1.5841981,1.1644138975780285,1.1058018827438354
2026-08-02 09:30:00,4.58,1.8611252956843611,1.8462446,2.718874704315639,2.7337554264068604
2026-08-03 00:30:00,0.65,0.6649646542282107,0.6973313,-0.014964654228210694,-0.04733130931854246
2026-08-03 00:30:00,2.38,3.559187500000005,3.1418045,-1.1791875000000052,-0.7618044567108155
2026-08-03 00:30:00,0.42,0.443199475119516,0.42807284,-0.023199475119516033,-0.008072839975357071
2026-08-03 00:30:00,1.2,1.3894504324162367,1.7998531,-0.1894504324162367,-0.5998530864715577
2026-08-03 00:30:00,-0.03,-0.029425853296932432,0.05531002,-0.000574146703067567,-0.08531001836061478
2026-08-03 00:30:00,-0.24,-0.23104131024936855,-0.26969618,-0.008958689750631438,0.029696176052093515
2026-08-03 00:30:00,0.19,0.40432566075135684,0.21042043,-0.21432566075135684,-0.020420429706573484
2026-08-03 00:30:00,3.86,4.007962847616465,3.8773072,-0.14796284761646517,-0.017307176589965945
2026-08-03 00:30:00,-0.1,-0.10719222871031889,-0.11148585,0.007192228710318882,0.011485846340656275
2026-08-03 00:30:00,0.81,0.9476389777743386,0.956829,-0.13763897777433853,-0.14682901144027705
2026-08-03 00:30:00,6.28,3.4529583333333362,3.4561317,2.827041666666664,2.8238683032989504
2026-08-03 00:30:00,1.84,1.7372454075515011,1.6802176,0.10275459244849894,0.15978237628936776
2026-08-03 00:30:00,0.89,0.9394440830808907,1.0157259,-0.049444083080890655,-0.12572585105895995
2026-08-03 00:30:00,1.15,1.181362456167481,1.2190199,-0.03136245616748101,-0.06901988983154306
2026-08-03 00:30:00,2.08,1.517728332445746,1.3904327,0.5622716675542541,0.6895672845840455
2026-08-03 00:30:00,2.4,2.191405553427776,2.373871,0.2085944465722238,0.02612891197204581
2026-08-03 00:30:00,2.73,2.2830396513140765,2.477638,0.4469603486859235,0.25236199378967283
2026-08-03 00:30:00,0.09,0.08466516812921739,0.12804171,0.005334831870782611,-0.03804171442985535
2026-08-03 00:30:00,0.39,0.5673192349037186,0.4501745,-0.1773192349037186,-0.060174510478973375
2026-08-03 00:30:00,3.55,2.944195751243978,3.0548475,0.605804248756022,0.4951525211334227
2026-08-03 00:30:00,3.39,4.9121999999999995,5.532002,-1.5221999999999993,-2.142001972198486
2026-08-03 00:30:00,1.3,1.0506728609164167,1.3200043,0.2493271390835834,-0.020004343986511186
2026-08-03 00:30:00,0.56,0.6145721163053293,0.63485146,-0.05457211630532921,-0.07485145568847651
2026-08-03 00:30:00,6.08,5.741145646319297,6.3595595,0.33885435368070294,-0.27955953598022454
2026-08-03 00:30:00,0.03,0.03802742915429097,0.19411837,-0.008027429154290971,-0.16411836564540863
2026-08-03 00:30:00,0.92,1.0906185864629399,1.0163496,-0.17061858646293981,-0.09634955406188961
2026-08-03 00:30:00,5.3,3.45503518391874,3.4547038,1.84496481608126,1.8452961921691893
2026-08-03 00:30:00,0.33,0.20099137924302832,0.17428641,0.1290086207569717,0.15571358978748323
2026-08-03 00:30:00,1.64,3.3418581060606063,2.4922926,-1.7018581060606064,-0.8522926425933839
2026-08-03 00:30:00,2.22,2.5976413929620947,2.6858559,-0.37764139296209454,-0.46585586547851543
2026-08-03 00:30:00,0.5,0.6231782467594408,0.49493793,-0.12317824675944078,0.005062073469161987
2026-08-03 00:30:00,1.09,1.30121088542644,1.3015515,-0.21121088542643984,-0.21155146121978752
2026-08-03 00:30:00,12.42,11.992699999999992,11.397914,0.4273000000000078,1.022086067199707
2026-08-03 00:30:00,6.48,5.111500000000005,5.249769,1.3684999999999956,1.2302307891845707
2026-08-03 00:30:00,0.04,0.02154585779658997,0.0554091,0.01845414220341003,-0.015409099906682967
2026-08-03 00:30:00,3.47,1.9604772321428563,1.8156923,1.509522767857144,1.6543076944351198
2026-08-03 03:30:00,7.5,5.338000290360042,5.4332523,2.161999709639958,2.0667476654052734
2026-08-03 03:30:00,14.31,11.272247950310561,11.179417,3.0377520496894395,3.13058334350586
2026-08-03 03:30:00,3.2,3.067924041677277,3.0637884,0.13207595832272334,0.13621158599853533
2026-08-03 03:30:00,3.86,3.7505588823181673,3.9312553,0.10944111768183262,-0.071255340576172
2026-08-03 03:30:00,0.09,0.0849345472141847,0.13449456,0.0050654527858153,-0.04449455797672272
2026-08-03 03:30:00,4.89,5.148649999999999,5.886958,-0.2586499999999994,-0.9969581222534183
2026-08-03 03:30:00,2.4,2.1638743722943694,2.016962,0.2361256277056305,0.38303794860839835
2026-08-03 03:30:00,2.42,2.7721513690476205,3.0263374,-0.35215136904762057,-0.6063373851776124
2026-08-03 03:30:00,-0.24,-0.2355674860915003,-0.2596738,-0.004432513908499691,0.01967380404472352
2026-08-03 03:30:00,2.09,2.0487163722722608,1.9004459,0.04128362772773908,0.1895540618896483
2026-08-03 03:30:00,2.13,2.1411107142857135,1.8353841,-0.011110714285713641,0.2946158695220946
2026-08-03 03:30:00,3.79,3.455928028779789,3.5941064,0.33407197122021115,0.1958935642242432
2026-08-03 03:30:00,0.42,0.45590605326359424,0.41218483,-0.03590605326359425,0.00781516551971434
2026-08-03 03:30:00,2.0,1.6352859485258284,1.3962814,0.3647140514741716,0.603718638420105
2026-08-03 03:30:00,0.92,1.0947991284971585,1.0368887,-0.1747991284971585,-0.11688871860504146
2026-08-03 03:30:00,0.02,0.04556706404179692,0.048536975,-0.025567064041796917,-0.02853697493672371
2026-08-03 03:30:00,3.4,2.962343828783295,3.359425,0.43765617121670486,0.04057493209838858
2026-08-03 03:30:00,2.18,2.5719586211254803,2.5191855,-0.3919586211254802,-0.3391855430603026
2026-08-03 03:30:00,0.51,0.49235360037653775,0.71968454,0.01764639962346226,-0.20968454122543334
2026-08-03 03:30:00,0.2,0.3664203489982987,0.2260127,-0.16642034899829866,-0.026012706756591786
2026-08-03 03:30:00,1.34,0.6910550595614445,0.7878839,0.6489449404385556,0.5521161222457887
2026-08-03 03:30:00,2.43,2.6335656058698094,2.4576437,-0.2035656058698092,-0.027643747329711754
2026-08-03 03:30:00,0.83,0.8230292012566974,0.92136014,0.006970798743302531,-0.09136013507843022
2026-08-03 03:30:00,1.13,1.131451763510102,1.2495421,-0.001451763510102122,-0.11954211711883556
2026-08-03 03:30:00,0.35,0.5151556031198818,0.39221403,-0.16515560311988187,-0.04221403002738955
2026-08-03 03:30:00,1.2,1.417064500079252,1.8257859,-0.21706450007925215,-0.6257858753204346
2026-08-03 03:30:00,0.56,0.6049843090146672,0.77775,-0.0449843090146671,-0.217750015258789
2026-08-03 03:30:00,-0.1,1.3766785900700333,-0.09346957,-1.4766785900700334,-0.0065304324030876215
2026-08-03 03:30:00,2.79,2.248574732142856,2.7368784,0.5414252678571438,0.05312160491943363
2026-08-03 03:30:00,1.08,1.5418621396566123,1.3244678,-0.46186213965661227,-0.2444677782058715
2026-08-03 03:30:00,6.63,5.632274999999992,6.1230154,0.997725000000008,0.5069845962524413
2026-08-03 03:30:00,0.05,0.033392711484275035,0.060431316,0.016607288515724968,-0.010431316494941709
2026-08-03 03:30:00,-0.03,-0.03969674505782033,0.05859552,0.009696745057820332,-0.08859551951289177
2026-08-03 03:30:00,0.95,1.1127264634099705,1.047027,-0.16272646340997055,-0.09702699184417729
2026-08-03 03:30:00,6.75,6.353543015024192,7.14375,0.39645698497580817,-0.3937501907348633
2026-08-03 03:30:00,0.42,0.40142491591741597,0.36270496,0.018575084082584015,0.05729503750801085
2026-08-03 06:30:00,0.67,0.5153385984429605,0.39194316,0.15466140155703956,0.2780568432807923
2026-08-03 06:30:00,1.13,2.2619271427717185,2.225528,-1.1319271427717186,-1.0955280017852784
2026-08-03 06:30:00,-0.23,-0.24149961507362933,-0.26306322,0.011499615073629316,0.03306322216987609
2026-08-03 06:30:00,2.84,2.7503744844795075,2.7289305,0.08962551552049236,0.11106952667236314
2026-08-03 06:30:00,2.02,1.2511110017278901,1.1227348,0.7688889982721099,0.897265214920044
2026-08-03 06:30:00,3.11,2.1175513854678316,2.0707903,0.9924486145321683,1.0392097091674803
2026-08-03 06:30:00,0.71,0.855870786523884,0.9077263,-0.14587078652388408,-0.1977262878417969
2026-08-03 06:30:00,3.59,3.705073270648439,3.8345592,-0.11507327064843897,-0.244559202194214
2026-08-03 06:30:00,0.02,0.025354259811241987,0.063983016,-0.005354259811241987,-0.04398301571607589
2026-08-03 06:30:00,-0.17,-0.07782608532549319,0.0038946646,-0.09217391467450682,-0.17389466458000244
2026-08-03 06:30:00,3.75,1.4258957837418194,1.2652998,2.3241042162581804,2.4847002029418945
2026-08-03 06:30:00,2.55,1.9137074707613835,1.9398524,0.6362925292386163,0.6101476430892943
2026-08-03 06:30:00,0.59,0.6133404441206006,0.6544338,-0.023340444120600656,-0.0644337868690491
2026-08-03 06:30:00,7.85,3.2208500000000027,3.4299173,4.629149999999997,4.420082664489746
2026-08-03 06:30:00,7.72,6.886022492246087,7.1996927,0.8339775077539127,0.5203072738647458
2026-08-03 06:30:00,0.93,1.093918572941603,1.0368887,-0.16391857294160295,-0.10688871860504146
2026-08-03 06:30:00,1.2,1.4173395000792521,1.8257859,-0.21733950007925218,-0.6257858753204346
2026-08-03 06:30:00,0.42,0.45580123019710095,0.37610334,-0.035801230197100964,0.04389665842056273
2026-08-03 06:30:00,2.27,1.9118926181847535,2.050166,0.3581073818152465,0.21983410835266115
2026-08-03 06:30:00,2.67,2.423084457935246,2.2772555,0.24691554206475397,0.3927444648742675
2026-08-03 06:30:00,-0.02,-0.030007042676867955,0.05380711,0.010007042676867955,-0.0738071095943451
2026-08-03 06:30:00,1.35,0.9353060020171025,0.96376723,0.41469399798289763,0.3862327694892884
2026-08-03 06:30:00,5.33,2.643921388257575,2.669225,2.686078611742425,2.660775022506714
2026-08-03 06:30:00,0.2,0.3209043586712847,0.1343624,-0.12090435867128468,0.06563760042190553
2026-08-03 06:30:00,4.27,3.803831433563392,4.0023727,0.46616856643660753,0.2676272583007808
2026-08-03 06:30:00,1.12,1.14598852601158,1.221281,-0.02598852601157997,-0.10128105163574208
2026-08-03 06:30:00,7.65,6.246590643939396,5.952897,1.403409356060604,1.6971029281616214
2026-08-03 06:30:00,0.15,0.08615615881336983,0.12670015,0.06384384118663017,0.023299852013587946
2026-08-03 06:30:00,0.75,0.4767688277286792,0.34109944,0.2732311722713208,0.40890055894851685
2026-08-03 06:30:00,9.2,6.961364423076919,6.9036098,2.2386355769230804,2.29639024734497
2026-08-03 06:30:00,2.19,2.3306747584020466,2.4026637,-0.14067475840204668,-0.21266370773315435
2026-08-03 06:30:00,0.5,0.4851097116061219,0.6323532,0.014890288393878126,-0.13235318660736084
2026-08-03 06:30:00,0.11,0.13276229535736278,-0.0029899543,-0.02276229535736278,0.11298995431512594
2026-08-03 06:30:00,14.6,14.488900000000008,13.622828,0.11109999999999154,0.9771724700927731
2026-08-03 06:30:00,5.85,2.2254432473980965,2.2148914,3.624556752601903,3.6351085662841793
2026-08-03 06:30:00,5.18,3.4781000000000013,3.634354,1.7018999999999984,1.545645885467529
2026-08-03 15:30:00,0.07,0.02455621248807638,0.041383237,0.04544378751192363,0.028616763353347785
2026-08-03 15:30:00,1.61,1.9680867579365096,1.722804,-0.35808675793650946,-0.11280395030975332
2026-08-03 15:30:00,0.5,0.571889372330061,0.68731594,-0.07188937233006099,-0.1873159408569336
2026-08-03 15:30:00,7.92,7.691260416666674,7.568538,0.22873958333332567,0.35146181106567376
2026-08-03 15:30:00,8.24,7.817252083333338,7.354801,0.4227479166666619,0.8851988220214846
2026-08-03 15:30:00,0.19,0.23395264896252715,0.16260406,-0.04395264896252715,0.027395936250686648
2026-08-03 15:30:00,3.11,3.4036500000000003,3.164914,-0.2936500000000004,-0.054913892745971804
2026-08-03 15:30:00,3.14,2.8879794030546395,2.5735424,0.2520205969453606,0.5664576435089113
2026-08-03 15:30:00,2.28,3.1313857142857136,3.1126385,-0.8513857142857137,-0.8326384735107424
2026-08-03 15:30:00,0.95,1.1166618247070836,1.0549953,-0.16666182470708368,-0.10499529838562016
2026-08-03 15:30:00,1.14,1.2503631410256417,0.9231695,-0.11036314102564182,0.21683050632476797
2026-08-03 15:30:00,6.1,6.925749999999997,7.377441,-0.8257499999999975,-1.2774409294128422
2026-08-03 15:30:00,15.96,14.14520000000001,14.311083,1.814799999999991,1.6489171600341805
2026-08-03 15:30:00,0.74,0.8435910393631137,0.6906881,-0.10359103936311376,0.04931192636489867
2026-08-03 15:30:00,1.5,1.5660960751923971,1.2864262,-0.06609607519239713,0.21357381343841553
2026-08-03 15:30:00,0.19,0.14080559832168152,0.17366786,0.04919440167831848,0.016332136988639834
2026-08-03 15:30:00,-0.02,-0.020009185405382986,0.06957849,9.185405382985956e-06,-0.08957849115133286
2026-08-03 15:30:00,2.97,2.1928166568753213,2.4967682,0.7771833431246788,0.4732317638397219
2026-08-03 15:30:00,1.2,1.4230028460388482,1.8456265,-0.22300284603884823,-0.6456264734268189
2026-08-03 15:30:00,0.1,0.13747140656529888,0.069599114,-0.037471406565298876,0.030400885641574865
2026-08-03 15:30:00,3.42,4.66171875,5.178444,-1.2417187500000004,-1.7584439086914063
2026-08-03 15:30:00,2.26,2.1766923851072066,2.2456982,0.08330761489279315,0.014301786422729279
2026-08-03 15:30:00,1.69,1.86487449133652,1.5583442,-0.1748744913365201,0.13165575504302973
2026-08-03 15:30:00,3.33,2.9945318308801343,2.700905,0.33546816911986577,0.6290949153900147
2026-08-03 15:30:00,0.04,0.04959483636026506,0.075801544,-0.009594836360265056,-0.0358015438914299
2026-08-03 15:30:00,0.42,0.4451692361158864,0.37187698,-0.025169236115886395,0.048123015165328964
2026-08-03 15:30:00,0.58,0.6249352257386239,0.66242415,-0.04493522573862396,-0.08242414712905888
2026-08-03 15:30:00,2.75,2.2474823641277313,2.3467472,0.5025176358722687,0.40325284004211426
2026-08-03 15:30:00,1.01,0.971251524611164,1.0880064,0.03874847538883597,-0.0780063772201538
2026-08-03 15:30:00,4.5,4.131981398772597,4.0613523,0.36801860122740315,0.4386477470397949
2026-08-03 15:30:00,-0.22,-0.23593160065626,-0.17398782,0.01593160065626001,-0.046012179255485536
2026-08-03 15:30:00,3.7,3.493679074154236,3.6262493,0.20632092584576434,0.07375068664550799
2026-08-03 15:30:00,3.3,4.388375000000002,5.3431005,-1.0883750000000019,-2.0431005477905275
2026-08-03 15:30:00,-3.29,-2.785849999999998,-2.9858453,-0.5041500000000019,-0.3041546726226807
2026-08-03 15:30:00,1.14,1.1541043249641663,1.2467849,-0.01410432496416636,-0.10678492546081553
2026-08-03 15:30:00,9.72,9.15069999999999,8.647299,0.5693000000000108,1.0727011871337897
2026-08-03 15:30:00,-0.15,-0.08175002828514152,0.16633803,-0.06824997171485847,-0.3163380265235901
2026-08-03 15:30:00,5.8,4.764197167624953,4.675095,1.0358028323750466,1.1249049186706541
2026-08-03 15:30:00,0.84,0.7555061035147017,0.8355066,0.08449389648529826,0.004493381977081268
2026-08-03 18:30:00,0.22,0.24310094342124958,0.1561262,-0.023100943421249576,0.06387379884719849
2026-08-03 18:30:00,1.32,1.0070987021915294,0.88609314,0.31290129780847065,0.43390686035156256
2026-08-03 18:30:00,0.11,0.08308324519113869,0.12142206,0.026916754808861312,-0.011422059834003448
2026-08-03 18:30:00,-0.02,-0.032138977425295145,0.07832935,0.012138977425295145,-0.09832934707403183
2026-08-03 18:30:00,4.94,4.493567455639947,4.7380357,0.44643254436005364,0.201964321136475
2026-08-03 18:30:00,3.21,2.773687124113138,2.8311808,0.4363128758868622,0.37881918907165524
2026-08-03 18:30:00,0.5,0.5892000423426856,0.7112305,-0.08920004234268564,-0.21123051643371582
2026-08-03 18:30:00,8.24,8.058115555555554,7.6531906,0.18188444444444585,0.5868093872070315
2026-08-03 18:30:00,3.05,3.0576548375706194,2.898878,-0.007654837570619577,0.15112190246582013
2026-08-03 18:30:00,1.02,1.2330701679413787,1.1925492,-0.21307016794137867,-0.17254922866821287
2026-08-03 18:30:00,4.85,3.7401637271336,3.8671582,1.1098362728663997,0.9828418254852291
2026-08-03 18:30:00,3.96,3.083705621069116,3.240313,0.8762943789308841,0.7196869468688964
2026-08-03 18:30:00,-2.83,-2.671499999999998,-2.889073,-0.15850000000000186,0.05907289505004876
2026-08-03 18:30:00,2.7,2.252099016171205,2.2221022,0.44790098382879506,0.4778978347778322
2026-08-03 18:30:00,7.9,8.050500000000012,8.042235,-0.15050000000001162,-0.14223537445068324
2026-08-03 18:30:00,2.63,2.248478169235776,1.7852882,0.38152183076422386,0.8447117853164672
2026-08-03 18:30:00,0.75,0.8407204511793916,0.85296816,-0.09072045117939165,-0.10296815633773804
2026-08-03 18:30:00,0.03,0.05473233636026504,0.08862377,-0.02473233636026504,-0.0586237695813179
2026-08-03 18:30:00,1.72,1.7118159149033412,1.4076529,0.0081840850966588,0.3123471450805664
2026-08-03 18:30:00,0.1,0.13351239861477526,0.09387887,-0.03351239861477526,0.006121127307415014
2026-08-03 18:30:00,-0.22,-0.20538412713678528,-0.075379066,-0.014615872863214724,-0.14462093383073807
2026-08-03 18:30:00,7.01,5.934051390400031,5.8005815,1.075948609599969,1.209418544769287
2026-08-03 18:30:00,1.2,1.423959274405199,1.8543773,-0.22395927440519903,-0.6543772697448731
2026-08-03 18:30:00,3.2,5.394999999999998,5.114128,-2.1949999999999976,-1.9141281127929686
2026-08-03 18:30:00,0.96,1.092051610938363,1.0658436,-0.13205161093836293,-0.10584358215332035
2026-08-03 18:30:00,1.49,2.75666016332764,2.9694633,-1.26666016332764,-1.4794633483886719
2026-08-03 18:30:00,0.19,0.21086452821092538,0.21241027,-0.02086452821092538,-0.022410271167755125
2026-08-03 18:30:00,1.56,2.176805180336486,1.9968888,-0.616805180336486,-0.4368887567520141
2026-08-03 18:30:00,0.42,0.432180643281794,0.3990835,-0.012180643281794024,0.0209165048599243
2026-08-03 18:30:00,0.57,0.5936227698945812,0.6210633,-0.02362276989458123,-0.051063292026519824
2026-08-03 18:30:00,1.85,3.805181724859839,3.2571113,-1.9551817248598389,-1.4071113109588622
2026-08-03 18:30:00,7.76,9.644449999999992,9.210025,-1.8844499999999922,-1.4500248336791994
2026-08-03 18:30:00,1.01,1.0065690237146518,1.1298316,0.003430976285348164,-0.11983155250549316
2026-08-03 18:30:00,1.27,1.1903337982146316,1.2415729,0.07966620178536843,0.028427143096923846
2026-08-03 18:30:00,16.29,15.30314999999999,14.19042,0.9868500000000093,2.099579849243163
2026-08-03 18:30:00,2.39,2.0686681593094645,2.1510901,0.32133184069053566,0.23890985488891614
2026-08-03 18:30:00,3.58,3.2570132364974875,3.351611,0.32298676350251254,0.22838910102844245
2026-08-03 18:30:00,4.53,1.6203444931486595,1.7310106,2.909655506851341,2.798989443778992
2026-08-03 18:30:00,-0.14,-0.12668761265165698,0.1536562,-0.01331238734834303,-0.29365619957447053
2026-08-04 00:30:00,2.84,3.5409266666666683,2.230588,-0.7009266666666685,0.6094120407104491
2026-08-04 00:30:00,0.82,1.0000652813789472,0.92607266,-0.18006528137894728,-0.10607265710830693
2026-08-04 00:30:00,2.48,2.426708857881725,2.3647919,0.053291142118275125,0.11520812988281248
2026-08-04 00:30:00,0.24,0.1857780802370928,0.1196344,0.05422191976290719,0.12036560267210006
2026-08-04 00:30:00,13.4,16.15095000000002,13.641624,-2.750950000000019,-0.2416244506835934
2026-08-04 00:30:00,3.2,2.162669887554212,1.954381,1.037330112445788,1.2456190109252931
2026-08-04 00:30:00,0.95,1.0415373736089504,1.0303708,-0.09153737360895042,-0.08037083148956303
2026-08-04 00:30:00,0.94,1.0573088747711363,1.0171036,-0.11730887477113638,-0.0771035528182984
2026-08-04 00:30:00,0.81,0.8973358964424033,0.8307601,-0.08733589644240325,-0.020760121345519966
2026-08-04 00:30:00,4.55,7.006150000000009,7.1483088,-2.456150000000009,-2.5983087539672853
2026-08-04 00:30:00,0.42,0.4607295170216626,0.37883246,-0.04072951702166261,0.04116754055023192
2026-08-04 00:30:00,3.53,4.9125418510757575,4.6763043,-1.3825418510757577,-1.146304340362549
2026-08-04 00:30:00,2.78,2.756081762012499,2.380908,0.023918237987500923,0.3990919876098631
2026-08-04 00:30:00,15.81,12.787199999999999,12.807499,3.022800000000002,3.002501068115235
2026-08-04 00:30:00,6.2,4.993589318115101,4.1404696,1.2064106818848988,2.0595304489135744
2026-08-04 00:30:00,4.75,3.5578698607255497,3.4858122,1.1921301392744503,1.2641878128051758
2026-08-04 00:30:00,-0.22,-0.20607784870512003,-0.09561967,-0.013922151294879975,-0.12438032895326614
2026-08-04 00:30:00,1.45,1.9449414772727258,1.0209743,-0.49494147727272586,0.42902572154998775
2026-08-04 00:30:00,1.25,1.1093560248824241,1.0856662,0.14064397511757587,0.16433382034301758
2026-08-04 00:30:00,0.81,1.1805525795845349,0.766293,-0.3705525795845348,0.04370701074600225
2026-08-04 00:30:00,1.14,2.1183887228535356,1.3243753,-0.9783887228535357,-0.18437527179718027
2026-08-04 00:30:00,1.39,3.6134722222222235,3.4990363,-2.223472222222224,-2.109036312103272
2026-08-04 00:30:00,0.83,1.4251813613500093,1.2541801,-0.5951813613500093,-0.4241800737380982
2026-08-04 00:30:00,5.0,4.699260186714888,4.754086,0.30073981328511223,0.24591398239135742
2026-08-04 00:30:00,3.6,2.7318958250352785,2.678316,0.8681041749647216,0.9216838836669923
2026-08-04 00:30:00,2.8,2.599417327001542,2.4905784,0.20058267299845767,0.30942158699035627
2026-08-04 00:30:00,0.39,1.0203411337616721,1.0473013,-0.6303411337616721,-0.6573012924194336
2026-08-04 00:30:00,2.78,2.7785753824721366,2.6701121,0.001424617527863159,0.10988786697387676
2026-08-04 00:30:00,2.13,1.6585730193729162,1.6114532,0.47142698062708366,0.5185468244552611
2026-08-04 00:30:00,7.17,4.939571137626463,4.7634754,2.230428862373537,2.4065245819091796
2026-08-04 00:30:00,0.14,0.22226558635457366,0.17787217,-0.08226558635457365,-0.037872166037559496
2026-08-04 00:30:00,1.64,1.1104005677292847,1.1804266,0.5295994322707152,0.45957340240478506
2026-08-04 00:30:00,0.17,0.21788718037977808,0.37319046,-0.04788718037977807,-0.2031904625892639
2026-08-04 00:30:00,0.19,0.16917353850478697,0.35530928,0.020826461495213028,-0.16530927777290344
2026-08-04 00:30:00,8.91,7.98535,7.959463,0.9246499999999997,0.9505368804931642
2026-08-04 00:30:00,8.35,8.639149999999997,8.576997,-0.2891499999999976,-0.22699680328369176
2026-08-04 00:30:00,2.02,1.9518643164229184,1.5557745,0.06813568357708166,0.464225549697876
2026-08-04 00:30:00,-0.08,0.1697141022880784,-0.07038619,-0.2497141022880784,-0.009613806307315828
2026-08-04 00:30:00,-0.02,-0.12672069354153723,0.050117772,0.10672069354153722,-0.07011777207255364
2026-08-04 00:30:00,1.93,3.326800360866435,3.280441,-1.396800360866435,-1.3504410457611085
2026-08-04 00:30:00,3.06,2.097076745357833,2.2572534,0.9629232546421669,0.8027465915679932
2026-08-04 00:30:00,1.67,2.2890824815270934,2.2459679,-0.6190824815270934,-0.5759678649902344
2026-08-04 00:30:00,1.4,1.236156889897052,1.4301221,0.16384311010294783,-0.030122137069702237
2026-08-04 00:30:00,0.95,1.7725569852544305,1.4697499,-0.8225569852544306,-0.519749927520752
2026-08-04 00:30:00,1.11,1.3489948713047246,1.2893351,-0.23899487130472452,-0.17933513164520254
2026-08-04 00:30:00,0.68,0.7564328502897939,0.5701977,-0.07643285028979385,0.10980229854583745
2026-08-04 00:30:00,0.57,0.8705496815177929,0.77295226,-0.30054968151779293,-0.2029522585868836
2026-08-04 00:30:00,5.1,5.01247011441429,4.921618,0.08752988558570962,0.17838201522827113
2026-08-04 00:30:00,2.42,2.4237558476440983,2.3282676,-0.00375584764409842,0.0917324256896972
2026-08-04 00:30:00,0.11,0.018299793209240228,0.078982465,0.09170020679075977,0.031017535030841828
2026-08-04 00:30:00,2.11,3.1436437142486677,3.145932,-1.0336437142486679,-1.0359319591522218
2026-08-04 00:30:00,3.04,2.4796392482288088,2.3398602,0.5603607517711913,0.700139799118042
2026-08-04 00:30:00,0.04,0.1142270176665549,0.117745616,-0.0742270176665549,-0.07774561554193496
2026-08-04 00:30:00,5.05,6.720591029254366,6.740727,-1.670591029254366,-1.690726947784424
2026-08-04 00:30:00,2.77,3.0937713049170994,2.6436508,-0.3237713049170994,0.1263492298126221
2026-08-04 00:30:00,0.1,0.09692610142666443,0.09707103,0.003073898573335579,0.0029289707541465815
2026-08-04 00:30:00,1.8,2.024733742624662,1.9747546,-0.22473374262466206,-0.1747545719146728
2026-08-04 00:30:00,1.12,2.97177520906303,2.8191123,-1.85177520906303,-1.6991123008728026
2026-08-04 00:30:00,5.71,7.669930000000001,7.574999,-1.9599300000000008,-1.8649988555908203
2026-08-04 00:30:00,7.65,5.599073689839567,4.9684916,2.050926310160433,2.6815084457397464
2026-08-04 00:30:00,1.2,1.310322673722406,1.8202044,-0.11032267372240612,-0.6202043771743775
2026-08-04 00:30:00,1.25,1.3894504324162367,1.7998531,-0.13945043241623667,-0.5498530864715576
2026-08-04 00:30:00,1.99,1.3491133282632435,1.3494235,0.6408866717367565,0.6405764722824097
2026-08-04 00:30:00,4.76,2.599139472695525,2.721197,2.1608605273044748,2.0388031101226805
2026-08-04 00:30:00,0.51,0.4917089381234321,0.5054656,0.018291061876567927,0.004534373283386239
2026-08-04 00:30:00,0.51,0.557225508930186,0.6403604,-0.047225508930185955,-0.13036041498184203
2026-08-04 00:30:00,-0.01,-0.0015033808680937006,0.055507187,-0.008496619131906299,-0.06550718680024147
2026-08-04 00:30:00,0.02,-0.026894016482394655,0.053911027,0.046894016482394656,-0.033911026567220684
2026-08-04 00:30:00,2.63,4.877210318876284,4.6233363,-2.2472103188762844,-1.9933363151550294
2026-08-04 03:30:00,8.43,8.063149999999995,8.130993,0.3668500000000048,0.29900711059570284
2026-08-04 03:30:00,4.55,4.870924662453079,4.94755,-0.3209246624530788,-0.39754981994628924
2026-08-04 03:30:00,1.2,2.045412152769609,2.0821266,-0.8454121527696092,-0.8821266174316407
2026-08-04 03:30:00,1.75,1.8256617785831286,1.8737121,-0.07566177858312861,-0.12371206283569336
2026-08-04 03:30:00,2.6,3.4518224888228826,3.0805874,-0.8518224888228825,-0.48058738708496085
2026-08-04 03:30:00,2.83,2.748703086947211,2.5655327,0.08129691305278897,0.2644673156738282
2026-08-04 03:30:00,5.36,5.223081249966319,5.195941,0.13691875003368104,0.1640590286254886
2026-08-04 03:30:00,0.2,0.28341677200001325,0.23299117,-0.08341677200001324,-0.03299117386341094
2026-08-04 03:30:00,15.12,15.047150000000002,13.740422,0.0728499999999972,1.3795777511596672
2026-08-04 03:30:00,2.63,2.4897901700162866,2.380673,0.14020982998371334,0.24932706832885732
2026-08-04 03:30:00,1.12,1.2595196998023939,1.2366848,-0.13951969980239376,-0.11668479919433583
2026-08-04 03:30:00,0.42,0.46083215591055143,0.40181988,-0.04083215591055145,0.018180115222930893
2026-08-04 03:30:00,0.03,-0.08436121790125078,-0.08587762,0.11436121790125078,0.11587761968374252
2026-08-04 03:30:00,1.2,1.4147874289468283,1.9028447,-0.21478742894682834,-0.7028446674346924
2026-08-04 03:30:00,2.25,3.2976709367144643,2.8896914,-1.0476709367144643,-0.6396913528442383
2026-08-04 03:30:00,1.83,1.9048550631025072,1.7122633,-0.07485506310250711,0.11773665428161628
2026-08-04 03:30:00,2.53,3.166032205131828,3.0794091,-0.6360322051318281,-0.5494091224670412
2026-08-04 03:30:00,0.1,0.07653920190255588,0.16293843,0.023460798097444127,-0.0629384309053421
2026-08-04 03:30:00,1.05,2.0177869708090315,1.5786377,-0.9677869708090314,-0.5286377191543579
2026-08-04 03:30:00,7.04,7.105830833333339,6.8875895,-0.06583083333333928,0.15241054534912113
2026-08-04 03:30:00,0.09,0.11961788875348542,0.0970782,-0.029617888753485422,-0.007078196704387668
2026-08-04 03:30:00,0.96,1.0478503991832473,1.0364112,-0.08785039918324733,-0.07641116619110111
2026-08-04 03:30:00,-0.01,-0.021905728364808193,0.06340844,0.011905728364808193,-0.07340844184160232
2026-08-04 03:30:00,0.95,1.015717796085655,0.9779671,-0.06571779608565498,-0.027967083454132124
2026-08-04 03:30:00,4.1,3.384552129361721,3.2711535,0.7154478706382785,0.8288465499877926
2026-08-04 03:30:00,0.58,1.4105199467262524,0.95475626,-0.8305199467262524,-0.37475625991821293
2026-08-04 03:30:00,-0.21,-0.19871006807165556,-0.103538774,-0.011289931928344432,-0.10646122604608535
2026-08-04 03:30:00,4.22,4.608854599345956,4.5875998,-0.38885459934595623,-0.36759975433349634
2026-08-04 03:30:00,1.62,1.5294379082890663,1.6876999,0.09056209171093377,-0.06769991397857655
2026-08-04 03:30:00,0.57,0.8130016367237881,0.73081434,-0.24300163672378816,-0.16081433773040776
2026-08-04 03:30:00,5.4,6.129969791666671,6.69814,-0.7299697916666705,-1.2981401443481442
2026-08-04 03:30:00,2.62,3.0802566930549817,2.775012,-0.4602566930549816,-0.1550120162963866
2026-08-04 03:30:00,0.18,0.20947744122549883,0.37367132,-0.029477441225498835,-0.1936713230609894
2026-08-04 03:30:00,1.33,1.8516953456523293,1.3776371,-0.5216953456523292,-0.04763714790344231
2026-08-04 03:30:00,7.42,7.372006944444445,7.259874,0.047993055555554776,0.16012613296508782
2026-08-04 03:30:00,0.52,0.5575943038220919,0.7023781,-0.037594303822091835,-0.18237809419631956
2026-08-04 06:30:00,2.05,1.9362508291511151,1.5456891,0.1137491708488847,0.504310894012451
2026-08-04 06:30:00,2.49,2.449370769912637,2.9086308,0.04062923008736341,-0.418630847930908
2026-08-04 06:30:00,0.58,0.6512768457055109,0.5471119,-0.07127684570551096,0.03288807153701778
2026-08-04 06:30:00,8.6,8.367024999999986,8.440476,0.23297500000001392,0.15952358245849574
2026-08-04 06:30:00,0.07,0.017221999775586746,0.03567285,0.05277800022441326,0.0343271490931511
2026-08-04 06:30:00,2.0,1.8681299798897042,1.7881382,0.1318700201102958,0.21186184883117676
2026-08-04 06:30:00,-0.01,-0.027192312326218257,0.06001905,0.017192312326218255,-0.07001904979348182
2026-08-04 06:30:00,2.98,3.1843193992427423,2.7602015,-0.20431939924274234,0.21979854583740233
2026-08-04 06:30:00,1.21,1.3939915161761363,1.8952097,-0.1839915161761363,-0.6852096700668335
2026-08-04 06:30:00,0.96,1.099658338196871,1.1297692,-0.139658338196871,-0.16976920604705814
2026-08-04 06:30:00,1.08,1.184889552586217,1.1741093,-0.10488955258621702,-0.09410933971405022
2026-08-04 06:30:00,0.51,1.7615986417386085,1.2037724,-1.2515986417386085,-0.6937724256515503
2026-08-04 06:30:00,4.72,4.758341390687286,5.223675,-0.03834139068728604,-0.5036747741699221
2026-08-04 06:30:00,14.3,14.179799999999993,13.842586,0.12020000000000763,0.45741443634033274
2026-08-04 06:30:00,2.63,2.6085549297955946,2.766997,0.021445070204405337,-0.1369970989227296
2026-08-04 06:30:00,0.08,0.07288017316290298,0.13406672,0.007119826837097026,-0.05406671583652496
2026-08-04 06:30:00,2.67,2.6400640516277436,2.51269,0.029935948372256327,0.15730993270874016
2026-08-04 06:30:00,0.19,0.25970413288733507,0.20093505,-0.06970413288733507,-0.010935050845146177
2026-08-04 06:30:00,7.11,7.274288322510834,7.2227583,-0.16428832251083403,-0.11275829315185515
2026-08-04 06:30:00,0.18,0.19626483516619925,0.3744944,-0.016264835166199254,-0.19449440360069276
2026-08-04 06:30:00,1.88,2.5160057581453636,2.946962,-0.6360057581453638,-1.0669621181488038
2026-08-04 06:30:00,4.38,4.934705162553862,4.8415346,-0.5547051625538622,-0.4615346145629884
2026-08-04 06:30:00,2.38,2.443756216852971,2.6510365,-0.06375621685297128,-0.27103650093078624
2026-08-04 06:30:00,0.97,1.0245741148829266,1.0364112,-0.05457411488292663,-0.0664111661911011
2026-08-04 06:30:00,1.6,1.6959848736713585,1.7272056,-0.09598487367135844,-0.12720563411712638
2026-08-04 06:30:00,0.11,0.07032910614686232,0.15954898,0.039670893853137684,-0.049548982977867126
2026-08-04 06:30:00,0.42,0.4606598115882071,0.39843047,-0.04065981158820714,0.02156953334808348
2026-08-04 06:30:00,1.32,1.8473467632594862,1.3728511,-0.5273467632594862,-0.052851133346557555
2026-08-04 06:30:00,1.27,1.7865383305406177,1.9371563,-0.5165383305406177,-0.6671563196182251
2026-08-04 06:30:00,6.73,6.668124500457767,6.6892295,0.06187549954223304,0.04077051162719769
2026-08-04 06:30:00,3.75,4.02620039587579,3.8417253,-0.27620039587579015,-0.09172534942626953
2026-08-04 06:30:00,3.48,3.635015976852638,4.062507,-0.15501597685263802,-0.5825071525573731
2026-08-04 06:30:00,5.37,5.558345462595951,5.4105973,-0.18834546259595086,-0.040597324371337784
2026-08-04 06:30:00,0.52,0.6274242965361738,0.72479373,-0.1074242965361738,-0.20479373216629027
2026-08-04 06:30:00,-0.21,-0.19494658266355305,-0.10692819,-0.01505341733644694,-0.10307180792093276
2026-08-04 06:30:00,1.04,1.131075661505273,1.1435293,-0.09107566150527302,-0.10352929592132565
2026-08-04 09:30:00,0.1,0.1222343284345723,0.1700909,-0.022234328434572292,-0.07009089887142181
2026-08-04 09:30:00,-3.04,-2.7714499999999997,-2.8597217,-0.2685500000000003,-0.18027833938598636
2026-08-04 09:30:00,0.9,1.0708837688848993,1.0289897,-0.1708837688848993,-0.12898967266082761
2026-08-04 09:30:00,2.29,2.481572036054576,2.5244157,-0.19157203605457607,-0.23441573143005368
2026-08-04 09:30:00,2.03,1.964301697885624,1.951668,0.06569830211437577,0.07833197593688945
2026-08-04 09:30:00,0.63,0.7628825115756791,0.6623168,-0.1328825115756791,-0.032316799163818355
2026-08-04 09:30:00,1.54,1.9619395785212534,2.061699,-0.4219395785212534,-0.5216989135742187
2026-08-04 09:30:00,0.96,1.0785368626391587,1.0753944,-0.11853686263915875,-0.11539439201354984
2026-08-04 09:30:00,0.42,0.46040084800277287,0.41536555,-0.04040084800277288,0.004634453058242782
2026-08-04 09:30:00,5.83,6.16108805607734,6.423505,-0.3310880560773395,-0.5935048294067382
2026-08-04 09:30:00,0.95,1.0667130232705213,1.0947187,-0.11671302327052135,-0.1447186946868897
2026-08-04 09:30:00,3.3,3.4444280758907357,3.7511659,-0.14442807589073592,-0.4511658668518068
2026-08-04 09:30:00,2.94,2.5982211871564727,2.5419009,0.3417788128435273,0.39809912681579585
2026-08-04 09:30:00,1.26,1.4987307411491428,1.1324369,-0.23873074114914283,0.12756312847137452
2026-08-04 09:30:00,0.49,0.6340885224697214,0.5144035,-0.14408852246972137,-0.02440352201461793
2026-08-04 09:30:00,1.23,1.3436617055069462,1.8574294,-0.11366170550694621,-0.6274293851852417
2026-08-04 09:30:00,13.05,13.639800000000001,14.258856,-0.5898000000000003,-1.2088558197021477
2026-08-04 09:30:00,0.03,0.0066888101166677335,0.079643704,0.023311189883332264,-0.04964370399713516
2026-08-04 09:30:00,0.01,-0.056714203936983454,0.06834567,0.06671420393698345,-0.058345673382282255
2026-08-04 09:30:00,-0.22,-0.19450730295580565,-0.09860157,-0.02549269704419435,-0.1213984277844429
2026-08-04 09:30:00,2.61,2.664636234580253,2.546036,-0.05463623458025291,0.06396399497985827
2026-08-04 09:30:00,2.9,3.2716161595413387,3.3313823,-0.37161615954133875,-0.43138227462768564
2026-08-04 09:30:00,2.4,2.607786234042824,2.5471988,-0.20778623404282426,-0.14719877243042
2026-08-04 09:30:00,8.78,8.492760714285717,8.342729,0.28723928571428203,0.43727138519287045
2026-08-04 09:30:00,5.37,5.4679637165094785,5.301551,-0.09796371650947844,0.06844913482666026
2026-08-04 09:30:00,2.03,2.282247427354823,2.0072978,-0.2522474273548232,0.022702245712280078
2026-08-04 09:30:00,0.99,1.108447019384751,1.1368148,-0.1184470193847511,-0.14681483268737794
2026-08-04 09:30:00,6.43,6.967279142246646,6.6180196,-0.5372791422466463,-0.18801958084106474
2026-08-04 09:30:00,0.19,0.23145369570655652,0.17878316,-0.04145369570655652,0.011216836571693423
2026-08-04 09:30:00,0.06,0.048318108845061186,0.14460866,0.011681891154938812,-0.08460866153240204
2026-08-04 09:30:00,0.18,0.21134172295240575,0.1919018,-0.031341722952405754,-0.011901803016662604
2026-08-04 09:30:00,1.24,1.3111128055566759,1.4669657,-0.07111280555667587,-0.22696567535400392
2026-08-04 09:30:00,1.0,1.001402962797604,1.1212934,-0.0014029627976039905,-0.12129342555999756
2026-08-04 09:30:00,2.98,3.0095571781233392,2.6519363,-0.029557178123339245,0.32806370735168455
2026-08-04 09:30:00,1.5,1.667977780251165,1.7656429,-0.16797778025116505,-0.2656428813934326
2026-08-04 09:30:00,0.52,0.5586813695203792,0.5788158,-0.03868136952037915,-0.05881581783294676
2026-08-04 09:30:00,3.99,4.367448764638912,4.453399,-0.3774487646389115,-0.4633991813659666
2026-08-04 09:30:00,0.05,0.07088886181825638,0.089766435,-0.020888861818256374,-0.03976643532514572
2026-08-04 09:30:00,4.45,4.523146651870167,4.4995785,-0.07314665187016711,-0.04957847595214826
2026-08-04 15:30:00,1.0,0.9770743438209277,1.1223123,0.022925656179072273,-0.12231230735778809
2026-08-04 15:30:00,1.24,1.581215012561923,1.6679462,-0.3412150125619231,-0.4279462194442749
2026-08-04 15:30:00,2.77,2.959324622553315,2.9320183,-0.18932462255331517,-0.16201828002929686
2026-08-04 15:30:00,0.43,0.5989839084417848,0.6703905,-0.16898390844178485,-0.24039048671722413
2026-08-04 15:30:00,0.1,0.10808994659912,0.13652343,-0.00808994659911999,-0.03652342557907104
2026-08-04 15:30:00,3.5,3.162828667361715,3.115301,0.337171332638285,0.38469910621643066
2026-08-04 15:30:00,2.31,2.452214193504256,2.579634,-0.1422141935042558,-0.26963395118713374
2026-08-04 15:30:00,0.01,-0.03333124048269263,0.06957849,0.04333124048269263,-0.05957849115133285
2026-08-04 15:30:00,0.01,0.10510694344398916,0.04274877,-0.09510694344398916,-0.03274877160787582
2026-08-04 15:30:00,0.87,1.0825549873096667,1.0076137,-0.2125549873096667,-0.1376136589050293
2026-08-04 15:30:00,5.34,4.585187422830792,5.219969,0.7548125771692078,0.12003120422363267
2026-08-04 15:30:00,0.05,0.06802240139477178,0.08136087,-0.018022401394771778,-0.03136086910963058
2026-08-04 15:30:00,0.17,0.18536598248296507,0.37807226,-0.015365982482965057,-0.20807226181030272
2026-08-04 15:30:00,0.51,0.5554681516017672,0.53139156,-0.045468151601767204,-0.021391561031341544
2026-08-04 15:30:00,1.01,1.1005627321267668,1.1503502,-0.0905627321267668,-0.14035021305084228
2026-08-04 15:30:00,6.15,6.130823952057752,6.076439,0.019176047942248253,0.0735610961914066
2026-08-04 15:30:00,-3.31,-3.029116666666667,-2.8158271,-0.28088333333333315,-0.49417286872863775
2026-08-04 15:30:00,0.96,1.0354822652372448,1.0764133,-0.07548226523724488,-0.11641327381134037
2026-08-04 15:30:00,2.1,1.9685269065174296,1.8716407,0.13147309348257052,0.2283593177795411
2026-08-04 15:30:00,0.87,1.0358669934579272,1.0656508,-0.16586699345792721,-0.1956508207321167
2026-08-04 15:30:00,2.57,2.6522916753142574,2.511385,-0.08229167531425752,0.05861503601074203
2026-08-04 15:30:00,0.03,0.008244634292491913,0.07987294,0.021755365707508086,-0.049872943460941316
2026-08-04 15:30:00,0.66,0.9070439711567347,0.72555023,-0.2470439711567347,-0.06555023431777951
2026-08-04 15:30:00,8.83,8.620885714285714,8.951098,0.20911428571428559,-0.12109844207763665
2026-08-04 15:30:00,3.34,2.024280690153503,2.1134017,1.315719309846497,1.2265983486175536
2026-08-04 15:30:00,5.28,5.3845814433943495,5.3287454,-0.10458144339434927,-0.04874536514282202
2026-08-04 15:30:00,1.16,1.602906338206938,1.5388136,-0.44290633820693803,-0.37881359100341805
2026-08-04 15:30:00,3.2,2.9639268100896214,2.4959462,0.23607318991037873,0.704053831100464
2026-08-04 15:30:00,3.87,3.745338075097136,4.0595427,0.12466192490286421,-0.1895426559448241
2026-08-04 15:30:00,1.48,2.0105614133469443,1.7617688,-0.5305614133469443,-0.28176881790161135
2026-08-04 15:30:00,4.7,4.706533435935721,4.442079,-0.006533435935720533,0.25792093276977557
2026-08-04 15:30:00,2.21,2.3835615327679083,2.4946659,-0.1735615327679083,-0.2846658611297608
2026-08-04 15:30:00,-0.22,-0.21552731534005104,-0.14634605,-0.004472684659948961,-0.07365395247936249
2026-08-04 15:30:00,12.76,12.94020000000001,13.216812,-0.1802000000000099,-0.4568121337890627
2026-08-04 15:30:00,0.42,0.46039106625674114,0.38760397,-0.04039106625674116,0.03239603161811827
2026-08-04 15:30:00,1.24,1.4470863487129777,1.8606713,-0.2070863487129777,-0.6206712818145752
2026-08-04 15:30:00,0.15,0.18315483953979414,0.20783012,-0.033154839539794145,-0.05783011615276337
2026-08-04 15:30:00,2.81,3.0004091505993995,2.5453582,-0.19040915059939945,0.2646418190002442
2026-08-04 15:30:00,1.33,1.6134199836567118,1.0414253,-0.2834199836567117,0.28857465267181404
2026-08-04 18:30:00,5.0,4.599850782895261,4.791948,0.4001492171047394,0.2080521583557129
2026-08-04 18:30:00,2.5,2.5464276445089062,2.4380245,-0.04642764450890624,0.06197547912597656
2026-08-04 18:30:00,1.44,1.7807395233094432,1.6215383,-0.34073952330944324,-0.18153828144073492
2026-08-04 18:30:00,2.69,3.01600085714286,3.3940835,-0.32600085714285987,-0.7040834999084473
2026-08-04 18:30:00,0.94,1.0357478811292544,1.0872616,-0.09574788112925448,-0.14726155757904058
2026-08-04 18:30:00,-0.05,0.015768891029911337,0.044969346,-0.06576889102991135,-0.0949693463742733
2026-08-04 18:30:00,3.7,3.515916324565625,3.927077,0.18408367543437532,-0.22707705497741681
2026-08-04 18:30:00,1.29,1.4102876632008148,1.1470399,-0.12028766320081474,0.1429601097106934
2026-08-04 18:30:00,0.51,0.5360194220806634,0.53971523,-0.026019422080663435,-0.029715230464935294
2026-08-04 18:30:00,2.9,3.126053542340929,3.1356971,-0.2260535423409289,-0.2356971263885499
2026-08-04 18:30:00,1.13,1.1636191464025223,1.3207043,-0.03361914640252239,-0.19070434093475352
2026-08-04 18:30:00,0.05,0.16069837043699858,0.049585234,-0.11069837043699858,0.00041476562619209567
2026-08-04 18:30:00,0.99,0.9828296959820988,1.1310631,0.007170304017901197,-0.1410631036758423
2026-08-04 18:30:00,5.98,5.5407194775485955,5.7218175,0.4392805224514049,0.2581825065612797
2026-08-04 18:30:00,0.95,1.0548655537430165,1.0760353,-0.10486555374301654,-0.12603526115417485
2026-08-04 18:30:00,5.15,5.072231321680684,5.4888916,0.07776867831931611,-0.33889160156249964
2026-08-04 18:30:00,0.4,0.5388531290326255,0.44946322,-0.13885312903262548,-0.04946321845054624
2026-08-04 18:30:00,8.9,8.534150000000013,9.068771,0.3658499999999876,-0.16877136230468714
2026-08-04 18:30:00,0.03,0.008569634292491912,0.084552385,0.021430365707508087,-0.05455238491296768
2026-08-04 18:30:00,2.05,2.4465056985651117,2.410995,-0.39650569856511186,-0.3609950065612795
2026-08-04 18:30:00,2.69,2.838848470400346,2.839118,-0.14884847040034588,-0.1491180038452149
2026-08-04 18:30:00,0.65,0.9016628499667645,0.8775676,-0.25166284996676447,-0.22756758928298948
2026-08-04 18:30:00,0.17,0.19146743871801902,0.18717417,-0.02146743871801901,-0.017174171209335315
2026-08-04 18:30:00,0.01,-0.010247962251262219,0.07832935,0.02024796225126222,-0.06832934707403183
2026-08-04 18:30:00,4.66,4.675980124413141,4.6829243,-0.015980124413141006,-0.02292427062988267
2026-08-04 18:30:00,3.0,3.2507699072116196,3.1802378,-0.2507699072116196,-0.1802377700805664
2026-08-04 18:30:00,2.87,2.979776402181654,2.6129994,-0.10977640218165385,0.25700056076049815
2026-08-04 18:30:00,1.15,1.3678223404889176,1.4529061,-0.2178223404889177,-0.30290613174438485
2026-08-04 18:30:00,0.85,0.9627418419092548,1.0359812,-0.11274184190925485,-0.18598117828369143
2026-08-04 18:30:00,0.42,0.4506213786326693,0.46947318,-0.030621378632669338,-0.04947318315505983
2026-08-04 18:30:00,0.15,0.2157901627815445,0.21478431,-0.06579016278154451,-0.06478430926799775
2026-08-04 18:30:00,2.14,2.1392366338131494,1.9776994,0.0007633661868506891,0.16230060100555432
2026-08-04 18:30:00,-3.24,-2.8425,-2.9018376,-0.3975000000000004,-0.33816241264343283
2026-08-04 18:30:00,0.83,0.8955551752753002,0.9906292,-0.06555517527530019,-0.16062919616699223
2026-08-04 18:30:00,2.17,2.2712055640906477,2.3970635,-0.10120556409064774,-0.22706349372863777
2026-08-04 18:30:00,13.1,12.627149999999997,13.166322,0.4728500000000029,-0.06632175445556676
2026-08-04 18:30:00,1.25,1.556293153261459,1.9486161,-0.306293153261459,-0.6986161470413208
2026-08-04 18:30:00,0.1,0.08520357360993878,0.13038413,0.01479642639006122,-0.03038413226604461
2026-08-04 18:30:00,-0.22,-0.21814122434770997,-0.13336559,-0.0018587756522900345,-0.08663441359996796
2026-08-04 21:30:00,4.8,4.967020856585209,5.128494,-0.16702085658520893,-0.3284937858581545
2026-08-04 21:30:00,0.9,1.0345749078834807,1.0178457,-0.1345749078834807,-0.11784574985504148
2026-08-04 21:30:00,0.84,0.9367855432947704,0.98197037,-0.0967855432947704,-0.14197036981582645
2026-08-04 21:30:00,8.94,8.470075641025648,8.6821375,0.46992435897435136,0.25786251068115185
2026-08-04 21:30:00,3.35,3.4406411857704047,3.7682838,-0.09064118577040459,-0.41828384399414054
2026-08-04 21:30:00,0.42,0.45940211639490725,0.40535662,-0.03940211639490726,0.014643384218215927
2026-08-04 21:30:00,5.18,5.538485695592503,4.7516694,-0.35848569559250354,0.4283305931091306
2026-08-04 21:30:00,1.85,2.11363574041029,2.1216946,-0.2636357404102898,-0.27169456481933585
2026-08-04 21:30:00,0.95,1.0237482662768027,1.0595044,-0.07374826627680275,-0.10950438976287846
2026-08-04 21:30:00,2.28,2.3985584976447445,2.400557,-0.11855849764474469,-0.12055704116821309
2026-08-04 21:30:00,5.36,5.397863410153733,5.936787,-0.03786341015373296,-0.576787128448486
2026-08-04 21:30:00,2.59,2.7181041900243947,2.6293492,-0.12810419002439488,-0.039349231719970845
2026-08-04 21:30:00,0.69,1.199125035490427,0.66336215,-0.5091250354904271,0.026637854576110787
2026-08-04 21:30:00,0.3,0.42902890809831284,0.42763272,-0.12902890809831286,-0.12763271927833558
2026-08-04 21:30:00,1.11,1.2889624030811284,1.3025277,-0.17896240308112832,-0.19252766609191885
2026-08-04 21:30:00,-0.22,-0.21716750501149057,-0.12465791,-0.002832494988509432,-0.09534209340810776
2026-08-04 21:30:00,0.12,-0.01291316284022536,0.012275173,0.13291316284022536,0.1077248266711831
2026-08-04 21:30:00,0.02,0.0030668111240711275,0.07344829,0.016933188875928873,-0.0534482929110527
2026-08-04 21:30:00,0.73,0.9292229387649482,0.9701355,-0.19922293876494823,-0.24013550996780397
2026-08-04 21:30:00,2.5,2.877995170935163,2.8246531,-0.3779951709351632,-0.32465314865112305
2026-08-04 21:30:00,2.03,2.1318495423778057,2.1953804,-0.10184954237780586,-0.16538044929504414
2026-08-04 21:30:00,1.68,2.453870853358292,2.4791493,-0.7738708533582919,-0.799149341583252
2026-08-04 21:30:00,0.14,0.23851339519068204,0.2011747,-0.09851339519068203,-0.06117470622062682
2026-08-04 21:30:00,4.53,4.665527756003437,4.606679,-0.13552775600343647,-0.07667896270751928
2026-08-04 21:30:00,3.38,2.8102778877703143,2.9656854,0.5697221122296856,0.4143146324157714
2026-08-04 21:30:00,0.17,0.1739033126419838,0.19464622,-0.0039033126419837916,-0.024646224379539478
2026-08-04 21:30:00,2.12,2.173576716731864,2.0319722,-0.053576716731863705,0.08802783012390147
2026-08-04 21:30:00,1.38,1.4835268100621777,1.571271,-0.10352681006217779,-0.1912709426879884
2026-08-04 21:30:00,0.51,0.785036188720816,0.5322968,-0.27503618872081603,-0.0222967767715454
2026-08-04 21:30:00,0.1,0.0781936447412928,0.13328372,0.021806355258707208,-0.03328371942043304
2026-08-04 21:30:00,2.88,2.798696011910834,3.0520868,0.08130398808916572,-0.17208683013916026
2026-08-04 21:30:00,1.11,1.7813791142060789,1.3288895,-0.6713791142060788,-0.21888948917388906
2026-08-04 21:30:00,1.1,1.1730628816789486,1.2191248,-0.07306288167894848,-0.11912479400634757
2026-08-04 21:30:00,1.25,1.5451594581142856,1.9026837,-0.29515945811428557,-0.6526837348937988
2026-08-04 21:30:00,0.03,0.14861669769316904,0.036802582,-0.11861669769316904,-0.006802582442760469
2026-08-04 21:30:00,13.15,13.066399999999998,13.003259,0.08360000000000234,0.1467412948608402
2026-08-05 03:30:00,4.62,4.539091544161714,4.651129,0.08090845583828621,-0.03112876892089833
2026-08-05 03:30:00,8.94,8.552066550116551,8.665733,0.38793344988344813,0.27426666259765575
2026-08-05 03:30:00,-0.22,-0.20674560667778633,-0.11135156,-0.013254393322213676,-0.10864844292402268
2026-08-05 03:30:00,1.25,1.3634895487137124,1.8628836,-0.11348954871371242,-0.6128835678100586
2026-08-05 03:30:00,1.35,1.3710732468869897,1.529142,-0.02107324688698964,-0.17914202213287345
2026-08-05 03:30:00,2.53,2.6090933583938734,2.6519496,-0.07909335839387355,-0.12194964408874531
2026-08-05 03:30:00,2.17,2.123079176141814,2.2263649,0.046920823858185745,-0.056364850997924876
2026-08-05 03:30:00,2.85,2.9273791661978934,2.730104,-0.07737916619789331,0.11989603042602548
2026-08-05 03:30:00,1.07,1.2265615895412383,1.2118797,-0.15656158954123822,-0.1418797302246093
2026-08-05 03:30:00,3.2,3.2920224157902673,3.41299,-0.09202241579026715,-0.212990093231201
2026-08-05 03:30:00,0.66,0.9355462837956595,0.6144704,-0.2755462837956595,0.04552957773208621
2026-08-05 03:30:00,4.62,4.5821141213684236,4.616113,0.03788587863157655,0.003886814117431747
2026-08-05 03:30:00,1.07,1.1665287759714458,1.2213142,-0.09652877597144571,-0.15131419181823724
2026-08-05 03:30:00,1.9,1.780355041420676,1.667829,0.119644958579324,0.23217096328735343
2026-08-05 03:30:00,1.93,1.9890658708532691,2.140787,-0.0590658708532692,-0.21078688621521002
2026-08-05 03:30:00,0.42,0.4526037177702003,0.37527308,-0.032603717770200324,0.04472692131996153
2026-08-05 03:30:00,4.91,5.089549211509243,4.99007,-0.17954921150924275,-0.08006986618041978
2026-08-05 03:30:00,1.25,1.154180187707577,1.1056508,0.09581981229242298,0.14434921741485596
2026-08-05 03:30:00,0.95,1.0306943277546763,1.0364112,-0.08069432775467633,-0.08641116619110112
2026-08-05 03:30:00,2.4,2.477586537962483,2.5532858,-0.07758653796248316,-0.153285837173462
2026-08-05 03:30:00,0.1,0.07485253363018168,0.14896135,0.025147466369818322,-0.04896135032176971
2026-08-05 03:30:00,0.51,0.7849935034648955,0.5512512,-0.2749935034648955,-0.04125117301940917
2026-08-05 03:30:00,0.18,0.1636962960704026,0.18560998,0.016303703929597402,-0.0056099814176559515
2026-08-05 03:30:00,0.85,0.981846351325165,0.96376175,-0.13184635132516498,-0.11376174688339236
2026-08-05 03:30:00,0.13,0.19970185171452065,0.19458362,-0.06970185171452065,-0.06458362460136413
2026-08-05 03:30:00,12.73,13.0206,12.892607,-0.2905999999999995,-0.16260673522949176
2026-08-05 03:30:00,5.08,4.793479155190429,5.023233,0.2865208448095711,0.05676706314086921
2026-08-05 03:30:00,0.02,0.017224748746792515,0.06500461,0.0027752512532074856,-0.0450046095252037
2026-08-05 03:30:00,3.22,4.310572281218383,3.6137786,-1.0905722812183831,-0.39377859115600566
2026-08-05 03:30:00,1.81,1.8944861009642235,1.981052,-0.08448610096422349,-0.17105204105377192
2026-08-05 03:30:00,0.85,0.8543632630042148,0.9146606,-0.004363263004214857,-0.06466057300567629
2026-08-05 03:30:00,2.1,2.0957809278264046,1.9701303,0.004219072173595517,0.1298696756362916
2026-08-05 03:30:00,0.19,0.13943254655104098,0.07782539,0.05056745344895902,0.1121746101975441
2026-08-05 03:30:00,0.04,0.04695742235613267,0.052480225,-0.00695742235613267,-0.012480224519968032
2026-08-05 03:30:00,0.62,1.0195188053343005,0.86519045,-0.3995188053343005,-0.24519044637680054
2026-08-05 06:30:00,12.5,12.541249999999996,12.7940235,-0.041249999999996234,-0.2940235137939453
2026-08-05 06:30:00,0.76,0.8765274446292214,0.91003954,-0.11652744462922138,-0.15003954410552978
2026-08-05 06:30:00,1.19,1.2974866904084712,1.3873968,-0.10748669040847125,-0.1973968124389649
2026-08-05 06:30:00,0.95,1.0329256830287639,1.0364112,-0.08292568302876391,-0.08641116619110112
2026-08-05 06:30:00,0.19,0.14551413106851066,0.14553368,0.04448586893148934,0.04446631908416748
2026-08-05 06:30:00,2.9,2.402077247349945,2.3538406,0.4979227526500547,0.5461594104766845
2026-08-05 06:30:00,0.1,0.06972193367280742,0.14557193,0.030278066327192585,-0.04557193219661712
2026-08-05 06:30:00,4.95,4.5978655233570205,4.6720824,0.3521344766429797,0.2779175758361818
2026-08-05 06:30:00,0.05,0.013630704303255364,0.04909082,0.03636929569674464,0.000909178704023364
2026-08-05 06:30:00,0.51,0.787324455845848,0.54786175,-0.277324455845848,-0.03786175489425658
2026-08-05 06:30:00,0.17,0.1738055159962392,0.18313245,-0.003805515996239184,-0.013132454752922046
2026-08-05 06:30:00,0.8,0.8951047925692325,0.93148077,-0.09510479256923243,-0.13148076534271236
2026-08-05 06:30:00,1.76,1.8722532717614966,1.8748536,-0.11225327176149658,-0.11485361099243163
2026-08-05 06:30:00,4.85,4.853243033812089,4.9401484,-0.0032430338120894575,-0.09014835357666051
2026-08-05 06:30:00,4.66,5.10716255483041,3.8989518,-0.4471625548304097,0.7610482311248781
2026-08-05 06:30:00,1.79,1.9804789640384504,2.238016,-0.19047896403845033,-0.4480158901214599
2026-08-05 06:30:00,0.42,0.452434134436867,0.37188366,-0.03243413443686699,0.04811633944511412
2026-08-05 06:30:00,1.28,1.3616410125078233,1.8566804,-0.0816410125078233,-0.5766803932189941
2026-08-05 06:30:00,0.16,0.16817918859646874,0.14977199,-0.00817918859646874,0.010228011608123783
2026-08-05 06:30:00,2.53,2.757230566473817,2.6930344,-0.22723056647381723,-0.16303441047668477
2026-08-05 06:30:00,0.28,0.32307008571498036,0.37641996,-0.04307008571498033,-0.0964199614524841
2026-08-05 06:30:00,2.88,3.0737044965290163,2.8211403,-0.19370449652901645,0.05885971069335927
2026-08-05 06:30:00,1.04,1.0618407213364403,1.1429132,-0.021840721336440216,-0.10291322231292721
2026-08-05 06:30:00,3.08,3.2025275308661514,3.309939,-0.12252753086615131,-0.22993890762329094
2026-08-05 06:30:00,2.13,2.0680654770726856,1.977481,0.06193452292731427,0.15251899242401112
2026-08-05 06:30:00,2.05,2.1308315775633626,2.2668955,-0.08083157756336279,-0.2168955326080324
2026-08-05 06:30:00,4.4,4.412181826660812,4.558746,-0.012181826660811801,-0.15874586105346644
2026-08-05 06:30:00,8.92,8.621858216783211,8.680716,0.2981417832167885,0.239284439086914
2026-08-05 06:30:00,1.32,1.3562005366086474,1.510564,-0.036200536608647305,-0.19056396961212152
2026-08-05 06:30:00,0.91,1.1485699090348276,1.1324681,-0.23856990903482755,-0.22246810436248776
2026-08-05 06:30:00,0.65,0.7718679479657748,0.7751993,-0.12186794796577483,-0.12519929409027097
2026-08-05 06:30:00,0.02,0.015180002024915358,0.061615203,0.004819997975084643,-0.04161520257592201
2026-08-05 06:30:00,1.76,2.039600953430836,1.8972607,-0.27960095343083613,-0.13726066589355468
2026-08-05 06:30:00,2.8,3.2998287929155925,3.1641166,-0.4998287929155927,-0.36411662101745623
2026-08-05 06:30:00,-0.21,-0.2069813209635006,-0.11474099,-0.003018679036499383,-0.09525900989770889
2026-08-05 06:30:00,0.63,1.0438217721377445,0.83463174,-0.4138217721377445,-0.2046317410469055
