datetime,actual_water_level,random_forest_prediction,xgboost_prediction
2025-06-10 09:30:00,3.98,2.1516988908520758,1.9008635
2025-10-21 18:30:00,3.86,3.6885529929886367,3.905918
2025-10-21 21:30:00,3.74,3.503868209646115,3.695282
2025-10-22 00:30:00,3.22,3.2736414458261516,3.415145
2025-10-23 00:30:00,4.07,3.0948739564304257,3.1311746
2025-10-23 18:30:00,3.59,3.928505844175752,3.9692647
2025-10-24 18:30:00,3.52,3.346057395902727,3.4639957
2025-10-25 18:30:00,2.88,3.354258092974125,3.4886498
2025-10-27 09:30:00,2.36,3.0103732889095935,3.2439628
2025-10-30 09:30:00,2.1,2.5353957305424206,2.8242123
2025-11-06 09:30:00,2.3,2.283376997791204,2.3389254
2025-11-12 09:30:00,2.77,2.7473580171230396,2.6701636
2025-11-21 00:30:00,2.88,2.7499780679576586,2.3989217
2025-11-21 06:30:00,2.7,2.9064201637041607,2.571753
2025-11-21 18:30:00,3.65,2.7398553596706496,2.6055686
2025-11-23 03:30:00,4.61,3.89995300233591,3.1247795
2025-11-23 06:30:00,4.33,4.67204594548726,3.841694
2025-11-24 00:30:00,5.3,4.245856998184851,3.5259526
2025-11-24 03:30:00,4.35,5.310409706831641,4.8695116
2025-11-24 18:30:00,3.85,4.212047266572168,4.5313997
2025-11-25 03:30:00,3.59,3.556819831069692,3.8965545
2025-11-25 15:30:00,3.38,3.0978450155965596,3.190043
2025-11-25 21:30:00,3.31,3.2108575548235634,3.2375093
2025-11-26 00:30:00,4.3,3.1739269887201984,3.0967035
2025-11-27 00:30:00,6.05,4.028964618384771,4.010109
2025-11-27 09:30:00,6.9,6.48838109048359,5.8932395
2025-11-27 12:30:00,8.08,6.510201294117651,6.394784
2025-11-27 18:30:00,9.85,7.8545833333333315,7.472159
2025-11-28 09:30:00,10.31,9.5435,8.219785
2025-11-28 12:30:00,10.8,11.495249999999997,9.59258
2025-11-28 15:30:00,13.46,11.64635,9.506233
2025-11-29 09:30:00,13.38,13.407400000000004,12.33777
2025-11-29 15:30:00,12.2,13.379900000000019,12.517285
2025-11-30 00:30:00,6.8,11.921600000000002,11.254078
2025-11-30 18:30:00,6.09,4.675899999999995,5.506277
2025-11-30 21:30:00,4.06,5.322167130325811,5.0740886
2025-12-01 12:30:00,3.98,3.7446516643882473,3.5433109
2025-12-01 15:30:00,3.95,3.998595702980397,3.53056
2025-12-01 18:30:00,3.84,3.8791312943719087,3.4634233
2025-12-02 00:30:00,3.84,3.4724897591330914,3.3405282
2025-12-02 03:30:00,3.59,3.525691621680201,3.4431574
2025-12-02 12:30:00,3.56,3.030916445328994,3.1735275
2025-12-02 15:30:00,3.52,3.01215287504287,3.188882
2025-12-02 18:30:00,3.48,2.959820490672381,3.106139
2025-12-02 21:30:00,3.21,3.0278053615898197,3.0642354
2025-12-03 00:30:00,3.32,3.0469175445262477,3.0936859
2025-12-03 06:30:00,3.3,3.104512804152206,3.1606808
2025-12-03 09:30:00,3.29,3.1055274801740045,3.243157
2025-12-03 12:30:00,3.26,3.1300637445964803,3.1594014
2025-12-03 15:30:00,3.19,3.114995002769843,3.153368
2025-12-04 03:30:00,3.11,3.065634588076764,3.1538713
2025-12-04 09:30:00,3.06,3.1372701648123376,3.0217657
2025-12-04 21:30:00,0.98,3.1333418370911676,3.095879
2025-12-05 12:30:00,2.92,2.2173246545685186,2.1503558
2025-12-06 00:30:00,2.94,2.9482947859025046,2.644888
2025-12-06 15:30:00,2.79,3.258199864405222,2.4808176
2025-12-07 06:30:00,2.75,2.9040368547646036,2.4143078
2025-12-07 15:30:00,2.75,2.6814862800046164,2.699431
2025-12-07 18:30:00,2.66,2.6474021586370005,2.6697474
2025-12-08 09:30:00,2.65,2.6161126941470156,2.634592
2025-12-08 15:30:00,2.63,2.643680314860804,2.6547074
2025-12-09 09:30:00,2.6,2.692984954966958,2.6868944
2025-12-10 09:30:00,2.6,2.7329904387961057,2.6717918
2025-12-10 15:30:00,2.55,2.795591414643618,2.739136
2025-12-11 12:30:00,2.5,3.1580817087238198,2.6938958
2025-12-13 09:30:00,2.42,2.9820198530363937,2.6903582
2025-12-14 09:30:00,2.32,3.156502682083925,2.6870444
2025-12-17 15:30:00,2.35,2.9345149245868343,2.7197392
2025-12-18 15:30:00,2.37,2.9191329482116286,2.795479
2025-12-18 18:30:00,2.7,3.092060558457556,2.7953138
2025-12-19 09:30:00,2.67,2.767985015843253,2.511834
2025-12-19 12:30:00,2.65,2.9019757114245937,2.694362
2025-12-19 15:30:00,2.35,2.580637808649079,2.4915142
2025-12-21 09:30:00,2.32,2.795615788258715,2.6402972
2025-12-21 15:30:00,2.17,2.847318055803284,2.6481073
2025-12-24 09:30:00,2.15,2.345426548625498,2.4165843
2025-12-25 09:30:00,2.06,2.2437342103958766,2.304516
2025-12-29 09:30:00,2.05,2.0480923533056616,2.053782
2026-01-01 09:30:00,2.01,2.005238792509412,1.9973421
2026-01-10 12:30:00,2.01,2.3585600205811326,1.9816608
2026-01-10 15:30:00,2.01,1.9390261213329745,1.9985771
2026-01-10 18:30:00,2.05,1.9502485135972032,1.9818087
2026-01-11 09:30:00,1.8,2.0078233290043177,2.0027218
2026-02-20 06:30:00,1.8,1.970655290939404,1.8990288
2026-02-21 21:30:00,1.94,2.1128402244195925,2.0202918
2026-04-15 09:30:00,2.52,2.0181536035228063,2.2721958
2026-05-10 06:30:00,2.62,2.8987488113395665,2.4490135
2026-05-11 21:30:00,2.74,2.6256946273789405,2.6345088
2026-05-12 15:30:00,2.7,2.9645951650654045,2.8803222
2026-05-12 21:30:00,2.69,2.843115244938949,3.0349178
2026-05-13 06:30:00,3.13,2.959195955215723,2.8598118
2026-05-13 21:30:00,3.29,3.489906567906906,3.225887
2026-05-14 00:30:00,4.5,3.1958496040865167,3.3108788
2026-05-15 00:30:00,3.89,4.943173726783965,4.9194474
2026-05-15 21:30:00,3.85,3.8188923498918683,3.842101
2026-05-16 00:30:00,2.94,3.6619741662876186,3.752397
2026-05-23 21:30:00,2.77,2.896085598562804,2.9444792
2026-05-24 06:30:00,2.62,3.07831347875046,2.8557727
2026-05-24 21:30:00,2.75,2.5791888923677577,2.731354
2026-05-25 21:30:00,2.58,2.774319962836285,2.735964
2026-05-26 09:30:00,2.29,2.5390048214736054,2.6112242
2026-05-30 21:30:00,2.19,2.710916712426351,2.4742956
2026-05-31 21:30:00,3.55,2.203661198801171,2.3432732
2026-06-12 18:30:00,3.49,3.134764143017668,3.447514
2026-06-12 21:30:00,3.45,3.2613589787659367,3.3112366
2026-06-13 00:30:00,3.41,3.2775340169098444,3.3637197
2026-06-13 03:30:00,3.51,3.4016581712469987,3.5483782
2026-06-13 12:30:00,3.47,3.3876858023595515,3.2958288
2026-06-13 15:30:00,3.44,3.321789338091238,3.4967053
2026-06-13 18:30:00,3.42,3.3561299943094434,3.6570287
2026-06-13 21:30:00,3.35,3.3774592651605126,3.4241712
2026-06-14 00:30:00,3.25,3.3563886440477178,3.3860273
2026-06-14 03:30:00,3.22,3.241298154885379,3.2291372
2026-06-14 06:30:00,3.12,3.2330734526433558,3.2010846
2026-06-14 12:30:00,2.32,3.1106575668436447,3.0828078
2026-06-18 09:30:00,2.48,2.6896289826884265,2.5577278
2026-06-22 21:30:00,2.67,2.810419882044075,3.1197534
2026-06-23 00:30:00,3.63,2.8411257789017945,3.0104463
2026-06-23 06:30:00,3.26,3.5368199657207127,3.2447286
2026-06-23 21:30:00,3.16,3.065731051448446,3.134139
2026-06-24 00:30:00,3.07,3.0813551028279216,3.386266
2026-06-24 03:30:00,2.98,3.100374927066637,3.058818
2026-06-24 06:30:00,2.75,2.8598807451206647,2.9408953
2026-06-24 15:30:00,2.3,2.7169883089018367,2.6857026
2026-06-29 21:30:00,2.36,2.7272913179647422,2.5640116
2026-06-30 03:30:00,2.15,2.662891064896867,2.6423707
2026-07-11 09:30:00,2.55,2.3553774632034914,2.2934146
2026-08-01 15:30:00,3.92,3.0795857302175578,2.7873743
2026-08-01 18:30:00,3.54,3.6713360671245603,3.5549924
2026-08-01 21:30:00,3.11,3.170118493603838,3.312883
2026-08-02 00:30:00,2.88,3.0842165379258044,3.0533743
2026-08-02 03:30:00,2.55,2.879111839262503,2.954202
2026-08-02 09:30:00,2.25,2.6092034151140377,2.6949985
2026-08-03 00:30:00,2.22,2.4974563828874845,2.5415304
2026-08-03 03:30:00,2.18,2.4027612920196573,2.559984
2026-08-03 06:30:00,2.67,2.3221492547692875,2.4267418
2026-08-03 15:30:00,3.14,3.0255265110385494,2.5415006
2026-08-03 18:30:00,3.96,3.114489309853182,2.915346
2026-08-04 00:30:00,2.63,4.836829488636364,4.0199027
2026-08-04 00:30:00,4.76,2.7415251479922347,2.7961318
2026-08-04 03:30:00,4.22,4.715793228117821,4.430083
2026-08-04 06:30:00,3.48,3.726421866349225,4.216436
2026-08-04 09:30:00,2.9,3.309803509811597,3.352565
2026-08-04 15:30:00,2.77,2.8247897379682296,2.957056
2026-08-04 18:30:00,2.69,2.8432856649422695,2.7469378
2026-08-04 21:30:00,2.59,2.702996802012054,2.679663
2026-08-05 03:30:00,2.53,2.5822433600203767,2.7181396
2025-06-10 09:30:00,3.44,1.404387009655238,1.1270939
2025-10-21 18:30:00,3.48,3.0675720566555653,3.238999
2025-10-21 21:30:00,3.45,3.1808624174474356,3.244378
2025-10-22 00:30:00,2.92,3.3583628295110177,3.180281
2025-10-23 00:30:00,3.13,2.5958573234893727,2.8106842
2025-10-23 18:30:00,2.71,3.154310641840139,2.8892767
2025-10-24 18:30:00,3.43,2.4540593123040004,2.5697036
2025-10-25 18:30:00,2.7,3.5112100945565743,3.3731184
2025-10-27 09:30:00,1.2,2.514881731837482,2.6927114
2025-10-30 09:30:00,1.37,2.497356479753384,1.8975986
2025-11-06 09:30:00,1.17,1.8514036855592324,1.6592666
2025-11-12 09:30:00,2.0,1.5348833861349538,1.5539227
2025-11-21 00:30:00,2.62,1.9251987950882907,1.7611121
2025-11-21 06:30:00,2.72,2.0099988330795684,1.8430262
2025-11-21 18:30:00,4.11,2.1085351985969414,2.1384354
2025-11-23 03:30:00,4.16,3.4985084355221856,3.6226375
2025-11-23 06:30:00,4.3,3.8035326724624827,3.6371179
2025-11-24 00:30:00,4.29,3.925453826427839,3.7677488
2025-11-24 03:30:00,3.97,3.9031671808371224,4.086612
2025-11-24 18:30:00,3.73,3.763330562657345,3.6909528
2025-11-25 03:30:00,3.41,3.5483613008883386,3.4680176
2025-11-25 15:30:00,3.42,3.2873501273506545,3.2504122
2025-11-25 21:30:00,3.55,3.5927410266707716,3.3170478
2025-11-26 00:30:00,3.36,3.436549237270147,3.2958696
2025-11-27 00:30:00,3.11,3.303157792004436,3.244747
2025-11-27 09:30:00,3.08,3.0046000893709093,2.9392254
2025-11-27 12:30:00,3.08,3.110835004776474,3.0345294
2025-11-27 18:30:00,3.03,3.0976108163088965,2.9119978
2025-11-28 09:30:00,3.1,3.0790393679454207,2.7831912
2025-11-28 12:30:00,3.17,3.0941076886137524,2.9681246
2025-11-28 15:30:00,3.33,3.2000620931466535,3.0227437
2025-11-29 06:30:00,3.3,3.189686043082163,3.2060044
2025-11-29 09:30:00,3.2,3.149393755164588,3.2307258
2025-11-29 15:30:00,2.96,3.0638841839140567,3.100502
2025-11-30 00:30:00,2.41,2.7885385618426586,2.6987863
2025-11-30 18:30:00,2.33,2.327528984642396,2.4414513
2025-11-30 21:30:00,2.05,2.250695389305892,2.3241758
2025-12-01 12:30:00,1.98,2.152396482719039,2.0509176
2025-12-01 15:30:00,1.92,2.0014423729664346,2.0711687
2025-12-01 18:30:00,1.83,1.9362518670723576,1.8558
2025-12-02 00:30:00,1.84,1.6983594449655586,1.7550441
2025-12-02 03:30:00,1.66,1.6812928264675608,1.757051
2025-12-02 12:30:00,1.62,1.652779531905987,1.7638452
2025-12-02 15:30:00,1.55,1.6615466681088693,1.6699373
2025-12-02 18:30:00,1.44,1.6245561133303514,1.5611058
2025-12-02 21:30:00,1.16,1.5252228478808274,1.5072287
2025-12-03 00:30:00,1.42,1.4276255304596432,1.3239877
2025-12-03 06:30:00,1.34,1.7034793835807027,1.492837
2025-12-03 09:30:00,1.29,1.3888383210777726,1.3509601
2025-12-03 12:30:00,1.29,1.3543484041481282,1.3098996
2025-12-03 15:30:00,1.24,1.3328658283212471,1.2856612
2025-12-04 03:30:00,1.15,1.3596947521000786,1.2745515
2025-12-04 09:30:00,1.37,1.19508664925885,1.2440106
2025-12-04 21:30:00,1.87,1.474302315118697,1.3540993
2025-12-05 12:30:00,2.33,1.7438440326077245,1.7124262
2025-12-06 00:30:00,2.5,2.0866039561695975,2.0004404
2025-12-06 15:30:00,2.07,2.2340896045823224,2.2207909
2025-12-07 06:30:00,1.7,2.3325368916441116,2.1225326
2025-12-07 15:30:00,1.64,1.8021953369484596,2.2327223
2025-12-07 18:30:00,2.1,1.810093791546252,1.958683
2025-12-08 09:30:00,2.03,2.0136533718776572,2.057617
2025-12-08 15:30:00,2.05,1.948200086563841,1.8929516
2025-12-09 09:30:00,1.83,2.0560924288354046,1.939795
2025-12-10 09:30:00,1.61,1.8435069120083656,1.8904575
2025-12-10 15:30:00,1.42,1.6858628396428528,1.814694
2025-12-11 12:30:00,1.85,1.6097626741839697,1.615165
2025-12-13 09:30:00,1.68,1.7609515303263499,1.7884128
2025-12-14 09:30:00,1.12,1.7366634728835029,1.7462494
2025-12-17 15:30:00,1.14,1.5131393224151088,1.3903122
2025-12-18 15:30:00,1.12,1.3323974803751413,1.3058952
2025-12-18 18:30:00,1.15,1.3109311150095488,1.25184
2025-12-19 09:30:00,1.11,1.1904217931020282,1.2140474
2025-12-19 12:30:00,1.1,1.110921257117829,1.1552806
2025-12-19 15:30:00,1.53,1.0948963910292793,1.1182148
2025-12-21 09:30:00,1.55,1.5100200354540367,1.5070677
2025-12-21 15:30:00,1.16,1.615622648771633,1.4288348
2025-12-24 09:30:00,1.74,1.1650179776232554,1.220611
2025-12-25 09:30:00,1.0,1.7691417658738047,1.7169936
2025-12-29 09:30:00,0.83,1.2347975168190655,1.4252071
2026-01-01 09:30:00,0.85,0.900342163488818,1.0376835
2026-01-10 12:30:00,0.79,1.105496289215595,1.0613438
2026-01-10 15:30:00,0.81,0.8660711967488031,0.8781653
2026-01-10 18:30:00,1.2,0.8214369138908943,0.9155408
2026-01-11 09:30:00,1.2,0.9067051057508518,1.2438655
2026-02-20 06:30:00,1.74,1.2606615832241594,1.2415932
2026-02-21 21:30:00,1.37,2.209081546064764,1.6762869
2026-04-15 09:30:00,1.21,1.847992398357207,1.6886007
2026-05-10 06:30:00,1.56,1.2259195365129438,1.3710154
2026-05-11 21:30:00,1.72,1.8820960536218607,2.1663418
2026-05-12 15:30:00,1.82,1.680792226656705,1.6982696
2026-05-12 21:30:00,2.19,1.8436054977530836,1.8069388
2026-05-13 06:30:00,3.18,2.144950075020643,2.2181242
2026-05-13 21:30:00,3.25,3.1187534462884035,3.1358593
2026-05-14 00:30:00,3.1,3.0845074395252863,3.2352312
2026-05-15 00:30:00,3.24,3.0590761551552443,3.1317613
2026-05-15 21:30:00,3.16,3.2859166085122125,3.3774412
2026-05-16 00:30:00,2.25,3.1922577070491256,3.240666
2026-05-23 21:30:00,1.92,2.5344467635167773,2.3772433
2026-05-24 06:30:00,1.52,2.0489502074396317,1.9384589
2026-05-24 21:30:00,1.66,1.6564823448053079,1.6637534
2026-05-25 21:30:00,1.91,1.8056636040192935,1.7386245
2026-05-26 09:30:00,2.57,1.9495975462999708,2.2045689
2026-05-30 21:30:00,2.14,2.5215300755719436,2.3095193
2026-05-31 21:30:00,2.89,1.9622201689415095,2.183467
2026-06-12 18:30:00,2.97,2.5043388485901805,3.1559525
2026-06-12 21:30:00,3.03,2.81798774555116,2.9860213
2026-06-13 00:30:00,3.09,3.046624654387943,2.9059138
2026-06-13 03:30:00,3.18,3.0989797315590017,2.9709349
2026-06-13 12:30:00,3.19,3.1442900314746796,3.2022498
2026-06-13 15:30:00,3.18,3.14703166897009,3.2769744
2026-06-13 18:30:00,3.16,3.2240739290890303,3.3102021
2026-06-13 21:30:00,3.12,3.2111412113994904,3.258083
2026-06-14 00:30:00,3.06,3.1846260412856457,3.0820193
2026-06-14 03:30:00,2.96,3.097606100932254,3.0425858
2026-06-14 06:30:00,2.75,2.9017213122130703,2.877295
2026-06-14 12:30:00,1.86,2.6646316118992086,2.6363082
2026-06-18 09:30:00,2.09,2.0781181145732748,1.9372216
2026-06-22 21:30:00,2.12,2.253701223271708,2.2096806
2026-06-23 00:30:00,2.29,2.195497764541065,2.2534063
2026-06-23 06:30:00,2.2,2.160535080121443,2.1501112
2026-06-23 21:30:00,2.14,2.1470573475205974,2.149758
2026-06-24 00:30:00,2.02,2.1181130850568555,2.1862168
2026-06-24 03:30:00,1.94,1.9722564069702386,1.9014969
2026-06-24 06:30:00,1.71,1.967810417314843,1.9475222
2026-06-24 15:30:00,2.97,1.7008477362655483,1.8235878
2026-06-29 21:30:00,2.93,2.587909900793649,2.6248643
2026-06-30 03:30:00,1.46,2.67808376579116,2.7402031
2026-07-11 09:30:00,1.57,1.9630627575034265,1.6537519
2026-08-01 15:30:00,1.53,2.4717390163703743,1.9345902
2026-08-01 18:30:00,1.48,2.01554102527364,1.7702032
2026-08-01 21:30:00,1.38,1.573622186663775,1.540807
2026-08-02 00:30:00,1.3,1.4052176061000716,1.515356
2026-08-02 03:30:00,1.26,1.3385734135185832,1.5363276
2026-08-02 09:30:00,1.58,1.3188000868200789,1.4298731
2026-08-03 00:30:00,1.84,1.805146555546636,1.7486578
2026-08-03 03:30:00,2.09,1.830864188136691,1.8533103
2026-08-03 06:30:00,2.27,1.9317836233258132,2.0525293
2026-08-03 15:30:00,2.26,2.148053146105579,2.1939778
2026-08-03 18:30:00,2.39,2.0693935506697976,2.0873792
2026-08-04 00:30:00,2.42,2.512015901581978,2.3137486
2026-08-04 00:30:00,2.48,2.4491155692690345,2.370915
2026-08-04 03:30:00,2.63,2.5101748560744106,2.3944976
2026-08-04 06:30:00,2.67,2.5981206365023994,2.472603
2026-08-04 09:30:00,2.61,2.6570660804361808,2.5594943
2026-08-04 15:30:00,2.57,2.5882936003074035,2.4860148
2026-08-04 18:30:00,2.5,2.5507861360326465,2.5125136
2026-08-04 21:30:00,2.28,2.3778819518267493,2.391337
2026-08-05 03:30:00,2.17,2.1534550404319974,2.2134883
2025-06-10 09:30:00,1.3,1.284741714439709,0.64923525
2025-10-21 18:30:00,1.59,2.022937308006996,1.9086545
2025-10-21 21:30:00,1.31,1.9474443498168483,1.8432815
2025-10-22 00:30:00,1.12,1.4464224055330124,1.4376526
2025-10-23 00:30:00,1.37,1.456332312673866,1.1665115
2025-10-23 18:30:00,1.14,2.063224158349532,1.6325957
2025-10-24 18:30:00,1.22,1.194449968539327,1.2585397
2025-10-25 18:30:00,0.83,1.2995364107754934,1.3466233
2025-10-27 09:30:00,0.64,1.1264281593429948,1.1804961
2025-10-30 09:30:00,0.84,1.1298645998609635,1.123031
2025-11-06 09:30:00,0.55,0.990686829969366,0.68609893
2025-11-12 09:30:00,0.88,0.9419859230784637,0.6969817
2025-11-21 00:30:00,0.73,0.9950770080267997,0.77203315
2025-11-21 06:30:00,0.79,0.9077321587537996,0.73417425
2025-11-21 18:30:00,0.77,1.1495753334477523,0.7629823
2025-11-23 03:30:00,0.75,0.8620800669211054,0.7584036
2025-11-23 06:30:00,0.87,0.7773889050199355,0.7427322
2025-11-24 00:30:00,0.84,0.8876716663466621,0.7642081
2025-11-24 03:30:00,2.43,0.8432655307609555,0.78047705
2025-11-24 18:30:00,1.12,1.8032959523809522,1.5930184
2025-11-25 03:30:00,0.86,1.5917822415574494,1.2964379
2025-11-25 15:30:00,0.82,1.1328242729385116,1.0430337
2025-11-25 21:30:00,0.8,1.0854388470801632,1.1552594
2025-11-26 00:30:00,1.26,0.8835111134867535,0.7984088
2025-11-27 00:30:00,2.3,1.2155255445434563,1.0745059
2025-11-27 09:30:00,2.87,1.6345464158620828,1.5950923
2025-11-27 12:30:00,3.63,2.2476593217893224,1.9280782
2025-11-27 18:30:00,7.09,3.9353690740243494,2.9754093
2025-11-28 09:30:00,8.55,6.491500000000001,5.6047306
2025-11-28 12:30:00,7.93,7.361550000000011,6.5008483
2025-11-28 15:30:00,2.85,7.650450000000002,6.907591
2025-11-29 06:30:00,2.74,2.9771758615659722,2.5118165
2025-11-29 09:30:00,2.38,2.6971100177355014,2.6861382
2025-11-29 15:30:00,2.01,2.5172254553736955,2.348141
2025-11-30 00:30:00,1.54,2.0512517089402627,1.862597
2025-11-30 18:30:00,1.57,1.9915094140424927,1.8491025
2025-11-30 21:30:00,1.28,1.8968347467796365,1.4998709
2025-12-01 12:30:00,1.3,1.3143812021671228,1.3420701
2025-12-01 15:30:00,1.25,1.2666339405647742,1.2819471
2025-12-01 18:30:00,1.17,1.382673873506952,1.2738259
2025-12-02 00:30:00,1.16,1.2028655041245104,1.2034422
2025-12-02 03:30:00,1.09,1.1916675845340285,1.2295743
2025-12-02 12:30:00,1.07,1.100736971725045,1.1098279
2025-12-02 15:30:00,1.05,1.0846569678426499,1.0908619
2025-12-02 18:30:00,1.03,1.067890446658491,1.0141228
2025-12-02 21:30:00,0.95,1.0407221481769278,0.9784421
2025-12-03 00:30:00,0.97,1.0284169399506424,0.91773933
2025-12-03 06:30:00,0.92,1.0238047779554595,0.9675452
2025-12-03 09:30:00,0.93,0.9398998543027297,0.952013
2025-12-03 12:30:00,0.93,0.9113259299589254,0.9286992
2025-12-03 15:30:00,0.9,0.9182989752226554,0.919341
2025-12-04 03:30:00,0.87,0.9100056356481059,0.90595716
2025-12-04 09:30:00,1.23,0.8757807187612962,0.90985316
2025-12-04 21:30:00,0.85,1.4603524740562461,1.1938272
2025-12-05 12:30:00,0.89,1.0051727405705568,1.0035807
2025-12-06 00:30:00,0.76,1.1917601832880365,1.1067683
2025-12-06 15:30:00,0.71,0.8537304033495642,0.8087031
2025-12-07 06:30:00,0.67,0.7438773749005055,0.7051787
2025-12-07 15:30:00,0.85,0.7181345398632297,0.7103818
2025-12-07 18:30:00,0.73,0.9291455467843021,0.82685554
2025-12-08 09:30:00,0.7,0.8401389052615975,0.663335
2025-12-08 15:30:00,0.67,0.7359514847211726,0.6690177
2025-12-09 09:30:00,0.61,0.8638694593659875,0.7730359
2025-12-10 09:30:00,0.65,0.6888079211213242,0.676516
2025-12-10 15:30:00,0.54,0.6657943460951276,0.60382074
2025-12-11 12:30:00,0.61,0.5852425615829161,0.56524473
2025-12-13 09:30:00,0.59,0.6028270594581399,0.5540216
2025-12-14 09:30:00,0.45,0.5840160437144907,0.6086615
2025-12-17 15:30:00,0.45,0.5448851133392897,0.60243076
2025-12-18 15:30:00,0.45,0.507839736526765,0.584673
2025-12-18 18:30:00,0.54,0.7317982929254838,0.5496277
2025-12-19 09:30:00,0.45,0.5675794630583713,0.51248664
2025-12-19 12:30:00,0.45,0.46861117455984713,0.49268016
2025-12-19 15:30:00,0.44,0.4889544114954413,0.4895712
2025-12-21 09:30:00,0.42,0.4679316497064725,0.48974657
2025-12-21 15:30:00,0.4,0.455228903486545,0.47177303
2025-12-24 09:30:00,0.57,0.47890828692410703,0.4445067
2025-12-25 09:30:00,0.36,0.6157277034989845,0.48384002
2025-12-29 09:30:00,0.62,0.42992199274352066,0.43431702
2026-01-01 09:30:00,0.18,0.6504325704802136,0.4663393
2026-01-10 12:30:00,0.17,1.0227082142697193,0.40789336
2026-01-10 15:30:00,0.2,0.2573453414424573,0.2926351
2026-01-10 18:30:00,0.4,0.28303021853743193,0.38022047
2026-01-11 09:30:00,0.06,0.3778629140159157,0.26036778
2026-02-20 06:30:00,1.38,0.22475626300091492,0.20805457
2026-02-21 21:30:00,0.13,1.3198666666666667,1.2206606
2026-04-15 09:30:00,0.67,0.7787318214285714,0.67413855
2026-05-10 06:30:00,1.07,0.9206149193052484,0.44446567
2026-05-11 21:30:00,0.7,0.9863238383212157,0.98782396
2026-05-12 15:30:00,0.94,0.9505750270242698,0.7064186
2026-05-12 21:30:00,0.74,1.0327073436160112,0.9550559
2026-05-13 06:30:00,0.97,1.682598252594623,0.9107887
2026-05-13 21:30:00,0.81,1.0289062745235145,0.95264864
2026-05-14 00:30:00,2.14,0.8939714893250914,0.93974376
2026-05-15 00:30:00,1.31,2.046816666666666,1.9412513
2026-05-15 21:30:00,1.33,1.8780182760468034,1.5860668
2026-05-16 00:30:00,1.46,1.3547762523021345,1.1509107
2026-05-23 21:30:00,1.29,2.0360590542477057,1.6748888
2026-05-24 06:30:00,3.15,1.2895799746592391,1.196295
2026-05-24 21:30:00,1.6,2.9486999999999988,2.5965142
2026-05-25 21:30:00,2.05,1.9514846898870561,1.7859316
2026-05-26 09:30:00,1.15,2.227629609610005,2.0365014
2026-05-30 21:30:00,0.99,1.7512863124967197,1.4994253
2026-05-31 21:30:00,2.25,1.0773979543724237,0.98342496
2026-06-12 18:30:00,1.86,2.3225217794486213,2.4143546
2026-06-12 21:30:00,1.52,1.9076212767651928,1.8809274
2026-06-13 00:30:00,1.39,1.6382746414806666,1.5795866
2026-06-13 03:30:00,1.37,1.5803026955068185,1.4968885
2026-06-13 12:30:00,1.62,2.1139919360406396,1.63221
2026-06-13 15:30:00,1.47,1.7629019544022688,1.779094
2026-06-13 18:30:00,1.46,1.496354585076551,1.6775775
2026-06-13 21:30:00,1.4,1.5114633510725914,1.4564377
2026-06-14 00:30:00,1.32,1.5666687737038418,1.5353707
2026-06-14 03:30:00,1.28,1.3292218083882856,1.3051264
2026-06-14 06:30:00,1.13,1.3090088431990505,1.2780955
2026-06-14 12:30:00,1.05,1.1669115133845929,1.1566695
2026-06-18 09:30:00,1.93,1.1017333352362433,1.0490532
2026-06-22 21:30:00,2.47,1.8290078127917824,2.2678614
2026-06-23 00:30:00,1.74,2.2725473761177706,2.3062217
2026-06-23 06:30:00,1.1,1.8957653948281288,1.5904219
2026-06-23 21:30:00,1.08,1.7566796529876223,1.4845105
2026-06-24 00:30:00,1.05,1.3677327881642127,1.1781579
2026-06-24 03:30:00,1.01,1.2435957040923227,1.0629634
2026-06-24 06:30:00,0.95,1.070250957241379,0.99267274
2026-06-24 15:30:00,1.38,1.1202353445133784,1.1364535
2026-06-29 21:30:00,1.11,1.5247849376474312,1.3336258
2026-06-30 03:30:00,0.95,1.1341615589667142,0.9974869
2026-07-11 09:30:00,1.32,1.0974920712275646,0.97900176
2026-08-01 15:30:00,1.16,1.7166457251442353,1.3736426
2026-08-01 18:30:00,1.0,1.241076114350599,1.270836
2026-08-01 21:30:00,0.99,1.0128219311520283,1.0086699
2026-08-02 00:30:00,0.94,1.0419611612339645,0.9933522
2026-08-02 03:30:00,0.87,1.1652391914921447,1.0425818
2026-08-02 09:30:00,2.96,0.928610531506934,0.9811974
2026-08-03 00:30:00,3.47,2.043518333333333,2.0349944
2026-08-03 03:30:00,2.42,2.7537893956043975,2.5891628
2026-08-03 06:30:00,5.85,2.215430978800609,2.2680624
2026-08-03 15:30:00,3.42,4.696083333333337,5.0918956
2026-08-03 18:30:00,1.85,3.711147962672917,2.9942937
2026-08-04 00:30:00,2.02,1.9621588886680734,1.6847062
2026-08-04 00:30:00,1.67,2.310118093855306,2.1819594
2026-08-04 03:30:00,1.75,1.8347385173279522,1.7996025
2026-08-04 06:30:00,2.05,1.93281403558625,1.490912
2026-08-04 09:30:00,2.03,2.274756553240249,2.0693178
2026-08-04 15:30:00,3.34,2.0143935109253666,2.1380024
2026-08-04 18:30:00,2.69,3.276684954133171,3.5275683
2026-08-04 21:30:00,1.68,2.4071668020578953,2.4623368
2026-08-05 03:30:00,1.9,1.7800560861717356,1.7347395
2025-06-10 09:30:00,2.4,1.1999680154707943,1.3506572
2025-10-21 18:30:00,2.29,2.3500361194363895,2.1490545
2025-10-21 21:30:00,2.27,2.148423204377472,2.4021533
2025-10-22 00:30:00,1.53,2.252794309767325,2.09626
2025-10-23 00:30:00,3.04,1.716868801142501,1.688102
2025-10-23 18:30:00,2.58,2.913352892156861,2.5562217
2025-10-24 18:30:00,3.32,2.439954273058546,2.6645756
2025-10-25 18:30:00,1.82,3.3512156716854324,3.207514
2025-10-27 09:30:00,1.08,1.9252433625533658,2.1885936
2025-10-30 09:30:00,0.76,1.7336400685852602,2.2576299
2025-11-06 09:30:00,1.13,1.0361122397127556,1.2228904
2025-11-12 09:30:00,1.67,1.4004625667640394,1.3445426
2025-11-21 00:30:00,1.6,1.3985637868568495,1.5653254
2025-11-21 06:30:00,1.74,1.665023540546895,1.6254137
2025-11-21 18:30:00,3.78,1.8792635506967634,1.663841
2025-11-23 03:30:00,4.1,3.3701625000000024,2.252565
2025-11-23 06:30:00,4.7,3.631060936417573,2.9659383
2025-11-24 00:30:00,4.69,4.27769892318832,4.3772497
2025-11-24 03:30:00,4.1,4.556453786270947,4.4836106
2025-11-24 18:30:00,3.54,3.7246841004347484,3.5186498
2025-11-25 03:30:00,2.26,3.1413424186595114,3.1529908
2025-11-25 15:30:00,2.04,2.4206328323672968,2.346814
2025-11-25 21:30:00,1.98,2.126602332510074,2.0107286
2025-11-26 00:30:00,2.56,2.1436699352085116,2.0728488
2025-11-27 00:30:00,3.62,2.677083741799959,2.3245955
2025-11-27 09:30:00,3.9,2.9573931922056356,2.9631732
2025-11-27 12:30:00,4.16,3.632649213954248,3.4749987
2025-11-27 18:30:00,5.3,4.019939089719601,3.604847
2025-11-28 09:30:00,5.61,5.081596616229547,4.856349
2025-11-28 12:30:00,5.96,5.575967674506825,5.199304
2025-11-28 15:30:00,7.04,5.958064656084656,5.5904937
2025-11-29 06:30:00,6.92,6.04709999999999,5.650059
2025-11-29 09:30:00,6.6,5.261949999999995,5.2734036
2025-11-29 15:30:00,5.75,5.302479999999998,5.3429923
2025-11-30 00:30:00,4.99,4.960035199485198,4.7085814
2025-11-30 18:30:00,4.95,4.908120637464384,4.2203074
2025-11-30 21:30:00,4.0,4.5839477624120395,4.299992
2025-12-01 12:30:00,3.8,3.663141812840249,3.6946223
2025-12-01 15:30:00,3.54,3.564792087030458,3.3821952
2025-12-01 18:30:00,3.25,2.9121405954520276,3.059846
2025-12-02 00:30:00,3.1,3.074275728891055,2.9517179
2025-12-02 03:30:00,2.76,3.0369881873341136,2.8860574
2025-12-02 12:30:00,2.64,2.5491936271723237,2.462386
2025-12-02 15:30:00,2.54,2.471777439446927,2.4270575
2025-12-02 18:30:00,2.52,2.446783670948801,2.3721817
2025-12-02 21:30:00,2.31,2.3650016861396956,2.3954775
2025-12-03 00:30:00,2.34,2.251531771899542,2.344669
2025-12-03 06:30:00,2.32,2.3266828212397077,2.4230692
2025-12-03 09:30:00,2.3,2.244476895716988,2.3292422
2025-12-03 12:30:00,2.28,2.2384628624590674,2.3699455
2025-12-03 15:30:00,2.31,2.135123814416242,2.2500873
2025-12-04 03:30:00,2.28,2.2364535065084565,2.2900968
2025-12-04 09:30:00,2.6,2.145364664637032,2.2245202
2025-12-04 21:30:00,2.44,2.51201367706295,2.3839629
2025-12-05 12:30:00,2.25,2.5128010065264994,2.6269844
2025-12-06 00:30:00,2.04,2.21195798486843,2.6300967
2025-12-06 15:30:00,1.94,2.0268489759705792,2.0071895
2025-12-07 06:30:00,1.86,2.140956124881163,2.0049243
2025-12-07 15:30:00,1.88,1.7222977463805358,1.8329197
2025-12-07 18:30:00,2.26,2.0085814481753825,2.0287545
2025-12-08 09:30:00,2.02,2.2832798044729588,2.1141415
2025-12-08 15:30:00,1.38,2.236991564264677,2.0781403
2025-12-09 09:30:00,1.3,1.5313524226399156,1.814184
2025-12-10 09:30:00,1.3,1.413126866942669,1.3830693
2025-12-10 15:30:00,1.28,1.4519690719348772,1.4432575
2025-12-11 12:30:00,1.34,1.322315541138736,1.2890776
2025-12-13 09:30:00,1.11,1.3572712395113038,1.330301
2025-12-14 09:30:00,1.2,1.1176899494508756,1.20361
2025-12-17 15:30:00,1.38,1.388862248754602,1.275954
2025-12-18 15:30:00,1.37,1.626741683586184,1.4814997
2025-12-18 18:30:00,1.33,1.3655299870595388,1.4568588
2025-12-19 09:30:00,1.3,1.4889983993738034,1.4678439
2025-12-19 12:30:00,1.3,1.4385476949920895,1.365195
2025-12-19 15:30:00,0.93,1.3754309532210547,1.3257717
2025-12-21 09:30:00,0.91,1.023913624669268,1.0897168
2025-12-21 15:30:00,0.82,1.0927515372542371,1.1337916
2025-12-24 09:30:00,0.78,1.0023921706504457,1.0390763
2025-12-25 09:30:00,0.68,0.8744759940798282,0.89706105
2025-12-29 09:30:00,0.78,0.7255417943562205,0.8292484
2026-01-01 09:30:00,0.63,0.8234178320586814,0.87776834
2026-01-10 12:30:00,0.63,0.7218817966630908,0.7673419
2026-01-10 15:30:00,0.63,0.7102971637208246,0.89536667
2026-01-10 18:30:00,0.61,0.8027501780279589,0.712814
2026-01-11 09:30:00,1.21,0.612116856298774,0.7466326
2026-02-20 06:30:00,0.48,0.8586245277693805,1.1096733
2026-02-21 21:30:00,0.72,0.8254881929733261,0.8743838
2026-04-15 09:30:00,1.58,0.9168461701027886,0.9204954
2026-05-10 06:30:00,1.6,1.6456612499999994,1.5284681
2026-05-11 21:30:00,1.46,1.7283375093680895,1.7922549
2026-05-12 15:30:00,2.75,1.4967371298169494,1.5785526
2026-05-12 21:30:00,2.78,2.3101841892362645,2.5475242
2026-05-13 06:30:00,3.48,2.4780896284794123,2.5356178
2026-05-13 21:30:00,3.48,3.2672915879109907,3.3159432
2026-05-14 00:30:00,4.48,3.3125650221125538,3.196394
2026-05-15 00:30:00,4.64,4.766328991935482,4.779002
2026-05-15 21:30:00,4.58,4.363351218594789,4.116252
2026-05-16 00:30:00,4.75,4.396334152610533,4.1823463
2026-05-23 21:30:00,4.05,4.654395897315361,4.4227877
2026-05-24 06:30:00,2.84,3.833798293754129,3.7890732
2026-05-24 21:30:00,2.25,2.9042579140778964,2.705066
2026-05-25 21:30:00,2.72,2.4971968298272067,2.4206786
2026-05-26 09:30:00,1.58,2.6749681214605907,2.7220988
2026-05-30 21:30:00,1.41,1.7217441383147944,1.7232627
2026-05-31 21:30:00,3.12,1.459900422602893,1.5347317
2026-06-12 18:30:00,3.06,2.661944097593582,3.3555005
2026-06-12 21:30:00,3.06,2.684912535128272,3.0113
2026-06-13 00:30:00,3.17,3.032014238711545,2.8228784
2026-06-13 03:30:00,3.32,3.4038420698427982,3.182085
2026-06-13 12:30:00,3.3,3.309451787812651,3.3925846
2026-06-13 15:30:00,3.26,3.1730021578867813,3.3366404
2026-06-13 18:30:00,3.2,3.2472135435393374,3.3526773
2026-06-13 21:30:00,3.25,3.2138620662738715,3.2256355
2026-06-14 00:30:00,3.21,3.241981306320093,3.1534815
2026-06-14 03:30:00,3.17,3.1943724541347365,3.1246681
2026-06-14 06:30:00,3.06,3.2005169308432504,3.1324008
2026-06-14 12:30:00,1.74,3.0646920020097834,2.914361
2026-06-18 09:30:00,2.96,1.840143086377249,1.9070812
2026-06-22 21:30:00,3.5,2.7875341778913945,3.1125631
2026-06-23 00:30:00,4.0,2.857137632134126,3.721781
2026-06-23 06:30:00,3.75,3.204201637341153,3.3506312
2026-06-23 21:30:00,3.6,3.6293029473670337,3.7209039
2026-06-24 00:30:00,3.42,3.3788638683672985,3.3793995
2026-06-24 03:30:00,3.25,3.274560821459356,3.3207593
2026-06-24 06:30:00,2.74,3.1564844429574896,3.266447
2026-06-24 15:30:00,1.78,2.594962651041526,2.6320925
2026-06-29 21:30:00,1.71,1.763212259968105,1.953768
2026-06-30 03:30:00,1.03,1.8070909882872044,1.8974378
2026-07-11 09:30:00,2.16,1.5672962520781055,1.4095912
2026-08-01 15:30:00,1.96,1.8886812558591481,1.8936015
2026-08-01 18:30:00,1.66,1.7054326197282743,1.899662
2026-08-01 21:30:00,1.26,1.6631074073476808,1.6769927
2026-08-02 00:30:00,1.27,1.2012955368763396,1.3965524
2026-08-02 03:30:00,1.04,1.339246697006949,1.4357895
2026-08-02 09:30:00,1.15,1.112561502675958,1.1927251
2026-08-03 00:30:00,1.15,1.1634565821141476,1.2018148
2026-08-03 03:30:00,1.13,1.121137894317756,1.2248242
2026-08-03 06:30:00,1.12,1.1781528472790808,1.209292
2026-08-03 15:30:00,1.14,1.1954054904073637,1.2397703
2026-08-03 18:30:00,1.27,1.1977358121950705,1.1828227
2026-08-04 00:30:00,1.11,1.2878732160910835,1.2774044
2026-08-04 00:30:00,1.64,1.1088198950638626,1.1561313
2026-08-04 03:30:00,1.62,1.4883578819512693,1.6104823
2026-08-04 06:30:00,1.6,1.6987154034671565,1.69936
2026-08-04 09:30:00,1.5,1.6559651035434377,1.7284431
2026-08-04 15:30:00,1.24,1.5196495847993483,1.6157441
2026-08-04 18:30:00,1.15,1.344245610674536,1.4024488
2026-08-04 21:30:00,1.11,1.2392975330470728,1.2967808
2026-08-05 03:30:00,1.07,1.2565684675644198,1.2167759
2025-06-10 09:30:00,7.74,5.265666666666666,5.9767737
2025-10-21 18:30:00,7.6,7.341800000000006,7.438192
2025-10-21 21:30:00,7.48,6.89297222222222,7.249416
2025-10-22 00:30:00,6.92,7.263020327660847,7.2773695
2025-10-23 00:30:00,8.04,6.843252691869729,6.9944334
2025-10-23 18:30:00,7.78,7.850191176470589,7.6578007
2025-10-24 18:30:00,8.57,7.829241176470589,7.5713387
2025-10-25 18:30:00,7.26,8.19250000000001,8.183888
2025-10-27 09:30:00,4.96,7.226892857142861,7.311634
2025-10-30 09:30:00,5.16,5.512668885535082,6.0164466
2025-11-06 09:30:00,1.16,6.67404166666666,6.0545487
2025-11-12 09:30:00,5.53,2.862750000000003,3.1691136
2025-11-21 00:30:00,5.48,4.9825007360655,5.3508496
2025-11-21 06:30:00,5.97,5.431208505484108,5.7218394
2025-11-21 18:30:00,7.75,6.5933609374999955,6.0455337
2025-11-23 03:30:00,7.67,7.43961666666667,7.044844
2025-11-23 06:30:00,6.29,7.537895000000003,7.379223
2025-11-24 00:30:00,6.32,6.723117243589744,6.504504
2025-11-24 03:30:00,6.48,6.6264783547008514,6.694854
2025-11-24 18:30:00,7.38,6.794384313852814,6.0470276
2025-11-25 03:30:00,7.7,7.044272619047617,7.11146
2025-11-25 15:30:00,7.61,7.6057000000000095,7.588737
2025-11-25 21:30:00,7.56,6.8148560606060595,7.2392907
2025-11-26 00:30:00,6.5,7.13479912698412,7.1539183
2025-11-27 00:30:00,6.84,6.556115860902257,6.8473296
2025-11-27 09:30:00,7.14,6.641725000000001,6.53566
2025-11-27 12:30:00,7.73,6.8529796698179215,6.951407
2025-11-27 18:30:00,10.05,7.923700000000002,7.502236
2025-11-28 09:30:00,11.5,9.487100000000003,8.448981
2025-12-01 12:30:00,10.94,11.054183333333329,10.742073
2025-12-01 15:30:00,10.8,10.892801482153473,10.7223835
2025-12-01 18:30:00,10.49,10.694585065443828,10.719947
2025-12-02 00:30:00,10.3,10.72838355820106,10.416649
2025-12-02 03:30:00,9.77,10.993499999999997,9.974736
2025-12-02 12:30:00,9.56,9.97975000000001,9.449941
2025-12-02 15:30:00,9.33,9.607950000000002,9.318259
2025-12-02 18:30:00,9.1,9.42749999999999,9.15568
2025-12-02 21:30:00,5.85,9.251600000000003,9.005356
2025-12-03 00:30:00,8.14,6.857899999999989,5.4968123
2025-12-03 06:30:00,7.66,7.805335714285714,7.477229
2025-12-03 09:30:00,7.2,7.447266666666669,7.2897177
2025-12-03 12:30:00,6.75,6.706046821428571,6.9422507
2025-12-03 15:30:00,5.68,6.315870074264819,6.6562157
2025-12-04 03:30:00,5.53,5.109765384977997,5.4943
2025-12-04 09:30:00,6.02,5.022046089012929,5.6407547
2025-12-04 21:30:00,6.23,6.57074269230769,6.149816
2025-12-05 12:30:00,6.28,6.741501811594207,6.254172
2025-12-06 00:30:00,5.97,6.881350000000002,6.8544207
2025-12-06 15:30:00,5.8,5.8002817263189215,5.848764
2025-12-07 06:30:00,5.5,5.444892668230319,6.1760254
2025-12-07 15:30:00,5.4,5.074642118605539,5.5653048
2025-12-07 18:30:00,6.3,5.221591974978838,5.7676954
2025-12-08 09:30:00,6.18,6.632651811594209,6.472106
2025-12-08 15:30:00,5.96,6.784438098358916,6.2671657
2025-12-09 09:30:00,5.18,5.9856642056818785,6.064398
2025-12-10 09:30:00,5.15,5.16830057736978,5.427298
2025-12-10 15:30:00,5.1,5.084207673840956,5.2587385
2025-12-11 12:30:00,5.83,5.3127458086096695,5.2020674
2025-12-13 09:30:00,5.55,5.674319838282284,5.747181
2025-12-14 09:30:00,4.66,5.5883942263940405,5.873696
2025-12-17 15:30:00,4.68,5.223785667033346,5.047649
2025-12-18 15:30:00,4.7,5.275411788529151,5.1221495
2025-12-18 18:30:00,4.83,5.233070789624337,5.1511045
2025-12-19 09:30:00,4.76,5.15251285110983,5.2020717
2025-12-19 12:30:00,4.7,4.947258371063099,4.8106875
2025-12-19 15:30:00,5.35,4.867820987795695,4.8369465
2025-12-21 09:30:00,5.09,5.210515856496332,5.4831457
2025-12-21 15:30:00,4.39,5.343224254275961,5.2182503
2025-12-24 09:30:00,5.02,4.599888198543826,4.644479
2025-12-25 09:30:00,4.43,5.410203981831906,5.103268
2025-12-29 09:30:00,4.33,4.6125675345384165,4.7726755
2026-01-01 09:30:00,4.07,4.649306675140166,4.391009
2026-01-10 12:30:00,4.06,3.9574865749188834,3.8629904
2026-01-10 15:30:00,4.06,4.017474920862961,3.8821661
2026-01-10 18:30:00,4.16,4.05123986460182,3.9311798
2026-01-11 09:30:00,3.91,4.180154278253287,4.070914
2026-02-20 06:30:00,5.05,4.201872606613341,4.1549554
2026-02-21 21:30:00,4.27,4.8294213178854,5.4863043
2026-04-15 09:30:00,4.98,4.163786257479325,4.255588
2026-05-10 06:30:00,5.57,5.320870541460797,5.4284325
2026-05-11 21:30:00,5.62,5.590901975218629,5.645036
2026-05-12 15:30:00,5.44,5.481304451695645,5.617491
2026-05-12 21:30:00,6.6,5.4440082693546685,5.7770166
2026-05-13 06:30:00,8.1,6.770286935594896,6.945134
2026-05-13 21:30:00,8.22,8.062349999999999,8.130227
2026-05-14 00:30:00,8.59,8.017400000000004,8.230236
2026-05-15 00:30:00,8.7,8.507408333333332,8.282224
2026-05-15 21:30:00,8.68,8.676108333333348,8.591037
2026-05-16 00:30:00,10.26,8.651835000000009,8.652923
2026-05-23 21:30:00,10.1,10.428112499999992,9.513106
2026-05-24 06:30:00,9.48,10.172149999999995,9.971592
2026-05-24 21:30:00,8.75,9.660787500000005,9.556972
2026-05-25 21:30:00,8.63,8.485850000000006,8.886825
2026-05-26 09:30:00,6.95,8.728599999999997,8.773706
2026-05-30 21:30:00,5.7,6.611764285714287,6.759584
2026-05-31 21:30:00,8.22,5.973859894688641,5.793233
2026-06-12 18:30:00,8.31,8.041099999999998,7.9903502
2026-06-12 21:30:00,8.35,8.158550000000004,7.9447713
2026-06-13 00:30:00,8.43,8.19573333333333,7.90449
2026-06-13 03:30:00,8.6,8.516054761904748,8.224113
2026-06-13 12:30:00,8.65,8.603785000000007,8.329677
2026-06-13 15:30:00,8.69,8.628626666666683,8.571807
2026-06-13 18:30:00,8.63,8.598007222222234,9.162013
2026-06-13 21:30:00,8.6,8.562328333333339,8.676742
2026-06-14 00:30:00,8.55,8.565033333333334,8.682878
2026-06-14 03:30:00,8.52,8.481304761904767,8.456937
2026-06-14 06:30:00,8.33,8.463983333333342,8.420882
2026-06-14 12:30:00,6.12,8.212235714285713,8.086647
2026-06-18 09:30:00,7.58,6.394039999999999,6.3781443
2026-06-22 21:30:00,7.78,7.014764285714283,7.557673
2026-06-23 00:30:00,7.97,7.634988888888887,8.279076
2026-06-23 06:30:00,7.92,7.932400000000007,8.053039
2026-06-23 21:30:00,7.73,7.733550000000003,7.891672
2026-06-24 00:30:00,7.45,7.398774722222225,7.7539477
2026-06-24 03:30:00,7.05,6.837504581529581,7.2786365
2026-06-24 06:30:00,6.2,6.790341944444441,6.854802
2026-06-24 15:30:00,7.58,6.379528076923079,6.424382
2026-06-29 21:30:00,7.89,6.891385639880948,7.29103
2026-06-30 03:30:00,4.74,7.930818888888886,7.9696984
2026-07-11 09:30:00,6.84,5.619418333333331,6.2580376
2026-08-01 15:30:00,7.06,6.864279999999996,6.966298
2026-08-01 18:30:00,7.13,6.905644621047815,6.717783
2026-08-01 21:30:00,6.99,7.195416147277296,6.7622743
2026-08-02 00:30:00,6.7,6.43987978359551,6.684358
2026-08-02 03:30:00,5.98,6.590585367284257,6.835844
2026-08-02 09:30:00,5.74,5.754509717314851,6.5670533
2026-08-03 00:30:00,6.08,5.823697675355467,6.751593
2026-08-03 03:30:00,6.75,6.3828907287157275,7.058469
2026-08-03 06:30:00,7.72,6.820495342188291,6.7388287
2026-08-03 15:30:00,7.92,7.643041666666673,7.5034094
2026-08-03 18:30:00,8.24,8.01674117647059,7.664106
2026-08-04 00:30:00,8.91,8.042171428571429,7.9375496
2026-08-04 00:30:00,8.35,8.556697222222219,8.378372
2026-08-04 03:30:00,8.43,8.220199999999995,8.033015
2026-08-04 06:30:00,8.6,8.34973333333333,8.5932455
2026-08-04 09:30:00,8.78,8.556076666666666,8.380694
2026-08-04 15:30:00,8.83,8.658947222222228,8.886719
2026-08-04 18:30:00,8.9,8.524400000000007,8.945508
2026-08-04 21:30:00,8.94,8.198065555555557,8.516845
2026-08-05 03:30:00,8.94,8.29892222222222,8.666681
2025-06-10 09:30:00,0.71,0.29394746885059414,0.1807751
2025-10-21 18:30:00,0.85,0.5330639465408809,0.5769079
2025-10-23 18:30:00,0.8,0.8947345600193332,0.9067198
2025-10-24 18:30:00,0.94,0.9521069681659017,0.9291061
2025-10-25 18:30:00,0.61,1.057735981073573,1.1315631
2025-10-27 09:30:00,0.8,1.0018973706925964,1.1052569
2025-10-30 09:30:00,0.58,1.0874742416019003,1.0098394
2025-11-06 09:30:00,0.56,0.957009934764811,0.8405454
2025-11-12 09:30:00,0.55,0.6351550586340441,0.6864929
2025-11-21 18:30:00,3.54,0.8703506109857423,0.6521617
2025-11-24 18:30:00,3.39,1.9845000000000004,1.1768914
2025-11-25 15:30:00,4.81,2.176438185286935,1.7673861
2025-11-27 09:30:00,5.37,4.617195707611688,4.2836328
2025-11-27 12:30:00,6.12,5.395729895330915,4.978986
2025-11-27 18:30:00,4.1,5.761237162348277,5.6670303
2025-12-01 12:30:00,3.76,3.474785969818023,3.4702117
2025-12-01 15:30:00,3.58,3.64713703522814,3.4944997
2025-12-01 18:30:00,3.08,2.892292288013189,2.9654372
2025-12-02 12:30:00,2.87,3.0805295451926913,2.810232
2025-12-02 15:30:00,2.52,2.9901643971589946,2.6710463
2025-12-02 18:30:00,1.92,2.534681790215038,2.3280303
2025-12-03 12:30:00,1.9,2.1935145200159827,2.0171976
2025-12-03 15:30:00,0.58,2.014019054973982,2.1377902
2025-12-04 09:30:00,0.56,1.233615894250802,1.1333762
2025-12-05 12:30:00,1.5,0.9367113080839742,0.83862185
2025-12-06 15:30:00,1.29,2.4876418018071935,2.2514048
2025-12-07 15:30:00,1.3,1.526118442009296,1.4620467
2025-12-07 18:30:00,1.47,1.3892659979285507,1.3956759
2025-12-08 09:30:00,1.46,1.7677845449038025,1.6583134
2025-12-08 15:30:00,1.27,1.536944274900523,1.4617734
2025-12-09 09:30:00,0.76,1.2434877554812294,1.2771508
2025-12-10 09:30:00,0.8,1.2060881272198956,1.1425408
2025-12-10 15:30:00,1.18,1.2137258733680476,1.1335889
2025-12-11 12:30:00,1.69,0.9869720068945085,1.2158897
2025-12-13 09:30:00,1.72,1.5886854017254666,1.7237822
2025-12-14 09:30:00,0.61,1.649122921332581,1.6870364
2025-12-17 15:30:00,1.33,1.3072451300220371,1.3100923
2025-12-18 15:30:00,1.35,1.6998997711078914,1.5787897
2025-12-18 18:30:00,1.94,2.1621967731929446,2.284877
2025-12-19 09:30:00,1.88,2.1572712225688755,1.7601024
2025-12-19 12:30:00,1.87,1.8199583772013996,1.7541114
2025-12-19 15:30:00,1.73,1.8011663344817181,1.7533492
2025-12-21 09:30:00,1.72,1.7384901801319181,1.7944512
2025-12-21 15:30:00,0.46,1.6444976348900275,1.5986371
2025-12-24 09:30:00,0.42,0.9397010129196905,1.1136243
2025-12-25 09:30:00,0.49,0.7969787300298907,0.9539111
2025-12-29 09:30:00,0.69,0.6851866252373793,0.70458734
2026-01-01 09:30:00,0.4,0.8650928686775903,0.48761126
2026-01-10 12:30:00,0.39,0.7471917605036045,0.5391533
2026-01-10 15:30:00,0.39,0.42221815278930314,0.42978454
2026-01-10 18:30:00,0.4,0.47023841025051766,0.4553287
2026-01-11 09:30:00,0.13,0.39588550527851074,0.36971706
2026-04-15 09:30:00,1.61,0.33506020498779265,0.28830442
2026-05-12 15:30:00,0.25,1.5575099999999997,1.4894501
2026-05-26 09:30:00,0.51,0.6949646019721019,1.0248538
2026-06-12 18:30:00,1.64,0.7433001731912924,0.666564
2026-06-13 12:30:00,1.58,2.034235714285714,2.112398
2026-06-13 15:30:00,1.44,1.929474980158731,1.8268989
2026-06-13 18:30:00,0.7,1.5412142833766835,1.5509012
2026-06-14 12:30:00,0.27,1.1678157430639207,1.0109106
2026-06-18 09:30:00,0.45,0.892696969299921,0.8199935
2026-06-24 15:30:00,0.15,0.6649394419332455,0.52520615
2026-07-11 09:30:00,0.03,0.41810135587160213,0.28235736
2026-08-01 15:30:00,0.03,0.3756554439971769,0.2608633
2026-08-01 18:30:00,0.04,0.3796019144287132,0.18173501
2026-08-02 09:30:00,0.04,0.09060351068904718,0.07981314
2026-08-03 15:30:00,0.04,0.08283306172341968,0.08733585
2026-08-03 18:30:00,0.03,0.08683744768833197,0.08954776
2026-08-04 09:30:00,0.03,0.05423571391464762,0.101258956
2026-08-04 15:30:00,0.03,0.05881178464499251,0.07273847
2025-06-10 09:30:00,2.93,1.6254276585348881,1.2711762
2025-10-21 18:30:00,2.73,2.4637358778286274,2.8362467
2025-10-21 21:30:00,2.71,2.370389114267321,2.9385803
2025-10-22 00:30:00,1.95,2.420427923582086,2.2755606
2025-10-23 00:30:00,3.28,2.472182472933263,2.233239
2025-10-23 18:30:00,2.58,3.180508199679989,3.2045443
2025-10-24 18:30:00,2.47,2.5657220239295757,2.7315748
2025-10-25 18:30:00,1.55,2.4755052675620504,2.7115805
2025-10-27 09:30:00,1.2,2.814064761738653,3.1235895
2025-10-30 09:30:00,1.15,1.5252200873282888,2.0317428
2025-11-06 09:30:00,1.16,1.5480753882038996,1.4162865
2025-11-12 09:30:00,1.63,1.548897101482465,1.38495
2025-11-21 00:30:00,1.69,1.4937634044202457,1.4687558
2025-11-21 06:30:00,1.47,1.5275265826584552,1.5884017
2025-11-21 18:30:00,4.61,1.5170558225637287,1.5271776
2025-11-23 03:30:00,4.43,3.0220624999999988,2.7119827
2025-11-23 06:30:00,5.7,3.7476849431818193,3.591411
2025-11-24 00:30:00,5.82,5.765470826067102,5.419131
2025-11-24 03:30:00,3.28,5.736357996694758,5.222283
2025-11-24 18:30:00,3.1,3.453124038558339,2.8102078
2025-11-25 03:30:00,2.46,3.0540286055153394,3.066818
2025-11-25 15:30:00,2.32,2.6035620306157163,2.474456
2025-11-25 21:30:00,1.28,2.3306325535974337,2.3665183
2025-11-26 00:30:00,4.02,1.7179369622147675,1.6589113
2025-11-27 00:30:00,7.61,2.981343098418382,3.253939
2025-11-27 09:30:00,8.16,6.520299999999999,6.2411923
2025-11-27 12:30:00,8.42,7.522999999999999,7.0215206
2025-11-27 18:30:00,10.76,7.756800000000006,7.3351974
2025-11-28 09:30:00,11.38,10.028599999999985,9.117045
2025-11-28 12:30:00,11.8,11.261400000000002,10.341737
2025-11-28 15:30:00,12.54,12.076350000000007,11.016043
2025-11-29 06:30:00,12.49,12.924000000000001,12.275157
2025-11-29 09:30:00,11.47,12.463199999999997,11.732092
2025-11-29 15:30:00,6.95,11.546099999999994,11.006802
2025-11-30 00:30:00,4.0,4.809699999999996,5.7662153
2025-11-30 18:30:00,3.84,3.785757950937955,3.176055
2025-11-30 21:30:00,3.11,3.549790551579392,3.3062348
2025-12-01 12:30:00,3.0,3.129236559153185,2.793544
2025-12-01 15:30:00,2.9,3.1615609720108706,2.6817825
2025-12-01 18:30:00,2.68,3.0011138368094645,2.5970578
2025-12-02 00:30:00,2.51,2.600781114964694,2.4019823
2025-12-02 12:30:00,2.47,2.5201989738007264,2.415255
2025-12-02 15:30:00,2.41,2.54856145160032,2.5015247
2025-12-02 18:30:00,2.35,2.5610472839603937,2.5374854
2025-12-02 21:30:00,2.09,2.444237780365873,2.4461076
2025-12-03 00:30:00,2.2,2.0905076288082007,2.0754762
2025-12-03 06:30:00,1.18,2.3316729344825493,2.2043428
2025-12-03 09:30:00,2.15,1.8446510022021956,1.7327324
2025-12-03 12:30:00,2.15,2.2970127063716603,1.9599444
2025-12-03 15:30:00,2.08,2.0372711295885777,1.977604
2025-12-04 03:30:00,2.02,1.8814115481079114,1.8340863
2025-12-04 09:30:00,1.92,1.9928833911989077,1.9451573
2025-12-04 21:30:00,1.82,1.9938512176257286,2.0994658
2025-12-05 12:30:00,1.78,1.9274429892282476,1.8753023
2025-12-06 00:30:00,1.89,1.878959374553032,1.9395901
2025-12-06 15:30:00,1.64,1.9660562607924974,1.8983973
2025-12-07 06:30:00,1.62,1.7804655684034176,1.6322519
2025-12-07 15:30:00,1.61,1.7032623076045263,1.6285002
2025-12-07 18:30:00,1.53,1.6167752917205782,1.602406
2025-12-08 09:30:00,1.5,1.5831454667053615,1.5687349
2025-12-08 15:30:00,1.46,1.609841740429019,1.6022346
2025-12-09 09:30:00,1.36,1.5457676949414578,1.5364759
2025-12-10 09:30:00,1.39,1.38574238287343,1.4363456
2025-12-10 15:30:00,1.35,1.5033813422093911,1.4902359
2025-12-11 12:30:00,1.28,1.3964293234633585,1.3787423
2025-12-13 09:30:00,1.24,1.349916449001397,1.2994664
2025-12-14 09:30:00,1.15,1.4536823490688655,1.2747592
2025-12-17 15:30:00,1.23,1.3137860962721204,1.3014752
2025-12-18 15:30:00,1.26,1.4752526109214807,1.4140227
2025-12-18 18:30:00,1.42,1.5357532817586923,1.4154485
2025-12-19 09:30:00,1.4,1.4876735624320774,1.3773891
2025-12-19 12:30:00,1.39,1.494960427528936,1.4012805
2025-12-19 15:30:00,1.18,1.4909054609758274,1.6191596
2025-12-21 09:30:00,1.17,1.2624038396377013,1.2755193
2025-12-21 15:30:00,1.05,1.3457675654864647,1.3488649
2025-12-24 09:30:00,1.03,1.370609255897337,1.167338
2025-12-25 09:30:00,0.97,1.177517385935686,1.1443826
2025-12-29 09:30:00,1.08,1.149350149938371,1.05302
2026-01-01 09:30:00,0.96,1.115018625979547,1.0907733
2026-01-10 12:30:00,0.96,1.0062152197120846,1.0353038
2026-01-10 15:30:00,0.96,1.0282670795852369,1.0250942
2026-01-10 18:30:00,1.0,1.1797895956254114,1.044642
2026-01-11 09:30:00,0.73,1.0944964801316217,1.0638757
2026-02-20 06:30:00,0.71,1.0630196220306691,0.9679528
2026-02-21 21:30:00,0.89,1.0235041214896405,0.8479487
2026-04-15 09:30:00,1.31,1.1332797996475754,1.0786918
2026-05-10 06:30:00,1.52,1.587514148680124,1.2175465
2026-05-11 21:30:00,1.51,1.5750168218100364,1.8977739
2026-05-12 15:30:00,1.55,1.5079649998794864,1.5761071
2026-05-12 21:30:00,1.41,1.588395700083391,1.7956995
2026-05-13 06:30:00,2.36,1.6174141646116085,1.5432593
2026-05-13 21:30:00,2.16,2.2205794500644047,1.908533
2026-05-14 00:30:00,3.88,2.0390636420663055,2.001548
2026-05-15 00:30:00,2.86,3.196131250000001,3.8382032
2026-05-15 21:30:00,2.8,2.928757511468004,3.0258374
2026-05-16 00:30:00,1.39,3.7660157511928305,2.649939
2026-05-23 21:30:00,1.31,1.954514283246226,1.5918597
2026-05-24 06:30:00,1.33,1.5803858257488204,1.593593
2026-05-24 21:30:00,1.31,1.5384308914162415,1.3704003
2026-05-25 21:30:00,1.26,1.3171862084644215,1.3503424
2026-05-26 09:30:00,1.08,1.2634751781338058,1.3168101
2026-05-30 21:30:00,1.02,1.2018924842142729,1.1224116
2026-05-31 21:30:00,2.44,1.107094911970065,1.0436095
2026-06-12 18:30:00,2.39,1.688830297619048,2.005768
2026-06-12 21:30:00,2.32,2.0793838451483473,1.879578
2026-06-13 00:30:00,2.3,2.215648098116934,2.034329
2026-06-13 03:30:00,2.42,2.7039783848271934,2.612253
2026-06-13 12:30:00,2.37,2.5788753622045966,2.2962632
2026-06-13 15:30:00,2.36,2.4255458186970404,2.2244873
2026-06-13 18:30:00,2.28,2.449027973147715,2.462965
2026-06-13 21:30:00,2.16,2.33675023102345,2.2725132
2026-06-14 00:30:00,2.1,2.1054664249060617,2.0584912
2026-06-14 03:30:00,2.03,2.0651853988422757,1.9960192
2026-06-14 06:30:00,1.85,2.0084005629525676,1.9223404
2026-06-14 12:30:00,1.17,1.9119033714229385,1.8358455
2026-06-18 09:30:00,1.48,1.68587699096041,1.5229023
2026-06-22 21:30:00,2.22,2.1159621337478702,2.013026
2026-06-23 00:30:00,2.81,2.497391476590167,2.5616808
2026-06-23 06:30:00,2.02,2.6593559420289847,2.382505
2026-06-23 21:30:00,1.88,2.0876373665224133,1.7386651
2026-06-24 00:30:00,1.75,1.9329272585682566,1.836287
2026-06-24 03:30:00,1.64,1.8010573779190115,1.7302741
2026-06-24 06:30:00,1.44,1.6072239153319239,1.5540214
2026-06-24 15:30:00,1.2,1.4189649283846197,1.4776188
2026-06-29 21:30:00,1.44,1.2763816969466706,1.4910648
2026-06-30 03:30:00,1.12,1.6842688900460732,1.6705552
2026-07-11 09:30:00,3.33,1.1948202843480387,1.1842341
2026-08-01 15:30:00,2.5,2.694522916666664,2.7428854
2026-08-01 18:30:00,1.9,2.087834310365561,2.1070495
2026-08-01 21:30:00,1.58,1.93760037960718,1.9273424
2026-08-02 00:30:00,1.42,2.4344794506201066,2.01999
2026-08-02 03:30:00,1.26,1.761855792757956,1.5638105
2026-08-02 09:30:00,1.1,1.399751512939588,1.4625751
2026-08-03 00:30:00,1.09,1.3366306930763683,1.2901896
2026-08-03 03:30:00,1.08,1.4698811606800357,1.6033962
2026-08-03 06:30:00,2.02,1.344881521611964,1.1146581
2026-08-03 15:30:00,1.61,1.8590364186634623,1.7656268
2026-08-03 18:30:00,4.53,1.7961934924897651,1.7329937
2026-08-04 00:30:00,1.39,3.610550000000002,3.7254765
2026-08-04 00:30:00,3.2,2.1114123354125316,2.0634983
2026-08-04 03:30:00,2.25,3.323076327409561,3.024159
2026-08-04 06:30:00,1.88,2.5440222852643632,2.8317456
2026-08-04 09:30:00,1.54,1.9610316503551641,1.9589527
2026-08-04 15:30:00,1.48,1.9706333879518052,1.8323865
2026-08-04 18:30:00,1.44,1.8758673061817668,1.6268694
2026-08-04 21:30:00,1.38,1.5880076615867318,1.5826494
2026-08-05 03:30:00,1.35,1.3730588489882354,1.5294793
2025-06-10 09:30:00,11.16,11.159949999999986,10.353282
2025-10-21 18:30:00,11.61,10.841108333333338,10.4780445
2025-10-21 21:30:00,12.01,11.780700000000003,11.427517
2025-10-22 00:30:00,11.05,11.981550000000002,11.878672
2025-10-23 00:30:00,12.66,11.03729642857143,11.276422
2025-10-23 18:30:00,11.2,12.801850000000002,13.177696
2025-10-24 18:30:00,12.05,11.229275,11.247381
2025-10-25 18:30:00,10.43,11.6412,12.0850115
2025-10-27 09:30:00,9.67,11.928166666666675,13.051711
2025-10-30 09:30:00,9.25,11.193700000000002,10.81626
2025-11-06 09:30:00,9.54,10.053249999999993,9.99485
2025-11-12 09:30:00,10.05,9.63885,9.892516
2025-11-21 00:30:00,10.14,9.564429999999998,10.365759
2025-11-21 06:30:00,9.79,10.821622499999995,10.428759
2025-11-21 18:30:00,10.75,9.876809999999999,10.297992
2025-11-23 03:30:00,10.76,11.268299999999996,11.001687
2025-11-23 06:30:00,10.45,10.998708333333322,11.040598
2025-11-24 00:30:00,11.25,10.81680833333332,10.973598
2025-11-24 03:30:00,10.43,10.627548333333337,10.626086
2025-11-24 18:30:00,11.22,10.800858333333316,11.258373
2025-11-25 03:30:00,10.41,10.942569523809524,11.028961
2025-11-25 15:30:00,10.21,10.973933333333331,11.137301
2025-11-25 21:30:00,10.21,11.1944,11.16683
2025-11-26 00:30:00,11.18,11.163300000000001,10.75302
2025-11-27 00:30:00,14.09,11.118407272727262,10.456896
2025-11-27 09:30:00,14.59,14.125399999999997,13.0803795
2025-11-27 12:30:00,15.21,14.066000000000006,12.93067
2025-11-27 18:30:00,19.27,14.594299999999997,13.251207
2025-11-28 09:30:00,20.17,16.41825000000001,13.18173
2025-11-28 12:30:00,20.93,16.39985000000002,12.891625
2025-11-28 15:30:00,21.65,16.822600000000026,13.858088
2025-11-29 06:30:00,21.39,16.600100000000026,14.001067
2025-11-29 09:30:00,20.75,16.865200000000037,14.711662
2025-11-29 15:30:00,19.5,16.478150000000017,13.968931
2025-11-30 00:30:00,16.25,16.345700000000026,13.218361
2025-11-30 18:30:00,15.56,15.859350000000024,13.411236
2025-11-30 21:30:00,12.71,14.90675000000001,13.337921
2025-12-01 12:30:00,12.51,12.434900000000013,12.4023285
2025-12-01 15:30:00,12.22,12.286800000000014,12.026949
2025-12-01 18:30:00,11.85,11.811749999999993,11.806137
2025-12-02 00:30:00,11.71,11.84395,11.430733
2025-12-02 03:30:00,11.37,11.802800000000007,11.536404
2025-12-02 12:30:00,11.27,11.005830357142854,10.83116
2025-12-02 15:30:00,11.15,10.961343172268908,10.871823
2025-12-02 18:30:00,11.09,11.112421388888883,10.968042
2025-12-02 21:30:00,10.52,10.855546462312201,10.731409
2025-12-03 00:30:00,11.04,10.730084047619052,10.618353
2025-12-03 06:30:00,11.02,10.754966040234281,10.86013
2025-12-03 09:30:00,10.98,10.707575524361264,10.615787
2025-12-03 12:30:00,10.91,10.75953675452,10.719354
2025-12-03 15:30:00,10.44,10.730994467871465,10.763714
2025-12-04 03:30:00,10.69,10.548658333333337,10.91003
2025-12-04 09:30:00,10.52,10.651646772486782,10.653207
2025-12-04 21:30:00,10.45,10.820149999999998,10.61374
2025-12-05 12:30:00,10.68,10.880739999999982,10.477993
2025-12-06 00:30:00,10.32,10.721724999999985,10.755667
2025-12-06 15:30:00,10.1,10.851199999999984,10.460579
2025-12-07 06:30:00,10.15,10.46140000000001,10.500761
2025-12-07 15:30:00,10.06,11.254950000000006,10.444658
2025-12-07 18:30:00,10.4,10.74045,10.430305
2025-12-08 09:30:00,10.13,11.453550000000002,10.477709
2025-12-08 15:30:00,10.02,11.338100000000004,10.409576
2025-12-09 09:30:00,9.84,10.400000000000004,10.477709
2025-12-10 09:30:00,9.79,10.033369999999993,9.938686
2025-12-10 15:30:00,9.48,9.663000000000002,9.636346
2025-12-11 12:30:00,9.55,9.374799999999993,9.572215
2025-12-13 09:30:00,9.38,9.423120000000004,9.729243
2025-12-14 09:30:00,9.33,9.480374999999997,9.691292
2025-12-17 15:30:00,9.2,9.434300000000007,9.2819395
2025-12-18 15:30:00,9.15,10.018549999999998,9.719787
2025-12-18 18:30:00,9.13,9.265799999999995,9.475591
2025-12-19 09:30:00,8.9,9.372849999999998,9.213411
2025-12-19 12:30:00,9.21,9.070275,8.780796
2025-12-19 15:30:00,8.95,9.824100000000005,9.371745
2025-12-21 09:30:00,8.95,9.081925000000007,8.792096
2025-12-21 15:30:00,8.85,8.963825000000003,8.78348
2025-12-24 09:30:00,9.04,9.061541666666672,8.759104
2025-12-25 09:30:00,8.76,9.411750000000003,9.448768
2025-12-29 09:30:00,9.11,8.761741666666673,8.758971
2026-01-01 09:30:00,8.57,9.741450000000002,9.361879
2026-01-10 12:30:00,8.57,8.753075,8.792406
2026-01-10 15:30:00,8.58,8.533975000000002,8.772058
2026-01-10 18:30:00,8.68,8.642916666666672,8.625864
2026-01-11 09:30:00,8.44,8.676135,8.517489
2026-02-20 06:30:00,9.26,8.60377,8.73724
2026-02-21 21:30:00,8.71,9.537799999999997,9.259433
2026-04-15 09:30:00,10.19,8.685050000000004,9.366556
2026-05-10 06:30:00,10.19,10.138999999999992,9.736466
2026-05-11 21:30:00,9.87,10.598247499999996,10.438138
2026-05-12 15:30:00,10.52,9.784137500000003,10.224851
2026-05-12 21:30:00,10.29,11.283699999999996,10.724396
2026-05-13 06:30:00,11.05,11.404883333333332,11.044894
2026-05-13 21:30:00,10.8,10.827724999999996,10.77247
2026-05-14 00:30:00,14.19,10.75908333333333,10.982606
2026-05-15 00:30:00,11.4,14.402550000000018,16.122793
2026-05-15 21:30:00,11.21,11.376650000000005,11.091186
2026-05-16 00:30:00,11.39,11.17609999999999,11.344855
2026-05-23 21:30:00,10.96,11.466780000000005,11.0999365
2026-05-24 06:30:00,10.8,10.836115853174599,11.109898
2026-05-24 21:30:00,11.4,10.982723822658832,10.929817
2026-05-25 21:30:00,12.5,10.935678058608069,10.908043
2026-05-26 09:30:00,10.35,12.169850000000002,12.035573
2026-05-30 21:30:00,9.91,11.47338333333332,11.643165
2026-05-31 21:30:00,11.63,10.107149999999988,10.31468
2026-06-12 18:30:00,11.9,11.775118269230777,11.724711
2026-06-12 21:30:00,12.32,11.451278333333335,12.116201
2026-06-13 00:30:00,12.18,12.334850000000001,12.1171055
2026-06-13 03:30:00,11.88,12.081099999999994,12.176243
2026-06-13 12:30:00,11.82,11.974249999999993,12.064527
2026-06-13 15:30:00,11.73,11.962329999999998,11.878771
2026-06-13 18:30:00,11.73,12.250779761904765,12.779395
2026-06-13 21:30:00,11.7,11.908353571428579,12.104052
2026-06-14 00:30:00,11.62,11.992900000000002,12.031097
2026-06-14 03:30:00,11.49,12.06185,12.087065
2026-06-14 06:30:00,11.21,11.700221428571442,11.55717
2026-06-14 12:30:00,10.56,11.217178886554619,11.185044
2026-06-18 09:30:00,12.01,10.786427916666666,10.7593975
2026-06-22 21:30:00,13.02,11.956800000000005,11.948166
2026-06-23 00:30:00,13.2,13.023100000000008,12.948838
2026-06-23 06:30:00,11.05,13.214200000000012,12.7651615
2026-06-23 21:30:00,10.98,11.077149999999994,11.125858
2026-06-24 00:30:00,0.95,11.036263333333329,11.130202
2026-06-24 03:30:00,10.74,2.52501274509804,2.535766
2026-06-24 06:30:00,10.56,10.003716666666664,8.291126
2026-06-24 15:30:00,12.2,10.729534999999991,9.702393
2026-06-29 21:30:00,11.39,11.274008333333335,11.6905365
2026-06-30 03:30:00,9.65,10.983800000000004,11.465114
2026-07-11 09:30:00,14.46,10.514099999999996,10.613511
2026-08-01 15:30:00,13.42,12.178599999999971,12.328235
2026-08-01 18:30:00,12.07,13.365200000000007,13.135443
2026-08-01 21:30:00,11.2,11.860000000000007,12.073167
2026-08-02 00:30:00,10.68,11.083200000000001,10.976097
2026-08-02 03:30:00,10.1,10.874113333333337,10.836689
2026-08-02 09:30:00,10.2,11.57800000000001,12.171043
2026-08-03 00:30:00,12.42,11.913000000000004,11.099011
2026-08-03 03:30:00,14.31,11.448630555555553,11.012757
2026-08-03 06:30:00,14.6,14.392950000000011,13.695731
2026-08-03 15:30:00,15.96,14.046900000000004,13.934314
2026-08-03 18:30:00,16.29,15.360349999999993,14.041147
2026-08-04 00:30:00,13.4,16.00240000000003,13.796956
2026-08-04 00:30:00,15.81,12.918450000000009,12.899871
2026-08-04 03:30:00,15.12,15.02795,13.804948
2026-08-04 06:30:00,14.3,14.283749999999987,13.98826
2026-08-04 09:30:00,13.05,13.5854,14.284845
2026-08-04 15:30:00,12.76,12.975900000000019,13.277873
2026-08-04 18:30:00,13.1,12.688650000000006,13.1394825
2026-08-04 21:30:00,13.15,13.143949999999997,12.921708
2026-08-05 03:30:00,12.73,13.061149999999992,12.879819
2025-06-10 09:30:00,3.66,3.3107085714285684,1.6055152
2025-10-21 18:30:00,3.58,3.500687020798555,3.2157154
2025-10-21 21:30:00,3.73,3.3397699230136855,3.6236882
2025-10-22 00:30:00,3.2,3.481479283710474,3.3349004
2025-10-23 00:30:00,5.04,3.2943992527150034,3.4726908
2025-10-23 18:30:00,3.87,5.331836461567011,4.9378805
2025-10-24 18:30:00,4.24,3.213639848836349,3.6850219
2025-10-25 18:30:00,2.68,4.126836681194844,4.040402
2025-10-27 09:30:00,1.58,2.790385499291269,2.9758756
2025-10-30 09:30:00,1.03,3.389526466131906,2.662706
2025-11-06 09:30:00,1.36,2.006861212089029,2.477658
2025-11-12 09:30:00,1.64,1.9677235919613918,1.8107424
2025-11-21 00:30:00,1.84,1.880509178392449,1.8609343
2025-11-21 06:30:00,1.6,2.1084502418376334,1.7672946
2025-11-21 18:30:00,2.38,1.9655639826456357,2.3590178
2025-11-23 03:30:00,2.59,2.6251835049074925,3.0575526
2025-11-23 06:30:00,2.22,3.1190102071296466,2.7233772
2025-11-24 00:30:00,2.38,2.55246193308796,2.5779834
2025-11-24 03:30:00,2.56,2.903822248170343,2.7725594
2025-11-24 18:30:00,3.12,4.75808845495774,3.4841788
2025-11-25 03:30:00,2.52,3.0757261299673155,2.524473
2025-11-25 15:30:00,2.26,2.618417878494826,2.826972
2025-11-25 21:30:00,2.15,2.975772658730157,2.903792
2025-11-26 00:30:00,2.73,3.126633958215697,2.976016
2025-11-27 00:30:00,4.64,4.392106901927437,3.3268564
2025-11-27 09:30:00,5.35,3.8027775000000004,3.790506
2025-11-27 12:30:00,6.27,5.243205229227922,5.1344056
2025-11-27 18:30:00,8.59,6.085365016653921,6.1306024
2025-11-28 09:30:00,9.15,8.056725000000002,7.6822433
2025-11-28 12:30:00,9.54,9.496549999999994,9.106303
2025-11-28 15:30:00,10.47,9.530775000000004,8.999637
2025-11-29 06:30:00,10.6,10.160453333333326,9.710018
2025-11-29 09:30:00,10.81,11.586049999999993,9.868409
2025-11-29 15:30:00,10.95,10.950572883597886,10.321748
2025-11-30 00:30:00,10.51,10.836754963903203,10.361605
2025-11-30 18:30:00,10.35,10.88075105820106,10.363832
2025-11-30 21:30:00,9.12,10.82088333333334,10.600013
2025-12-01 12:30:00,8.86,10.349849999999995,9.087272
2025-12-01 15:30:00,8.61,8.715450000000008,8.259771
2025-12-01 18:30:00,8.14,8.577750000000007,8.215301
2025-12-02 00:30:00,7.93,7.587800000000012,7.6282616
2025-12-02 03:30:00,7.29,7.501196428571424,7.266128
2025-12-02 12:30:00,7.07,7.094034027777776,6.7376027
2025-12-02 15:30:00,6.8,6.825743103448264,6.2817755
2025-12-02 18:30:00,6.56,6.414298574264818,6.1639423
2025-12-02 21:30:00,4.38,6.334719830135639,6.127934
2025-12-03 00:30:00,5.76,3.792598234642694,3.8087535
2025-12-03 06:30:00,5.51,5.363673768037514,5.3320975
2025-12-03 09:30:00,5.28,4.946637378663852,5.200441
2025-12-03 12:30:00,5.06,5.034720647590428,4.920913
2025-12-03 15:30:00,4.18,5.071873461154488,4.8550324
2025-12-04 03:30:00,3.91,3.7779620240451566,3.7642522
2025-12-04 09:30:00,3.42,3.570775755404136,3.480905
2025-12-04 21:30:00,3.3,3.190061523838681,3.4294362
2025-12-05 12:30:00,3.37,3.2058896727989095,3.3487015
2025-12-06 00:30:00,2.85,3.2926888613168397,3.4780376
2025-12-06 15:30:00,2.47,3.062089242672476,2.7818637
2025-12-07 06:30:00,2.32,2.386059928267786,2.869016
2025-12-07 15:30:00,2.29,2.7867117696527357,2.6649368
2025-12-07 18:30:00,2.78,3.3231483433654376,3.0255306
2025-12-08 09:30:00,2.38,3.1058332650692733,2.5978823
2025-12-08 15:30:00,2.0,3.3193788002846913,2.509578
2025-12-09 09:30:00,2.08,2.0837627214202725,1.9501513
2025-12-10 09:30:00,1.95,3.8801706810546692,3.541045
2025-12-10 15:30:00,1.65,2.3477298551475614,2.3945282
2025-12-11 12:30:00,1.76,2.164536203242886,1.5893697
2025-12-13 09:30:00,1.45,2.8113110187321224,2.75112
2025-12-14 09:30:00,1.19,1.820912906313962,2.1378996
2025-12-17 15:30:00,1.05,1.3845512425056945,1.7644192
2025-12-18 15:30:00,1.01,1.685644597011093,1.5706339
2025-12-18 18:30:00,1.21,1.6514609617175504,1.5287765
2025-12-19 09:30:00,1.1,1.6990796907740566,1.3164365
2025-12-19 12:30:00,0.97,1.784579938506197,1.4298258
2025-12-19 15:30:00,0.81,1.3487188014049947,1.3163882
2025-12-21 09:30:00,0.77,1.508017736722488,1.6453501
2025-12-21 15:30:00,0.68,1.6065949692649997,1.7176164
2025-12-24 09:30:00,0.75,1.492743807629693,1.4438416
2025-12-25 09:30:00,0.58,1.2494727500362481,1.5238339
2025-12-29 09:30:00,0.92,1.3650112185346532,1.22396
2026-01-01 09:30:00,0.43,1.2604671260063263,1.2862182
2026-01-10 12:30:00,0.4,1.247993485069549,1.3508803
2026-01-10 15:30:00,0.4,0.5864483729387809,1.0366691
2026-01-10 18:30:00,0.48,0.6956729498171375,1.1336511
2026-01-11 09:30:00,0.33,0.767166496352249,0.90536153
2026-02-20 06:30:00,0.5,0.6613806891775937,0.9911943
2026-02-21 21:30:00,0.47,0.9841941612692238,0.7815207
2026-04-15 09:30:00,1.58,1.007063472222223,0.7848799
2026-05-10 06:30:00,1.51,1.9503166666666667,1.4811848
2026-05-11 21:30:00,1.78,1.7742725262174934,1.9542481
2026-05-12 15:30:00,1.91,2.3417032524021986,2.2061706
2026-05-12 21:30:00,2.22,2.223798017496265,2.0860376
2026-05-13 06:30:00,2.91,2.5444429547396967,2.5010452
2026-05-13 21:30:00,2.87,3.0191231938159886,2.8914044
2026-05-14 00:30:00,5.48,2.9311680238288402,2.7666004
2026-05-15 00:30:00,4.76,5.502584583333332,5.5974264
2026-05-15 21:30:00,4.44,4.185909541993703,4.3025136
2026-05-16 00:30:00,5.76,4.100207196965106,4.096799
2026-05-23 21:30:00,4.97,5.530940217513509,5.503696
2026-05-24 06:30:00,3.87,4.489172984353377,4.656557
2026-05-24 21:30:00,4.09,3.5079727271056846,3.4816847
2026-05-25 21:30:00,4.18,3.696825899545311,3.817458
2026-05-26 09:30:00,2.49,4.208295109915378,4.2371473
2026-05-30 21:30:00,2.0,2.947508234906985,3.1862595
2026-05-31 21:30:00,3.94,2.504417472913561,2.6068852
2026-06-12 18:30:00,3.82,3.630902316907775,3.8452072
2026-06-12 21:30:00,3.94,3.451631395922007,3.7906642
2026-06-13 00:30:00,4.19,3.6553316577365926,3.5903907
2026-06-13 03:30:00,3.99,4.134624086423756,3.972533
2026-06-13 12:30:00,4.0,3.7853144639813183,3.7742436
2026-06-13 15:30:00,3.96,3.8229935872972782,3.7522252
2026-06-13 18:30:00,3.9,3.846094955733761,3.7480347
2026-06-13 21:30:00,3.87,3.798457084009312,3.7099264
2026-06-14 00:30:00,3.84,3.6438730513227866,3.6039822
2026-06-14 03:30:00,3.75,3.581367516297463,3.6345553
2026-06-14 06:30:00,3.5,3.578320124229989,3.5212939
2026-06-14 12:30:00,2.66,3.2208920628716986,3.1465552
2026-06-18 09:30:00,3.14,3.2421554263075336,3.3006415
2026-06-22 21:30:00,3.78,3.6331157837137216,3.6054
2026-06-23 00:30:00,4.97,3.821729288901571,3.821332
2026-06-23 06:30:00,3.71,4.949304366940291,4.717821
2026-06-23 21:30:00,3.41,3.242395028834504,3.571606
2026-06-24 00:30:00,3.27,3.2593080642572207,3.272155
2026-06-24 03:30:00,3.11,3.219538062672634,3.164048
2026-06-24 06:30:00,2.64,3.0640588484713205,2.8933253
2026-06-24 15:30:00,3.8,2.4379335831750613,2.7080617
2026-06-29 21:30:00,3.73,3.842606125423887,4.194059
2026-06-30 03:30:00,1.63,3.3256204283470407,3.8179789
2026-07-11 09:30:00,5.51,2.6683607670107654,2.6664374
2026-08-01 15:30:00,5.53,4.737713783068781,4.688641
2026-08-01 18:30:00,5.12,5.1398771324264025,5.0195084
2026-08-01 21:30:00,4.52,4.307379549478596,4.8201284
2026-08-02 00:30:00,4.05,3.856736222416678,4.2814426
2026-08-02 03:30:00,2.44,3.5561215840029154,3.663537
2026-08-02 09:30:00,1.55,2.8116585321062986,3.1766133
2026-08-03 00:30:00,1.64,3.2208333333333328,2.3608518
2026-08-03 03:30:00,3.4,3.2666046315721307,3.2969992
2026-08-03 06:30:00,5.18,3.633312500000002,3.588174
2026-08-03 15:30:00,5.8,4.609736067411576,4.5428762
2026-08-03 18:30:00,7.01,5.786123575048737,5.894513
2026-08-04 00:30:00,5.05,6.748962826192211,6.8447294
2026-08-04 00:30:00,7.17,4.992233617254534,4.6702485
2026-08-04 03:30:00,7.04,7.085368055555558,6.799137
2026-08-04 06:30:00,6.73,6.696319862058901,6.6595016
2026-08-04 09:30:00,5.83,6.217221330798709,6.352714
2026-08-04 15:30:00,5.34,4.415670833333332,5.030988
2026-08-04 18:30:00,5.0,4.545050211080584,5.1083426
2026-08-04 21:30:00,5.18,5.637713009390364,4.6388407
2026-08-05 03:30:00,4.91,5.053878540610611,4.9843917
2025-06-10 09:30:00,0.94,1.2363262982947665,0.7607322
2025-10-21 18:30:00,1.64,1.5947267377296128,0.9590491
2025-10-21 21:30:00,1.53,1.5884932249694754,1.6819564
2025-10-22 00:30:00,0.9,1.562004675705376,1.4621654
2025-10-23 00:30:00,1.36,1.067046214614662,1.0975258
2025-10-23 18:30:00,1.16,2.0509881439760242,1.4417084
2025-10-24 18:30:00,1.36,1.3063602707312927,1.2722754
2025-10-25 18:30:00,0.72,1.5159985875301922,1.418637
2025-10-27 09:30:00,0.48,1.0744682352345647,1.0191219
2025-10-30 09:30:00,1.4,1.0617193264420068,1.0634668
2025-11-06 09:30:00,0.52,1.6791246438781346,1.4723129
2025-11-12 09:30:00,0.71,0.8540764967079723,0.8496625
2025-11-21 00:30:00,0.67,0.8211463275341632,0.64064217
2025-11-21 06:30:00,0.62,0.8274169109585633,0.7014183
2025-11-21 18:30:00,1.9,0.7692972960510288,0.7109522
2025-11-23 03:30:00,1.4,1.6499569444444437,1.3339301
2025-11-23 06:30:00,3.38,1.5614681734012763,1.2535242
2025-11-24 00:30:00,2.12,2.4591,2.2549474
2025-11-24 03:30:00,1.16,2.007889955145219,2.009868
2025-11-24 18:30:00,1.32,2.008314856043106,1.7452077
2025-11-25 03:30:00,0.99,1.5096327090163546,1.3940449
2025-11-25 15:30:00,0.98,0.9567472066552066,1.1160048
2025-11-25 21:30:00,0.97,0.9663160481501336,0.99245405
2025-11-26 00:30:00,2.71,0.9797939804179984,1.0046724
2025-11-27 00:30:00,4.26,1.8749716666666674,1.6298922
2025-11-27 09:30:00,4.34,3.467409523809524,2.8143003
2025-11-27 12:30:00,4.3,3.94559322652787,3.9451127
2025-11-27 18:30:00,6.23,3.8669114876502566,3.5467606
2025-11-28 09:30:00,5.78,5.620765593434344,5.644933
2025-11-28 12:30:00,6.2,5.457708664027864,4.9078703
2025-11-28 15:30:00,2.81,6.034128088023085,5.1937623
2025-11-29 15:30:00,2.24,2.7773899290262865,2.1497865
2025-11-30 00:30:00,1.81,2.243541511568659,2.21773
2025-11-30 18:30:00,1.69,2.1435668382493116,1.6548214
2025-11-30 21:30:00,1.49,1.677384964911758,1.6235521
2025-12-01 12:30:00,1.43,1.7396058116056556,1.5802846
2025-12-01 15:30:00,1.32,1.4563243786462519,1.4185488
2025-12-01 18:30:00,1.25,1.5417455175476744,1.2933549
2025-12-02 00:30:00,1.24,1.27105876749175,1.1947743
2025-12-02 12:30:00,1.24,1.3431773384648076,1.1968759
2025-12-02 15:30:00,1.2,1.3744659670563002,1.1792772
2025-12-02 18:30:00,1.09,1.3813226586581913,1.144019
2025-12-02 21:30:00,1.0,1.0708656447305018,0.9874787
2025-12-03 00:30:00,1.13,0.9623100232050531,0.9735207
2025-12-03 06:30:00,1.18,1.1584259119951532,1.0426455
2025-12-03 09:30:00,1.15,1.191878181668524,1.1429108
2025-12-03 12:30:00,1.1,1.1529057743309403,1.0988566
2025-12-03 15:30:00,0.98,1.0875447168776582,1.0694932
2025-12-04 03:30:00,1.0,0.9632804898151213,0.978002
2025-12-04 09:30:00,1.0,0.9962770655607243,0.9897139
2025-12-04 21:30:00,0.91,1.012741923901434,0.95870143
2025-12-05 12:30:00,1.06,0.9616569348416583,0.9429385
2025-12-06 00:30:00,0.91,1.0789384736412526,0.9536647
2025-12-06 15:30:00,0.89,1.0895074569411012,0.9205098
2025-12-07 06:30:00,0.87,0.9974140589963136,0.906334
2025-12-07 15:30:00,0.79,0.8843685748131291,0.89566994
2025-12-07 18:30:00,0.87,0.8545835744441125,0.81695133
2025-12-08 09:30:00,0.8,0.8560256732894932,0.85555875
2025-12-08 15:30:00,0.8,0.8444701184760881,0.8295326
2025-12-09 09:30:00,0.78,0.809389941385561,0.8137261
2025-12-10 09:30:00,0.73,0.9064394676291252,0.8121758
2025-12-10 15:30:00,0.71,0.7419007751185887,0.7319122
2025-12-11 12:30:00,0.63,0.7434653845527461,0.6681393
2025-12-13 09:30:00,0.63,0.697199603616453,0.71499497
2025-12-14 09:30:00,0.59,0.6796652406336845,0.7032488
2025-12-17 15:30:00,0.6,0.6678868373550152,0.6559473
2025-12-18 15:30:00,0.59,0.6125401701217462,0.56750107
2025-12-18 18:30:00,0.62,0.609113236599303,0.57849026
2025-12-19 09:30:00,0.62,0.593569271580504,0.56699276
2025-12-19 12:30:00,0.61,0.6257255186799221,0.78843474
2025-12-19 15:30:00,0.57,0.6151998136122903,0.5516178
2025-12-21 09:30:00,0.56,0.6706409136111112,0.6027956
2025-12-21 15:30:00,0.5,0.6050680027022517,0.5721322
2025-12-24 09:30:00,0.54,0.5603059861760423,0.5644002
2025-12-25 09:30:00,0.41,0.7133992584164769,0.61250424
2025-12-29 09:30:00,0.58,0.4432630270355275,0.48966187
2026-01-01 09:30:00,0.49,0.6866945434825972,0.49345
2026-01-10 12:30:00,0.48,0.5543135426650629,0.54921526
2026-01-10 15:30:00,0.46,0.4700234208267372,0.5147792
2026-01-10 18:30:00,0.43,0.4650170829668263,0.52062577
2026-01-11 09:30:00,0.25,0.4094432778490791,0.6148886
2026-02-20 06:30:00,1.71,0.45346400938709763,0.62546843
2026-02-21 21:30:00,0.31,1.8323854017322998,1.6382353
2026-04-15 09:30:00,0.79,0.7604319250063667,0.8639575
2026-05-10 06:30:00,1.1,1.0115140008844814,0.7779177
2026-05-11 21:30:00,0.75,1.3060282509510817,1.27417
2026-05-12 15:30:00,0.64,1.0501665519405108,0.8699303
2026-05-12 21:30:00,0.61,0.7501670241367134,0.7105946
2026-05-13 06:30:00,0.93,0.6962075306434727,0.76289326
2026-05-13 21:30:00,0.91,0.8652991967392255,0.8711459
2026-05-14 00:30:00,1.62,0.854827152884096,0.8707933
2026-05-15 00:30:00,1.16,1.4703712927350425,1.3955473
2026-05-15 21:30:00,1.34,1.407282544398759,1.4002073
2026-05-16 00:30:00,0.62,1.4038942996348263,1.3544174
2026-05-23 21:30:00,0.58,0.9416729171895019,0.8260188
2026-05-24 06:30:00,0.53,0.9625574547166607,0.7159574
2026-05-24 21:30:00,0.59,0.6382473405639983,0.58189744
2026-05-25 21:30:00,0.89,0.604980840604802,0.5258751
2026-05-26 09:30:00,0.52,0.8951294710100848,0.80844706
2026-05-30 21:30:00,0.5,0.682361454869486,0.6967759
2026-05-31 21:30:00,1.56,0.6027214835140557,0.5523501
2026-06-12 18:30:00,1.72,1.5354640277777765,1.6943357
2026-06-12 21:30:00,1.44,1.8682633044733046,1.7879778
2026-06-13 00:30:00,1.36,1.5032222462451106,1.6084363
2026-06-13 03:30:00,1.38,1.346954652107996,1.3854046
2026-06-13 12:30:00,1.34,1.8340635544561974,1.6272937
2026-06-13 15:30:00,1.26,1.320403146847055,1.3483062
2026-06-13 18:30:00,1.33,1.2763518266930982,1.489796
2026-06-13 21:30:00,1.26,1.4125357891403862,1.2605232
2026-06-14 00:30:00,1.19,1.2358683725116213,1.2579627
2026-06-14 03:30:00,1.09,1.2243541732031686,1.1835737
2026-06-14 06:30:00,1.08,1.0978026124935263,1.0472736
2026-06-14 12:30:00,0.77,1.0604352125730414,1.0285647
2026-06-18 09:30:00,1.88,1.1202104434083,0.9798963
2026-06-22 21:30:00,2.36,1.7310958683473394,1.9562577
2026-06-23 00:30:00,1.42,2.286014817927168,2.131308
2026-06-23 06:30:00,0.87,1.5554455375180378,1.2767628
2026-06-23 21:30:00,0.85,1.1272181129575634,0.9166028
2026-06-24 00:30:00,0.81,1.1717874420883623,1.0699279
2026-06-24 03:30:00,0.78,0.8669019573899261,0.81361276
2026-06-24 06:30:00,0.71,0.8273594175086901,0.7830212
2026-06-24 15:30:00,0.89,0.730962947786419,0.7438178
2026-06-29 21:30:00,0.87,0.8884012409005217,0.8477369
2026-06-30 03:30:00,0.51,0.8791251055204227,0.8237676
2026-07-11 09:30:00,1.14,1.105527390681563,0.7387009
2026-08-01 15:30:00,0.95,1.0559564262544392,0.9544595
2026-08-01 18:30:00,0.9,1.1257940742750496,1.0674295
2026-08-01 21:30:00,0.8,0.9221877505919334,0.954998
2026-08-02 00:30:00,0.72,0.890398926413954,0.8844413
2026-08-02 03:30:00,0.62,0.9114407225127299,0.7557611
2026-08-02 09:30:00,0.53,0.6869675289173152,0.7587439
2026-08-03 00:30:00,0.65,0.6836881744398212,0.8209712
2026-08-03 03:30:00,1.34,0.6812071120258932,0.8332828
2026-08-03 06:30:00,3.75,1.3356836807187278,1.2100928
2026-08-03 15:30:00,3.11,3.159113333333337,3.2627022
2026-08-03 18:30:00,1.49,2.743285726495728,2.7685137
2026-08-04 00:30:00,0.95,1.8794703948526439,1.603157
2026-08-04 00:30:00,1.4,1.2758940698324985,1.3004205
2026-08-04 03:30:00,1.05,2.0864712437610344,1.6854519
2026-08-04 06:30:00,1.04,1.0991042949899696,1.140176
2026-08-04 09:30:00,0.99,1.058680705463737,1.0937986
2026-08-04 15:30:00,1.01,1.0971644054367693,1.0382828
2026-08-04 18:30:00,0.95,1.0633386246899124,1.0616366
2026-08-04 21:30:00,0.9,1.0275709315602564,1.0192533
2026-08-05 03:30:00,0.85,0.9825107068146924,0.92897797
2025-06-10 09:30:00,1.76,1.5176679383089664,1.7052865
2025-10-21 18:30:00,1.73,2.161943557763052,2.2870686
2025-10-21 21:30:00,1.71,1.8798423789479608,1.9700451
2025-10-22 00:30:00,1.58,1.828897072931782,1.8789041
2025-10-23 00:30:00,1.52,2.020669384085821,1.8837103
2025-10-23 18:30:00,1.52,1.806271280371465,1.8566663
2025-10-24 18:30:00,1.62,2.143698337905546,2.1735554
2025-10-25 18:30:00,1.51,1.755198924116845,2.151176
2025-10-27 09:30:00,1.4,1.6786591430374782,2.0610483
2025-10-30 09:30:00,1.32,1.507406177866187,1.732455
2025-11-06 09:30:00,1.51,1.4529164173687412,1.5076885
2025-11-12 09:30:00,2.26,1.8143672718103303,1.5973433
2025-11-21 00:30:00,2.24,2.2568532549019613,2.2028825
2025-11-21 06:30:00,2.68,2.735467055534674,2.6821313
2025-11-21 18:30:00,4.38,2.6669288657407413,2.7057528
2025-11-23 06:30:00,3.53,3.4972499999999993,3.1444595
2025-11-24 00:30:00,3.98,3.6623802163483536,3.1684103
2025-11-24 03:30:00,4.77,3.972062906312438,3.825573
2025-11-24 18:30:00,4.75,4.992816924082974,4.6274643
2025-11-25 03:30:00,4.66,4.8566042239717095,4.672596
2025-11-25 15:30:00,5.08,4.9974377877175495,4.485926
2025-11-25 21:30:00,5.22,5.272809449418442,4.815489
2025-11-26 00:30:00,7.58,5.27359472444112,4.8217697
2025-11-27 00:30:00,7.69,6.441149999999999,6.9409113
2025-11-27 09:30:00,7.73,7.483950000000001,7.2136083
2025-11-27 12:30:00,7.78,7.6485300000000045,6.698362
2025-11-27 18:30:00,8.33,7.933224999999997,6.7105937
2025-11-28 09:30:00,8.39,8.245050000000006,7.4037595
2025-11-28 12:30:00,8.38,6.962450000000009,6.76761
2025-11-28 15:30:00,7.87,8.098585714285715,7.5296926
2025-11-29 06:30:00,7.8,7.4946964102564095,7.200276
2025-11-29 09:30:00,7.72,7.594123632478638,7.3219633
2025-11-29 15:30:00,7.64,7.50876474358974,7.1894526
2025-11-30 00:30:00,5.51,7.241938055555551,6.8161883
2025-11-30 18:30:00,7.49,5.253833456250889,4.6920347
2025-11-30 21:30:00,7.03,6.702369389880947,6.788279
2025-12-01 12:30:00,6.75,6.076234848484854,6.391342
2025-12-01 15:30:00,6.51,6.301675356348325,6.1569643
2025-12-01 18:30:00,5.84,6.532438984176045,5.976536
2025-12-02 00:30:00,4.34,4.707478722943723,4.9407563
2025-12-02 12:30:00,4.03,4.139766067365527,3.9459407
2025-12-02 15:30:00,3.86,3.6222910613105093,3.4535472
2025-12-02 18:30:00,3.65,3.3578332661098242,3.3424838
2025-12-02 21:30:00,2.7,3.2727634084947703,3.2354863
2025-12-03 00:30:00,3.25,2.6385559542763626,2.7339623
2025-12-03 06:30:00,2.95,3.7498355575326503,3.1514452
2025-12-03 09:30:00,2.88,3.1376413291044867,3.0740838
2025-12-03 12:30:00,2.84,3.193545645292269,2.9306138
2025-12-03 15:30:00,2.65,3.1624197735345057,2.917232
2025-12-04 03:30:00,2.46,2.5382588424318335,2.843174
2025-12-04 09:30:00,2.3,2.654636671066352,2.8343964
2025-12-04 21:30:00,2.1,3.153717195448635,2.9053037
2025-12-05 12:30:00,2.07,2.562736699434995,2.4212766
2025-12-06 00:30:00,1.9,2.6588550255355927,2.4806345
2025-12-06 15:30:00,1.85,2.022125479795574,2.0935984
2025-12-07 06:30:00,1.76,2.2068195808978923,1.9251003
2025-12-07 15:30:00,1.72,2.3058544010912456,1.9005123
2025-12-07 18:30:00,1.68,1.9565489695820595,1.7300775
2025-12-08 09:30:00,1.6,1.8347828584333823,1.7382336
2025-12-08 15:30:00,2.31,1.6994479071085293,1.745183
2025-12-09 09:30:00,4.76,2.7680584959031025,2.392051
2025-12-10 09:30:00,5.23,3.426162500000001,3.0159667
2025-12-10 15:30:00,4.55,5.2355531762119245,4.7916713
2025-12-11 12:30:00,5.99,4.761658171864733,4.4528093
2025-12-13 09:30:00,4.62,6.036719493911293,5.7379146
2025-12-14 09:30:00,5.75,4.520699660599008,4.2312675
2025-12-17 15:30:00,5.32,5.288302815525751,5.509712
2025-12-18 15:30:00,5.31,4.673998490537238,4.9845777
2025-12-18 18:30:00,6.06,5.141682459970282,5.1976504
2025-12-19 09:30:00,6.21,6.185246536173656,5.957849
2025-12-19 12:30:00,6.26,6.252042986051818,5.658335
2025-12-19 15:30:00,5.39,6.225794865708113,5.728555
2025-12-21 09:30:00,4.85,4.649492687440964,4.816266
2025-12-21 15:30:00,2.38,4.395032643187346,4.1108294
2025-12-24 09:30:00,2.22,2.600267192954103,2.6359658
2025-12-25 09:30:00,1.47,2.466649025262017,2.6876044
2025-12-29 09:30:00,2.87,2.4510411972831103,3.3997269
2026-01-01 09:30:00,2.73,2.7467983062770527,2.3743005
2026-01-10 12:30:00,2.73,2.8872348809523825,2.2895377
2026-01-10 15:30:00,2.72,2.5388502480239246,2.3153229
2026-01-10 18:30:00,2.58,2.6179705835266986,2.7485313
2026-01-11 09:30:00,1.44,2.590127413026439,2.88783
2026-02-20 06:30:00,1.57,2.1389084847570063,2.1207364
2026-02-21 21:30:00,1.53,3.020495715619363,2.40201
2026-04-15 09:30:00,1.48,1.969187079150214,1.6725223
2026-05-10 06:30:00,2.15,1.5015273858598135,1.4691749
2026-05-11 21:30:00,2.15,2.361868075727172,1.9127306
2026-05-12 15:30:00,2.16,2.2147288830016807,2.0238914
2026-05-12 21:30:00,2.12,3.33562486018253,3.0410223
2026-05-13 06:30:00,2.05,3.5403285195209606,3.0837107
2026-05-13 21:30:00,2.05,2.1480766874161863,2.1840835
2026-05-14 00:30:00,2.83,2.1498374929889867,2.1624563
2026-05-15 00:30:00,2.98,2.884297232437262,2.6443102
2026-05-15 21:30:00,2.93,3.1177206726612723,2.707375
2026-05-16 00:30:00,1.29,2.867976658028537,2.8520544
2026-05-23 21:30:00,1.29,2.2540042022455826,1.9044939
2026-05-24 06:30:00,1.3,1.9653246450252349,1.9486816
2026-05-24 21:30:00,1.28,1.8387319855944049,1.6151428
2026-05-25 21:30:00,1.27,1.3544853955816782,1.3409721
2026-05-26 09:30:00,1.3,1.3643746558395557,1.3580528
2026-05-30 21:30:00,1.29,1.4056568210129878,1.3622733
2026-05-31 21:30:00,1.25,1.3808761501641036,1.3409721
2026-06-12 18:30:00,1.25,1.3650618663701328,1.7988906
2026-06-12 21:30:00,1.25,1.3582725317489028,1.5237597
2026-06-13 00:30:00,1.25,1.3308991508253498,1.4268142
2026-06-13 03:30:00,1.28,1.3968619417817152,1.4361295
2026-06-13 12:30:00,1.3,1.3966446722021575,1.3801252
2026-06-13 15:30:00,1.35,1.4325839273517083,1.3803368
2026-06-13 18:30:00,1.38,1.4914507785191853,1.4202815
2026-06-13 21:30:00,1.38,1.505245401797951,1.4926506
2026-06-14 00:30:00,1.38,1.4230733787456002,1.4846971
2026-06-14 03:30:00,1.39,1.4380915353461403,1.3919442
2026-06-14 06:30:00,1.56,1.5427733525514744,1.3829231
2026-06-14 12:30:00,1.33,1.9343314467011807,1.5917597
2026-06-18 09:30:00,1.28,1.3991220367844124,1.3132519
2026-06-22 21:30:00,1.28,1.3145263108749796,1.2680241
2026-06-23 00:30:00,1.28,1.4163400300021902,1.4153217
2026-06-23 06:30:00,1.38,1.3702558179410176,1.3487341
2026-06-23 21:30:00,1.38,1.4325849608885972,1.4604932
2026-06-24 00:30:00,1.38,1.463886032874767,1.4846971
2026-06-24 03:30:00,1.38,1.467000231639705,1.3832631
2026-06-24 06:30:00,1.37,1.440669683308809,1.3829231
2026-06-24 15:30:00,1.3,1.4411276811446316,1.403717
2026-06-29 21:30:00,1.31,1.3639777980102883,1.2965183
2026-06-30 03:30:00,1.31,1.4172678135704044,1.4044603
2026-07-11 09:30:00,1.2,1.4468920098071114,1.3950223
2026-08-01 15:30:00,1.2,1.3361070863208853,1.4164569
2026-08-01 18:30:00,1.2,1.3803615256362038,1.4259868
2026-08-01 21:30:00,1.2,1.3868861284274718,1.3973999
2026-08-02 00:30:00,1.2,1.3494672749283838,1.3894464
2026-08-02 03:30:00,1.2,1.3820404970842508,1.4176128
2026-08-02 09:30:00,1.2,1.382130592515136,1.4366462
2026-08-03 00:30:00,1.2,1.3494672749283838,1.3894464
2026-08-03 03:30:00,1.2,1.3820404970842508,1.4176128
2026-08-03 06:30:00,1.2,1.3827220760316192,1.4113681
2026-08-03 15:30:00,1.2,1.3832844672797306,1.4164333
2026-08-03 18:30:00,1.2,1.3822551642793603,1.417598
2026-08-04 00:30:00,1.25,1.3494672749283838,1.3894464
2026-08-04 00:30:00,1.2,1.3469323895753162,1.7307516
2026-08-04 03:30:00,1.2,1.392159521129771,1.3564854
2026-08-04 06:30:00,1.21,1.4059521478305463,1.4235169
2026-08-04 09:30:00,1.23,1.3064682439795718,1.4366432
2026-08-04 15:30:00,1.24,1.3111941896549346,1.4285457
2026-08-04 18:30:00,1.25,1.4116032970447574,1.7685673
2026-08-04 21:30:00,1.25,1.4637447043195986,1.5946071
2026-08-05 03:30:00,1.25,1.4185680230612334,1.7326298
2025-06-10 09:30:00,4.73,3.0994238031331065,2.9043899
2025-10-21 18:30:00,4.8,5.6099741023012095,5.1285634
2025-10-21 21:30:00,4.9,4.910146447483545,5.008318
2025-10-22 00:30:00,4.9,4.754577763189923,4.7698903
2025-10-23 00:30:00,5.61,4.606219785675424,4.747248
2025-10-23 18:30:00,5.85,5.505620072819936,5.513328
2025-10-24 18:30:00,6.26,5.692681622451589,5.720739
2025-10-25 18:30:00,5.74,6.1819772602855885,6.274182
2025-10-27 09:30:00,2.47,5.586383913500771,5.5462027
2025-10-30 09:30:00,1.72,2.866342754661049,2.6046708
2025-11-06 09:30:00,1.67,2.420976096029011,2.2024958
2025-11-12 09:30:00,3.64,2.7767375945570825,2.7240486
2025-11-21 00:30:00,4.4,3.269788636363637,3.5812626
2025-11-21 06:30:00,4.58,3.5919149999999997,3.8267486
2025-11-21 18:30:00,6.96,4.263442103636017,4.365177
2025-11-23 03:30:00,6.99,6.58440928571429,6.733711
2025-11-23 06:30:00,6.75,6.448837178704913,6.2406425
2025-11-24 00:30:00,6.63,6.271226548725768,6.318468
2025-11-24 03:30:00,5.97,6.419051613426422,6.409759
2025-11-24 18:30:00,5.6,5.280647857413234,5.543499
2025-11-25 03:30:00,5.14,5.47542526179782,5.488469
2025-11-25 15:30:00,4.92,5.510309854970842,4.8176446
2025-11-25 21:30:00,4.84,4.654701970426567,4.9285774
2025-11-26 00:30:00,4.8,4.104779678139254,4.4551373
2025-11-27 00:30:00,4.57,4.402791073533668,4.5871263
2025-11-27 09:30:00,4.62,4.4810813949941055,4.686659
2025-11-27 12:30:00,4.88,4.698526468695255,4.572576
2025-11-27 18:30:00,6.41,4.838959557005986,4.898706
2025-11-28 09:30:00,6.74,6.301276784346646,6.166122
2025-11-28 12:30:00,7.01,6.549332602740822,6.557029
2025-11-28 15:30:00,7.94,6.5938078470087325,6.767129
2025-11-29 06:30:00,8.03,7.781060714285713,7.6751823
2025-11-29 09:30:00,8.13,7.87195904761905,7.8088827
2025-11-29 15:30:00,8.14,7.7112333333333405,7.731341
2025-11-30 00:30:00,7.78,7.534321428571436,7.847188
2025-11-30 18:30:00,7.68,7.593374999999994,7.477895
2025-11-30 21:30:00,7.2,7.436949999999997,7.3650284
2025-12-01 12:30:00,7.08,6.934873348416289,6.9542747
2025-12-01 15:30:00,6.97,6.812043103448264,6.577327
2025-12-01 18:30:00,6.68,6.530811817609067,6.454173
2025-12-02 00:30:00,6.56,6.413355350207071,6.3438196
2025-12-02 03:30:00,6.04,6.356891725237727,6.3625274
2025-12-02 12:30:00,5.85,5.6789966697416165,5.7609625
2025-12-02 15:30:00,5.69,5.2813316360028795,5.3484626
2025-12-02 18:30:00,5.58,5.2422133537443925,5.320005
2025-12-02 21:30:00,3.76,5.296403087835483,5.267209
2025-12-03 00:30:00,5.14,3.2951629292929283,3.0510294
2025-12-03 06:30:00,4.73,5.269448669293966,5.0250616
2025-12-03 09:30:00,4.53,4.425060133697297,4.3616548
2025-12-03 12:30:00,4.33,4.201704614212063,4.4160867
2025-12-03 15:30:00,3.66,4.1452597068057635,3.943383
2025-12-04 03:30:00,2.9,3.2555964468667677,3.3001506
2025-12-04 09:30:00,2.47,2.938866793243979,2.9676328
2025-12-04 21:30:00,3.62,2.906218524004116,3.2523792
2025-12-05 12:30:00,3.94,3.11742309416308,3.6614008
2025-12-06 00:30:00,4.05,4.072653288476188,4.0962253
2025-12-06 15:30:00,3.44,3.884446272916189,3.6135106
2025-12-07 06:30:00,2.7,3.1196201435483872,3.3793244
2025-12-07 15:30:00,2.51,2.9331380231160704,2.8644946
2025-12-07 18:30:00,3.46,2.7437317842554863,2.7958927
2025-12-08 09:30:00,3.41,3.0924929060611617,3.3823414
2025-12-08 15:30:00,2.69,3.0475156874489513,3.3626587
2025-12-09 09:30:00,2.48,2.8186113834396895,2.674598
2025-12-10 09:30:00,2.51,2.704113538267319,2.6950634
2025-12-10 15:30:00,3.13,2.6467108056491044,2.6080348
2025-12-11 12:30:00,3.59,3.3638081615365416,3.097626
2025-12-13 09:30:00,3.76,3.149193447189776,3.3857696
2025-12-14 09:30:00,2.02,3.6590819598348063,3.7582688
2025-12-17 15:30:00,2.16,2.391653084091737,2.3512776
2025-12-18 15:30:00,2.14,2.6775572116495745,2.4608245
2025-12-18 18:30:00,1.93,2.4189559612726943,2.4566703
2025-12-19 09:30:00,1.9,2.141613986722591,2.2564363
2025-12-19 12:30:00,1.93,1.9128812045186998,2.0202029
2025-12-19 15:30:00,2.8,1.907934846422092,1.970635
2025-12-21 09:30:00,2.31,2.380078903318901,2.5566864
2025-12-21 15:30:00,1.91,2.190408193571613,2.3366616
2025-12-24 09:30:00,2.71,2.114393454078851,2.1684935
2025-12-25 09:30:00,1.96,2.5471766460673555,2.7011201
2025-12-29 09:30:00,1.6,2.2129719021639263,2.2652428
2026-01-01 09:30:00,1.36,1.857277784899226,1.9312348
2026-01-10 12:30:00,1.29,1.4435495925194828,1.6500494
2026-01-10 15:30:00,1.26,1.3917463768284943,1.5238758
2026-01-10 18:30:00,1.5,1.413850370629291,1.4253976
2026-01-11 09:30:00,2.18,1.4199800028246738,1.5403601
2026-02-20 06:30:00,2.06,1.9765943315770478,2.189807
2026-02-21 21:30:00,1.75,2.0026776061599874,2.1496048
2026-04-15 09:30:00,3.26,2.2312037483545133,2.1365287
2026-05-10 06:30:00,3.64,3.020876204883194,2.9968069
2026-05-11 21:30:00,3.88,3.464012983334421,3.7822099
2026-05-12 15:30:00,4.34,3.507572730643012,3.992757
2026-05-12 21:30:00,4.54,4.5434693453334845,4.4901023
2026-05-13 06:30:00,5.9,4.288838429213258,4.6908603
2026-05-13 21:30:00,5.9,5.892477572576301,5.9995966
2026-05-14 00:30:00,6.62,5.919615247009935,5.958196
2026-05-15 00:30:00,7.02,6.610875029154247,6.5269966
2026-05-15 21:30:00,7.05,6.823300292669748,6.8937836
2026-05-16 00:30:00,6.68,7.010676781907403,6.9669757
2026-05-23 21:30:00,6.61,6.520532501029253,6.5744467
2026-05-24 06:30:00,6.16,6.50235716927684,6.4577904
2026-05-24 21:30:00,5.06,5.785397750604232,5.9932323
2026-05-25 21:30:00,5.22,5.618715609605907,4.946112
2026-05-26 09:30:00,6.08,5.554873352007467,5.4140525
2026-05-30 21:30:00,4.34,5.742782230683709,6.1509323
2026-05-31 21:30:00,5.96,4.366556047290627,4.2557797
2026-06-12 18:30:00,6.08,5.824490969692525,6.1897087
2026-06-12 21:30:00,6.14,5.913920978996755,6.0728607
2026-06-13 00:30:00,6.24,6.004464323354093,5.93714
2026-06-13 03:30:00,6.47,6.216077034753177,6.022542
2026-06-13 12:30:00,6.5,6.528835961446248,6.2302675
2026-06-13 15:30:00,6.53,6.527221942317225,6.3395934
2026-06-13 18:30:00,6.56,6.622563107540887,7.0470943
2026-06-13 21:30:00,6.55,6.53157097564866,6.7304177
2026-06-14 00:30:00,6.54,6.53558717694736,6.716074
2026-06-14 03:30:00,6.47,6.542753843614026,6.5457444
2026-06-14 06:30:00,6.3,6.534174169048826,6.470161
2026-06-14 12:30:00,3.11,6.063576184432399,6.1497817
2026-06-18 09:30:00,5.46,3.7961481190476216,3.5493279
2026-06-22 21:30:00,5.52,5.52515179405944,5.927083
2026-06-23 00:30:00,5.84,5.386238057494409,5.6241317
2026-06-23 06:30:00,5.9,5.910535920705614,5.6667657
2026-06-23 21:30:00,5.88,5.564923058025415,5.845409
2026-06-24 00:30:00,5.74,5.551905089553091,5.702534
2026-06-24 03:30:00,5.6,5.6346550170533884,5.5926704
2026-06-24 06:30:00,4.98,5.437639222338399,5.4448237
2026-06-24 15:30:00,4.86,4.768925216041356,4.8316708
2026-06-29 21:30:00,4.97,4.58055926852018,4.6196384
2026-06-30 03:30:00,2.08,4.8854338632360825,4.772552
2026-07-11 09:30:00,4.24,2.6899849962099562,2.744188
2026-08-01 15:30:00,4.32,3.8433266826987964,4.241391
2026-08-01 18:30:00,4.35,4.150072692973114,4.4689493
2026-08-01 21:30:00,4.38,4.067095511916483,4.1675
2026-08-02 00:30:00,4.31,4.227563708669354,4.189593
2026-08-02 03:30:00,3.49,4.067873248522164,4.1420445
2026-08-02 09:30:00,3.86,3.5141766351141444,3.732589
2026-08-03 00:30:00,3.86,4.0203819359861805,4.123581
2026-08-03 03:30:00,3.86,3.8218793816028565,4.111733
2026-08-03 06:30:00,4.27,3.7642897482641575,4.0882187
2026-08-03 15:30:00,4.5,4.109626970523135,3.9945378
2026-08-03 18:30:00,4.94,4.606094435920282,4.603237
2026-08-04 00:30:00,5.0,4.689119743494995,4.736648
2026-08-04 00:30:00,5.1,5.119208350828286,4.9158955
2026-08-04 03:30:00,5.36,5.175542629196194,5.1221175
2026-08-04 06:30:00,5.37,5.60362211423241,5.4626093
2026-08-04 09:30:00,5.37,5.420747575212321,5.375482
2026-08-04 15:30:00,5.28,5.406596435338133,5.3851933
2026-08-04 18:30:00,5.15,5.098486518426826,5.394322
2026-08-04 21:30:00,4.8,4.979232784372562,5.06998
2026-08-05 03:30:00,4.62,4.593655871271059,4.7281346
2025-06-10 09:30:00,0.29,-0.18723006257029476,-0.15149654
2025-10-21 18:30:00,0.24,0.21682364302364307,0.16125576
2025-10-21 21:30:00,0.19,0.192261479498762,0.34943128
2025-10-22 00:30:00,-0.06,0.19335203642184481,0.35147098
2025-10-23 00:30:00,-0.07,0.7140952487314697,0.34449914
2025-10-23 18:30:00,-0.08,0.40373120769153864,0.29650342
2025-10-24 18:30:00,-0.08,0.4299620337941629,0.24685006
2025-10-25 18:30:00,-0.08,0.05728722336739493,0.105058044
2025-10-27 09:30:00,-0.17,-0.021837730621431704,0.09556407
2025-10-30 09:30:00,-0.15,0.19077618363689416,0.53937864
2025-11-06 09:30:00,0.22,-0.05071341238518642,0.12432552
2025-11-12 09:30:00,0.1,0.17297505411255412,0.15613262
2025-11-21 00:30:00,0.16,-0.031796698717948754,0.112561844
2025-11-21 06:30:00,0.1,0.29722433900037154,0.17071734
2025-11-21 18:30:00,0.23,0.19073399823625267,0.13497719
2025-11-23 03:30:00,0.25,0.4625761231884056,0.15827848
2025-11-23 06:30:00,0.23,0.388278980331263,0.25481093
2025-11-24 00:30:00,0.24,0.3780265993788822,0.09560506
2025-11-24 03:30:00,0.17,0.3856683696515044,0.25286004
2025-11-24 18:30:00,1.28,0.20862073554963145,0.30372766
2025-11-25 03:30:00,1.41,1.0427710470085467,1.0322528
2025-11-25 15:30:00,1.41,1.560346644043359,1.4383272
2025-11-25 21:30:00,1.41,1.491709311928705,1.5150698
2025-11-26 00:30:00,2.63,1.461167420264172,1.3982928
2025-11-27 00:30:00,5.01,2.059994139873777,1.7606565
2025-11-27 09:30:00,5.88,4.0564210144927575,3.753378
2025-11-27 12:30:00,6.48,5.826108558712125,5.461954
2025-11-27 18:30:00,7.48,5.846420238095236,5.762232
2025-11-28 09:30:00,7.58,6.930429166666667,6.0223303
2025-11-28 12:30:00,7.6,6.956460370879119,6.635023
2025-11-28 15:30:00,6.94,6.969961607142855,6.3600893
2025-11-29 06:30:00,6.28,5.390221014492755,5.6050086
2025-11-29 09:30:00,2.9,5.514934090909091,5.300311
2025-11-29 15:30:00,1.65,2.8706735314233267,2.1359499
2025-11-30 00:30:00,0.95,1.981928687007438,1.5534583
2025-11-30 18:30:00,0.95,1.454266561223804,1.4674839
2025-11-30 21:30:00,0.91,1.041947163699219,1.0343238
2025-12-01 12:30:00,0.9,0.9349863654453494,1.0092201
2025-12-01 15:30:00,0.89,0.8657394545969117,0.95412266
2025-12-01 18:30:00,0.88,0.8742379888540607,0.9171486
2025-12-02 00:30:00,0.89,0.9113045382143727,0.89014995
2025-12-02 03:30:00,0.42,0.9234863177552913,0.92601293
2025-12-02 12:30:00,0.31,0.6167479724726296,0.76937324
2025-12-02 15:30:00,0.27,0.43643662320158116,0.59255946
2025-12-02 18:30:00,0.27,0.5283548888678529,0.62427455
2025-12-02 21:30:00,0.62,0.4318575149366128,0.35982788
2025-12-03 00:30:00,0.48,0.6290413675384224,0.4653692
2025-12-03 06:30:00,0.48,1.179914233051499,0.49045143
2025-12-03 09:30:00,0.47,0.5251498278282464,0.53416985
2025-12-03 12:30:00,0.47,0.5068088844657119,0.5686204
2025-12-03 15:30:00,0.62,0.4839378382533912,0.5127198
2025-12-04 03:30:00,0.79,0.6366267608065224,0.5216196
2025-12-04 09:30:00,0.78,0.7953711980621422,0.71990335
2025-12-04 21:30:00,0.76,0.8459239960259863,0.705699
2025-12-05 12:30:00,0.65,0.8442637616883673,0.7784656
2025-12-06 00:30:00,0.38,0.7569524928878024,0.70437133
2025-12-06 15:30:00,0.35,0.5682387445456929,0.6224768
2025-12-07 06:30:00,0.33,0.44058323260035004,0.5008303
2025-12-07 15:30:00,0.33,0.6450942586225419,0.47889462
2025-12-07 18:30:00,0.32,0.5294760237919794,0.3968345
2025-12-08 09:30:00,0.32,0.5312014089563479,0.44139346
2025-12-08 15:30:00,0.32,0.5074802188465725,0.40777212
2025-12-09 09:30:00,0.38,0.5100019964908503,0.41671833
2025-12-10 09:30:00,0.35,0.5791685064318272,0.42737952
2025-12-10 15:30:00,0.35,0.5049521204671943,0.39599735
2025-12-11 12:30:00,0.34,0.5083731064442499,0.43888876
2025-12-13 09:30:00,0.34,0.5078166551001844,0.42559102
2025-12-14 09:30:00,0.13,0.5077265428345691,0.42324474
2025-12-17 15:30:00,0.17,0.4038305654421282,0.44198474
2025-12-18 15:30:00,0.29,0.636360343425453,0.5101627
2025-12-18 18:30:00,0.18,0.6183597278693531,0.51163286
2025-12-19 09:30:00,0.17,0.4376857792207792,0.2763592
2025-12-19 12:30:00,0.16,0.3318305474465673,0.27963373
2025-12-19 15:30:00,0.01,0.39644684199758307,0.55364436
2025-12-21 09:30:00,0.01,0.10092204564030491,0.24064882
2025-12-21 15:30:00,-0.11,0.06626707894781315,0.1206578
2025-12-24 09:30:00,-0.08,0.00042486648632447443,0.11384229
2025-12-25 09:30:00,-0.06,0.05805841835519674,0.112167716
2025-12-29 09:30:00,0.38,0.06196871303948514,0.07187603
2026-01-01 09:30:00,0.67,0.24968510767010796,0.22102371
2026-01-10 12:30:00,0.67,0.3839233333333334,0.3891507
2026-01-10 15:30:00,0.66,0.4350726200453702,0.5473462
2026-01-10 18:30:00,-0.02,0.6778271324373722,0.6437615
2026-01-11 09:30:00,-0.05,1.3782444842896162,0.4559271
2026-02-20 06:30:00,-0.12,0.34915542131166155,0.20020251
2026-02-21 21:30:00,-0.01,0.9948885972360965,0.18625118
2026-04-15 09:30:00,1.6,0.0338649028091331,0.038114235
2026-05-10 06:30:00,2.39,1.5610995833333323,1.1887834
2026-05-11 21:30:00,2.01,2.3597200000000003,1.9333167
2026-05-12 15:30:00,1.87,1.9756686410560564,1.9653924
2026-05-12 21:30:00,0.85,1.8959521701160418,1.8544431
2026-05-13 06:30:00,0.9,1.561661379891575,1.3158479
2026-05-13 21:30:00,0.86,1.1112875735958512,0.93785024
2026-05-15 00:30:00,0.38,0.9341972440772612,0.95107037
2026-05-15 21:30:00,0.38,0.6473588819832851,0.65635395
2026-05-16 00:30:00,-0.11,0.4558293326031135,0.49829635
2026-05-23 21:30:00,-0.13,0.30307679440077473,0.15419544
2026-05-24 06:30:00,-0.15,0.6742059042346537,0.026002191
2026-05-24 21:30:00,-0.14,0.13009257032405477,0.006276462
2026-05-25 21:30:00,-0.11,-0.14679570604622108,-0.10291864
2026-05-26 09:30:00,-0.19,-0.08812934388649277,-0.095482156
2026-05-30 21:30:00,-0.15,-0.1686406562510285,-0.1993537
2026-05-31 21:30:00,-0.01,-0.15909140745985118,-0.12643611
2026-06-12 18:30:00,0.0,0.9352990151515149,0.15358731
2026-06-12 21:30:00,0.04,-0.029679468438538192,0.19647948
2026-06-13 00:30:00,0.04,0.0015669322832843758,0.04543202
2026-06-13 03:30:00,-0.04,0.05367766835628746,0.01895244
2026-06-13 12:30:00,-0.04,0.49983815980423907,0.17799407
2026-06-13 15:30:00,-0.03,-0.018110392836381505,-0.0063397083
2026-06-13 18:30:00,-0.03,-0.027700479645504827,0.08775663
2026-06-13 21:30:00,-0.05,-0.020718118757165782,0.03329466
2026-06-14 00:30:00,-0.06,0.003607505616095982,-0.019779926
2026-06-14 03:30:00,-0.09,-0.0005984299006642696,-0.031968392
2026-06-14 06:30:00,-0.11,0.05022096169502264,-0.03968314
2026-06-14 12:30:00,-0.1,-0.05377439989401383,-0.07611383
2026-06-18 09:30:00,-0.12,-0.09229321588675109,-0.029601855
2026-06-22 21:30:00,-0.12,-0.11673602626435808,-0.113509975
2026-06-23 00:30:00,-0.12,0.27695806075972895,-0.05782865
2026-06-23 06:30:00,-0.13,0.9404991097385278,-0.10484982
2026-06-23 21:30:00,-0.13,-0.13177165358075518,-0.100485556
2026-06-24 00:30:00,-0.13,-0.1289162369140885,-0.09979235
2026-06-24 03:30:00,-0.12,-0.1290089641868158,-0.10104596
2026-06-24 06:30:00,-0.13,-0.12582564580182884,-0.10484982
2026-06-24 15:30:00,-0.18,-0.13281076332319638,-0.09248867
2026-06-29 21:30:00,-0.18,-0.18417755485043938,-0.100485556
2026-06-30 03:30:00,-0.17,-0.18740005433288204,-0.12833114
2026-07-11 09:30:00,-0.25,-0.15515249854916716,-0.12736616
2026-08-01 15:30:00,-0.25,-0.25705425766503953,-0.23266223
2026-08-01 18:30:00,-0.25,-0.260830360453424,-0.26768163
2026-08-01 21:30:00,-0.25,-0.25746318940079255,-0.2740684
2026-08-02 00:30:00,-0.25,-0.25851439814988386,-0.27337518
2026-08-02 03:30:00,-0.24,-0.26204329340495547,-0.26356953
2026-08-02 09:30:00,-0.24,-0.24225567893278474,-0.2523543
2026-08-03 00:30:00,-0.24,-0.23241759417197122,-0.27337518
2026-08-03 03:30:00,-0.24,-0.23638542340972685,-0.26356953
2026-08-03 06:30:00,-0.23,-0.24226907702049796,-0.26737338
2026-08-03 15:30:00,-0.22,-0.24244464241807762,0.045963578
2026-08-03 18:30:00,-0.22,-0.2146090987363415,-0.25929135
2026-08-04 00:30:00,-0.22,-0.20966732525766038,-0.2801446
2026-08-04 03:30:00,-0.21,-0.20316583600577012,-0.2761481
2026-08-04 06:30:00,-0.21,-0.194809150714532,-0.17874305
2026-08-04 09:30:00,-0.22,-0.19513357219413646,-0.15816066
2026-08-04 15:30:00,-0.22,-0.21763139850736668,-0.29962182
2026-08-04 18:30:00,-0.22,-0.21872737491489921,-0.30067483
2026-08-04 21:30:00,-0.22,-0.21922816459743885,-0.2740684
2026-08-05 03:30:00,-0.22,-0.21111097240439564,-0.26356953
2025-06-10 09:30:00,1.89,1.5592896969428336,1.3780348
2025-10-21 18:30:00,1.98,2.313762882020935,1.9422438
2025-10-21 21:30:00,1.74,1.797934849199607,1.8648044
2025-10-22 00:30:00,1.53,1.8839881958620799,1.6759295
2025-10-23 00:30:00,1.88,1.528125750210732,1.5680637
2025-10-23 18:30:00,1.95,1.9866759126000852,2.084666
2025-10-24 18:30:00,1.77,1.9150740060661133,2.056155
2025-10-25 18:30:00,1.4,1.883789848592796,1.7928917
2025-10-27 09:30:00,1.58,1.53589684491276,1.622126
2025-10-30 09:30:00,1.63,1.8776279669854283,1.7806418
2025-11-06 09:30:00,1.56,1.5649993845179144,1.6099455
2025-11-12 09:30:00,1.81,1.6384414458685685,1.6299059
2025-11-21 00:30:00,1.69,1.8780357324196801,1.7844945
2025-11-21 06:30:00,2.12,1.786462010364631,1.6374974
2025-11-21 18:30:00,1.79,1.9509224375815177,2.0033836
2025-11-23 03:30:00,1.79,1.8832744059597002,1.7233299
2025-11-23 06:30:00,1.8,1.9274787161851357,1.744385
2025-11-24 00:30:00,1.7,1.827607342492511,1.8382441
2025-11-24 03:30:00,1.98,1.751110797330059,1.6322439
2025-11-24 18:30:00,1.7,1.9547947535182764,1.9038131
2025-11-25 03:30:00,1.7,1.9020065040393295,1.7503257
2025-11-25 15:30:00,1.89,1.7680740589433475,1.711039
2025-11-25 21:30:00,1.53,1.8572659152666273,1.8674015
2025-11-26 00:30:00,1.9,1.816009260058174,1.625433
2025-11-27 00:30:00,2.19,1.8904032927668715,1.6878133
2025-11-27 09:30:00,2.45,1.9667945609597015,1.9811542
2025-11-27 12:30:00,3.39,2.38255025338827,2.1251872
2025-11-27 18:30:00,5.05,3.325891467594608,2.7885427
2025-11-28 09:30:00,6.48,4.993649009566552,4.439197
2025-11-28 12:30:00,6.0,5.746363333333336,5.7527847
2025-11-28 15:30:00,3.4,5.028377097069596,4.5713577
2025-11-29 06:30:00,3.15,3.17825,2.281488
2025-11-29 09:30:00,2.85,2.9045748768472897,2.5828323
2025-11-29 15:30:00,2.75,3.211831134192581,2.8082738
2025-11-30 00:30:00,2.55,2.6289498893613414,2.4812207
2025-11-30 18:30:00,2.65,2.479953185271764,2.425275
2025-11-30 21:30:00,2.2,2.4803586705030742,2.3738935
2025-12-01 12:30:00,2.25,2.1246721511329487,2.2934232
2025-12-01 15:30:00,2.2,2.2796575884198105,2.2556782
2025-12-01 18:30:00,2.05,2.1859794876713012,2.0476024
2025-12-02 00:30:00,2.15,1.9575233747459222,1.9337938
2025-12-02 03:30:00,1.98,2.151677867716333,2.0820253
2025-12-02 12:30:00,1.98,1.9529850463646001,1.87642
2025-12-02 15:30:00,2.18,2.0662378782595945,1.9338965
2025-12-02 18:30:00,2.18,2.163955639751663,2.0339842
2025-12-02 21:30:00,1.98,2.155478298433814,2.0145578
2025-12-03 00:30:00,2.15,1.9532605829591574,1.9510423
2025-12-03 06:30:00,2.11,2.1868660379025284,2.072921
2025-12-03 09:30:00,2.05,2.129889964308796,1.9879571
2025-12-03 12:30:00,1.88,2.0249667738293087,1.9024585
2025-12-03 15:30:00,2.25,1.7948844654716567,1.8662248
2025-12-04 03:30:00,1.63,2.1225707630878556,2.0460262
2025-12-04 09:30:00,2.07,1.7169988906919886,1.6076808
2025-12-04 21:30:00,1.88,2.119842494142862,1.9418883
2025-12-05 12:30:00,1.88,1.8449994268665773,1.8712267
2025-12-06 00:30:00,1.74,1.8481153631969993,1.8859993
2025-12-06 15:30:00,1.89,1.8533772515330043,1.884245
2025-12-07 06:30:00,1.47,1.8485134732251602,1.8543133
2025-12-07 15:30:00,1.97,1.4991408097945291,1.4555155
2025-12-07 18:30:00,1.59,1.8201550490880378,1.7044417
2025-12-08 09:30:00,1.78,1.8966253043032015,1.6533325
2025-12-08 15:30:00,1.84,1.8765039567189896,1.6251341
2025-12-09 09:30:00,1.58,1.7176325766907334,1.7199835
2025-12-10 09:30:00,1.81,1.7713409421171686,1.6192054
2025-12-10 15:30:00,1.46,1.7282570469533298,1.6711445
2025-12-11 12:30:00,1.76,1.626609682512935,1.506717
2025-12-13 09:30:00,1.3,1.7916653502340427,1.6631192
2025-12-14 09:30:00,1.75,1.5921917206170932,1.516621
2025-12-17 15:30:00,1.5,1.8292797692414187,1.7220558
2025-12-18 15:30:00,1.83,1.6999654692750172,1.5078377
2025-12-18 18:30:00,1.8,1.7451657312680422,1.603981
2025-12-19 09:30:00,1.48,1.7282888770698128,1.7049987
2025-12-19 12:30:00,1.51,1.6424557382298886,1.4189782
2025-12-19 15:30:00,1.57,1.6816218882746745,1.4781405
2025-12-21 09:30:00,1.74,1.5952301031851106,1.568764
2025-12-21 15:30:00,1.55,1.76935359200227,1.6187493
2025-12-24 09:30:00,1.55,1.5808009892625592,1.4517471
2025-12-25 09:30:00,1.55,1.6338605006083418,1.5350817
2025-12-29 09:30:00,1.57,1.6497112693505247,1.5470902
2026-01-01 09:30:00,1.45,1.6079669953211209,1.5713109
2026-01-10 12:30:00,1.49,1.4767789562328903,1.4201044
2026-01-10 15:30:00,1.6,1.559978804468444,1.403821
2026-01-10 18:30:00,1.46,1.748344310212354,1.5414177
2026-01-11 09:30:00,1.56,1.4156098222449498,1.4397973
2026-02-20 06:30:00,1.85,1.608638785853209,1.6642333
2026-02-21 21:30:00,1.32,1.9904341859515926,1.9491113
2026-04-15 09:30:00,1.3,1.8292392983553996,1.5475048
2026-05-10 06:30:00,1.82,1.3157492679910072,1.3424044
2026-05-11 21:30:00,1.5,2.219292719911226,1.9535496
2026-05-12 15:30:00,1.62,1.4774005989739438,1.4665339
2026-05-12 21:30:00,1.56,1.7264711444144236,1.8350396
2026-05-13 06:30:00,1.69,1.6560684497310485,1.8011773
2026-05-13 21:30:00,1.57,1.6476105217700043,1.5736772
2026-05-14 00:30:00,1.91,1.625456385159508,1.6918329
2026-05-15 00:30:00,1.89,1.9429567681750806,1.7535213
2026-05-15 21:30:00,1.65,1.882707242347673,1.8792802
2026-05-16 00:30:00,1.84,1.7203198568472013,1.6470109
2026-05-23 21:30:00,1.69,1.8432961028544597,1.9154961
2026-05-24 06:30:00,2.15,1.6761103396700991,1.671355
2026-05-24 21:30:00,1.84,2.1254129924956926,2.2655313
2026-05-25 21:30:00,1.76,1.8011210055325833,1.726994
2026-05-26 09:30:00,1.84,1.8580521331240343,1.8793207
2026-05-30 21:30:00,1.81,1.8578677570481914,2.0083265
2026-05-31 21:30:00,2.15,1.7813467340435323,1.7704386
2026-06-12 18:30:00,1.96,2.045256603811151,2.364499
2026-06-12 21:30:00,1.9,1.9587027238261268,2.0366993
2026-06-13 00:30:00,1.92,1.9464394070160984,1.9649813
2026-06-13 03:30:00,1.84,1.9649516207970559,1.9073753
2026-06-13 12:30:00,1.84,1.9655827617726882,1.7670127
2026-06-13 15:30:00,2.05,1.8819328633973316,1.8907077
2026-06-13 18:30:00,1.94,2.0110458489177265,2.1025126
2026-06-13 21:30:00,1.94,1.956317392794356,1.9854716
2026-06-14 00:30:00,1.87,1.9536166997912157,1.9635334
2026-06-14 03:30:00,1.87,1.8925569394993358,1.872493
2026-06-14 06:30:00,1.69,1.8817685521051373,1.851737
2026-06-14 12:30:00,1.64,1.735803280123897,1.6454227
2026-06-18 09:30:00,1.86,1.8562095861908674,1.6816597
2026-06-22 21:30:00,1.91,2.043439488771611,1.9306962
2026-06-23 00:30:00,1.85,1.9252081842235476,1.799992
2026-06-23 06:30:00,1.81,1.9109170135311078,1.7922472
2026-06-23 21:30:00,1.6,1.7980822309151627,1.8333513
2026-06-24 00:30:00,1.59,1.616182771896951,1.5781163
2026-06-24 03:30:00,1.97,1.6098972957356574,1.5075474
2026-06-24 06:30:00,1.48,1.9561794055041453,1.6645032
2026-06-24 15:30:00,2.01,1.5191263586713666,1.6011078
2026-06-29 21:30:00,1.61,2.0558013947812257,2.132736
2026-06-30 03:30:00,1.8,1.8667992247293546,1.7947043
2026-07-11 09:30:00,2.05,1.8894160453830893,1.7557532
2026-08-01 15:30:00,1.9,2.139290725275326,1.956888
2026-08-01 18:30:00,1.9,1.890520941833854,1.9002482
2026-08-01 21:30:00,1.73,1.923010700395681,1.824898
2026-08-02 00:30:00,1.7,1.809655675345342,1.8078414
2026-08-02 03:30:00,1.8,1.6686722195352721,1.5921412
2026-08-02 09:30:00,4.58,1.8862601532583267,1.9027809
2026-08-03 00:30:00,3.39,5.005500000000002,5.6992764
2026-08-03 03:30:00,3.2,3.148509865769153,3.1970687
2026-08-03 06:30:00,5.33,2.7790896171070307,2.6258147
2026-08-03 15:30:00,3.3,4.275204545454546,4.8718886
2026-08-03 18:30:00,3.05,3.0618799087816964,2.8631108
2026-08-04 00:30:00,2.78,2.7250708093869735,2.6840842
2026-08-04 00:30:00,2.77,2.8635575360178236,2.5426235
2026-08-04 03:30:00,2.83,2.7397603688820267,2.7131908
2026-08-04 06:30:00,2.98,3.088992670756745,2.775049
2026-08-04 09:30:00,2.98,3.003404407001841,2.788553
2026-08-04 15:30:00,3.2,3.005392584051589,2.6313674
2026-08-04 18:30:00,2.9,3.0847541343164626,3.1254876
2026-08-04 21:30:00,2.88,2.832118899562989,2.9905515
2026-08-05 03:30:00,2.85,2.915086969120748,2.7030644
2025-06-10 09:30:00,1.53,1.3741746761510223,1.242925
2025-10-21 18:30:00,1.48,1.5316488876516434,1.5195503
2025-10-21 21:30:00,1.45,1.5408526900105295,1.6179185
2025-10-22 00:30:00,1.3,1.5350112104874643,1.5281551
2025-10-23 00:30:00,1.24,1.2975934343568876,1.4379725
2025-10-23 18:30:00,1.17,1.542705367070139,1.4635694
2025-10-24 18:30:00,1.15,1.2497207138383866,1.6916955
2025-10-25 18:30:00,1.09,1.1469875130626956,1.3459783
2025-10-27 09:30:00,1.05,1.242440837687334,1.2211221
2025-10-30 09:30:00,1.08,1.1019976149234345,1.2920766
2025-11-06 09:30:00,1.31,1.0860240754681447,1.1010044
2025-11-12 09:30:00,1.65,1.3530659584342126,1.2486557
2025-11-21 00:30:00,1.52,1.5016720057951205,1.5412265
2025-11-21 06:30:00,1.53,1.5210145200947753,1.4603482
2025-11-21 18:30:00,1.94,1.7111821050712146,1.4183676
2025-11-23 03:30:00,1.84,2.2682998484641974,2.0944555
2025-11-23 06:30:00,3.52,1.949747114520151,1.6443049
2025-11-24 00:30:00,3.0,2.375977777777777,1.9391186
2025-11-24 03:30:00,1.85,2.9055122241410047,2.6671698
2025-11-24 18:30:00,2.25,1.955787527415358,2.3923233
2025-11-25 03:30:00,1.87,2.6182195741234255,2.7866797
2025-11-25 15:30:00,1.84,2.3005131122275544,2.0859003
2025-11-25 21:30:00,1.81,2.0823095526302513,1.9610672
2025-11-26 00:30:00,2.5,1.9448189259815445,1.9324961
2025-11-27 00:30:00,5.55,2.3908994027759976,2.4142647
2025-11-27 09:30:00,5.47,4.268366086956515,4.0949054
2025-11-27 12:30:00,4.55,5.332518401514399,5.099843
2025-11-27 18:30:00,3.8,3.8805746446332,4.10997
2025-11-28 09:30:00,3.4,3.5731678663482103,3.6866841
2025-11-28 12:30:00,3.1,3.258509017212633,3.6878603
2025-11-28 15:30:00,2.7,3.2084840898898066,3.2746696
2025-11-29 06:30:00,2.55,2.6391931762552843,2.8173869
2025-11-29 09:30:00,2.39,2.5466934684546536,2.6825159
2025-11-29 15:30:00,2.26,2.7245383027037517,2.4977586
2025-11-30 00:30:00,2.0,2.2799553349058757,2.4122376
2025-11-30 18:30:00,1.98,2.442657726760747,2.2676008
2025-11-30 21:30:00,1.89,2.4623422020206784,2.085284
2025-12-01 12:30:00,1.87,2.0309982060614424,1.8824385
2025-12-01 15:30:00,1.85,1.8920737316538123,1.9091289
2025-12-01 18:30:00,1.81,1.8844604743534372,1.8796886
2025-12-02 00:30:00,1.8,1.813148335890417,1.773964
2025-12-02 03:30:00,1.77,1.8607143675881679,1.813097
2025-12-02 12:30:00,1.75,1.826325343300481,1.7613158
2025-12-02 15:30:00,1.75,1.8540595963408648,1.7685605
2025-12-02 18:30:00,1.73,1.8969143648075508,1.7513068
2025-12-02 21:30:00,1.67,1.872633833235104,1.7420554
2025-12-03 00:30:00,1.71,1.7453299953540777,1.6265519
2025-12-03 06:30:00,1.7,1.8062495941835548,1.6357682
2025-12-03 09:30:00,1.69,1.8238794013268997,1.6454713
2025-12-03 12:30:00,1.68,1.7324052293645014,1.6249439
2025-12-03 15:30:00,1.68,1.769892969303082,1.6509556
2025-12-04 03:30:00,1.66,1.7508919268018062,1.6045505
2025-12-04 09:30:00,1.64,1.7966397449447575,1.6370288
2025-12-04 21:30:00,1.6,1.6844952246118257,1.5984079
2025-12-05 12:30:00,1.61,1.6757019331613583,1.5976387
2025-12-06 00:30:00,1.6,1.6916000076598976,1.6723558
2025-12-06 15:30:00,1.56,1.6759382713798252,1.6538383
2025-12-07 06:30:00,1.54,1.854032488663883,1.6571827
2025-12-07 15:30:00,1.55,1.8452490914392092,1.5600845
2025-12-07 18:30:00,1.52,1.7637929084186563,1.5485839
2025-12-08 09:30:00,1.51,1.5486055302128137,1.5248295
2025-12-08 15:30:00,1.48,1.5929025198187317,1.4970976
2025-12-09 09:30:00,1.51,1.5469389536316571,1.4914849
2025-12-10 09:30:00,1.51,1.5148706473654112,1.5933535
2025-12-10 15:30:00,1.5,1.5951195314690392,1.5303131
2025-12-11 12:30:00,1.61,1.5434141743433256,1.5179915
2025-12-13 09:30:00,1.54,1.5680373344822143,1.5422852
2025-12-14 09:30:00,1.42,1.7526312415537033,1.4892396
2025-12-17 15:30:00,1.47,1.5023877630608795,1.5042605
2025-12-18 15:30:00,1.52,1.8020652486623652,1.6142203
2025-12-18 18:30:00,1.48,1.7678709464454332,1.5882198
2025-12-19 09:30:00,1.47,1.5450664647947607,1.4170624
2025-12-19 12:30:00,1.45,1.526915176278764,1.4256675
2025-12-19 15:30:00,1.35,1.5071653406810013,1.4533889
2025-12-21 09:30:00,1.35,1.4162633029813576,1.3755472
2025-12-21 15:30:00,1.33,1.407696511967454,1.4344262
2025-12-24 09:30:00,1.33,1.3765722417464374,1.2933677
2025-12-25 09:30:00,1.28,1.3539946088547763,1.2686337
2025-12-29 09:30:00,1.92,1.3378496752277482,1.238695
2026-01-01 09:30:00,1.44,2.2787949243161236,1.9892719
2026-01-10 12:30:00,1.38,1.6726159839369397,1.4667233
2026-01-10 15:30:00,1.37,1.3817331396911885,1.0259587
2026-01-10 18:30:00,1.32,2.661379456648195,1.6293668
2026-01-11 09:30:00,1.18,1.359128198075109,1.2720227
2026-02-20 06:30:00,1.15,1.210946922125282,1.26343
2026-02-21 21:30:00,1.51,1.292712568349816,1.3150582
2026-04-15 09:30:00,2.56,1.4128691056949572,1.5037806
2026-05-10 06:30:00,2.43,1.8908922595473823,1.8792287
2026-05-11 21:30:00,1.95,2.439382562502353,2.1648357
2026-05-12 15:30:00,1.89,2.2881517805324743,1.9016938
2026-05-12 21:30:00,1.86,2.286262337639035,2.256692
2026-05-13 06:30:00,1.75,2.120040089419641,2.1944182
2026-05-13 21:30:00,1.73,1.9097321292868867,1.8422635
2026-05-14 00:30:00,1.62,1.7583341149163487,1.6935964
2026-05-15 00:30:00,1.53,1.5961210565526422,1.5575454
2026-05-15 21:30:00,1.52,1.6210946410401084,1.5556041
2026-05-16 00:30:00,1.32,1.5300856735252106,1.4912212
2026-05-23 21:30:00,1.35,1.316550608915257,1.318794
2026-05-24 06:30:00,1.33,1.3656960943571985,1.3374158
2026-05-24 21:30:00,1.3,1.4169909786161587,1.2856685
2026-05-25 21:30:00,1.3,1.2859331393383815,1.247649
2026-05-26 09:30:00,1.29,1.275119373167802,1.2426624
2026-05-30 21:30:00,1.27,1.272481162097715,1.20373
2026-05-31 21:30:00,1.35,1.2560536932470578,1.1981674
2026-06-12 18:30:00,1.38,1.417322131962297,1.6481864
2026-06-12 21:30:00,1.36,1.4709574207822798,1.6375327
2026-06-13 00:30:00,1.32,1.4287932646245418,1.316886
2026-06-13 12:30:00,1.29,1.3873856339816846,1.2757934
2026-06-13 15:30:00,1.29,1.265111443975812,1.2207952
2026-06-13 18:30:00,1.28,1.270837815202337,1.2375607
2026-06-13 21:30:00,1.28,1.257921885926286,1.2053459
2026-06-14 00:30:00,1.28,1.1028199861598387,1.1973923
2026-06-14 03:30:00,1.25,1.2563404192816152,1.2047853
2026-06-14 06:30:00,1.25,1.2520886787699537,1.1985407
2026-06-14 12:30:00,1.19,1.254563366345324,1.2235843
2026-06-18 09:30:00,1.17,1.1708660505479336,1.1919762
2026-06-22 21:30:00,1.17,1.1752893039455072,1.2955811
2026-06-23 00:30:00,1.18,1.169822029128383,1.2460525
2026-06-23 06:30:00,1.17,1.1823635857322639,1.1509042
2026-06-23 21:30:00,1.18,1.1562916870431705,1.1802386
2026-06-24 00:30:00,1.18,1.152530196545191,1.1770236
2026-06-24 03:30:00,1.18,1.153399442411057,1.1630914
2026-06-24 06:30:00,0.14,1.1605452621556809,1.1675162
2026-06-24 15:30:00,1.14,1.1535053359788365,0.82272935
2026-06-29 21:30:00,1.13,1.2649914000404594,1.0703319
2026-06-30 03:30:00,1.08,1.0585107760406434,1.1002022
2026-07-11 09:30:00,0.92,1.094872704285376,1.0109984
2026-08-01 15:30:00,0.92,1.071725128802794,1.0796375
2026-08-01 18:30:00,0.92,1.230774178459295,1.011083
2026-08-01 21:30:00,0.91,1.0973078515211803,1.0414183
2026-08-02 00:30:00,0.92,1.1224655109635635,0.9137969
2026-08-02 03:30:00,0.92,1.0885005098106262,0.9326679
2026-08-02 09:30:00,0.92,1.0870357579160208,0.9498031
2026-08-03 00:30:00,0.92,1.0788921350183032,0.91813946
2026-08-03 03:30:00,0.92,1.090315926477293,0.9326679
2026-08-03 06:30:00,0.93,1.0889677956361714,0.9264232
2026-08-03 15:30:00,0.95,1.0871385695556237,0.9393045
2026-08-03 18:30:00,0.96,1.1184337108262912,0.95809793
2026-08-04 00:30:00,0.94,1.1020686463761649,1.0187545
2026-08-04 00:30:00,0.95,1.1057556114623954,1.0646381
2026-08-04 03:30:00,0.96,1.1416103917659581,0.9377224
2026-08-04 06:30:00,0.97,1.1097420550110346,0.98468655
2026-08-04 09:30:00,0.96,1.1514511615483196,1.1269141
2026-08-04 15:30:00,0.96,1.0922090963275393,1.0561409
2026-08-04 18:30:00,0.94,1.0623127790749178,1.06988
2026-08-04 21:30:00,0.95,1.0751772517565756,1.0123171
2026-08-05 03:30:00,0.95,1.1209717798371694,0.9377224
2025-06-10 09:30:00,2.97,2.3462560606060596,1.1831126
2025-10-21 18:30:00,2.9,2.7289244588744617,2.8907666
2025-10-21 21:30:00,2.74,3.270767750295257,3.041742
2025-10-22 00:30:00,2.95,2.485656362964001,2.6151605
2025-10-23 00:30:00,4.79,2.9617071696212065,2.9528377
2025-10-23 18:30:00,2.39,4.297831737402088,4.3919044
2025-10-24 18:30:00,4.64,2.477294895275858,2.4550688
2025-10-25 18:30:00,2.15,4.591297671343957,4.382437
2025-10-27 09:30:00,1.52,2.439148680479673,2.483979
2025-10-30 09:30:00,1.02,2.4294717971432176,2.7766392
2025-11-06 09:30:00,1.0,1.3734512754381365,1.4252542
2025-11-12 09:30:00,4.13,1.3434148109392607,1.3258258
2025-11-21 00:30:00,4.75,2.6148000000000025,2.6183813
2025-11-21 06:30:00,3.5,3.513624425708701,3.7084165
2025-11-21 18:30:00,4.68,3.139529505686223,2.7246473
2025-11-23 03:30:00,4.4,4.9482153763555985,4.6611567
2025-11-23 06:30:00,3.67,4.351972838858074,4.557262
2025-11-24 00:30:00,3.84,3.7345272516695918,3.3123791
2025-11-24 03:30:00,2.6,3.6704254758766552,3.7736695
2025-11-24 18:30:00,3.22,2.8822990824880335,2.9691606
2025-11-25 03:30:00,2.3,3.4273288618342614,3.1695707
2025-11-25 15:30:00,3.9,2.6779341597557367,2.4853063
2025-11-25 21:30:00,4.3,4.268045527734284,3.5774436
2025-11-26 00:30:00,2.88,4.021215106839107,3.5335078
2025-11-27 00:30:00,2.96,2.7709126362188834,2.5938146
2025-11-27 09:30:00,3.09,2.901390830064072,2.8408275
2025-11-27 12:30:00,3.56,3.3822785009068834,3.2907455
2025-11-27 18:30:00,4.98,3.713675869843452,3.4278827
2025-11-28 09:30:00,5.2,4.578902277524954,4.3514132
2025-11-28 12:30:00,5.36,5.035430192852801,4.88881
2025-11-28 15:30:00,5.17,5.455230791699981,5.368103
2025-11-29 06:30:00,4.89,4.572951012193252,4.5222454
2025-11-29 09:30:00,4.53,4.720477651041464,4.712555
2025-11-29 15:30:00,4.22,4.52489456708217,4.6009717
2025-11-30 00:30:00,2.89,3.671448223512714,3.871832
2025-11-30 18:30:00,2.63,2.6749646910898583,2.6376889
2025-11-30 21:30:00,2.13,2.6624291514763883,2.6178563
2025-12-01 12:30:00,2.16,2.46305146881993,2.3761199
2025-12-01 15:30:00,2.21,2.3699661796679865,2.331567
2025-12-01 18:30:00,2.18,2.1494661868849505,2.2449372
2025-12-02 00:30:00,2.15,2.20372519286523,2.1261268
2025-12-02 03:30:00,1.94,2.1674229426153717,2.2065456
2025-12-02 12:30:00,1.89,1.9692835359142342,1.9667248
2025-12-02 15:30:00,1.87,1.9361209074180497,1.908046
2025-12-02 18:30:00,1.85,1.8235376018921756,1.8741635
2025-12-02 21:30:00,1.63,1.8103209822197541,1.8431517
2025-12-03 00:30:00,1.76,1.7408750439154266,1.6690824
2025-12-03 06:30:00,1.72,1.861132406937713,1.776311
2025-12-03 09:30:00,1.7,1.8419408796369252,1.765837
2025-12-03 12:30:00,1.67,1.7319662670927787,1.8138978
2025-12-03 15:30:00,1.62,1.941652887407835,1.8011862
2025-12-04 03:30:00,1.6,1.7698375760610165,1.6846371
2025-12-04 09:30:00,1.61,1.7698060461480822,1.7136971
2025-12-04 21:30:00,1.99,1.8818593813925355,1.904064
2025-12-05 12:30:00,4.16,2.069532653650553,2.0242724
2025-12-06 00:30:00,2.62,3.6831003676470586,3.0595376
2025-12-06 15:30:00,2.48,2.4988027842237903,2.4039478
2025-12-07 06:30:00,2.0,2.4594950340434782,2.7989106
2025-12-07 15:30:00,1.94,2.1142681954830365,2.057183
2025-12-07 18:30:00,2.41,2.042246680713352,2.2208998
2025-12-08 09:30:00,2.17,2.6433764457429185,2.466231
2025-12-08 15:30:00,1.87,2.10977715026758,2.1495821
2025-12-09 09:30:00,1.95,1.9635476813566566,2.0782475
2025-12-10 09:30:00,1.84,1.9699112657262767,2.038566
2025-12-10 15:30:00,1.74,1.7556309926199818,1.90895
2025-12-11 12:30:00,2.68,1.7730117992386523,1.8538809
2025-12-13 09:30:00,2.52,2.4080268101896722,2.4721463
2025-12-14 09:30:00,1.45,2.4421926044853826,2.3310287
2025-12-17 15:30:00,1.34,1.7310283038618306,1.8276458
2025-12-18 15:30:00,1.33,1.598208690457768,1.7351661
2025-12-18 18:30:00,1.3,2.229865331658954,1.723613
2025-12-19 09:30:00,1.29,1.3219160140252375,1.3800176
2025-12-19 12:30:00,1.28,1.335700089279461,1.3347837
2025-12-19 15:30:00,1.54,1.318946869789727,1.350905
2025-12-21 09:30:00,1.5,1.705566779168186,1.6216701
2025-12-21 15:30:00,1.21,1.538077975082897,1.5661336
2025-12-24 09:30:00,1.9,1.2455285839564627,1.463673
2025-12-25 09:30:00,1.07,2.1695347632244975,2.0402215
2025-12-29 09:30:00,0.95,1.385962328783109,1.6013398
2026-01-01 09:30:00,0.76,1.2086418732416337,1.0749272
2026-01-10 12:30:00,0.76,1.014199667180729,1.1518072
2026-01-10 15:30:00,0.76,0.8600480011619189,1.0134618
2026-01-10 18:30:00,0.77,0.8498006956512671,0.9644445
2026-01-11 09:30:00,1.17,0.8796287220651012,0.9689216
2026-02-20 06:30:00,1.2,1.1768267213192516,1.389036
2026-02-21 21:30:00,1.29,1.302598242127775,1.2516307
2026-04-15 09:30:00,1.54,1.3951826935131566,1.5436156
2026-05-10 06:30:00,1.94,1.5719212195541346,1.6507741
2026-05-11 21:30:00,2.29,2.276282228119902,2.0968027
2026-05-12 15:30:00,3.54,2.1428170267078768,2.2215886
2026-05-12 21:30:00,2.34,2.853010475067938,2.9264352
2026-05-13 06:30:00,5.16,2.7071548060398793,2.6672354
2026-05-13 21:30:00,5.07,5.272931214256714,5.0825787
2026-05-14 00:30:00,4.97,5.064683626587224,5.155334
2026-05-15 00:30:00,4.16,4.841487688052649,4.838839
2026-05-15 21:30:00,4.07,3.9086114988867497,3.993997
2026-05-16 00:30:00,3.18,3.9592025273856155,3.9192486
2026-05-23 21:30:00,2.52,3.1366669132130287,3.1850595
2026-05-24 06:30:00,2.11,2.552565690438402,2.6139321
2026-05-24 21:30:00,2.39,2.240267256742965,2.219337
2026-05-25 21:30:00,2.78,2.720409950846356,2.7108579
2026-05-26 09:30:00,2.58,2.822557203266955,2.922543
2026-05-30 21:30:00,2.16,2.685234737845487,2.4632096
2026-05-31 21:30:00,4.6,2.1350770942108888,2.1651258
2026-06-12 18:30:00,4.68,3.5769396428571447,4.5697517
2026-06-12 21:30:00,4.73,4.290250309862568,4.4613104
2026-06-13 00:30:00,4.72,4.510907783418349,4.567467
2026-06-13 03:30:00,4.15,4.63551600875813,4.49983
2026-06-13 12:30:00,4.05,3.7459430468947272,4.039525
2026-06-13 15:30:00,4.03,3.9440033937182464,4.0431476
2026-06-13 18:30:00,3.92,3.956879793411157,4.136242
2026-06-13 21:30:00,3.73,3.8481262416106756,3.8903987
2026-06-14 00:30:00,3.55,3.5658976899343804,3.6467776
2026-06-14 03:30:00,3.15,3.370683919404861,3.3998866
2026-06-14 06:30:00,2.78,3.0742902733043267,3.238345
2026-06-14 12:30:00,1.87,2.7048326778076865,3.0547187
2026-06-18 09:30:00,3.58,2.065143952596217,2.215223
2026-06-22 21:30:00,3.9,3.4994170910470537,3.602572
2026-06-23 00:30:00,4.03,3.976558201074898,4.084547
2026-06-23 06:30:00,2.65,3.7139562092388854,3.624942
2026-06-23 21:30:00,2.5,2.693925357738613,2.573641
2026-06-24 00:30:00,2.37,2.5152529007168094,2.6467326
2026-06-24 03:30:00,2.23,2.4638126799408506,2.4466655
2026-06-24 06:30:00,2.02,2.2110626631826404,2.279587
2026-06-24 15:30:00,2.96,1.9930984432658139,2.1017115
2026-06-29 21:30:00,2.6,2.6466276180724115,2.7863398
2026-06-30 03:30:00,1.15,2.4011837318853835,2.5234299
2026-07-11 09:30:00,2.9,2.112944222165041,1.9641837
2026-08-01 15:30:00,2.5,2.6448006517093994,2.952512
2026-08-01 18:30:00,2.29,2.392443345810584,2.6002336
2026-08-01 21:30:00,2.05,2.1173733044139698,2.1840925
2026-08-02 00:30:00,1.8,2.0479636385885467,2.0976496
2026-08-02 03:30:00,1.56,1.8725551320901084,2.1294193
2026-08-02 09:30:00,2.01,2.0278578841263784,2.1224792
2026-08-03 00:30:00,2.4,2.1301951095291805,2.3766465
2026-08-03 03:30:00,2.43,2.6099007492488306,2.7560203
2026-08-03 06:30:00,2.19,2.367029370969986,2.4485426
2026-08-03 15:30:00,2.97,2.2443156206785146,2.4409688
2026-08-03 18:30:00,3.21,2.773066183456541,2.9423587
2026-08-04 00:30:00,2.11,3.118025084395303,3.0924785
2026-08-04 00:30:00,3.04,2.4565260879883732,2.4668028
2026-08-04 03:30:00,2.6,3.299905412750206,3.1346917
2026-08-04 06:30:00,2.38,2.4342352407710477,2.5659714
2026-08-04 09:30:00,2.29,2.4877817598753214,2.5289671
2026-08-04 15:30:00,2.21,2.362943733871492,2.479246
2026-08-04 18:30:00,2.17,2.375456406557385,2.3919435
2026-08-04 21:30:00,2.03,2.1136349668220413,2.1619136
2026-08-05 03:30:00,1.93,2.003978932995043,2.0713713
2025-10-22 00:30:00,0.78,0.8960877635719662,0.6718019
2025-10-23 00:30:00,0.63,0.9537871680478222,0.8572576
2025-10-23 18:30:00,0.3,0.9172089679528332,0.81615335
2025-10-24 18:30:00,0.23,0.9099304458301998,1.0016793
2025-10-25 18:30:00,0.19,0.3987761447723136,0.7511833
2025-10-27 09:30:00,-0.43,0.2749598717240953,0.4916181
2025-10-30 09:30:00,-0.4,1.2731562499999987,0.4050771
2025-11-06 09:30:00,-0.04,-0.1470491666666667,-0.05634529
2025-11-12 09:30:00,-0.74,0.030050718390804625,0.08929852
2025-11-21 00:30:00,0.8,-0.43541166666666675,-0.25913933
2025-11-21 06:30:00,0.61,0.36397499999999994,0.22508664
2025-11-21 18:30:00,0.97,0.21207777777777767,0.30221084
2025-11-23 03:30:00,1.68,0.78796596721048,0.78510624
2025-11-23 06:30:00,1.35,1.4128712499999998,1.5132333
2025-11-24 00:30:00,1.31,1.5478653914309242,1.3650887
2025-11-24 03:30:00,1.53,1.3166414439784015,1.2256166
2025-11-24 18:30:00,2.43,2.1685369555619096,1.6123439
2025-11-25 03:30:00,2.68,1.8792843230482763,1.835827
2025-11-25 15:30:00,2.57,2.13867416336666,2.0412781
2025-11-25 21:30:00,2.5,2.394097019016403,2.2527719
2025-11-26 00:30:00,5.15,2.5179459641756172,2.3458164
2025-11-27 00:30:00,5.35,4.524370329670334,3.8934076
2025-11-27 09:30:00,5.38,4.5553464285714265,4.2073474
2025-11-27 12:30:00,5.5,4.575906674956624,4.7099853
2025-11-27 18:30:00,3.03,5.496693118153242,5.036858
2025-12-10 09:30:00,2.69,2.6469741022427105,2.4954536
2025-12-10 15:30:00,1.97,2.605067327681559,2.477339
2025-12-11 12:30:00,2.15,2.246303296406327,2.0987935
2025-12-13 09:30:00,2.27,2.1981811300173617,2.2393267
2025-12-14 09:30:00,2.1,2.2023293230830445,2.1426382
2025-12-17 15:30:00,4.36,2.2021076085763247,2.1135213
2025-12-18 15:30:00,4.66,3.623093882100303,3.5279546
2025-12-18 18:30:00,4.81,4.148416642332787,4.011349
2025-12-19 09:30:00,4.7,4.436901296190131,4.3248363
2025-12-19 12:30:00,4.57,4.6167537854542156,4.5874248
2025-12-19 15:30:00,2.85,4.339917732849452,4.4259157
2025-12-21 09:30:00,2.73,2.9300923310217772,2.5855024
2025-12-21 15:30:00,1.98,2.488186676092843,2.332107
2025-12-24 09:30:00,1.72,2.324301008408522,2.0322533
2025-12-25 09:30:00,1.35,1.8820749790744906,1.869003
2025-12-29 09:30:00,1.62,1.6096534901449358,1.5134156
2026-01-01 09:30:00,2.05,1.7856742788041593,1.7211581
2026-01-10 12:30:00,2.05,1.6877947251761,1.9061693
2026-01-10 15:30:00,2.05,1.844709955073009,1.7449044
2026-01-10 18:30:00,1.95,1.890495176567622,1.7982799
2026-01-11 09:30:00,1.91,1.9262123881357187,1.9041332
2026-02-20 06:30:00,2.15,1.992018349767871,1.9681402
2026-02-21 21:30:00,0.19,2.2804830907339326,2.2046528
2026-04-15 09:30:00,1.15,0.8532378822055133,0.95555407
2026-05-10 06:30:00,1.1,1.6762865839557914,1.4150785
2026-05-11 21:30:00,0.91,1.237544808544127,1.3537698
2026-05-12 15:30:00,1.15,1.0375243617429488,1.0541202
2026-05-12 21:30:00,1.19,1.2568869930214444,1.1455427
2026-05-13 06:30:00,1.09,1.2906892969184371,1.2795308
2026-05-13 21:30:00,0.96,1.0770008107046782,1.1259651
2026-05-14 00:30:00,0.66,1.0176557933416293,1.3068562
2026-05-15 00:30:00,0.6,0.8134292298241335,0.79658383
2026-05-15 21:30:00,0.6,0.6197800213038245,0.6963675
2026-05-16 00:30:00,0.1,0.6371828705336311,0.66040874
2026-05-23 21:30:00,0.13,0.8943875710639534,0.39308292
2026-05-24 06:30:00,0.01,0.24908715209773663,0.21977244
2026-05-24 21:30:00,0.02,0.24011382609998308,0.18869624
2026-05-25 21:30:00,0.02,0.04919456447246739,0.0055451095
2026-05-26 09:30:00,-0.1,0.046942158542721185,0.0077586942
2026-05-30 21:30:00,-0.15,-0.029077201846011196,-0.07203093
2026-05-31 21:30:00,-0.18,0.01626244545425825,-0.07792569
2026-06-12 18:30:00,-0.18,-0.1420984039520528,-0.058225833
2026-06-12 21:30:00,-0.19,-0.18111030596027763,-0.1345206
2026-06-13 00:30:00,-0.1,-0.18329967012742632,-0.22833502
2026-06-13 03:30:00,-0.04,-0.11817856690750635,-0.13138175
2026-06-13 12:30:00,-0.06,0.2147784944951666,-0.06086699
2026-06-13 15:30:00,-0.05,0.0210569675236892,-0.06360609
2026-06-13 18:30:00,-0.01,0.02241490960983058,-0.0645571
2026-06-13 21:30:00,0.04,0.00922838510742844,-0.027745355
2026-06-14 00:30:00,0.05,0.025062992612774903,0.0009499628
2026-06-14 03:30:00,0.05,0.10797226559467026,0.021323826
2026-06-14 06:30:00,0.05,0.0922047548284763,0.021742571
2026-06-14 12:30:00,-0.09,0.11229025865496492,0.03421901
2026-06-18 09:30:00,-0.14,0.02337848787784437,-0.030074023
2026-06-22 21:30:00,-0.13,-0.03406085802797386,-0.07016265
2026-06-23 00:30:00,-0.05,1.1073741468652067,-0.063543566
2026-06-23 06:30:00,-0.09,-0.030314085026415926,-0.11166818
2026-06-23 21:30:00,-0.09,-0.06507627789395812,-0.11436509
2026-06-24 00:30:00,-0.08,-0.04604896636683273,-0.06266738
2026-06-24 03:30:00,-0.05,-0.04045973880942162,-0.065024376
2026-06-24 06:30:00,-0.15,0.057258795642953546,-0.068029836
2026-06-24 15:30:00,-0.16,-0.049474708473512354,-0.06360609
2026-06-29 21:30:00,-0.14,1.4569923222456518,-0.06527168
2026-06-30 03:30:00,-0.06,-0.1483476376069343,-0.10786432
2026-07-11 09:30:00,-0.12,1.2196535872277212,-0.10159286
2026-08-01 15:30:00,-0.11,-0.05609541293096526,-0.033844702
2026-08-01 18:30:00,-0.1,-0.020086641674642695,0.06592427
2026-08-01 21:30:00,-0.13,-0.042828920818426625,-0.089735396
2026-08-02 00:30:00,-0.15,0.32373306234376,0.14918916
2026-08-02 03:30:00,-0.15,-0.11586127330619156,0.26370496
2026-08-02 09:30:00,-0.1,-0.11232351266405591,0.18254864
2026-08-03 00:30:00,-0.1,-0.09195749802553975,-0.07649805
2026-08-03 03:30:00,-0.1,1.0008145385342357,-0.069079705
2026-08-03 06:30:00,-0.17,-0.10862074718004955,-0.033981502
2026-08-03 15:30:00,-0.15,0.01170805275859994,0.08963209
2026-08-03 18:30:00,-0.14,-0.09477508855892128,0.14035816
2026-08-04 00:30:00,-0.02,-0.11750682511698124,0.16221358
2026-08-04 00:30:00,-0.08,0.21845211708124065,-0.05048095
2026-08-04 03:30:00,0.03,-0.04550573933114856,-0.08442055
2026-08-04 06:30:00,0.07,0.03265649338885657,0.024835104
2026-08-04 09:30:00,0.05,0.08438227252032134,0.035144918
2026-08-04 15:30:00,0.01,0.17670512941366062,0.047027912
2026-08-04 18:30:00,-0.05,0.04447158205470085,0.027637212
2026-08-04 21:30:00,0.12,0.01901759004067222,-0.030052656
2026-08-05 03:30:00,0.19,0.16320891868860662,0.04
2025-06-10 09:30:00,4.98,0.5206165240905785,0.5363015
2025-10-21 18:30:00,4.08,3.3592500000000016,3.594749
2025-10-21 21:30:00,3.16,3.1415841758241743,3.591491
2025-10-22 00:30:00,2.26,2.3467972288540775,2.8856966
2025-10-23 00:30:00,4.3,2.6811953018390176,2.5676959
2025-10-23 18:30:00,2.87,4.756435703868608,4.7689166
2025-10-24 18:30:00,2.6,3.2222376605709075,2.945639
2025-10-25 18:30:00,1.79,2.560928911523474,2.6834676
2025-10-27 09:30:00,0.79,1.867587571747643,2.4489439
2025-10-30 09:30:00,0.46,1.6543487050985792,2.137002
2025-11-06 09:30:00,1.27,0.8700305421871236,1.06931
2025-11-12 09:30:00,0.76,1.4353602419099036,1.4026273
2025-11-21 00:30:00,0.7,1.0807935851831534,0.8857917
2025-11-21 06:30:00,0.71,0.8043079840846292,0.72026837
2025-11-21 18:30:00,2.76,0.9644333221233681,0.79592216
2025-11-23 03:30:00,4.91,2.959883333333335,1.7049627
2025-11-23 06:30:00,6.0,3.3772,3.5226884
2025-11-24 00:30:00,6.01,5.7675126091805025,5.77271
2025-11-24 03:30:00,5.64,5.690541362263311,5.8108315
2025-11-24 18:30:00,5.12,5.2134469646474795,5.148368
2025-11-25 03:30:00,3.7,4.8552306670969525,4.6880684
2025-11-25 15:30:00,3.38,3.2966177556196574,3.2834864
2025-11-25 21:30:00,3.19,3.3681161886765567,3.435868
2025-11-26 00:30:00,4.78,3.1254036700044128,3.0816014
2025-11-27 00:30:00,6.08,4.3459311987072615,4.4722905
2025-11-27 09:30:00,6.27,6.000727646170008,5.922213
2025-11-27 12:30:00,6.9,5.931670868441026,5.955113
2025-11-27 18:30:00,1.47,6.525969849312447,6.0477767
2025-12-13 09:30:00,1.46,2.1942281818181866,1.291581
2025-12-14 09:30:00,1.53,2.148396805555557,2.0658243
2025-12-17 15:30:00,1.48,2.1266332212078054,1.6428859
2025-12-18 15:30:00,1.49,1.5664016746050025,1.6459436
2025-12-18 18:30:00,1.53,1.611271766851516,1.5771973
2025-12-19 09:30:00,1.54,1.5577740194271081,1.6138004
2025-12-19 12:30:00,1.59,1.6186160480148746,1.5684493
2025-12-19 15:30:00,1.36,1.6333417447477425,1.6319822
2025-12-21 09:30:00,1.29,1.44416519294547,1.4875091
2025-12-21 15:30:00,0.68,1.281796258101821,1.3977301
2025-12-24 09:30:00,0.64,1.462079215231261,1.2703668
2025-12-25 09:30:00,0.54,0.9591744474114372,0.971233
2025-12-29 09:30:00,0.97,0.7334694299550094,0.7743614
2026-01-01 09:30:00,0.7,0.9974455910557529,0.85616684
2026-01-10 12:30:00,0.75,0.8097239048689192,0.73411524
2026-01-10 15:30:00,0.63,1.021827590231348,0.75637376
2026-01-10 18:30:00,0.56,0.8462140760373551,0.79565006
2026-01-11 09:30:00,0.08,0.6613317663262919,0.7404395
2026-02-20 06:30:00,0.05,0.844836914845173,0.42515418
2026-02-21 21:30:00,0.38,0.4225714671956019,0.38327104
2026-04-15 09:30:00,3.24,0.48654292487145484,0.39918172
2026-05-10 06:30:00,2.45,2.361149999999998,2.3270872
2026-05-11 21:30:00,2.2,2.645312476928754,2.4239006
2026-05-12 15:30:00,1.53,2.327897478233561,2.2769635
2026-05-12 21:30:00,1.82,1.8424959099433666,1.7669568
2026-05-13 06:30:00,2.8,2.1856238616499595,1.840526
2026-05-13 21:30:00,1.66,2.9509091991341996,3.3600037
2026-05-15 00:30:00,3.97,2.1027381866313157,1.8346373
2026-05-15 21:30:00,3.95,3.608311696805948,3.5891979
2026-05-16 00:30:00,0.67,4.031917115802501,3.8471892
2026-05-23 21:30:00,0.62,1.4873323671203513,1.2297188
2026-05-24 06:30:00,0.61,1.0083805688731682,0.94653124
2026-05-24 21:30:00,0.55,0.7820007025921062,0.649695
2026-05-25 21:30:00,0.46,0.6406559390242725,0.5929249
2026-05-26 09:30:00,0.38,0.469720803316588,0.55261546
2026-05-30 21:30:00,0.28,0.4177002340639804,0.43918994
2026-05-31 21:30:00,0.61,0.8384567296015724,0.38029668
2026-06-12 18:30:00,0.62,0.6640324216969202,0.6313389
2026-06-12 21:30:00,0.63,1.0881014551368098,0.6080893
2026-06-13 00:30:00,0.66,0.5526630674958899,0.5458309
2026-06-13 03:30:00,0.98,0.8593461126954708,0.7206241
2026-06-13 12:30:00,1.01,0.9979958864420239,0.8254846
2026-06-13 15:30:00,1.02,1.1200758871164915,1.0600578
2026-06-13 18:30:00,0.98,1.0799011081414382,1.1232245
2026-06-13 21:30:00,0.97,1.020241750002735,1.0519869
2026-06-14 00:30:00,0.98,1.0023176278600971,1.0654762
2026-06-14 03:30:00,0.97,1.0360725453413948,1.0389023
2026-06-14 06:30:00,0.94,1.0155201194337387,1.0204701
2026-06-14 12:30:00,0.46,0.9773959488006864,0.99195725
2026-06-18 09:30:00,0.53,0.6474223564394349,0.7357543
2026-06-22 21:30:00,0.55,0.906061897540732,0.8506047
2026-06-23 00:30:00,0.59,1.0525758512293821,1.2336998
2026-06-23 06:30:00,0.58,0.7484354723849159,0.61468744
2026-06-23 21:30:00,0.58,0.620669664442493,0.5247834
2026-06-24 00:30:00,0.57,0.5569915790888689,0.5389032
2026-06-24 03:30:00,0.56,0.5485440426869527,0.548542
2026-06-24 06:30:00,0.52,0.5454273376958647,0.52151877
2026-06-24 15:30:00,0.06,0.5228326166127854,0.53869575
2026-06-29 21:30:00,0.05,0.5313125958262279,0.24347323
2026-06-30 03:30:00,0.02,0.2841081633225873,0.15137179
2026-07-11 09:30:00,-0.05,1.0761573002834404,0.20160863
2026-08-01 15:30:00,-0.05,0.0172770227933272,0.03040106
2026-08-01 18:30:00,-0.05,0.0046092111219036705,0.013555754
2026-08-01 21:30:00,-0.03,0.01922266385456933,-0.002402128
2026-08-02 00:30:00,-0.03,0.07255660877849769,0.041350543
2026-08-02 03:30:00,-0.04,0.060421565016760444,0.051156215
2026-08-02 09:30:00,-0.04,0.03910179671702434,0.069959
2026-08-03 00:30:00,-0.03,0.0032998695223217032,0.046059832
2026-08-03 03:30:00,-0.03,0.001286720994295525,0.051156215
2026-08-03 06:30:00,-0.02,0.004224405205027525,0.048150748
2026-08-03 15:30:00,-0.02,0.014012280132385377,0.059460104
2026-08-03 18:30:00,-0.02,0.004808795306279564,0.05661524
2026-08-04 00:30:00,0.02,0.011276495997136305,0.046059832
2026-08-04 00:30:00,-0.01,0.04641507676627721,0.06404613
2026-08-04 03:30:00,-0.01,0.020928856267024783,0.055865534
2026-08-04 06:30:00,-0.01,0.009261747706770134,0.05286003
2026-08-04 09:30:00,0.01,-0.005362969894022327,0.069959
2026-08-04 15:30:00,0.01,0.022631066886434313,0.059460104
2026-08-04 18:30:00,0.01,0.03701850289774656,0.05661524
2026-08-04 21:30:00,0.02,0.05559058553701753,0.04536663
2026-08-05 03:30:00,0.02,0.069317480637097,0.07385181
2025-06-10 09:30:00,0.85,1.0233284395404725,0.94266903
2025-10-21 18:30:00,0.86,0.9286127955364286,0.94889873
2025-10-21 21:30:00,0.86,0.9495094634876703,1.0124698
2025-10-22 00:30:00,0.78,0.8984538552160215,0.9456744
2025-10-23 00:30:00,1.08,0.8260368163468523,0.96137285
2025-10-23 18:30:00,0.88,1.1208424848392926,1.1222558
2025-10-24 18:30:00,1.4,1.0774401669344456,1.1401889
2025-10-25 18:30:00,0.83,1.4049915876232324,1.3741269
2025-10-27 09:30:00,0.77,1.3228926569556134,1.1516001
2025-10-30 09:30:00,0.95,1.1868356334107064,1.1141353
2025-11-06 09:30:00,1.1,0.9930623894368,0.96464884
2025-11-12 09:30:00,3.1,1.13294278307407,1.1047164
2025-11-21 00:30:00,1.95,1.9347999999999987,1.7041533
2025-11-21 06:30:00,1.32,2.2736026678203345,2.0142965
2025-11-21 18:30:00,1.6,1.3465940587565595,1.4905281
2025-11-23 03:30:00,1.58,2.277635645154113,1.8176585
2025-11-23 06:30:00,1.28,1.6279770581478914,1.6819069
2025-11-24 00:30:00,1.27,1.2584693413389598,1.1978306
2025-11-24 03:30:00,1.5,1.4031277681678398,1.4172266
2025-11-24 18:30:00,1.6,2.032101592720446,1.5605987
2025-11-25 03:30:00,1.3,1.4862966025606872,1.5068812
2025-11-25 15:30:00,1.22,1.3070667591220444,1.3871837
2025-11-25 21:30:00,1.2,1.2491739997923894,1.274747
2025-11-26 00:30:00,1.2,1.3954295950098183,1.2788866
2025-11-27 00:30:00,1.75,1.2466376751511083,1.2996672
2025-11-27 09:30:00,1.8,1.6859785302738681,1.6583897
2025-11-27 12:30:00,2.1,1.796313962270289,1.7383528
2025-11-27 18:30:00,4.45,1.8984340114172118,1.8156223
2025-11-28 09:30:00,4.78,3.0380500000000006,2.770298
2025-11-28 12:30:00,4.7,4.157765253657119,4.2291503
2025-11-28 15:30:00,2.98,4.550768763522367,4.452855
2025-11-29 06:30:00,2.45,3.075700750002327,2.7709522
2025-11-29 09:30:00,2.25,2.475683883912491,2.620481
2025-11-29 15:30:00,1.88,2.4489745606243436,2.3935726
2025-11-30 00:30:00,1.74,2.30663855128544,2.2863584
2025-11-30 18:30:00,1.65,1.8331268564017114,1.856431
2025-11-30 21:30:00,1.21,1.7047513237385241,1.5916245
2025-12-01 12:30:00,1.86,1.3339210299064432,1.4349504
2025-12-01 15:30:00,1.58,2.401794123059894,2.0329754
2025-12-01 18:30:00,1.4,1.775600680290977,1.8071758
2025-12-02 00:30:00,1.37,1.5245089609274334,1.3164451
2025-12-02 03:30:00,1.76,1.5776412954464931,1.3315388
2025-12-02 12:30:00,1.71,1.7999297355327861,1.6973968
2025-12-02 15:30:00,1.69,1.6530017881325685,1.7836775
2025-12-02 18:30:00,1.49,1.7553220642556429,1.5209837
2025-12-02 21:30:00,1.07,1.497395015317845,1.5277236
2025-12-03 00:30:00,1.15,1.233951694627105,1.1089015
2025-12-03 06:30:00,1.14,1.5570584788137212,1.2699239
2025-12-03 09:30:00,1.14,1.2844592022886956,1.1527394
2025-12-03 12:30:00,1.11,1.1299330195722606,1.1457986
2025-12-03 15:30:00,1.08,1.120074683197798,1.1294588
2025-12-04 03:30:00,1.11,1.115563687251834,1.0358139
2025-12-04 09:30:00,1.06,1.1290041049388364,1.1415938
2025-12-04 21:30:00,1.3,1.0943255982125608,1.0236789
2025-12-05 12:30:00,1.2,1.3788682755732509,1.2489926
2025-12-06 00:30:00,1.17,1.2728058628248171,1.2142354
2025-12-06 15:30:00,1.1,1.3536126433318816,1.2625993
2025-12-07 06:30:00,1.07,1.1310712910227665,1.2090895
2025-12-07 15:30:00,1.04,1.0988544230844004,1.0719795
2025-12-07 18:30:00,1.02,1.0802144209376148,1.0390341
2025-12-08 09:30:00,1.01,1.0822871874389255,1.0538834
2025-12-08 15:30:00,1.02,1.0651479487222606,1.041113
2025-12-09 09:30:00,1.01,1.145016622210692,1.0554566
2025-12-10 09:30:00,1.01,1.0776550971409373,1.0457255
2025-12-10 15:30:00,1.0,1.073635836781254,1.0398968
2025-12-11 12:30:00,1.03,1.0661062857691885,1.0440814
2025-12-13 09:30:00,1.0,1.0907178422145452,1.0457255
2025-12-14 09:30:00,0.97,1.031200164126271,1.0470713
2025-12-17 15:30:00,1.0,1.054813791434755,1.0489475
2025-12-18 15:30:00,1.0,1.1926625627645693,1.0693169
2025-12-18 18:30:00,0.97,1.1094939071412218,0.93115395
2025-12-19 09:30:00,0.96,1.0698879199420908,0.88981354
2025-12-19 12:30:00,0.94,1.0528158001091796,0.98156404
2025-12-19 15:30:00,0.97,0.9810951578280716,1.0287049
2025-12-21 09:30:00,0.96,0.9516670987950652,1.0066019
2025-12-21 15:30:00,0.96,0.9561399947837776,0.9885388
2025-12-24 09:30:00,1.2,1.0390516483804446,1.0187899
2025-12-25 09:30:00,0.99,1.3475646881436358,1.1907641
2025-12-29 09:30:00,1.01,0.9650784378376105,1.0431197
2026-01-01 09:30:00,0.92,1.0507879440887167,1.0793829
2026-01-10 12:30:00,0.91,1.0529251033041402,1.0042905
2026-01-10 15:30:00,0.9,0.9391916048768748,0.9534593
2026-01-10 18:30:00,0.93,0.8939138441673404,0.93449634
2026-01-11 09:30:00,0.78,0.9131387939748419,0.97079784
2026-02-20 06:30:00,1.78,1.0573162914573653,0.9807994
2026-02-21 21:30:00,0.96,2.0801343253968274,1.7160158
2026-04-15 09:30:00,1.0,1.5270645413209554,1.5817207
2026-05-10 06:30:00,1.31,1.1169139897755096,0.87475616
2026-05-11 21:30:00,1.07,1.3906532822707507,1.4680923
2026-05-12 15:30:00,1.07,1.225934075893388,1.2367535
2026-05-12 21:30:00,1.61,1.181493797392409,1.078969
2026-05-13 06:30:00,2.03,1.6052185066904996,1.4010818
2026-05-13 21:30:00,1.9,1.8674729016437308,1.7574196
2026-05-14 00:30:00,1.17,1.9213468117749002,1.8000817
2026-05-15 00:30:00,1.13,1.6087058087988715,1.5348643
2026-05-15 21:30:00,1.1,1.2822962985412574,1.3161736
2026-05-16 00:30:00,0.93,1.2659510777875602,1.2450277
2026-05-23 21:30:00,0.93,1.1081782268461786,1.0231397
2026-05-24 06:30:00,0.88,1.072706533506346,0.9805379
2026-05-24 21:30:00,0.87,0.9810135077891314,0.9495227
2026-05-25 21:30:00,0.9,0.8952375123797017,0.92783886
2026-05-26 09:30:00,0.87,0.8971256144852906,0.9457189
2026-05-30 21:30:00,0.81,0.8737489894537528,0.9384212
2026-05-31 21:30:00,1.36,0.9033228441241543,0.85422045
2026-06-12 18:30:00,1.25,1.72549982500303,1.6046507
2026-06-12 21:30:00,1.2,1.1480635651640518,1.2761663
2026-06-13 00:30:00,1.42,1.2446148107912802,1.2706196
2026-06-13 03:30:00,1.12,1.4616704426566298,1.3724184
2026-06-13 12:30:00,1.04,1.1264812485834776,1.1689157
2026-06-13 15:30:00,1.02,1.0915159167705542,1.1427248
2026-06-13 18:30:00,1.02,1.0982188985755854,1.0627749
2026-06-13 21:30:00,1.05,1.023359174336016,1.0274997
2026-06-14 00:30:00,1.05,1.0518048649418397,1.0322052
2026-06-14 03:30:00,1.01,1.046576606895058,1.0326077
2026-06-14 06:30:00,0.94,1.0171160016266,1.0166452
2026-06-14 12:30:00,0.81,0.9549618129054683,1.0185242
2026-06-18 09:30:00,0.95,0.8934109763853872,0.9569607
2026-06-22 21:30:00,0.98,1.113952262567898,1.0365022
2026-06-23 00:30:00,0.93,1.064873573630782,1.0907905
2026-06-23 06:30:00,0.93,0.9881871431240912,0.9384859
2026-06-23 21:30:00,0.93,0.9673562881719069,0.96994346
2026-06-24 00:30:00,0.94,0.9586459183647736,0.9527214
2026-06-24 03:30:00,0.9,0.9130632112993199,0.95832014
2026-06-24 06:30:00,0.85,0.8738956422974362,0.946369
2026-06-24 15:30:00,0.83,0.8649096914247507,0.9393882
2026-06-29 21:30:00,1.03,0.9005012043827776,0.86713636
2026-06-30 03:30:00,0.81,1.0810866496966196,0.99296415
2026-07-11 09:30:00,0.77,0.8696970903852624,0.9356598
2026-08-01 15:30:00,0.77,0.9295216153245824,0.949111
2026-08-01 18:30:00,0.79,0.9233175458852811,0.9803334
2026-08-01 21:30:00,0.79,0.9297492884536713,0.8833929
2026-08-02 00:30:00,0.73,0.9595575253312638,0.8855076
2026-08-02 03:30:00,0.82,0.7832367167534211,0.85082936
2026-08-02 09:30:00,0.81,0.9868999522839493,0.93818337
2026-08-03 00:30:00,0.81,0.8960503030703368,0.9026622
2026-08-03 03:30:00,0.83,0.8518552593836559,0.9112063
2026-08-03 06:30:00,0.71,0.9031234709159154,0.92595035
2026-08-03 15:30:00,0.84,0.755249186663132,0.81637204
2026-08-03 18:30:00,1.32,0.9871633353564672,0.93932956
2026-08-04 00:30:00,0.83,1.2745996710393457,1.2372782
2026-08-04 00:30:00,1.25,1.1537178462216786,1.0391604
2026-08-04 03:30:00,1.12,1.152023336107987,1.2501744
2026-08-04 06:30:00,1.08,1.2139368593782158,1.2315097
2026-08-04 09:30:00,0.95,1.0968383314124328,1.1221191
2026-08-04 15:30:00,0.87,1.017889310560629,1.0615083
2026-08-04 18:30:00,0.85,1.0239938215939517,1.0348939
2026-08-04 21:30:00,0.84,0.8888155263321983,0.97689587
2026-08-05 03:30:00,0.85,0.8708816810746174,0.9336814
2025-06-10 09:30:00,2.3,1.6156186459032513,1.5502825
2025-10-21 18:30:00,2.0,1.8811613925258592,2.124249
2025-10-21 21:30:00,2.8,1.8916959153158746,1.9082142
2025-10-22 00:30:00,2.4,2.3777500120132604,2.4194493
2025-10-23 00:30:00,2.8,2.53829810671861,2.3636904
2025-10-23 18:30:00,2.8,2.619895339699481,2.7073698
2025-10-24 18:30:00,2.5,2.8652856838380303,2.7022898
2025-10-25 18:30:00,1.7,2.410075519034474,2.4659674
2025-10-27 09:30:00,2.0,2.147734371127921,2.1587706
2025-10-30 09:30:00,0.8,2.1250632119927406,2.3275807
2025-11-06 09:30:00,1.7,1.645138612352711,1.4758402
2025-11-12 09:30:00,2.1,1.8304103547743753,1.5490774
2025-11-21 00:30:00,2.0,1.8520207125347152,2.1431265
2025-11-21 06:30:00,1.9,1.7168307844891748,1.7795019
2025-11-21 18:30:00,2.5,1.9095650786501894,1.8378454
2025-11-23 03:30:00,2.3,2.4760126724591895,2.2337456
2025-11-23 06:30:00,1.9,2.1200985587681895,2.1786609
2025-11-24 00:30:00,2.8,2.006198033863043,2.0219111
2025-11-24 03:30:00,2.6,2.3283768763831527,2.3942041
2025-11-24 18:30:00,2.5,2.1822102189423953,2.2225404
2025-11-25 03:30:00,2.1,2.6425415431213164,2.4233453
2025-11-25 15:30:00,1.6,2.28664200539535,2.1567967
2025-11-25 21:30:00,2.0,1.922665922183021,1.9633248
2025-11-26 00:30:00,2.0,2.143220001037303,1.8543563
2025-11-27 00:30:00,2.2,1.885790271134029,1.8760365
2025-11-27 09:30:00,2.2,2.0654980338442157,2.0263252
2025-11-27 12:30:00,3.2,2.1756070716453775,2.1090605
2025-11-27 18:30:00,5.7,2.9976420216284283,2.7576518
2025-11-28 09:30:00,5.7,5.0014656095307215,4.9580393
2025-11-28 12:30:00,5.8,5.5682909698097385,5.400014
2025-11-28 15:30:00,6.4,5.676165532693521,5.37763
2025-11-29 06:30:00,6.2,6.156877248433906,6.140891
2025-11-29 09:30:00,6.2,5.879100684676726,5.5705066
2025-11-29 15:30:00,6.8,5.90814297025261,5.69932
2025-11-30 00:30:00,7.6,5.847022568542568,5.9883585
2025-11-30 18:30:00,7.9,7.215936071428569,6.5183473
2025-11-30 21:30:00,8.5,7.655277380952381,7.0652776
2025-12-01 12:30:00,8.4,8.170183333333343,7.194054
2025-12-01 15:30:00,8.2,7.947733333333343,7.226884
2025-12-01 18:30:00,8.1,7.555450000000004,6.9766283
2025-12-02 00:30:00,7.9,7.384400000000004,6.864118
2025-12-02 03:30:00,7.1,7.373036428571425,7.0592265
2025-12-02 12:30:00,6.75,6.525431250000001,5.966335
2025-12-02 15:30:00,6.3,5.39522534482759,5.882159
2025-12-02 18:30:00,6.15,5.5762590909090894,5.6668777
2025-12-02 21:30:00,3.3,5.68713184488997,5.661607
2025-12-03 00:30:00,5.0,3.3895287236038856,2.7120466
2025-12-03 06:30:00,4.7,4.541531720675155,3.9918356
2025-12-03 09:30:00,4.65,4.416651322468092,4.2665663
2025-12-03 12:30:00,4.3,4.238612975508075,4.362962
2025-12-03 15:30:00,3.8,3.830981286161322,3.9679184
2025-12-04 03:30:00,2.7,3.687331383904422,3.3637297
2025-12-04 09:30:00,2.3,2.3673189492173625,2.4744735
2025-12-04 21:30:00,2.6,2.6735517461340788,2.3301435
2025-12-05 12:30:00,2.3,2.2751264400738624,2.2991495
2025-12-06 00:30:00,2.9,2.392214198055095,2.2823074
2025-12-06 15:30:00,2.7,2.556328557511844,2.6511977
2025-12-07 06:30:00,2.7,2.384114011211252,2.3309639
2025-12-07 15:30:00,2.0,2.5313776738937377,2.5081933
2025-12-07 18:30:00,1.9,2.329145151472662,2.1428778
2025-12-08 09:30:00,2.6,2.0603962359125028,2.0377994
2025-12-08 15:30:00,1.7,2.3998997060410376,2.277064
2025-12-09 09:30:00,1.9,1.8618889737498383,1.8256258
2025-12-10 09:30:00,2.0,2.0420269380738056,2.1350124
2025-12-10 15:30:00,1.4,1.8986184905770327,1.9039286
2025-12-11 12:30:00,2.4,1.7269132933188942,1.5301075
2025-12-13 09:30:00,1.6,2.1960084055016997,2.1978414
2025-12-14 09:30:00,1.9,1.6093423881766646,1.6729203
2025-12-17 15:30:00,2.5,1.8062683500871537,1.8617388
2025-12-18 15:30:00,1.9,2.3545963067845865,2.2816443
2025-12-18 18:30:00,1.3,1.9875332892398263,1.8004535
2025-12-19 09:30:00,1.8,1.3913652874525113,1.8089927
2025-12-19 12:30:00,2.3,2.0632347707900913,1.719848
2025-12-19 15:30:00,1.3,2.213487191486991,2.0837045
2025-12-21 09:30:00,2.1,1.3964563449360192,1.4728488
2025-12-21 15:30:00,1.0,1.9147025865052765,1.937889
2025-12-24 09:30:00,1.4,1.8246673315977102,1.8024095
2025-12-25 09:30:00,1.9,1.590554375555876,1.3502015
2025-12-29 09:30:00,1.2,1.6301608152750242,1.9140835
2026-01-01 09:30:00,0.8,1.4054430885031863,1.438716
2026-01-10 12:30:00,1.6,0.9855914586286287,0.9695292
2026-01-10 15:30:00,2.4,1.4632797360636502,1.5192286
2026-01-10 18:30:00,1.4,1.9311910110479835,1.7927328
2026-01-11 09:30:00,2.0,1.4516577258221353,1.4643162
2026-02-20 06:30:00,1.0,1.9788568580974706,2.0674138
2026-02-21 21:30:00,0.9,1.9255545209176785,1.8907589
2026-04-15 09:30:00,1.8,1.3494935889533366,1.1196359
2026-05-10 06:30:00,2.1,1.4673009876994276,1.7609465
2026-05-11 21:30:00,1.9,1.7662761974728116,1.7561831
2026-05-12 15:30:00,1.8,1.756023921626008,1.8549994
2026-05-12 21:30:00,1.4,1.8206191384077477,1.7121155
2026-05-13 06:30:00,1.7,1.5408221234892359,1.538421
2026-05-13 21:30:00,2.6,1.7160159841604112,1.7113117
2026-05-14 00:30:00,3.0,2.3398561455124907,2.2799602
2026-05-15 00:30:00,2.6,2.7496753325534753,2.5030794
2026-05-15 21:30:00,3.0,2.399227681966435,2.427107
2026-05-16 00:30:00,3.8,2.9530461246030097,2.8146327
2026-05-23 21:30:00,3.0,3.4894935217303016,3.5711892
2026-05-24 06:30:00,2.5,2.9871454949509824,2.8664715
2026-05-24 21:30:00,2.2,2.4933135057282017,2.5137484
2026-05-25 21:30:00,2.1,2.346992385302657,2.1978858
2026-05-26 09:30:00,1.0,2.05154205260091,2.1775966
2026-05-30 21:30:00,1.2,1.5290449674088953,1.5187033
2026-05-31 21:30:00,2.1,1.3648080933708482,1.2859521
2026-06-12 18:30:00,1.9,1.960991587568894,2.088885
2026-06-12 21:30:00,2.5,1.831556947406492,1.7605064
2026-06-13 00:30:00,2.4,2.5651100785020025,2.180909
2026-06-13 03:30:00,3.3,2.443125494556948,2.37122
2026-06-13 12:30:00,3.1,3.323514046623129,3.208226
2026-06-13 15:30:00,2.0,2.941131670039863,2.9765005
2026-06-13 18:30:00,1.9,2.265011251153536,2.1461115
2026-06-13 21:30:00,2.6,1.894382208148823,1.8513849
2026-06-14 00:30:00,2.5,2.6983177601861454,2.5865042
2026-06-14 03:30:00,1.9,2.318871510982314,2.3644826
2026-06-14 06:30:00,2.7,2.0285690051955934,2.0445454
2026-06-14 12:30:00,1.1,2.9244579542564573,2.609112
2026-06-18 09:30:00,2.1,1.573404982638929,1.5837239
2026-06-22 21:30:00,1.8,2.0790340382254726,1.9044641
2026-06-23 00:30:00,2.4,1.876420316187089,1.9942656
2026-06-23 06:30:00,1.5,2.6469265474056636,2.1819417
2026-06-23 21:30:00,2.1,1.5276088667287495,1.8813319
2026-06-24 00:30:00,1.6,2.174458010974014,2.0366397
2026-06-24 03:30:00,1.95,1.8780980442768385,1.7617686
2026-06-24 06:30:00,1.85,1.9529105474139232,1.7523153
2026-06-24 15:30:00,1.1,1.8005480204936435,1.9134551
2026-06-29 21:30:00,2.1,1.3942711078038963,1.4112582
2026-06-30 03:30:00,1.25,1.833195394817346,1.7759237
2026-07-11 09:30:00,3.0,1.8536728731584007,1.6496766
2026-08-01 15:30:00,3.0,2.492932142857144,2.4681783
2026-08-01 18:30:00,2.6,2.8147424579254756,2.9518564
2026-08-01 21:30:00,2.5,2.289782506713136,2.384354
2026-08-02 00:30:00,2.8,2.4584789081246314,2.4114604
2026-08-02 03:30:00,1.6,2.587258473029777,2.6581461
2026-08-02 09:30:00,0.6,2.0772209961775845,2.0845745
2026-08-03 00:30:00,1.3,0.970819863159353,1.3506525
2026-08-03 03:30:00,2.0,1.575004826268574,1.3682613
2026-08-03 06:30:00,2.55,1.6580926919682755,2.0323665
2026-08-03 15:30:00,2.75,2.355080549505742,2.1962435
2026-08-03 18:30:00,2.7,2.2067867968660826,2.2475913
2026-08-04 00:30:00,2.8,2.5672804515033287,2.5049274
2026-08-04 00:30:00,3.6,2.7652155701745214,2.6864533
2026-08-04 03:30:00,4.1,3.534624451066841,3.3722136
2026-08-04 06:30:00,3.75,3.99396419440246,3.8601098
2026-08-04 09:30:00,3.3,3.4638778084109187,3.6515622
2026-08-04 15:30:00,3.5,3.130438185764797,3.0904536
2026-08-04 18:30:00,3.0,3.262698780927175,3.2080932
2026-08-04 21:30:00,2.5,2.8872388610168236,2.7901573
2026-08-05 03:30:00,2.4,2.400455629318349,2.4480584
2025-06-10 09:30:00,1.81,0.7985275836064271,0.6888896
2025-10-21 18:30:00,1.68,2.3346857142857163,1.9954766
2025-10-21 21:30:00,1.37,2.009877896202163,1.9064358
2025-10-22 00:30:00,0.96,1.5379666033220474,1.5426117
2025-10-23 00:30:00,0.84,1.2767215114157735,1.2956461
2025-10-23 18:30:00,0.77,1.2248708110594528,1.2971368
2025-10-24 18:30:00,0.78,0.9133587663185865,1.0375962
2025-10-25 18:30:00,0.7,0.9092087448677737,1.0460793
2025-10-27 09:30:00,0.63,0.7739479553593256,1.0307386
2025-10-30 09:30:00,0.64,0.7276958619212124,1.0286602
2025-11-06 09:30:00,0.68,0.7550488730834105,0.7954277
2025-11-12 09:30:00,0.88,0.7491714150451068,0.90142834
2025-11-21 00:30:00,0.88,1.0459865053435808,0.9310388
2025-11-21 06:30:00,0.79,1.0002403310363381,0.8206992
2025-11-21 18:30:00,1.03,0.844015416741372,0.9285968
2025-11-23 03:30:00,1.0,1.0716643436700308,0.9956418
2025-11-23 06:30:00,1.89,1.0196232004352392,1.0383166
2025-11-24 00:30:00,1.58,2.0273449856611965,1.729827
2025-11-24 03:30:00,1.2,1.6553932906750715,1.8414675
2025-11-24 18:30:00,2.38,1.3566824234566603,1.1285836
2025-11-25 03:30:00,2.58,2.2665847502739753,2.144793
2025-11-25 15:30:00,1.92,2.0748075096493377,1.9622885
2025-11-25 21:30:00,2.14,2.201061690438463,1.8453884
2025-11-26 00:30:00,4.36,2.8751638555935255,2.1807396
2025-11-27 00:30:00,6.62,3.5583083333333367,3.3395543
2025-11-27 09:30:00,4.86,5.5640270833333325,5.937557
2025-11-27 12:30:00,5.72,3.2618677551547637,3.8014967
2025-11-27 18:30:00,2.7,5.677441028405046,5.239156
2025-11-28 09:30:00,2.5,2.9924471523412937,2.7871835
2025-11-28 12:30:00,2.35,2.729875919114469,2.8011253
2025-11-28 15:30:00,2.3,2.6014274286297927,3.0556731
2025-11-29 06:30:00,2.25,2.430679125781538,2.6215444
2025-11-29 09:30:00,2.0,2.2673463334601984,2.470416
2025-11-29 15:30:00,2.03,2.184181927333198,2.1777067
2025-11-30 00:30:00,1.77,2.1614006563665322,2.0465484
2025-11-30 18:30:00,1.76,1.7778396077267393,1.8550776
2025-11-30 21:30:00,1.67,1.7136122479930325,1.8589059
2025-12-01 12:30:00,1.63,1.7085510276045497,1.757619
2025-12-01 15:30:00,1.6,1.8658903872775545,1.7360833
2025-12-01 18:30:00,1.57,1.7576175107734064,1.6891427
2025-12-02 00:30:00,1.58,1.740830620703254,1.628262
2025-12-02 03:30:00,1.53,1.628927695425886,1.6174692
2025-12-02 12:30:00,1.5,1.5543099241334497,1.595821
2025-12-02 15:30:00,1.48,1.5632455186575804,1.6483265
2025-12-02 18:30:00,1.47,1.5031815950644605,1.5979519
2025-12-02 21:30:00,1.39,1.4908532235427854,1.4941779
2025-12-03 00:30:00,1.41,1.3674123306916177,1.4191318
2025-12-03 06:30:00,1.46,1.4337014893645463,1.4529966
2025-12-03 09:30:00,1.44,1.4489536770583182,1.487414
2025-12-03 12:30:00,1.42,1.434316548711682,1.4572988
2025-12-03 15:30:00,1.38,1.4037078627516666,1.47342
2025-12-04 03:30:00,1.36,1.374012233715255,1.3985394
2025-12-04 09:30:00,1.26,1.3977992980255047,1.403591
2025-12-04 21:30:00,1.29,1.3239427697643946,1.3064592
2025-12-05 12:30:00,1.77,1.3487866005107276,1.3011347
2025-12-06 00:30:00,1.34,2.187788047292202,1.8607329
2025-12-06 15:30:00,1.27,1.4082948654244956,1.52388
2025-12-07 06:30:00,1.25,1.2501281126078587,1.3635861
2025-12-07 15:30:00,1.26,1.4198278126715522,1.4906617
2025-12-07 18:30:00,1.25,1.3463897966354197,1.3989358
2025-12-08 09:30:00,1.2,1.3380902769625431,1.3260599
2025-12-08 15:30:00,1.22,1.3261450871922305,1.299016
2025-12-09 09:30:00,1.2,1.30711821498508,1.2986615
2025-12-10 09:30:00,1.18,1.302757636871404,1.378499
2025-12-10 15:30:00,1.14,1.2885585655448895,1.3613665
2025-12-11 12:30:00,1.23,1.113728180817902,1.2423878
2025-12-13 09:30:00,1.16,1.346353139032991,1.3569506
2025-12-14 09:30:00,1.12,1.1639060455411412,1.2488699
2025-12-17 15:30:00,2.56,1.1802055765359925,1.3103989
2025-12-18 15:30:00,2.52,1.6349889698661564,1.7879844
2025-12-18 18:30:00,1.72,1.9914922441860088,1.9528313
2025-12-19 09:30:00,1.67,1.9392485667139052,1.8782915
2025-12-19 12:30:00,1.59,2.1133439427748746,2.1694791
2025-12-19 15:30:00,1.34,1.882958233731971,2.0362833
2025-12-21 09:30:00,1.3,1.3723210395442558,1.5581342
2025-12-21 15:30:00,1.14,1.3060369535745802,1.495915
2025-12-24 09:30:00,1.15,1.3770445918402965,1.4708313
2025-12-25 09:30:00,1.03,1.2064988323010966,1.2956556
2025-12-29 09:30:00,1.23,1.2297743784873008,1.0995535
2026-01-01 09:30:00,1.13,1.2310357344503158,1.3382052
2026-01-10 12:30:00,1.12,1.2710319460207415,1.3230832
2026-01-10 15:30:00,1.11,1.0890186482910247,1.0453488
2026-01-10 18:30:00,1.08,1.1089986354225956,1.2091213
2026-01-11 09:30:00,1.52,1.0692474418016702,1.1261641
2026-02-20 06:30:00,3.6,1.4758071042496055,1.5521749
2026-02-21 21:30:00,0.68,2.549950000000002,2.6497085
2026-04-15 09:30:00,1.54,1.8223443537725803,1.702052
2026-05-10 06:30:00,2.15,2.0682599610368975,1.7076199
2026-05-11 21:30:00,1.09,2.85525404761905,3.366434
2026-05-12 15:30:00,3.9,1.540903737071834,1.3681957
2026-05-12 21:30:00,1.46,3.1093282934131765,3.0320113
2026-05-13 06:30:00,1.16,2.1978960375298513,2.4429114
2026-05-13 21:30:00,1.12,1.3936388577701584,1.3127184
2026-05-14 00:30:00,1.07,1.3829671830513484,1.2391578
2026-05-15 00:30:00,1.38,1.302824075696504,1.0785853
2026-05-15 21:30:00,1.23,1.504956667703787,1.3454866
2026-05-16 00:30:00,0.7,1.2216505788481802,1.2875768
2026-05-23 21:30:00,0.68,1.1440008130172743,1.2483524
2026-05-24 06:30:00,0.68,0.8688882645322069,0.81692165
2026-05-24 21:30:00,0.68,0.8199721176213788,0.7475138
2026-05-25 21:30:00,0.68,0.7247349441392555,0.6937835
2026-05-26 09:30:00,0.66,0.7243537117452867,0.713363
2026-05-30 21:30:00,0.66,0.7061786124627012,0.6901263
2026-05-31 21:30:00,0.62,0.7287320122305185,0.6914964
2026-06-12 18:30:00,0.62,0.9282828072112835,1.0251718
2026-06-12 21:30:00,0.66,0.6337325687135422,0.64304
2026-06-13 00:30:00,0.78,0.6441186282684841,0.6335695
2026-06-13 03:30:00,0.74,0.7750686268227805,0.7668512
2026-06-13 12:30:00,0.68,0.7417372227848137,0.7737034
2026-06-13 15:30:00,0.67,0.6996556923014201,0.6984054
2026-06-13 18:30:00,0.66,0.9596485418734928,0.72297525
2026-06-13 21:30:00,0.66,0.6976739356183934,0.6951053
2026-06-14 00:30:00,0.65,0.7391375178922077,0.6891913
2026-06-14 03:30:00,0.65,0.6810203485067251,0.67758375
2026-06-14 06:30:00,0.64,0.6839528413970478,0.6648048
2026-06-14 12:30:00,0.61,0.7247650173935728,0.68055767
2026-06-18 09:30:00,0.6,0.6185763159558576,0.6282625
2026-06-22 21:30:00,0.6,0.597330967855317,0.5834133
2026-06-23 00:30:00,0.63,0.5886780122824775,0.5774993
2026-06-23 06:30:00,0.62,0.6211447431630074,0.5766083
2026-06-23 21:30:00,0.62,0.6143251512654205,0.60868305
2026-06-24 00:30:00,0.62,0.6073527169414885,0.602769
2026-06-24 03:30:00,0.62,0.6142309420042356,0.6081227
2026-06-24 06:30:00,0.6,0.6161168407923863,0.60187805
2026-06-24 15:30:00,0.6,0.5887879459246766,0.62882286
2026-06-29 21:30:00,0.6,0.5871104108234229,0.5834133
2026-06-30 03:30:00,0.55,0.5858825622993981,0.58285296
2026-07-11 09:30:00,0.54,0.638578194520623,0.60532755
2026-08-01 15:30:00,0.53,0.5571208575949383,0.63951975
2026-08-01 18:30:00,0.53,0.6218463542864977,0.64765245
2026-08-01 21:30:00,0.53,1.005297329654091,0.5870622
2026-08-02 00:30:00,0.53,0.7367503753797925,0.58114815
2026-08-02 03:30:00,0.53,0.7273210996049666,0.5975611
2026-08-02 09:30:00,0.56,0.7247474884938554,0.6177151
2026-08-03 00:30:00,0.56,0.5712235971451703,0.6170177
2026-08-03 03:30:00,0.56,0.5583827377353381,0.63542724
2026-08-03 06:30:00,0.59,0.5691669313064961,0.5686382
2026-08-03 15:30:00,0.58,0.5937216750059979,0.54928905
2026-08-03 18:30:00,0.57,0.5890226666341605,0.618126
2026-08-04 00:30:00,0.68,0.6533086459734239,0.59564453
2026-08-04 00:30:00,0.57,0.8602970746797901,0.6879841
2026-08-04 03:30:00,0.57,0.6728662359752335,0.6934803
2026-08-04 06:30:00,0.58,0.5860927960750264,0.6403083
2026-08-04 09:30:00,0.63,0.6290219229397593,0.69736856
2026-08-04 15:30:00,0.66,0.8745314447769319,0.63216144
2026-08-04 18:30:00,0.65,0.8884863502205574,0.80987793
2026-08-04 21:30:00,0.69,1.3223609950781863,0.67454183
2026-08-05 03:30:00,0.66,1.0918520321444154,0.6695794
2025-06-10 09:30:00,1.72,1.2685206871970458,1.1931659
2025-10-21 18:30:00,1.81,2.0443147312969283,2.0137465
2025-10-21 21:30:00,1.73,2.147092656180099,1.8159099
2025-10-22 00:30:00,1.45,1.772149822166683,1.7740607
2025-10-23 00:30:00,1.8,1.6464705104661024,1.658507
2025-10-23 18:30:00,1.53,1.9066938579833594,1.8864444
2025-10-24 18:30:00,1.71,1.7550181269861127,1.7566416
2025-10-25 18:30:00,1.39,1.9436932123158406,1.7976705
2025-10-27 09:30:00,1.19,1.4514248611375522,1.6948378
2025-10-30 09:30:00,1.15,1.284126880705092,1.4992476
2025-11-06 09:30:00,1.02,1.4212607201268357,1.335529
2025-11-12 09:30:00,1.26,1.046239857524599,1.0942733
2025-11-21 00:30:00,1.2,1.2559834188991272,1.2061346
2025-11-21 06:30:00,1.55,1.2463310221617545,1.2007858
2025-11-21 18:30:00,1.34,1.5652836123041107,1.3923762
2025-11-23 03:30:00,1.33,1.3367600763104637,1.3107945
2025-11-23 06:30:00,1.91,1.3069413610042964,1.2422086
2025-11-24 00:30:00,1.71,1.8960306774017694,1.7531683
2025-11-24 03:30:00,1.44,1.6477412904330102,1.8562899
2025-11-24 18:30:00,1.43,1.4940042415015298,1.4065846
2025-11-25 03:30:00,1.36,1.6254976824188498,1.6041603
2025-11-25 15:30:00,1.43,1.5523478679867417,1.5352749
2025-11-25 21:30:00,1.44,1.5044872526649746,1.4479817
2025-11-26 00:30:00,2.8,1.4335036376465304,1.4941102
2025-11-27 00:30:00,4.0,2.1386058333333313,1.9377694
2025-11-27 09:30:00,3.76,3.91695637085668,2.9934268
2025-11-27 12:30:00,5.07,3.115229857503718,2.970528
2025-11-27 18:30:00,1.85,4.574081078713398,4.3327765
2025-12-01 15:30:00,1.66,2.4321953826274636,2.3510344
2025-12-02 12:30:00,1.64,1.7362432059931459,1.7866178
2025-12-02 15:30:00,1.63,2.0830939686673187,1.7274708
2025-12-02 18:30:00,1.61,1.6219544295446915,1.5561764
2025-12-02 21:30:00,1.53,1.625032790110557,1.5410341
2025-12-03 00:30:00,1.58,1.526720933407674,1.4550447
2025-12-03 06:30:00,1.58,1.612575107267483,1.5259877
2025-12-03 09:30:00,1.57,1.6149305890605026,1.5692612
2025-12-03 12:30:00,1.55,1.669372016100153,1.5474933
2025-12-03 15:30:00,1.5,1.6109566012632826,1.5262451
2025-12-04 03:30:00,1.46,1.531384362229957,1.4673536
2025-12-04 09:30:00,1.41,1.4722503695180538,1.487013
2025-12-04 21:30:00,1.39,1.4082725166310335,1.4126484
2025-12-05 12:30:00,1.4,1.400748804124626,1.437229
2025-12-06 00:30:00,1.31,1.4938113627771237,1.4623408
2025-12-06 15:30:00,1.27,1.3938996402008792,1.3466196
2025-12-07 06:30:00,1.27,1.2834779963829102,1.2684504
2025-12-07 15:30:00,1.25,1.3301828225783499,1.2608824
2025-12-07 18:30:00,1.28,1.3495035189329454,1.2235447
2025-12-08 09:30:00,1.23,1.3341293221140524,1.2723083
2025-12-08 15:30:00,1.2,1.3680480655867069,1.2265011
2025-12-09 09:30:00,1.16,1.3447418772371902,1.2073792
2025-12-10 09:30:00,1.16,1.1855673767577024,1.2378808
2025-12-10 15:30:00,1.14,1.1653435088866864,1.2134193
2025-12-11 12:30:00,1.09,1.1282569875082187,1.1445146
2025-12-13 09:30:00,1.03,1.0824856319805602,1.0848626
2025-12-14 09:30:00,0.97,1.032349276919264,1.061498
2025-12-17 15:30:00,0.98,0.9790679467696871,1.0258896
2025-12-18 15:30:00,0.95,0.9923135938619803,1.034072
2025-12-18 18:30:00,0.96,0.9687942842857217,0.9667049
2025-12-19 09:30:00,0.95,1.0342616309695531,0.9853494
2025-12-19 12:30:00,0.95,0.930058310010805,0.9474938
2025-12-19 15:30:00,0.91,0.935426629838073,0.95077753
2025-12-21 09:30:00,0.91,0.9002781092802786,0.97600114
2025-12-21 15:30:00,0.83,0.8895290659764611,0.95780826
2025-12-24 09:30:00,0.89,0.9340681066170866,0.9469283
2025-12-25 09:30:00,0.8,1.0741608720315257,0.9729981
2025-12-29 09:30:00,0.84,0.8446716293562657,0.86321044
2026-01-01 09:30:00,0.75,0.8205154406820969,0.86437863
2026-01-10 12:30:00,0.75,0.8178356487508427,0.8197924
2026-01-10 15:30:00,0.76,0.7604833522283805,0.7618393
2026-01-10 18:30:00,0.75,0.8114614163863466,0.8008328
2026-01-11 09:30:00,0.61,0.7711830354727067,0.8040984
2026-02-20 06:30:00,1.74,0.7417233048328646,0.788439
2026-02-21 21:30:00,0.76,1.6025861904761902,1.5715863
2026-04-15 09:30:00,1.02,1.3876833281855918,1.6644975
2026-05-10 06:30:00,1.07,1.0433049507419307,0.99273205
2026-05-11 21:30:00,0.94,1.2287701605504437,1.1893816
2026-05-12 15:30:00,1.15,0.9473169833954447,1.0378462
2026-05-12 21:30:00,1.18,1.1717010130096746,1.1564733
2026-05-13 06:30:00,1.4,1.175320764965786,1.2571044
2026-05-13 21:30:00,1.33,1.4422104068104662,1.410684
2026-05-14 00:30:00,1.84,1.3129354166634561,1.4055264
2026-05-15 00:30:00,1.8,2.066981646278292,1.8610086
2026-05-15 21:30:00,1.75,1.8460415956018337,1.7855469
2026-05-16 00:30:00,1.26,1.8033068446519345,1.7568247
2026-05-23 21:30:00,1.17,1.5070238418810218,1.6150165
2026-05-24 06:30:00,2.0,1.4613935259705366,1.4668154
2026-05-24 21:30:00,1.5,2.0413682325019127,1.8201978
2026-05-25 21:30:00,1.7,1.5626023859860991,1.5662413
2026-05-26 09:30:00,1.44,1.6658324095413042,1.6629078
2026-05-30 21:30:00,1.3,1.5171419067939576,1.5859045
2026-05-31 21:30:00,2.55,1.2830122312731191,1.3586019
2026-06-12 18:30:00,2.21,2.0542598493494864,2.6945026
2026-06-12 21:30:00,1.98,2.0310405876647684,2.1336615
2026-06-13 00:30:00,1.9,1.9405125462414687,1.9603467
2026-06-13 03:30:00,1.84,1.9590719580521074,1.8770324
2026-06-13 12:30:00,1.85,1.8921031298659017,1.8827206
2026-06-13 15:30:00,1.8,1.8698880114598677,1.9288901
2026-06-13 18:30:00,1.93,1.8970546147749545,1.8801347
2026-06-13 21:30:00,1.81,1.9678675695256116,1.8780912
2026-06-14 00:30:00,1.75,1.8777095877942913,1.7677125
2026-06-14 03:30:00,1.7,1.8503677799797484,1.6888937
2026-06-14 06:30:00,1.67,1.6985160739173362,1.7031059
2026-06-14 12:30:00,1.46,1.7134885090887335,1.7087922
2026-06-18 09:30:00,1.57,1.5227049152531498,1.4956462
2026-06-22 21:30:00,1.62,1.6797757920172287,1.7934921
2026-06-23 00:30:00,1.5,1.7169588787178767,1.7498915
2026-06-23 06:30:00,1.29,1.4984280219791748,1.4232726
2026-06-23 21:30:00,1.28,1.325067691941269,1.4066328
2026-06-24 00:30:00,1.27,1.2535868946895954,1.34387
2026-06-24 03:30:00,1.25,1.3247321841720168,1.2627766
2026-06-24 06:30:00,1.25,1.251648753985939,1.2257948
2026-06-24 15:30:00,1.91,1.2527973539916006,1.2549348
2026-06-29 21:30:00,1.73,2.014944745865996,1.9893253
2026-06-30 03:30:00,1.47,1.8129751059841543,1.887433
2026-07-11 09:30:00,2.13,1.5032582991821437,1.3716068
2026-08-01 15:30:00,1.96,2.1026882629961836,2.036366
2026-08-01 18:30:00,1.91,1.9966836418193565,2.026764
2026-08-01 21:30:00,1.82,2.0003296417219607,1.9420706
2026-08-02 00:30:00,1.75,1.891847503512257,1.8973317
2026-08-02 03:30:00,1.96,1.9201478073797233,1.9127146
2026-08-02 09:30:00,5.58,1.9461907870464383,1.9626192
2026-08-03 00:30:00,6.48,5.000600000000005,5.0655093
2026-08-03 03:30:00,4.89,5.0148625,5.78368
2026-08-03 06:30:00,7.85,3.2085500000000042,2.964372
2026-08-03 15:30:00,6.1,7.189149999999997,6.7875047
2026-08-03 18:30:00,3.2,5.420245454545451,5.3549604
2026-08-04 00:30:00,2.84,3.713683333333336,2.261382
2026-08-04 00:30:00,2.78,2.7254993897088453,2.4860065
2026-08-04 03:30:00,2.62,3.040208179350505,2.7691984
2026-08-04 06:30:00,2.63,2.631608736451661,2.8533869
2026-08-04 09:30:00,2.94,2.606508421023701,2.5166907
2026-08-04 15:30:00,2.81,3.0731713385520036,2.6733513
2026-08-04 18:30:00,2.87,2.8955676306030664,2.5908306
2026-08-04 21:30:00,3.38,2.795147414158428,2.8474839
2026-08-05 03:30:00,3.22,4.301442948502293,3.6046307
2025-06-10 09:30:00,1.07,0.7948708307205083,0.7139021
2025-10-21 18:30:00,1.06,1.0237389624324529,0.94223756
2025-10-21 21:30:00,1.05,1.0825153833146262,1.0129654
2025-10-22 00:30:00,0.98,1.0658071153618847,0.95883256
2025-10-23 00:30:00,1.05,0.9741880327244847,0.9616338
2025-10-23 18:30:00,1.0,1.0456885091635941,1.0123639
2025-10-24 18:30:00,1.1,1.0771902517225318,1.0132842
2025-10-25 18:30:00,0.9,1.0912764209697685,1.1971694
2025-10-27 09:30:00,0.78,1.113272273479526,1.0601194
2025-10-30 09:30:00,0.65,0.8206627839094272,1.0183911
2025-11-06 09:30:00,0.62,0.720068193177699,0.7410378
2025-11-12 09:30:00,1.28,0.7618403101377652,0.7455148
2025-11-21 00:30:00,1.01,0.8630508993154663,1.0515023
2025-11-21 06:30:00,0.95,0.9984694324057857,0.9418783
2025-11-21 18:30:00,1.08,0.9717144160471771,0.9327813
2025-11-23 03:30:00,1.01,1.1220888874812733,0.9487536
2025-11-23 06:30:00,1.81,1.0352432408879535,0.86478084
2025-11-24 00:30:00,1.6,1.764209804167251,1.6658565
2025-11-24 03:30:00,1.19,1.7118062928961828,1.8554561
2025-11-24 18:30:00,1.45,1.2860089822668983,1.1991315
2025-11-25 03:30:00,1.18,1.9143441456941162,1.5980006
2025-11-25 15:30:00,1.1,1.39639179940665,1.2460722
2025-11-25 21:30:00,1.12,1.1913316581021456,1.0930346
2025-11-26 00:30:00,1.55,1.2508068409141047,1.0528836
2025-11-27 00:30:00,2.2,1.390762942260841,1.3120579
2025-11-27 09:30:00,2.53,1.8569578547015666,1.7676505
2025-11-27 12:30:00,2.87,2.389312510010239,2.052049
2025-11-27 18:30:00,2.54,2.633144024390244,2.0464685
2025-11-28 09:30:00,2.89,2.4936522358082716,2.3746402
2025-11-28 12:30:00,1.7,2.6979042458389286,2.5237522
2025-11-29 15:30:00,1.58,1.9799583230583662,1.7684566
2025-11-30 00:30:00,1.38,1.8236406369920666,1.814888
2025-11-30 18:30:00,1.36,1.7587410160077965,1.4409542
2025-11-30 21:30:00,1.26,1.3968944161468297,1.319037
2025-12-01 12:30:00,1.23,1.3815110813607998,1.2541957
2025-12-01 15:30:00,1.22,1.3587049456089104,1.1632676
2025-12-01 18:30:00,1.21,1.3771350165194958,1.1493609
2025-12-02 00:30:00,1.19,1.3220000108494168,1.135304
2025-12-02 03:30:00,1.13,1.313281786393086,1.1326699
2025-12-02 12:30:00,1.11,1.1271760104013488,1.0618136
2025-12-02 15:30:00,1.07,1.1291174567139193,1.0566959
2025-12-02 18:30:00,1.1,1.038079261351786,0.9750513
2025-12-02 21:30:00,1.02,1.10363415200163,1.0236669
2025-12-03 00:30:00,1.07,1.008986694896032,0.95712876
2025-12-03 06:30:00,1.06,1.0404528766943186,0.96316683
2025-12-03 09:30:00,1.04,1.0258607018312145,0.990273
2025-12-03 12:30:00,1.03,1.0134512951520995,0.98143554
2025-12-03 15:30:00,1.02,1.016346357138684,0.96120816
2025-12-04 03:30:00,0.99,1.0183045868640612,0.95560104
2025-12-04 09:30:00,1.02,0.990237472647147,0.9698019
2025-12-04 21:30:00,0.95,1.106976970151148,1.0286314
2025-12-05 12:30:00,0.96,0.9928763352756595,0.9591433
2025-12-06 00:30:00,0.91,1.08449840001303,0.9987964
2025-12-06 15:30:00,0.92,1.047148563068125,0.9243076
2025-12-07 06:30:00,0.88,1.1469340949860085,1.2148302
2025-12-07 15:30:00,0.87,0.874632765046178,0.8764187
2025-12-07 18:30:00,0.87,0.8938559317548582,0.873533
2025-12-08 09:30:00,0.86,0.983245541230648,0.87731594
2025-12-08 15:30:00,0.86,0.8551034989601567,0.8249271
2025-12-09 09:30:00,0.85,0.8557154101090962,0.8563574
2025-12-10 09:30:00,0.83,0.8569667002426852,0.82816267
2025-12-10 15:30:00,0.8,0.8469371634984928,0.82008755
2025-12-11 12:30:00,0.81,0.852787956175558,0.75594425
2025-12-13 09:30:00,0.82,0.8222725372294754,0.8118656
2025-12-14 09:30:00,0.73,0.8240489031004797,0.8192666
2025-12-17 15:30:00,0.73,0.7449081681296722,0.751831
2025-12-18 15:30:00,0.71,0.7498573457740529,0.73326427
2025-12-18 18:30:00,0.71,0.9673497366924021,0.6964772
2025-12-19 09:30:00,0.7,0.7570561725337938,0.69369584
2025-12-19 12:30:00,0.69,0.7765266035718649,0.6903208
2025-12-19 15:30:00,0.78,0.7426714816937755,0.6821301
2025-12-21 09:30:00,0.66,0.8937281701106516,0.75798076
2025-12-21 15:30:00,0.62,0.7148855255132297,0.6869061
2025-12-24 09:30:00,0.7,0.6540338524935323,0.68723303
2025-12-25 09:30:00,0.58,0.8253811139693792,0.7085019
2025-12-29 09:30:00,0.64,0.5880722507456384,0.6437036
2026-01-01 09:30:00,0.52,0.6381647583782901,0.49668804
2026-01-10 12:30:00,0.51,0.6928540462966452,0.63423014
2026-01-10 15:30:00,0.51,0.5173615118651687,0.52809656
2026-01-10 18:30:00,0.5,0.4842427398670965,0.55276215
2026-01-11 09:30:00,0.4,0.4758611155994032,0.528863
2026-02-20 06:30:00,1.36,0.4521201944280237,0.5166197
2026-02-21 21:30:00,0.55,1.374012764637323,1.0286638
2026-04-15 09:30:00,0.84,1.0733696554834047,0.74909765
2026-05-10 06:30:00,0.8,1.032772252534784,0.93102413
2026-05-11 21:30:00,0.73,0.9546324345801351,0.90593904
2026-05-12 15:30:00,0.72,0.6801928013203273,0.70986485
2026-05-12 21:30:00,0.72,0.7164826050750893,0.72203547
2026-05-13 06:30:00,0.93,0.7578614432938281,0.7164212
2026-05-13 21:30:00,0.86,0.8691182404418829,0.854973
2026-05-14 00:30:00,1.02,0.8874216098891776,0.85189086
2026-05-15 00:30:00,0.85,0.9960977498184692,1.0626705
2026-05-15 21:30:00,0.84,1.0087246252880777,0.95499855
2026-05-16 00:30:00,0.67,0.9307437603685154,0.97270185
2026-05-23 21:30:00,0.66,0.7343536556120699,0.7190291
2026-05-24 06:30:00,0.67,0.7017149412806325,0.67776906
2026-05-24 21:30:00,0.63,0.7585366332027551,0.6910459
2026-05-25 21:30:00,0.67,0.680528766871286,0.63929206
2026-05-26 09:30:00,0.56,0.7677482220511088,0.70809734
2026-05-30 21:30:00,0.54,0.632462334622472,0.6035181
2026-05-31 21:30:00,1.4,0.5716070068324105,0.55519843
2026-06-12 18:30:00,1.36,1.5082888426927215,1.5459483
2026-06-12 21:30:00,1.37,1.4769241334678773,1.6054318
2026-06-13 00:30:00,1.36,1.4939721742832035,1.524917
2026-06-13 03:30:00,1.08,1.4031499169953972,1.3867247
2026-06-13 12:30:00,1.02,1.0038709462356723,1.0419737
2026-06-13 15:30:00,0.99,1.005761655664183,1.0612668
2026-06-13 18:30:00,0.96,1.0208325412176915,1.0494143
2026-06-13 21:30:00,0.95,0.9906055271848492,0.9733855
2026-06-14 00:30:00,0.94,0.9872095268361225,0.9383712
2026-06-14 03:30:00,0.92,0.9431627013778576,0.91306746
2026-06-14 06:30:00,0.85,0.97516808010018,0.9117997
2026-06-14 12:30:00,0.68,0.8631701738004033,0.8882182
2026-06-18 09:30:00,0.65,0.6901791323091984,0.7387971
2026-06-22 21:30:00,0.65,0.7688977634775226,0.7610633
2026-06-23 00:30:00,0.64,0.9260356890609424,0.87111914
2026-06-23 06:30:00,0.61,1.148450318521006,0.78511375
2026-06-23 21:30:00,0.61,0.6297267743386398,0.68505526
2026-06-24 00:30:00,0.6,0.6354245568183674,0.6367891
2026-06-24 03:30:00,0.61,0.6048813664346773,0.5692333
2026-06-24 06:30:00,0.59,0.6045074285341555,0.56298864
2026-06-24 15:30:00,0.82,0.5997455564464411,0.58193207
2026-06-29 21:30:00,0.7,0.8849632559639319,0.80093306
2026-06-30 03:30:00,0.56,0.7125000242449278,0.783157
2026-07-11 09:30:00,0.72,0.7222470706089917,0.6776726
2026-08-01 15:30:00,0.61,0.9635511043512465,0.7411965
2026-08-01 18:30:00,0.66,0.9951776707670138,0.73713577
2026-08-01 21:30:00,0.64,0.7893657199335732,0.69100374
2026-08-02 00:30:00,0.64,0.8135606421448428,0.74975383
2026-08-02 03:30:00,0.65,0.8281387476045374,0.72106564
2026-08-02 09:30:00,1.39,0.7378421502382588,0.77063894
2026-08-03 00:30:00,2.08,1.4066126762638296,1.366323
2026-08-03 03:30:00,2.13,2.2091474125771113,1.8055766
2026-08-03 06:30:00,3.11,2.250050954352327,2.196342
2026-08-03 15:30:00,2.28,3.07559829004329,2.9218652
2026-08-03 18:30:00,1.56,2.23661262884205,2.2332225
2026-08-04 00:30:00,1.14,2.2382883442010892,1.6435242
2026-08-04 00:30:00,1.45,1.7428429166666668,1.1300582
2026-08-04 03:30:00,1.33,1.8511700521465406,1.7425189
2026-08-04 06:30:00,1.32,1.8894687087593471,1.4127226
2026-08-04 09:30:00,1.26,1.523805101477514,1.22065
2026-08-04 15:30:00,1.33,1.74099425155625,1.1507673
2026-08-04 18:30:00,1.29,1.3487534767008855,1.1019582
2026-08-04 21:30:00,1.11,1.4924172398865738,1.3311054
2026-08-05 03:30:00,1.25,1.1581253645578036,1.1107539
2025-06-10 09:30:00,0.44,0.36469725943950043,0.24412589
2025-10-21 18:30:00,0.44,0.4739965809591527,0.41642356
2025-10-21 21:30:00,0.44,0.5520179238967533,0.538985
2025-10-22 00:30:00,0.32,0.6343502448050828,0.6514203
2025-10-23 00:30:00,0.29,0.42286426624386864,0.6174545
2025-10-23 18:30:00,0.25,0.4153770168772643,0.50300616
2025-10-24 18:30:00,0.23,0.3832308146409543,0.44109
2025-10-25 18:30:00,0.18,0.2679351964062334,0.47874358
2025-10-27 09:30:00,0.1,0.18177305646051123,0.44357783
2025-10-30 09:30:00,0.09,0.2401719417014027,0.49102587
2025-11-06 09:30:00,0.13,0.1859336617609656,0.25982353
2025-11-12 09:30:00,0.63,0.26995556406497623,0.24996054
2025-11-21 00:30:00,0.5,0.4544313095238095,0.36547193
2025-11-21 06:30:00,0.4,0.5391631433239963,0.47709185
2025-11-21 18:30:00,1.6,0.37933460838146443,0.29589415
2025-11-23 03:30:00,1.0,1.3783156944444444,1.4437803
2025-11-23 06:30:00,1.06,1.2781018099424224,1.1700672
2025-11-24 00:30:00,1.06,1.0462124591359745,0.9835699
2025-11-24 03:30:00,2.1,1.1888037865194436,1.0107125
2025-11-24 18:30:00,1.9,1.743529776614942,1.7212535
2025-11-25 03:30:00,1.9,1.6368947415847939,1.60505
2025-11-25 15:30:00,1.6,1.8777714243402397,1.7369689
2025-11-25 21:30:00,1.6,1.8833430370797524,1.6248322
2025-11-26 00:30:00,5.7,1.7899387390119923,1.4637729
2025-11-27 00:30:00,5.15,4.631500000000002,3.2698698
2025-11-27 09:30:00,4.3,4.110208367826621,3.5330775
2025-11-27 12:30:00,6.65,3.5541701068858056,3.4359374
2025-11-27 18:30:00,1.03,6.264549166666665,5.8249097
2025-12-01 15:30:00,1.02,1.5217605151496436,0.81141716
2025-12-01 18:30:00,0.93,1.6078202523899745,0.94181424
2025-12-02 00:30:00,0.92,1.045655938957932,0.8611405
2025-12-02 03:30:00,0.89,1.0516294148445342,0.9540727
2025-12-02 15:30:00,0.85,0.9103078631314894,0.96141225
2025-12-03 06:30:00,0.85,0.8886834874311283,0.8941176
2025-12-03 09:30:00,0.84,0.8698083522984176,0.91214323
2025-12-03 15:30:00,0.81,0.8406942058894091,0.8803507
2025-12-04 09:30:00,0.82,0.8202399337552688,0.8719634
2025-12-04 21:30:00,0.8,0.8261627656892396,0.8332147
2025-12-05 12:30:00,0.88,0.8399281642932485,0.8717725
2025-12-06 00:30:00,0.92,0.8893261961042161,0.8156056
2025-12-06 15:30:00,0.81,0.9532144268093563,0.99832445
2025-12-07 06:30:00,0.8,0.9388883830212041,0.846579
2025-12-07 15:30:00,0.81,0.8650356303598891,0.81356716
2025-12-07 18:30:00,0.81,0.8459357193625056,0.9203294
2025-12-08 09:30:00,0.8,0.8290208989168738,0.8622423
2025-12-08 15:30:00,0.81,0.853489151595544,0.8302338
2025-12-09 09:30:00,1.2,0.84712743901296,0.8614769
2025-12-10 09:30:00,0.95,0.8471799987448674,1.1096491
2025-12-10 15:30:00,0.89,1.0070716990392723,1.0465451
2025-12-11 12:30:00,1.13,1.1535831953785192,1.1376716
2025-12-13 09:30:00,0.97,1.3544220062829024,1.162293
2025-12-14 09:30:00,0.9,0.9601828840851457,1.0198419
2025-12-17 15:30:00,1.18,0.958154296105971,1.0191242
2025-12-18 15:30:00,2.3,1.5033354500924785,1.1990201
2025-12-18 18:30:00,1.85,1.5281636842105268,1.6627942
2025-12-19 09:30:00,2.35,1.7765696619410005,1.602692
2025-12-19 12:30:00,2.45,2.2151266355260795,2.1825407
2025-12-19 15:30:00,1.38,2.115631503037749,2.4992845
2025-12-21 09:30:00,1.32,1.4681269038458564,1.5138807
2025-12-21 15:30:00,0.93,1.416875289274597,1.4005063
2025-12-24 09:30:00,0.95,1.0015023442342454,1.1757694
2025-12-25 09:30:00,0.74,1.0206460872842502,1.0734726
2025-12-29 09:30:00,0.75,0.8814842919980819,0.9163238
2026-01-01 09:30:00,1.2,0.8097181960841202,0.8262066
2026-01-10 12:30:00,1.19,0.9735554427987521,1.1803406
2026-01-10 15:30:00,1.18,1.2339073057969467,1.1367959
2026-01-10 18:30:00,1.12,1.1742384735355087,1.1761248
2026-01-11 09:30:00,3.5,1.2016624907804712,1.2085364
2026-02-20 06:30:00,1.35,2.9478875000000015,2.810924
2026-02-21 21:30:00,0.22,1.9560926029623225,1.5212831
2026-04-15 09:30:00,0.35,0.7090957854305635,0.8642036
2026-05-10 06:30:00,0.3,0.6710243334126954,0.56125087
2026-05-11 21:30:00,0.44,0.559953877934523,0.4930172
2026-05-12 15:30:00,0.38,0.4553679963831918,0.2978116
2026-05-12 21:30:00,0.37,0.4951141872353353,0.41383243
2026-05-13 06:30:00,0.3,0.4185370263906238,0.43724015
2026-05-13 21:30:00,0.3,0.3125750499894962,0.3337471
2026-05-14 00:30:00,0.28,0.2977995737575967,0.2972775
2026-05-15 00:30:00,0.25,0.2938869455763465,0.29702112
2026-05-15 21:30:00,0.25,0.26359585926794166,0.25549394
2026-05-16 00:30:00,0.12,0.274197114565673,0.25618714
2026-05-23 21:30:00,0.12,0.1823334547656461,0.21282347
2026-05-24 06:30:00,0.12,0.19075310990049146,0.16617338
2026-05-24 21:30:00,0.11,0.18040956010592926,0.14552815
2026-05-25 21:30:00,0.1,0.12380569119841335,0.08228727
2026-05-26 09:30:00,0.12,0.0769022487551034,0.09052216
2026-05-30 21:30:00,0.11,0.13436361968569405,0.09172504
2026-05-31 21:30:00,0.09,0.11909522111294325,0.08228727
2026-06-12 18:30:00,0.09,0.06310573847163413,0.17938644
2026-06-12 21:30:00,0.09,0.05310245222419492,0.11199058
2026-06-13 00:30:00,0.09,0.04802822200996468,0.12350965
2026-06-13 03:30:00,0.08,0.044606536403904065,0.08732724
2026-06-13 12:30:00,0.08,0.040620348344677086,0.08101061
2026-06-13 15:30:00,0.07,0.05132469348866353,0.12950234
2026-06-13 18:30:00,0.07,0.10928145552226458,0.07787684
2026-06-13 21:30:00,0.07,0.07580715361587526,0.028861186
2026-06-14 00:30:00,0.07,0.07932609300981464,0.029554388
2026-06-14 03:30:00,0.07,0.07349543963541126,0.02830079
2026-06-14 06:30:00,0.08,0.06911257060642496,0.022056153
2026-06-14 12:30:00,0.08,0.06842481150620619,0.0498627
2026-06-18 09:30:00,0.07,0.09655286753773255,0.33040777
2026-06-22 21:30:00,0.07,0.11388026785074537,0.2699714
2026-06-23 00:30:00,0.07,0.07611798694920861,-0.0057901605
2026-06-23 06:30:00,0.07,0.07232030731416166,0.022056153
2026-06-23 21:30:00,0.07,0.07470168963541125,0.028861186
2026-06-24 00:30:00,0.07,0.07631835630207792,0.029554388
2026-06-24 03:30:00,0.07,0.07349543963541126,0.02830079
2026-06-24 06:30:00,0.07,0.06911257060642496,0.022056153
2026-06-24 15:30:00,0.02,0.07076362824502291,0.03765646
2026-06-29 21:30:00,0.02,0.03367065516322992,0.028861186
2026-06-30 03:30:00,0.06,0.025934664843036526,0.007844044
2026-07-11 09:30:00,0.04,0.08628309802136146,0.008293234
2026-08-01 15:30:00,0.04,0.11614960113288016,0.07067225
2026-08-01 18:30:00,0.04,0.1076228994734285,0.069267854
2026-08-01 21:30:00,0.09,0.10488486898752049,0.06208282
2026-08-02 00:30:00,0.04,0.1368294573123921,0.07737064
2026-08-02 03:30:00,0.04,0.06829103629508423,0.11653726
2026-08-02 09:30:00,0.02,0.09783317827098445,0.087473005
2026-08-03 00:30:00,0.04,0.06064873338919376,0.055753417
2026-08-03 03:30:00,0.02,0.05259413587868942,0.05272996
2026-08-03 06:30:00,0.02,0.03587287487539784,0.06383869
2026-08-03 15:30:00,0.07,0.03540130094304764,0.0509817
2026-08-03 18:30:00,0.1,0.14894733283424663,0.09391609
2026-08-04 00:30:00,0.1,0.14849797211401555,0.08896412
2026-08-04 03:30:00,0.1,0.08105566883784315,0.13875425
2026-08-04 06:30:00,0.11,0.07100714098581752,0.13503797
2026-08-04 09:30:00,0.1,0.11830749490997412,0.15329629
2026-08-04 15:30:00,0.1,0.11494476370412356,0.15375619
2026-08-04 18:30:00,0.1,0.09130732960444997,0.16314113
2026-08-04 21:30:00,0.1,0.08414176922142051,0.12037714
2026-08-05 03:30:00,0.1,0.07944246997899623,0.13122495
2025-06-10 09:30:00,3.63,3.0067623208747922,2.6069353
2025-10-21 18:30:00,3.54,3.7499943695340754,3.6045904
2025-10-21 21:30:00,3.43,3.4133863099437476,3.9027758
2025-10-22 00:30:00,2.92,3.277865078390939,3.500117
2025-10-23 00:30:00,3.96,2.727163272722219,3.043217
2025-10-23 18:30:00,2.98,3.9042276417137556,3.9074535
2025-10-24 18:30:00,5.22,2.9177224409840177,3.1267917
2025-10-25 18:30:00,3.17,5.078855809915231,5.149719
2025-10-27 09:30:00,2.31,3.7777068462517387,3.7124088
2025-10-30 09:30:00,2.04,2.71269053454356,2.593477
2025-11-06 09:30:00,2.23,2.342646757945264,2.6458228
2025-11-12 09:30:00,2.83,2.2458996823537825,2.7659268
2025-11-21 00:30:00,3.46,2.5845922072527707,2.5337586
2025-11-21 06:30:00,3.56,3.2809912994210104,3.071676
2025-11-21 18:30:00,6.15,3.0930078549033495,3.18856
2025-11-23 03:30:00,6.01,5.927047734137599,5.995117
2025-11-23 06:30:00,4.99,5.6750806906823685,5.5094724
2025-11-24 00:30:00,4.83,4.490215546035618,4.4224977
2025-11-24 03:30:00,4.17,4.781945277945161,4.977059
2025-11-24 18:30:00,5.31,3.915372697467602,4.0598683
2025-11-25 03:30:00,4.74,5.137042329364379,5.2287073
2025-11-25 15:30:00,4.67,4.6454606225792965,4.6220136
2025-11-25 21:30:00,4.81,4.450271134865145,4.61151
2025-11-26 00:30:00,4.96,4.4815148828027525,4.5612316
2025-11-27 00:30:00,5.58,4.590957747576146,4.6272345
2025-11-27 09:30:00,5.45,5.498535195499957,5.447142
2025-11-27 12:30:00,5.25,5.415048924068515,5.453772
2025-11-27 18:30:00,5.08,5.037614727857458,5.185266
2025-11-28 09:30:00,5.21,5.1013642686665746,5.1678557
2025-11-28 12:30:00,5.28,5.22741204136453,5.167679
2025-11-28 15:30:00,4.89,5.113173363019525,5.030049
2025-11-29 06:30:00,4.69,4.619488872517563,4.6824718
2025-11-29 09:30:00,4.46,4.4493804184917956,4.493576
2025-11-29 15:30:00,4.32,4.36558289233818,4.432567
2025-11-30 00:30:00,3.64,4.2253167873791115,3.9781163
2025-11-30 18:30:00,3.61,3.178038066681478,3.244602
2025-11-30 21:30:00,3.33,3.17014617605788,3.285444
2025-12-01 12:30:00,3.31,3.13429837705271,3.3556333
2025-12-01 15:30:00,3.27,3.090976127700636,3.4376113
2025-12-01 18:30:00,3.18,3.1164567991507806,3.3030727
2025-12-02 00:30:00,3.15,3.0859811290779025,3.1903005
2025-12-02 03:30:00,3.09,3.1794579696383103,3.2742972
2025-12-02 12:30:00,3.09,3.224832824878809,3.0912352
2025-12-02 15:30:00,3.08,3.1859221382122196,3.0437322
2025-12-02 18:30:00,3.07,3.1533245233472535,3.0542917
2025-12-02 21:30:00,2.85,3.125955903738304,3.0829031
2025-12-03 00:30:00,3.05,2.998753148943826,2.876414
2025-12-03 06:30:00,3.02,3.202039335783322,3.1092312
2025-12-03 09:30:00,2.96,3.1199926898586847,3.0623467
2025-12-03 12:30:00,2.89,3.1094946552382647,3.0221052
2025-12-03 15:30:00,2.83,3.1976448674092723,2.9921172
2025-12-04 03:30:00,2.8,3.06150428509747,2.9325514
2025-12-04 09:30:00,3.75,3.1774539860558173,2.9826138
2025-12-04 21:30:00,4.59,4.010195335938575,3.899727
2025-12-05 12:30:00,4.33,4.046433095654345,3.9774663
2025-12-06 00:30:00,3.76,4.224624928594181,4.155778
2025-12-06 15:30:00,3.17,3.531540893130676,3.579857
2025-12-07 06:30:00,3.01,3.022262162870769,3.5259256
2025-12-07 15:30:00,2.96,3.049730920790327,3.0114827
2025-12-07 18:30:00,3.75,3.038157428942921,3.2740269
2025-12-08 09:30:00,3.5,3.6157518954117958,3.5537353
2025-12-08 15:30:00,3.36,3.1764655706560463,3.1639404
2025-12-09 09:30:00,4.18,3.3275016429735427,3.6001425
2025-12-10 09:30:00,3.76,3.8146970948264483,4.110171
2025-12-10 15:30:00,2.96,3.4660522961121565,3.5180216
2025-12-11 12:30:00,3.21,2.8121933584664656,2.868132
2025-12-13 09:30:00,4.12,3.2672706931755933,3.4025233
2025-12-14 09:30:00,2.69,3.8410409830598327,3.8030014
2025-12-17 15:30:00,2.64,2.7398719559197486,2.7829847
2025-12-18 15:30:00,2.7,2.8411760847766105,2.6500123
2025-12-18 18:30:00,2.68,2.7100988808695377,2.6921856
2025-12-19 09:30:00,2.68,2.7370496334869894,2.712119
2025-12-19 12:30:00,2.67,2.746344802670306,2.6587405
2025-12-19 15:30:00,3.86,2.717205252169752,2.7042208
2025-12-21 09:30:00,3.52,3.507331626108485,3.5015323
2025-12-21 15:30:00,3.31,3.2839867920081414,3.1861887
2025-12-24 09:30:00,2.97,3.25185559654349,3.5547028
2025-12-25 09:30:00,2.44,2.9134616931627666,3.0821784
2025-12-29 09:30:00,2.3,2.62710461920851,2.6789606
2026-01-01 09:30:00,2.34,2.6428002537414916,2.574126
2026-01-10 12:30:00,2.34,2.7637491742986664,2.660385
2026-01-10 15:30:00,2.34,2.621075313188386,2.5870047
2026-01-10 18:30:00,2.31,2.532850462312623,2.466047
2026-01-11 09:30:00,1.94,2.450723929484904,2.4502184
2026-02-20 06:30:00,3.11,2.356512120070514,2.4162304
2026-02-21 21:30:00,2.1,3.0470082643442002,3.0352535
2026-04-15 09:30:00,2.42,2.5116423837177986,2.4996235
2026-05-10 06:30:00,2.67,2.8396739844047265,2.6589143
2026-05-11 21:30:00,3.27,2.6353148481085573,2.7514744
2026-05-12 15:30:00,3.93,3.8178595159396425,3.4167628
2026-05-12 21:30:00,3.49,4.061005688064235,3.9553113
2026-05-13 06:30:00,5.29,3.3836341719712624,3.5603547
2026-05-13 21:30:00,4.92,4.740278270506655,5.219592
2026-05-14 00:30:00,3.69,4.543726979768186,4.851726
2026-05-15 00:30:00,3.98,3.579446718791792,3.9550953
2026-05-15 21:30:00,3.86,3.939181710560339,4.133165
2026-05-16 00:30:00,2.68,3.5164304072445587,3.8714585
2026-05-23 21:30:00,2.57,2.921398774539485,2.791066
2026-05-24 06:30:00,2.45,2.9468206767651766,2.8482695
2026-05-24 21:30:00,2.72,2.6611120095935554,2.549435
2026-05-25 21:30:00,2.76,2.7309650092679796,2.7960434
2026-05-26 09:30:00,3.25,2.831587493186727,2.8224769
2026-05-30 21:30:00,2.79,3.111428621044812,3.2726994
2026-05-31 21:30:00,4.16,2.9914529841449884,3.0626705
2026-06-12 18:30:00,4.31,4.002121897761821,4.473237
2026-06-12 21:30:00,4.56,4.296455691356979,4.4653773
2026-06-13 00:30:00,4.82,4.547993815511312,4.586595
2026-06-13 03:30:00,4.56,4.744913206487215,4.706305
2026-06-13 12:30:00,4.44,4.70316529304829,4.53785
2026-06-13 15:30:00,4.33,4.6089631692386765,4.5983024
2026-06-13 18:30:00,4.27,4.31904658551187,4.1913867
2026-06-13 21:30:00,4.2,4.110070584655139,4.0163116
2026-06-14 00:30:00,4.15,4.0355873686323385,3.9796124
2026-06-14 03:30:00,4.05,4.041987975062794,4.009872
2026-06-14 06:30:00,3.8,3.9855781767231973,3.9232347
2026-06-14 12:30:00,3.76,3.5443398801800647,3.6919165
2026-06-18 09:30:00,3.95,3.4952462675393114,3.8060431
2026-06-22 21:30:00,3.99,3.9648213644537003,3.9201899
2026-06-23 00:30:00,4.05,3.9576269234391703,4.028206
2026-06-23 06:30:00,3.44,4.047934149204221,3.867174
2026-06-23 21:30:00,3.29,3.2542248412171455,3.2849658
2026-06-24 00:30:00,3.14,3.2008331887143795,3.3813381
2026-06-24 03:30:00,3.02,3.1647791905279647,3.1325576
2026-06-24 06:30:00,2.82,2.8674714349623422,3.0934644
2026-06-24 15:30:00,4.33,2.9244763361758874,2.9402452
2026-06-29 21:30:00,4.09,4.193644426125991,4.196264
2026-06-30 03:30:00,2.33,3.9982772092032555,4.0765347
2026-07-11 09:30:00,2.34,2.828033436408836,2.5802362
2026-08-01 15:30:00,2.35,2.913163226454795,2.7673624
2026-08-01 18:30:00,2.34,2.5965813593772094,2.7619169
2026-08-01 21:30:00,2.33,2.4303112880175206,2.4763882
2026-08-02 00:30:00,2.33,2.3808980889349005,2.4658678
2026-08-02 03:30:00,2.3,2.3961113667732445,2.505531
2026-08-02 09:30:00,2.99,2.466641624097806,2.760291
2026-08-03 00:30:00,3.55,2.9620789658261923,3.111795
2026-08-03 03:30:00,3.79,3.5239260682959226,3.445174
2026-08-03 06:30:00,3.59,3.684752970241612,3.7980125
2026-08-03 15:30:00,3.7,3.47378659388497,3.5919974
2026-08-03 18:30:00,4.85,3.7060663088256245,3.8520467
2026-08-04 00:30:00,3.53,4.9731771170009615,4.8617644
2026-08-04 00:30:00,4.75,3.575444832022494,3.3159938
2026-08-04 03:30:00,4.55,4.97939274547337,4.8746467
2026-08-04 06:30:00,4.38,5.1056837873063605,4.790691
2026-08-04 09:30:00,3.99,4.385844202245589,4.363552
2026-08-04 15:30:00,3.87,3.744825972178258,4.0214744
2026-08-04 18:30:00,3.7,3.5026004402238122,3.8374016
2026-08-04 21:30:00,3.35,3.468792289160797,3.6983838
2026-08-05 03:30:00,3.2,3.31123650712817,3.4064276
2025-06-10 09:30:00,2.4,2.9025379949074237,2.4100928
2025-10-21 18:30:00,3.45,2.705711430634149,2.9007215
2025-10-21 21:30:00,3.7,3.5283293788860486,3.6290145
2025-10-22 00:30:00,2.96,3.5121551887064344,3.8687673
2025-10-23 00:30:00,2.9,3.0366638103302557,3.1246576
2025-10-23 18:30:00,2.73,3.2432178856218257,3.0468976
2025-10-24 18:30:00,2.6,2.63865069797621,2.840266
2025-10-25 18:30:00,1.88,2.5927933997334467,2.9005394
2025-10-27 09:30:00,2.1,2.113891714074195,2.505562
2025-10-30 09:30:00,1.87,2.38554354354315,2.7158432
2025-11-06 09:30:00,1.98,2.1797991805359658,2.11982
2025-11-12 09:30:00,3.35,2.0495126151003973,2.2180116
2025-11-21 00:30:00,3.26,2.9232973492275702,2.690954
2025-11-21 06:30:00,3.2,3.179038031960157,2.9942052
2025-11-21 18:30:00,3.15,3.3476200371670557,2.9341888
2025-11-23 03:30:00,3.0,3.5893857026616085,3.2348096
2025-11-23 06:30:00,4.05,2.917038567115989,2.938607
2025-11-24 00:30:00,3.9,3.9286752049150357,4.0180755
2025-11-24 03:30:00,3.03,3.584322717842355,3.8995605
2025-11-24 18:30:00,3.43,3.0935991958846505,2.8518014
2025-11-25 03:30:00,3.1,3.5249038255280443,3.548779
2025-11-25 15:30:00,3.27,3.104780751864207,3.2366714
2025-11-25 21:30:00,3.32,3.524774536380266,3.3043582
2025-11-26 00:30:00,6.67,3.4208812295319095,3.3242333
2025-11-27 00:30:00,7.9,6.540584722222223,6.5452914
2025-11-27 09:30:00,8.62,7.8420499999999995,6.9825406
2025-11-27 12:30:00,9.53,8.455950000000009,7.047174
2025-11-27 18:30:00,3.0,9.682449999999994,8.585992
2025-12-08 09:30:00,2.68,3.375427264036047,3.348655
2025-12-08 15:30:00,2.82,3.0382703731055107,2.9226449
2025-12-09 09:30:00,2.63,3.5652007587521957,2.729826
2025-12-10 09:30:00,2.56,2.606757759411009,2.60655
2025-12-10 15:30:00,2.69,2.649537756519851,2.6114614
2025-12-11 12:30:00,2.69,2.59818828959404,2.5780432
2025-12-13 09:30:00,2.68,2.6674697720498473,2.663777
2025-12-14 09:30:00,2.55,2.666714208764057,2.6736932
2025-12-17 15:30:00,2.98,2.642983678631096,2.639638
2025-12-18 15:30:00,2.82,2.940684503502013,3.1034853
2025-12-18 18:30:00,2.79,3.1737306790938997,2.993512
2025-12-19 09:30:00,2.68,3.044314745968596,2.923308
2025-12-19 12:30:00,2.6,2.6505274229560936,2.8285887
2025-12-19 15:30:00,2.58,2.566398121898502,2.755036
2025-12-21 09:30:00,2.7,2.6009350899957666,2.6492965
2025-12-21 15:30:00,2.4,2.6060780241201953,2.707829
2025-12-24 09:30:00,2.1,3.2744488444485427,2.6481857
2025-12-25 09:30:00,1.68,2.1940684697548285,2.2693295
2025-12-29 09:30:00,2.11,2.888880401657855,2.2769804
2026-01-01 09:30:00,1.98,2.253478649430688,2.1104434
2026-01-10 12:30:00,1.56,2.007033858983299,1.9698485
2026-01-10 15:30:00,1.5,1.891879698417537,1.7530241
2026-01-10 18:30:00,1.7,1.8034158658493984,1.578054
2026-01-11 09:30:00,1.2,1.6856057183839428,1.7087247
2026-02-20 06:30:00,4.2,1.4944980099338507,1.5733554
2026-02-21 21:30:00,1.04,2.824700000000001,3.6960692
2026-04-15 09:30:00,1.6,2.206163736263737,1.9484363
2026-05-10 06:30:00,2.6,2.1828863095238082,1.5422853
2026-05-11 21:30:00,1.52,3.3368604166666667,3.01629
2026-05-12 15:30:00,1.44,1.6465398958918838,1.7232877
2026-05-12 21:30:00,1.55,1.6408467978521484,1.861864
2026-05-13 06:30:00,2.28,1.9873956786830882,1.768133
2026-05-13 21:30:00,2.08,1.9621570084351752,1.7968696
2026-05-14 00:30:00,2.28,1.9456783659476722,1.9058961
2026-05-15 00:30:00,2.12,2.674711664460054,2.4174933
2026-05-15 21:30:00,2.0,2.680299838487819,2.422811
2026-05-16 00:30:00,1.58,2.1372644778463545,2.1741364
2026-05-23 21:30:00,1.44,1.9708865623447485,1.790722
2026-05-24 06:30:00,1.43,1.4889759472471542,1.4789294
2026-05-24 21:30:00,1.72,1.540532149659125,1.6234924
2026-05-25 21:30:00,1.58,1.7643179303563932,1.6275094
2026-05-26 09:30:00,1.6,1.5747810142550818,1.7415298
2026-05-30 21:30:00,1.36,1.6458002853811993,1.534111
2026-05-31 21:30:00,2.2,1.4143051510409046,1.4589058
2026-06-12 18:30:00,2.82,1.9870860288205754,2.3039343
2026-06-12 21:30:00,3.32,2.388857070105819,2.6126223
2026-06-13 00:30:00,2.51,3.3575144273424122,2.88629
2026-06-13 03:30:00,2.39,2.62443091030655,2.4820077
2026-06-13 12:30:00,2.3,2.6077746558817037,2.5001912
2026-06-13 15:30:00,2.19,2.548596296099088,2.5959756
2026-06-13 18:30:00,2.4,2.2491316036118776,2.5293825
2026-06-13 21:30:00,2.58,2.6737376844566088,2.6692991
2026-06-14 00:30:00,2.38,2.566111035492751,2.508316
2026-06-14 03:30:00,2.14,2.569168115948214,2.3290696
2026-06-14 06:30:00,2.04,2.3320598147346523,2.1799707
2026-06-14 12:30:00,1.76,2.0668404194347287,2.2412167
2026-06-18 09:30:00,2.36,1.8018671216359088,1.8120043
2026-06-22 21:30:00,2.92,2.5976588091149733,2.3705995
2026-06-23 00:30:00,1.9,3.0037119705941877,3.0311592
2026-06-23 06:30:00,2.24,2.2162450075544236,2.0932963
2026-06-23 21:30:00,2.9,2.644712942948397,2.212451
2026-06-24 00:30:00,2.23,2.9362259730358478,2.7626688
2026-06-24 03:30:00,1.57,2.1582471449488,2.112841
2026-06-24 06:30:00,1.44,2.568106518075418,1.9111968
2026-06-24 15:30:00,3.18,1.7574634856211144,1.6206852
2026-06-29 21:30:00,2.65,2.9587825000000003,2.8918612
2026-06-30 03:30:00,1.6,2.232554306568188,2.462572
2026-07-11 09:30:00,4.52,2.076816402380029,1.8437314
2026-08-01 15:30:00,3.6,3.704500000000002,3.9789684
2026-08-01 18:30:00,3.44,3.5323928424730475,3.517403
2026-08-01 21:30:00,3.26,3.3109521555071466,3.3103743
2026-08-02 00:30:00,3.13,3.1499609193588207,3.2215981
2026-08-02 03:30:00,2.28,3.155008681016811,3.2294247
2026-08-02 09:30:00,3.28,2.8929084030236583,2.6592367
2026-08-03 00:30:00,5.3,3.4154253972368376,3.4301138
2026-08-03 03:30:00,7.5,5.422517473997474,5.2757444
2026-08-03 06:30:00,9.2,6.9660791666666695,7.282289
2026-08-03 15:30:00,9.72,9.169749999999988,8.676133
2026-08-03 18:30:00,7.76,9.708399999999996,9.29265
2026-08-04 00:30:00,4.55,7.168450000000012,7.2836146
2026-08-04 00:30:00,6.2,5.169477756410254,4.1326156
2026-08-04 03:30:00,5.4,6.152679807692306,6.7976823
2026-08-04 06:30:00,4.72,4.931237468098347,5.365589
2026-08-04 09:30:00,4.45,4.608767721010555,4.643775
2026-08-04 15:30:00,4.7,4.632910746043492,4.408419
2026-08-04 18:30:00,4.66,4.760755933122836,4.656128
2026-08-04 21:30:00,4.53,4.63514403325997,4.5418057
2026-08-05 03:30:00,4.62,4.537177836291813,4.606613
2025-06-10 09:30:00,0.87,1.0480549140012563,1.0526786
2025-10-21 18:30:00,0.95,1.2412687473031645,0.9562334
2025-10-21 21:30:00,1.06,1.115236638928529,1.1046169
2025-10-22 00:30:00,0.6,1.11040646457944,1.0122125
2025-10-23 00:30:00,1.32,0.9405994676275863,0.85636526
2025-10-23 18:30:00,0.81,1.4791926838064888,1.3472248
2025-10-24 18:30:00,2.36,1.1901686537550713,1.1595885
2025-10-25 18:30:00,0.7,1.772966666666667,1.7269545
2025-10-27 09:30:00,0.43,1.2284463618220705,1.2317346
2025-10-30 09:30:00,0.3,0.6639341395046706,0.9951219
2025-11-06 09:30:00,0.4,0.5580678698106601,1.0284041
2025-11-12 09:30:00,1.98,0.6280103758798524,0.50895065
2025-11-21 00:30:00,1.63,1.474566666666667,1.370555
2025-11-21 06:30:00,1.06,1.9246063677576293,1.5807842
2025-11-21 18:30:00,2.9,1.0840524320731622,1.085853
2025-11-23 03:30:00,2.53,2.13814244047619,2.071549
2025-11-23 06:30:00,1.29,2.0118979547799993,1.9455073
2025-11-24 00:30:00,0.95,1.299309003176985,1.4103417
2025-11-24 03:30:00,1.87,1.3515387818928277,1.2759296
2025-11-24 18:30:00,2.9,2.1164983838383837,2.1798244
2025-11-25 03:30:00,1.5,2.1569431022408967,2.0441296
2025-11-25 15:30:00,2.1,1.4792850957237622,1.6632345
2025-11-25 21:30:00,2.15,2.4824125320867383,2.1581557
2025-11-26 00:30:00,2.77,2.1611717742247865,2.3193223
2025-11-27 00:30:00,2.43,2.3515736223365775,2.1755896
2025-11-27 09:30:00,2.24,2.34016309374835,2.3231697
2025-11-27 12:30:00,2.08,2.155716669021133,2.2914464
2025-11-27 18:30:00,2.24,2.3275831100548205,2.0722606
2025-11-28 09:30:00,2.49,2.308545595558471,2.2319052
2025-11-28 12:30:00,2.31,2.335234239636696,2.3195813
2025-11-28 15:30:00,1.63,2.1069729474392016,2.2028887
2025-11-29 06:30:00,1.57,1.843253517449169,1.8582059
2025-11-29 09:30:00,1.49,1.9766836825754075,1.8626653
2025-11-29 15:30:00,1.41,1.6800355014089516,1.6704851
2025-11-30 00:30:00,1.21,1.3825348003212021,1.4460442
2025-11-30 18:30:00,1.19,1.3664191821649163,1.3209637
2025-11-30 21:30:00,1.01,1.2549599444267643,1.2127639
2025-12-01 12:30:00,1.0,1.0937076840811408,1.0727775
2025-12-01 15:30:00,1.0,1.0182770897718918,1.0496522
2025-12-01 18:30:00,1.0,1.0180011162220912,1.0052006
2025-12-02 00:30:00,0.99,0.9827429590055323,0.97219914
2025-12-02 03:30:00,0.99,0.9672723175397571,0.98106927
2025-12-02 12:30:00,0.99,0.970052978653962,1.0179317
2025-12-02 15:30:00,0.98,0.9754540269664715,1.0074407
2025-12-02 18:30:00,0.98,0.9604486887645487,0.98278743
2025-12-02 21:30:00,0.9,0.9549438314197195,0.9689342
2025-12-03 00:30:00,0.96,0.9187729154451714,0.89875203
2025-12-03 06:30:00,0.95,0.9135054296006853,0.93596345
2025-12-03 09:30:00,0.94,0.9180326534165077,0.9753773
2025-12-03 12:30:00,0.93,0.9116050866504263,0.9843156
2025-12-03 15:30:00,0.89,0.898281425279355,0.9632421
2025-12-04 03:30:00,0.88,0.8842539181102645,0.9214883
2025-12-04 09:30:00,1.86,0.8888163662568764,0.9539368
2025-12-04 21:30:00,1.6,2.045495714285717,1.582677
2025-12-05 12:30:00,1.07,2.154189380176495,1.6451395
2025-12-06 00:30:00,0.92,1.1201484086998272,1.1743647
2025-12-06 15:30:00,0.89,1.1024213381342205,1.0869564
2025-12-07 06:30:00,0.87,1.2144407893719706,1.0446132
2025-12-07 15:30:00,0.95,0.8745005834570277,0.94624066
2025-12-07 18:30:00,1.13,1.4654803813714952,1.1036758
2025-12-08 09:30:00,0.98,1.348521144855872,1.080843
2025-12-08 15:30:00,0.93,1.030337380281235,1.1600798
2025-12-09 09:30:00,1.5,1.045030627575471,1.2263231
2025-12-10 09:30:00,1.06,1.5759788593727075,1.3740112
2025-12-10 15:30:00,0.92,1.0329681332103635,1.0208806
2025-12-11 12:30:00,0.92,0.9797186865520525,1.0152823
2025-12-13 09:30:00,1.34,1.0476609893865805,1.0497352
2025-12-14 09:30:00,0.71,1.460989040960798,1.2765075
2025-12-17 15:30:00,0.69,0.9140210311261256,0.91426235
2025-12-18 15:30:00,0.71,0.9193715482872888,0.980654
2025-12-18 18:30:00,0.71,1.0989506915141476,0.82461095
2025-12-19 09:30:00,0.71,0.7368668478244917,0.7149696
2025-12-19 12:30:00,0.7,0.7912087559902211,0.7268695
2025-12-19 15:30:00,1.07,0.7505447755667537,0.69558054
2025-12-21 09:30:00,0.93,0.9711200899644352,0.93095136
2025-12-21 15:30:00,2.0,1.0232211892239766,0.95847696
2025-12-24 09:30:00,1.13,1.7341051159951157,1.6490483
2025-12-25 09:30:00,0.63,1.4736943898985464,1.4223859
2025-12-29 09:30:00,0.52,0.9820357967275574,0.9211458
2026-01-01 09:30:00,0.58,0.9259567217638195,0.8416941
2026-01-10 12:30:00,0.57,0.6806916163836264,0.64349765
2026-01-10 15:30:00,0.57,0.583536813327498,0.6149281
2026-01-10 18:30:00,0.56,0.6061120717667496,0.55177385
2026-01-11 09:30:00,0.2,0.5920015022682867,0.57785976
2026-02-20 06:30:00,1.7,0.6085704663096964,0.67417413
2026-02-21 21:30:00,0.25,1.4045952380952373,1.3840584
2026-04-15 09:30:00,0.74,1.0171323917748922,0.8833788
2026-05-11 21:30:00,1.8,1.1561141780664344,0.78557295
2026-05-12 15:30:00,1.3,1.681735118006992,1.8401159
2026-05-12 21:30:00,0.85,1.5739675160093927,1.5228097
2026-05-13 06:30:00,1.74,0.9495332229165243,1.0234632
2026-05-13 21:30:00,1.49,1.6708417129687143,1.5847095
2026-05-14 00:30:00,1.16,1.65528764805561,1.6093247
2026-05-15 00:30:00,0.84,1.2593003587068181,1.2628733
2026-05-15 21:30:00,0.85,0.9139785935632757,1.0522605
2026-05-16 00:30:00,0.64,0.9983217383321171,0.999501
2026-05-23 21:30:00,0.62,0.7083471534495807,0.7624349
2026-05-24 06:30:00,0.48,0.6361676358979276,0.7008512
2026-05-24 21:30:00,0.9,0.5913007246259199,0.665645
2026-05-25 21:30:00,0.72,0.9786765158785556,0.80212176
2026-05-26 09:30:00,0.78,0.7206807822358978,0.74510807
2026-05-30 21:30:00,0.7,0.8586057270332441,0.74486715
2026-05-31 21:30:00,1.29,0.7275107985519459,0.7375481
2026-06-12 18:30:00,1.6,1.1001944538447364,1.3722365
2026-06-12 21:30:00,1.97,1.6183802808302803,1.5060915
2026-06-13 00:30:00,2.2,1.897787865478717,1.7364752
2026-06-13 03:30:00,1.49,1.9789454410907672,2.0164666
2026-06-13 12:30:00,1.38,1.7898722778766116,1.4667847
2026-06-13 15:30:00,1.35,1.4654573248769294,1.4597079
2026-06-13 18:30:00,1.32,2.7162557930702502,1.7640247
2026-06-13 21:30:00,1.32,1.338311723457451,1.2958143
2026-06-14 03:30:00,1.32,1.3112143104602076,1.2858738
2026-06-14 06:30:00,1.15,1.3972172851572227,1.2796291
2026-06-14 12:30:00,1.31,1.2746970295107825,1.2002767
2026-06-18 09:30:00,1.4,1.3536652853416857,1.4205967
2026-06-22 21:30:00,1.4,1.4718950606716534,1.4753525
2026-06-23 00:30:00,1.46,1.6312919096696632,1.5205941
2026-06-23 06:30:00,0.93,1.5645039559574545,1.4690075
2026-06-23 21:30:00,0.89,1.023845124259867,1.1137332
2026-06-24 00:30:00,0.85,1.103035398773701,0.99932367
2026-06-24 03:30:00,0.81,0.9114431563292626,0.9275507
2026-06-24 06:30:00,0.75,0.8853163585859715,0.84422994
2026-06-24 15:30:00,1.33,0.842382673104542,0.8593248
2026-06-29 21:30:00,1.21,1.2152216951140038,1.2411075
2026-06-30 03:30:00,0.55,1.2267921458990514,1.2123177
2026-07-11 09:30:00,0.53,1.3315404863099258,0.8947582
2026-08-01 15:30:00,0.52,0.7676018465496416,0.6715196
2026-08-01 18:30:00,0.52,0.681667761962122,0.6561167
2026-08-01 21:30:00,0.51,0.7663198222639703,0.567941
2026-08-02 00:30:00,0.51,0.7560282358416498,0.5659912
2026-08-02 03:30:00,0.45,0.7546250091221942,0.5789363
2026-08-02 09:30:00,2.2,0.48354616823786317,0.51029307
2026-08-03 00:30:00,2.38,4.029350000000004,2.6832016
2026-08-03 03:30:00,2.4,2.2529169014417416,1.9943877
2026-08-03 06:30:00,1.13,2.2659731397362006,2.1749012
2026-08-03 15:30:00,1.69,1.8529836865929568,1.654039
2026-08-03 18:30:00,2.63,2.4220369068793532,1.9855748
2026-08-04 00:30:00,1.12,2.9532788497659737,2.6682277
2026-08-04 00:30:00,1.99,1.4187904870482473,1.3463293
2026-08-04 03:30:00,1.2,2.0122137407656253,2.0567057
2026-08-04 06:30:00,1.27,1.7878126232247304,1.7377731
2026-08-04 09:30:00,1.24,1.3007205353422666,1.3252791
2026-08-04 15:30:00,1.16,1.536439957992225,1.4737587
2026-08-04 18:30:00,1.13,1.1661037780143042,1.2915517
2026-08-04 21:30:00,1.1,1.1659282157654993,1.1602684
2026-08-05 03:30:00,1.07,1.1651847730524705,1.1747715
2025-06-10 09:30:00,2.15,0.9081093436930394,0.75625485
2025-10-21 18:30:00,2.17,1.877232066355804,2.1157653
2025-10-21 21:30:00,2.2,2.2626392433016256,2.3742793
2025-10-22 00:30:00,2.0,2.2340089098856155,2.064511
2025-10-23 00:30:00,2.18,2.093144079779034,1.8939319
2025-10-23 18:30:00,2.45,2.2215340466742144,2.2414124
2025-10-24 18:30:00,2.8,2.5477350101612393,2.4923162
2025-10-25 18:30:00,2.53,2.75267096765795,2.6086915
2025-10-27 09:30:00,0.77,2.5559557224114635,2.51825
2025-10-30 09:30:00,0.4,1.3202558077517534,1.3689754
2025-11-06 09:30:00,0.68,0.688590744955489,0.7332659
2025-11-12 09:30:00,0.96,0.8382672343116417,0.7042893
2025-11-21 00:30:00,1.03,0.8855063921364359,0.9460294
2025-11-21 06:30:00,1.23,0.9295474558573491,0.94943696
2025-11-21 18:30:00,2.46,1.2227100978106102,1.1585625
2025-11-23 03:30:00,2.51,1.777199809913683,1.7292978
2025-11-23 06:30:00,2.4,2.137481924648357,1.9000429
2025-11-24 00:30:00,2.27,2.2785957146056326,2.1596074
2025-11-24 03:30:00,2.0,2.2252090585307065,2.2214165
2025-11-24 18:30:00,1.87,2.2153673390245645,2.1903186
2025-11-25 03:30:00,1.95,1.954805405009555,2.0810044
2025-11-25 15:30:00,1.98,1.9269907652538965,1.8416675
2025-11-25 21:30:00,2.0,1.938877954195336,1.9056811
2025-11-26 00:30:00,1.6,1.9604889353817605,1.8492601
2025-11-27 00:30:00,1.53,1.6250112941745718,1.7168872
2025-11-27 09:30:00,1.5,1.7567454862778615,1.5782557
2025-11-27 12:30:00,1.72,1.7920396028818428,1.57708
2025-11-27 18:30:00,2.25,1.7679883721731946,1.6556755
2025-11-28 09:30:00,2.92,2.083278197937211,1.9003445
2025-11-28 12:30:00,3.09,2.477048755552725,2.2293925
2025-11-28 15:30:00,3.68,3.018693365759364,2.695769
2025-11-29 06:30:00,3.75,3.536404327508044,3.1877015
2025-11-29 09:30:00,3.87,3.6867695016470328,3.3741162
2025-11-29 15:30:00,4.02,3.729989480945229,3.602846
2025-11-30 00:30:00,4.28,3.8080803320489047,3.8115544
2025-11-30 18:30:00,4.28,3.857452731908447,3.9750304
2025-11-30 21:30:00,4.23,3.8026388076747883,4.0024185
2025-12-01 12:30:00,4.2,3.836654176960321,3.873452
2025-12-01 15:30:00,4.15,3.8171614472685103,3.820736
2025-12-01 18:30:00,4.04,3.9175353874848162,3.7594287
2025-12-02 00:30:00,4.0,3.8041371709016607,3.6709588
2025-12-02 03:30:00,3.78,3.8252277152046985,3.7447414
2025-12-02 12:30:00,3.7,3.468833082888975,3.4406059
2025-12-02 15:30:00,3.6,3.350986438130038,3.3488607
2025-12-02 18:30:00,3.5,3.0235295026286724,3.2795053
2025-12-02 21:30:00,1.7,2.9993654239872627,3.159016
2025-12-03 00:30:00,3.14,1.9176953613667047,1.7807885
2025-12-03 06:30:00,2.98,3.1123287482435824,2.6053078
2025-12-03 09:30:00,2.85,2.824650067858648,2.5633593
2025-12-03 12:30:00,2.5,2.850632811304402,2.6364667
2025-12-03 15:30:00,1.54,2.2156234099344188,2.4567304
2025-12-04 03:30:00,1.1,1.9020094105997245,1.6086498
2025-12-04 09:30:00,0.96,1.5980933370613326,1.3422352
2025-12-04 21:30:00,1.12,1.003229650703295,1.1625388
2025-12-05 12:30:00,0.98,1.31161262260965,1.1128227
2025-12-06 00:30:00,1.25,1.1103436753663654,1.038102
2025-12-06 15:30:00,1.2,1.352815254689444,1.2288033
2025-12-07 06:30:00,0.87,1.2947294502456201,1.2279205
2025-12-07 15:30:00,0.97,1.0007627180287164,1.0068341
2025-12-07 18:30:00,1.15,1.1870776001561396,1.0221783
2025-12-08 09:30:00,1.02,1.348469597642226,1.1500052
2025-12-08 15:30:00,0.97,1.0285621838785117,1.0066458
2025-12-09 09:30:00,0.81,0.9565316178422814,1.0057912
2025-12-10 09:30:00,0.71,0.9540057476744113,0.9462256
2025-12-10 15:30:00,0.75,0.715725677876204,0.75428736
2025-12-11 12:30:00,1.19,0.9482271031730553,0.8060374
2025-12-13 09:30:00,1.0,0.8616693123830441,1.1364572
2025-12-14 09:30:00,0.7,0.9171685780113168,0.98568
2025-12-17 15:30:00,0.78,0.9211079109033963,0.9730067
2025-12-18 15:30:00,0.58,0.8744315739809924,0.80136627
2025-12-18 18:30:00,0.62,1.0139876751600123,0.75992626
2025-12-19 09:30:00,0.59,0.634728181914828,0.67096454
2025-12-19 12:30:00,0.77,0.6644304300645022,0.65421623
2025-12-19 15:30:00,0.64,1.0007916176932552,0.75895274
2025-12-21 09:30:00,0.82,0.6639036422021297,0.6969311
2025-12-21 15:30:00,0.55,0.8373188790609799,0.7951572
2025-12-24 09:30:00,0.76,0.9314655621672333,0.76924306
2025-12-25 09:30:00,0.71,0.7996920481863101,0.76193655
2025-12-29 09:30:00,0.45,0.811428277998642,0.79023
2026-01-01 09:30:00,0.33,0.5736361737310368,0.4890594
2026-01-10 12:30:00,0.45,0.41900378087130846,0.5259702
2026-01-10 15:30:00,0.77,0.615647359807121,0.53089774
2026-01-10 18:30:00,0.6,0.8614980454551336,0.6749002
2026-01-11 09:30:00,0.83,0.5739535238356432,0.599748
2026-02-20 06:30:00,0.6,0.9076209915311664,0.7817309
2026-02-21 21:30:00,0.36,0.8539978813586732,0.7865913
2026-04-15 09:30:00,0.7,0.6487604600195637,0.6437242
2026-05-10 06:30:00,0.99,0.8457201102507815,0.6214608
2026-05-11 21:30:00,1.05,0.835088646347076,0.94578624
2026-05-12 15:30:00,0.89,1.0929323015636985,1.0770051
2026-05-12 21:30:00,1.12,1.0505716324594123,1.1753454
2026-05-13 06:30:00,2.26,1.1542382870383907,1.0683417
2026-05-13 21:30:00,2.32,1.977053084393676,2.0245204
2026-05-14 00:30:00,2.59,2.128709956684734,2.0819752
2026-05-15 00:30:00,2.92,2.4309560062802915,2.3164873
2026-05-15 21:30:00,2.93,2.779186739091071,2.7105823
2026-05-16 00:30:00,3.2,2.8239465681848235,2.8506904
2026-05-23 21:30:00,3.3,3.1916862962176418,3.1925647
2026-05-24 06:30:00,3.27,3.234814114469805,3.2421784
2026-05-24 21:30:00,2.76,3.2247907700782097,3.2667272
2026-05-25 21:30:00,2.53,2.5763615302913623,2.6825993
2026-05-26 09:30:00,2.44,2.4628982585881865,2.7382486
2026-05-30 21:30:00,1.0,2.415130104004245,2.3558245
2026-05-31 21:30:00,2.17,1.2589562275766852,1.3143933
2026-06-12 18:30:00,2.19,2.3863394601858903,2.3581636
2026-06-12 21:30:00,2.25,2.252478844819214,2.3888893
2026-06-13 00:30:00,2.29,2.323924385618997,2.158774
2026-06-13 03:30:00,2.5,2.2799055078608985,2.2318373
2026-06-13 12:30:00,2.54,2.5545758324141907,2.4519863
2026-06-13 15:30:00,2.62,2.5496596193310403,2.5049317
2026-06-13 18:30:00,2.66,2.6452864323647747,2.6569717
2026-06-13 21:30:00,2.71,2.656701669736352,2.5543296
2026-06-14 00:30:00,2.7,2.688611479453562,2.5863743
2026-06-14 03:30:00,2.66,2.7133087680423675,2.4806228
2026-06-14 06:30:00,2.63,2.667090688845641,2.4525766
2026-06-14 12:30:00,0.99,2.658084269661576,2.5499835
2026-06-18 09:30:00,1.94,1.2515033749019313,1.3919796
2026-06-22 21:30:00,2.03,2.1659811572173506,2.2735918
2026-06-23 00:30:00,2.2,2.0561550569522935,2.2760172
2026-06-23 06:30:00,2.36,2.277458056952384,2.1266384
2026-06-23 21:30:00,2.37,2.4554492013266223,2.3756623
2026-06-24 00:30:00,2.37,2.441991459664333,2.3056376
2026-06-24 03:30:00,2.38,2.423311751935106,2.340805
2026-06-24 06:30:00,1.9,2.4370045568864573,2.3313296
2026-06-24 15:30:00,1.47,2.033472077616975,1.981912
2026-06-29 21:30:00,1.63,1.58940892324821,1.5974925
2026-06-30 03:30:00,0.4,1.7771785412585606,1.6366199
2026-07-11 09:30:00,0.95,0.8979207425846134,0.84908617
2026-08-01 15:30:00,1.16,1.2845645231223692,0.97096866
2026-08-01 18:30:00,1.37,1.2957952368924999,1.2100462
2026-08-01 21:30:00,1.53,1.5693678159452418,1.2389805
2026-08-02 00:30:00,1.65,1.5713447283834239,1.4339123
2026-08-02 03:30:00,1.18,1.6429218206761937,1.603532
2026-08-02 09:30:00,0.92,1.2640927546409066,1.3383844
2026-08-03 00:30:00,0.89,0.9722059702458187,0.9997498
2026-08-03 03:30:00,0.95,1.082812007495001,1.1088809
2026-08-03 06:30:00,1.35,0.9297476781508743,0.9381472
2026-08-03 15:30:00,1.5,1.481860148038193,1.3704586
2026-08-03 18:30:00,1.72,1.6098417835557544,1.435468
2026-08-04 00:30:00,2.13,1.7096176508594843,1.6139576
2026-08-04 00:30:00,1.8,2.1067551197682803,1.9347787
2026-08-04 03:30:00,1.83,1.9154176271250003,1.7800392
2026-08-04 06:30:00,2.0,1.8984838582576293,1.7805856
2026-08-04 09:30:00,2.03,2.0317120951816405,2.0092194
2026-08-04 15:30:00,2.1,1.987349713648074,1.8770642
2026-08-04 18:30:00,2.14,2.097805531071153,1.9326786
2026-08-04 21:30:00,2.12,2.158217968579662,2.0368052
2026-08-05 03:30:00,2.1,2.082305386768979,2.0288625
2025-06-10 09:30:00,2.67,2.58647523809524,1.7632201
2025-10-21 18:30:00,2.71,3.866894337557603,3.2528498
2025-10-21 21:30:00,2.92,3.428667054972322,3.2106586
2025-10-22 00:30:00,2.48,2.7441780399912705,2.8105662
2025-10-23 00:30:00,4.65,2.655263595725831,2.8405929
2025-10-23 18:30:00,3.38,4.319397358985895,4.317709
2025-10-24 18:30:00,5.91,3.611946497791241,3.849706
2025-10-25 18:30:00,2.35,5.300321184932306,6.1876
2025-10-27 09:30:00,1.28,2.5338073384767976,3.2131293
2025-10-30 09:30:00,1.56,2.612634100140058,1.9473569
2025-11-06 09:30:00,1.7,2.937027499999998,3.205512
2025-11-12 09:30:00,1.9,1.9489499582731713,2.1527216
2025-11-21 00:30:00,2.04,2.1048181332712073,1.9206792
2025-11-21 06:30:00,1.89,2.223468423578579,2.0703905
2025-11-21 18:30:00,3.55,2.464737131354702,2.0321565
2025-11-23 03:30:00,3.26,2.5907419464869297,2.5161526
2025-11-23 06:30:00,3.23,3.19534610114098,3.1300848
2025-11-24 00:30:00,3.29,3.191022260929089,3.0081325
2025-11-24 03:30:00,4.03,3.3036354222161295,3.3985336
2025-11-24 18:30:00,6.59,4.903144585606298,3.7148008
2025-11-25 03:30:00,4.17,6.581784301115547,6.2166686
2025-11-25 15:30:00,3.61,3.7500321412469475,2.8892257
2025-11-25 21:30:00,3.71,3.2584779388116734,3.2368722
2025-11-26 00:30:00,2.78,3.4395711840665335,3.4315066
2025-11-27 00:30:00,3.94,3.385539917619484,3.0983315
2025-11-27 09:30:00,4.57,4.45994773327204,3.887751
2025-11-27 12:30:00,5.65,5.028494073851479,4.3857684
2025-11-27 18:30:00,8.85,5.395207600284741,4.9269056
2025-11-28 09:30:00,9.6,7.892149999999998,7.4734087
2025-11-28 12:30:00,10.05,9.502250000000002,8.987936
2025-11-28 15:30:00,9.1,9.67941333333333,9.842352
2025-11-29 06:30:00,9.01,9.500900000000007,9.054182
2025-11-29 09:30:00,8.55,8.85315000000001,8.381735
2025-11-29 15:30:00,7.85,8.322582500000008,8.165469
2025-11-30 00:30:00,6.57,7.330264999999993,7.2775865
2025-11-30 18:30:00,6.4,6.036627456140358,5.7305393
2025-11-30 21:30:00,5.43,5.947804033189039,5.8801475
2025-12-01 12:30:00,5.23,5.122603443431566,4.9502883
2025-12-01 15:30:00,5.0,5.224725912776668,4.73927
2025-12-01 18:30:00,4.55,5.28119882345709,4.623261
2025-12-02 00:30:00,4.36,3.9501630212325036,4.2058253
2025-12-02 03:30:00,3.59,4.210215575546432,4.2377744
2025-12-02 12:30:00,3.33,2.99581062966763,3.0877337
2025-12-02 15:30:00,3.08,3.0720706227232215,3.1161273
2025-12-02 18:30:00,2.81,3.0564188629421567,3.0222447
2025-12-02 21:30:00,1.83,2.9990778313233606,2.6720932
2025-12-03 00:30:00,2.21,1.923877405858583,1.8698483
2025-12-03 06:30:00,2.1,2.586649770619946,2.3220863
2025-12-03 09:30:00,2.01,2.545616755657958,2.3513625
2025-12-03 12:30:00,1.96,2.1181551946588666,1.980344
2025-12-03 15:30:00,1.8,1.9556349394627046,2.0606158
2025-12-04 03:30:00,1.75,2.0119228693704394,1.8431554
2025-12-04 09:30:00,2.42,2.202711817670652,1.9794825
2025-12-04 21:30:00,2.19,2.6767890833066827,2.4413476
2025-12-05 12:30:00,2.77,2.1894216344914463,2.2586737
2025-12-06 00:30:00,1.91,2.584912794705216,2.7511957
2025-12-06 15:30:00,1.87,2.0525860459979937,2.2028282
2025-12-07 06:30:00,1.57,2.8651280109557966,2.7674296
2025-12-07 15:30:00,1.58,1.967272363576469,2.2444587
2025-12-07 18:30:00,2.56,1.9867339390801495,1.7334673
2025-12-08 09:30:00,2.07,2.5069039589591946,2.2096438
2025-12-08 15:30:00,2.39,2.4436480359602983,2.025482
2025-12-09 09:30:00,1.61,2.3706050221002486,2.3641467
2025-12-10 09:30:00,1.56,1.9267730819603295,2.0364513
2025-12-10 15:30:00,1.44,2.3265037483238173,2.1687305
2025-12-11 12:30:00,1.98,1.822675260833843,1.6903042
2025-12-13 09:30:00,1.85,2.1542845515559743,1.959023
2025-12-14 09:30:00,1.21,2.009238685606025,1.8487419
2025-12-17 15:30:00,1.19,1.4396107142902779,1.5088171
2025-12-18 15:30:00,1.23,1.5424440172934006,1.4412814
2025-12-18 18:30:00,1.12,1.8207648903868423,1.8703979
2025-12-19 09:30:00,1.13,1.2652308819482314,1.3293525
2025-12-19 12:30:00,1.12,1.2514344943177473,1.3117254
2025-12-19 15:30:00,1.52,1.222191716246986,1.3074559
2025-12-21 09:30:00,1.28,1.3964704567527366,1.6409563
2025-12-21 15:30:00,0.97,1.4432596991875335,1.6753329
2025-12-24 09:30:00,1.84,1.2718245630908496,1.5894122
2025-12-25 09:30:00,0.88,2.0436852607709772,1.7895027
2025-12-29 09:30:00,1.04,2.1676635058394664,1.9136348
2026-01-01 09:30:00,0.67,1.30945594189064,1.0576098
2026-01-10 12:30:00,0.68,1.094864497705872,1.1063166
2026-01-10 15:30:00,0.69,1.156216363935326,0.9619867
2026-01-10 18:30:00,0.8,1.1953104513276593,1.0237538
2026-01-11 09:30:00,0.64,1.0759938506170748,1.1216943
2026-02-20 06:30:00,4.56,0.9269301025427241,0.85629827
2026-02-21 21:30:00,1.03,4.175750000000001,5.3094096
2026-04-15 09:30:00,1.32,2.682982057597509,2.462073
2026-05-10 06:30:00,2.2,1.3901089045812347,1.4093904
2026-05-11 21:30:00,1.68,3.3657500000000016,3.5968497
2026-05-12 15:30:00,3.24,1.7839942474427624,1.9509819
2026-05-12 21:30:00,4.45,3.0342519000933716,2.8769739
2026-05-13 06:30:00,5.86,4.447549999999998,4.6561465
2026-05-13 21:30:00,5.49,5.32638443406641,5.9575887
2026-05-14 00:30:00,4.89,5.11150852450005,5.4803057
2026-05-15 00:30:00,4.17,4.755280658110225,4.8858957
2026-05-15 21:30:00,4.02,4.007883628040189,4.0918984
2026-05-16 00:30:00,5.38,3.7800146204891485,3.8950932
2026-05-23 21:30:00,4.69,5.323212213385481,5.2374296
2026-05-24 06:30:00,5.08,4.569970509159603,4.470294
2026-05-24 21:30:00,3.95,5.082798580439904,4.970002
2026-05-25 21:30:00,4.94,3.5032038842212487,3.8093224
2026-05-26 09:30:00,2.24,4.949462761302396,5.180339
2026-05-30 21:30:00,1.76,2.6169807277164394,2.9078853
2026-05-31 21:30:00,6.08,1.854176907343553,1.8801228
2026-06-12 18:30:00,6.71,4.500387037037033,3.997487
2026-06-12 21:30:00,6.44,5.854360833333334,6.1955085
2026-06-13 00:30:00,6.26,5.988552843137256,5.903451
2026-06-13 03:30:00,5.54,6.19843015250645,5.970609
2026-06-13 12:30:00,5.21,5.3418098179486675,5.405649
2026-06-13 15:30:00,4.98,5.069933620978121,5.1226754
2026-06-13 18:30:00,4.78,5.030092626766045,5.161372
2026-06-13 21:30:00,4.51,4.5640035102525625,4.6141305
2026-06-14 00:30:00,4.24,4.377334608195573,4.4714794
2026-06-14 03:30:00,3.96,4.036916047246367,3.8725402
2026-06-14 06:30:00,3.34,3.8041752383384915,3.751719
2026-06-14 12:30:00,2.04,3.3406851205803942,3.1605952
2026-06-18 09:30:00,3.13,2.666973129779637,2.543134
2026-06-22 21:30:00,3.88,3.6906715253902997,4.0126143
2026-06-23 00:30:00,3.88,3.9225588147587587,4.1725926
2026-06-23 06:30:00,2.41,3.3275199715069887,3.5803888
2026-06-23 21:30:00,2.23,2.7553105826722377,2.687298
2026-06-24 00:30:00,2.02,2.3760994736585483,2.4019208
2026-06-24 03:30:00,1.88,2.1933146222440794,2.2986498
2026-06-24 06:30:00,1.6,2.0246481598159685,2.062291
2026-06-24 15:30:00,5.75,1.6368091255842172,1.8308376
2026-06-29 21:30:00,4.84,4.3091,3.6738393
2026-06-30 03:30:00,1.0,4.578776029526027,4.7315464
2026-07-11 09:30:00,3.78,2.78244226313723,1.754511
2026-08-01 15:30:00,3.24,3.4231480015082965,3.5096543
2026-08-01 18:30:00,2.76,3.237240781962261,3.77532
2026-08-01 21:30:00,2.34,2.8276823120830814,2.3659923
2026-08-02 00:30:00,1.96,2.604500557058805,2.7067668
2026-08-02 03:30:00,1.57,2.52875279030273,2.686966
2026-08-02 09:30:00,3.18,2.503302974530348,2.9025047
2026-08-03 00:30:00,6.28,3.4284219696969744,3.8170393
2026-08-03 03:30:00,6.63,5.651049999999997,5.892217
2026-08-03 06:30:00,7.65,6.244592583943841,6.076749
2026-08-03 15:30:00,8.24,7.8816500000000005,7.384698
2026-08-03 18:30:00,7.9,8.079850000000016,8.149975
2026-08-04 00:30:00,5.71,7.6742,7.583827
2026-08-04 00:30:00,7.65,5.583074951617008,5.037767
2026-08-04 03:30:00,7.42,7.467199999999996,7.4456167
2026-08-04 06:30:00,7.11,7.205226535353546,7.4338765
2026-08-04 09:30:00,6.43,6.926250235930732,6.6478763
2026-08-04 15:30:00,6.15,6.09702131431521,6.114608
2026-08-04 18:30:00,5.98,5.507988311757688,5.8344126
2026-08-04 21:30:00,5.36,5.327982764099469,5.775044
2026-08-05 03:30:00,5.08,4.905846396633776,5.2078576
2025-06-10 09:30:00,0.65,0.5071636760712931,0.48872888
2025-10-21 18:30:00,0.62,0.7572925314520869,0.7002572
2025-10-21 21:30:00,0.61,0.8921301804736119,0.93739927
2025-10-22 00:30:00,0.53,1.0482847505055408,0.77989215
2025-10-23 00:30:00,0.52,0.7654421497732034,0.9369222
2025-10-23 18:30:00,0.51,0.6395847926527813,0.76742387
2025-10-24 18:30:00,0.51,0.5144722266503394,0.72190726
2025-10-25 18:30:00,0.48,0.5294169968950905,0.6891311
2025-10-27 09:30:00,0.45,1.0528657009707787,0.8947952
2025-10-30 09:30:00,0.45,0.7182637601619323,0.8267103
2025-11-06 09:30:00,0.52,0.5010683142672032,0.5534642
2025-11-12 09:30:00,0.98,0.5114590997662308,0.57349396
2025-11-21 00:30:00,0.72,0.9100132599581984,0.8677061
2025-11-21 06:30:00,0.58,0.7414484479514606,0.6367398
2025-11-21 18:30:00,0.77,0.649562745283549,0.6245412
2025-11-23 03:30:00,0.87,0.9320551622357212,0.81620544
2025-11-23 06:30:00,2.15,0.9520076072202203,0.83157843
2025-11-24 00:30:00,1.95,1.9308714285714306,1.8707373
2025-11-24 03:30:00,0.98,1.7674540613134493,1.6559697
2025-11-24 18:30:00,2.1,1.3680908608043512,1.4773046
2025-11-25 03:30:00,2.49,2.1806305068686807,1.9588771
2025-11-25 15:30:00,1.71,2.409291805632318,2.2128882
2025-11-25 21:30:00,2.09,1.7340229298564005,1.566788
2025-11-26 00:30:00,5.03,2.651906414000422,2.017282
2025-11-27 00:30:00,4.6,3.1813500000000015,3.3584483
2025-11-27 09:30:00,4.57,3.9666970042053236,3.8302026
2025-11-27 12:30:00,4.25,4.132967784941677,4.35984
2025-11-27 18:30:00,2.85,3.890693905708155,3.8039148
2025-11-28 09:30:00,2.55,2.73795970253399,3.0493946
2025-11-28 12:30:00,2.36,2.637197606611986,3.0350153
2025-11-28 15:30:00,1.69,2.511162222692801,2.6075733
2025-11-29 06:30:00,1.63,1.9342024640954947,2.1200984
2025-11-29 09:30:00,1.62,1.9207064131162113,2.172618
2025-11-29 15:30:00,1.47,1.75751943275495,1.7969289
2025-11-30 00:30:00,1.36,1.4613331156458034,1.546491
2025-11-30 18:30:00,1.33,1.4898480951252275,1.5511415
2025-11-30 21:30:00,1.19,1.3053203771712694,1.4420512
2025-12-01 12:30:00,1.18,1.2926067318669763,1.2929027
2025-12-01 15:30:00,1.14,1.233611884337922,1.3120005
2025-12-01 18:30:00,1.09,1.2865221994258593,1.3337418
2025-12-02 00:30:00,1.14,1.337664372296353,1.0923059
2025-12-02 12:30:00,1.1,1.1606482158565359,1.1619238
2025-12-02 15:30:00,1.08,1.17518399083468,1.1249524
2025-12-02 18:30:00,1.05,1.117770050549842,1.114445
2025-12-02 21:30:00,0.98,1.1226868846128126,1.0968634
2025-12-03 00:30:00,1.02,0.9943308532227357,1.024901
2025-12-03 06:30:00,1.01,1.1453175182473694,1.155227
2025-12-03 09:30:00,1.0,1.0594507960272253,1.0753361
2025-12-03 12:30:00,1.0,1.0017885315433837,1.060785
2025-12-03 15:30:00,0.97,1.0309113324265975,1.0814415
2025-12-04 03:30:00,0.96,0.9804397443488374,1.0368338
2025-12-04 09:30:00,0.96,0.9707522414032992,1.0401728
2025-12-04 21:30:00,0.92,1.1088129673706004,1.1129205
2025-12-05 12:30:00,0.99,0.9728737587215837,1.0508769
2025-12-06 00:30:00,1.01,1.045612904053415,0.9868794
2025-12-06 15:30:00,0.95,1.0824603294960766,1.0183729
2025-12-07 06:30:00,0.84,1.0554477569974354,1.0099665
2025-12-07 15:30:00,0.83,0.9396924234067399,0.9377474
2025-12-07 18:30:00,0.84,1.1617920600411764,0.9247293
2025-12-08 09:30:00,0.82,0.8783257529903069,0.90678793
2025-12-08 15:30:00,0.75,0.8292130539222373,0.90242106
2025-12-09 09:30:00,0.96,0.8072100083418454,0.8818923
2025-12-10 09:30:00,0.88,0.9245617713428068,0.9632524
2025-12-10 15:30:00,0.77,0.9604433982555638,0.9771882
2025-12-11 12:30:00,0.87,0.9214716167088113,0.91087466
2025-12-13 09:30:00,0.79,0.9594793616852807,0.9255903
2025-12-14 09:30:00,0.86,0.8159421933441832,0.8704017
2025-12-17 15:30:00,1.35,0.8780007023728517,0.9441051
2025-12-18 15:30:00,1.46,1.328525473395568,1.3468089
2025-12-18 18:30:00,1.13,1.5089210821421977,1.4789754
2025-12-19 09:30:00,1.09,1.2421854829559493,1.3499405
2025-12-19 12:30:00,1.07,1.1648062602332825,1.2083634
2025-12-19 15:30:00,0.97,1.3208185292957118,1.1210222
2025-12-21 09:30:00,1.19,1.2337125311519617,1.1865848
2025-12-21 15:30:00,0.74,1.2952212933179785,1.2433538
2025-12-24 09:30:00,0.7,1.0809768226899024,1.0171145
2025-12-25 09:30:00,0.64,0.8521862742668046,0.86339945
2025-12-29 09:30:00,1.72,0.7892633593153369,0.8076198
2026-01-01 09:30:00,1.02,1.4055178571428568,1.4025444
2026-01-10 12:30:00,1.01,1.3506318830695643,1.3099631
2026-01-10 15:30:00,0.99,1.0116234214924196,0.89819705
2026-01-10 18:30:00,0.96,1.0387191273946872,1.3073905
2026-01-11 09:30:00,0.98,0.9882313297183483,1.0282279
2026-02-20 06:30:00,0.75,1.1625022097629811,1.112949
2026-02-21 21:30:00,0.46,1.0399279704419806,0.98281753
2026-04-15 09:30:00,0.43,0.6780532124333492,0.8030097
2026-05-10 06:30:00,2.75,0.47918919214604566,0.51486784
2026-05-11 21:30:00,0.68,1.9657499999999999,1.8232692
2026-05-12 15:30:00,1.6,1.069232615163421,1.1889279
2026-05-12 21:30:00,0.99,2.118341944444446,1.6934719
2026-05-13 06:30:00,0.65,1.5268995231757791,1.4503409
2026-05-13 21:30:00,0.63,0.8950686279353666,0.8844116
2026-05-14 00:30:00,0.49,0.8536627054588101,0.86710423
2026-05-15 00:30:00,0.43,0.7750912239738849,0.84885
2026-05-15 21:30:00,0.42,0.46524065562054906,0.45203584
2026-05-16 00:30:00,0.44,0.4405126767076776,0.45841572
2026-05-23 21:30:00,0.44,0.4359682172091457,0.40347016
2026-05-24 06:30:00,0.46,0.45274271731798443,0.38759354
2026-05-24 21:30:00,0.46,0.45953404415891924,0.4225542
2026-05-25 21:30:00,0.45,0.45846420166417845,0.4225542
2026-05-26 09:30:00,0.39,0.4533198584301863,0.42768764
2026-05-30 21:30:00,0.42,0.39139466839007653,0.383574
2026-05-31 21:30:00,0.38,0.4226084675513054,0.3849988
2026-06-12 18:30:00,0.38,0.39355147416758157,0.40278932
2026-06-12 21:30:00,0.38,0.3887488602006007,0.43989468
2026-06-13 00:30:00,0.38,0.38843407025103416,0.46911243
2026-06-13 03:30:00,0.42,0.38760678837745194,0.44462183
2026-06-13 12:30:00,0.42,0.4052649110645688,0.38767663
2026-06-13 15:30:00,0.4,0.40601465959343214,0.38222843
2026-06-13 18:30:00,0.38,0.39249144432183186,0.40540022
2026-06-13 21:30:00,0.38,0.3799958706560668,0.37734294
2026-06-14 00:30:00,0.38,0.3794647680128754,0.37489685
2026-06-14 03:30:00,0.38,0.37794285468936495,0.3767825
2026-06-14 06:30:00,0.4,0.3770915631362841,0.3705379
2026-06-14 12:30:00,0.37,0.38194946709389627,0.4044143
2026-06-18 09:30:00,0.38,0.3696866573533238,0.39371812
2026-06-22 21:30:00,0.37,0.37716901322702817,0.37734294
2026-06-23 00:30:00,0.37,0.3710633387059136,0.37489685
2026-06-23 06:30:00,0.36,0.3662037244752241,0.3705379
2026-06-23 21:30:00,0.36,0.35922654178671715,0.34559143
2026-06-24 00:30:00,0.36,0.3554476276894016,0.34314534
2026-06-24 03:30:00,0.36,0.3565672028981997,0.345031
2026-06-24 06:30:00,0.39,0.3538125225149947,0.3387864
2026-06-24 15:30:00,0.39,0.39177427588801306,0.36252704
2026-06-29 21:30:00,0.38,0.3934567674327449,0.37734294
2026-06-30 03:30:00,0.43,0.3776407560854655,0.3767825
2026-07-11 09:30:00,0.16,0.44207480931810617,0.4036578
2026-08-01 15:30:00,0.16,0.2684851668883007,0.3112392
2026-08-01 18:30:00,0.16,0.21191775585189984,0.31704575
2026-08-01 21:30:00,0.16,0.20821506607286205,0.2992335
2026-08-02 00:30:00,0.16,0.16753993361725109,0.20365311
2026-08-02 03:30:00,0.16,0.1630918383791558,0.21345878
2026-08-02 09:30:00,0.18,0.15930281877131267,0.2275523
2026-08-03 00:30:00,0.19,0.39268069205907774,0.25812897
2026-08-03 03:30:00,0.2,0.3524475129465234,0.28581938
2026-08-03 06:30:00,0.2,0.2925104137138607,0.20031227
2026-08-03 15:30:00,0.19,0.2312734049200672,0.217817
2026-08-03 18:30:00,0.19,0.2042813870817883,0.24776928
2026-08-04 00:30:00,0.17,0.2051951036010761,0.2461379
2026-08-04 00:30:00,0.19,0.16862421402065478,0.22671871
2026-08-04 03:30:00,0.18,0.1980707502814492,0.24894667
2026-08-04 06:30:00,0.18,0.19598032040897487,0.25099388
2026-08-04 09:30:00,0.18,0.20292740191071845,0.21728082
2026-08-04 15:30:00,0.17,0.1855943688053134,0.2540251
2026-08-04 18:30:00,0.17,0.19163314263020262,0.2334495
2026-08-04 21:30:00,0.17,0.18178831402534112,0.20295988
2026-08-05 03:30:00,0.18,0.17596634624436164,0.21345878
2025-06-10 09:30:00,0.59,0.36089617148636066,0.3229806
2025-10-21 18:30:00,0.52,0.5675628468134898,0.49495143
2025-10-21 21:30:00,0.58,1.054971651622745,0.5655593
2025-10-22 00:30:00,0.4,0.7652695301705222,0.5822436
2025-10-23 00:30:00,0.33,0.685319186525997,0.6181482
2025-10-23 18:30:00,0.35,0.3455846681836436,0.5088467
2025-10-24 18:30:00,0.33,0.6965546009548844,0.41252756
2025-10-25 18:30:00,0.26,0.339803699199658,0.4304011
2025-10-27 09:30:00,0.22,0.3261101014868514,0.6436882
2025-10-30 09:30:00,0.16,0.2708377415440609,0.47783497
2025-11-06 09:30:00,0.25,0.22134316631671047,0.33534893
2025-11-12 09:30:00,0.45,0.27971737275491954,0.33214906
2025-11-21 00:30:00,0.47,0.48259727414012893,0.2811802
2025-11-21 06:30:00,0.35,0.43236847814245144,0.3628285
2025-11-21 18:30:00,0.59,0.3697196991693169,0.3651633
2025-11-23 03:30:00,0.67,0.7314937666670204,0.6072677
2025-11-23 06:30:00,1.2,0.6350372667178948,0.64491594
2025-11-24 00:30:00,1.05,1.245059485435375,1.0853436
2025-11-24 03:30:00,0.8,0.970803835277557,1.0691353
2025-11-24 18:30:00,1.35,0.9989379551511203,0.9540368
2025-11-25 03:30:00,1.34,1.272250071786365,1.220887
2025-11-25 15:30:00,1.02,1.3237866825692035,1.346716
2025-11-25 21:30:00,1.41,1.049651411233834,1.177004
2025-11-26 00:30:00,2.75,1.5448975455357041,1.2485132
2025-11-27 00:30:00,4.2,2.112791077687897,1.6266898
2025-11-27 09:30:00,3.2,3.4765500000000005,2.5610902
2025-11-27 12:30:00,0.87,2.7473840594498657,2.4372973
2025-12-03 09:30:00,0.86,1.5634634726268337,1.1993914
2025-12-03 12:30:00,0.84,1.1582353785770316,1.2467232
2025-12-03 15:30:00,0.82,0.8901966395419886,0.87360376
2025-12-04 09:30:00,0.76,0.8320286213503502,0.85857797
2025-12-05 12:30:00,0.75,0.8431519826334178,0.8188646
2025-12-06 15:30:00,0.7,0.7767793870101207,0.7926815
2025-12-07 15:30:00,0.72,0.7443624363517855,0.7218173
2025-12-07 18:30:00,0.7,0.9554131236805162,0.7050711
2025-12-08 09:30:00,0.68,0.7585959579206478,0.7274381
2025-12-08 15:30:00,0.92,0.7386198729243344,0.7135719
2025-12-09 09:30:00,0.74,1.3416190722291639,0.9166736
2025-12-10 09:30:00,0.73,0.7976287603552898,0.80258924
2025-12-10 15:30:00,0.7,0.925503915698242,0.82325166
2025-12-11 12:30:00,0.77,0.7629631027039464,0.7046605
2025-12-13 09:30:00,0.73,0.8538247453450092,0.7929342
2025-12-14 09:30:00,0.75,0.7557341179938484,0.76029825
2025-12-17 15:30:00,1.3,0.7959930448778895,0.8684215
2025-12-18 15:30:00,1.25,1.384820006513484,1.1509082
2025-12-18 18:30:00,1.0,1.1991601744806952,1.2143512
2025-12-19 09:30:00,0.96,1.0000442568969325,0.953563
2025-12-19 12:30:00,1.18,1.0232361825344116,1.1681039
2025-12-19 15:30:00,0.91,1.3849961646768594,1.1508275
2025-12-21 09:30:00,0.89,1.2618478244412779,0.93267757
2025-12-21 15:30:00,0.75,1.2859883866724566,1.2934971
2025-12-24 09:30:00,0.78,0.7653819547872561,0.8541127
2025-12-25 09:30:00,0.65,0.8972530209373133,0.82091993
2025-12-29 09:30:00,0.7,0.715706162945643,0.7635257
2026-01-01 09:30:00,0.83,0.8032992508024287,0.71471506
2026-01-10 12:30:00,0.84,0.8736301470960816,0.8016383
2026-01-10 15:30:00,0.83,0.865178755294457,0.80020547
2026-01-10 18:30:00,0.79,0.8417719308995935,0.8088734
2026-01-11 09:30:00,0.94,0.8148911263029878,0.83519566
2026-02-20 06:30:00,1.67,0.9581309936360036,1.0020295
2026-02-21 21:30:00,0.39,1.8012112500000013,1.5505135
2026-04-15 09:30:00,0.96,1.1200635054500945,1.2096794
2026-05-10 06:30:00,1.28,1.2202881598118138,0.94382524
2026-05-11 21:30:00,0.67,1.8514570323093253,1.7111068
2026-05-12 15:30:00,1.67,0.87464331743347,0.83384794
2026-05-12 21:30:00,0.84,1.521742180614865,1.7604
2026-05-13 06:30:00,0.69,1.3556784174608327,1.5276749
2026-05-13 21:30:00,0.66,0.8055432781672819,0.88455147
2026-05-14 00:30:00,0.62,0.8449441883231111,0.83358556
2026-05-15 00:30:00,0.5,0.7530709430354225,0.7115158
2026-05-15 21:30:00,0.54,0.6010405756415063,0.65357786
2026-05-16 00:30:00,0.28,0.5572594081908508,0.54197556
2026-05-23 21:30:00,0.26,0.4662015417414226,0.46606085
2026-05-24 06:30:00,0.29,0.381315706590589,0.3095478
2026-05-24 21:30:00,0.3,0.30965247091626336,0.33583343
2026-05-25 21:30:00,0.3,0.30400792459561315,0.30608672
2026-05-26 09:30:00,0.32,0.2940149461158086,0.30515537
2026-05-30 21:30:00,0.29,0.31139654893660706,0.30981654
2026-05-31 21:30:00,0.23,0.298487510897943,0.30981654
2026-06-12 18:30:00,0.24,0.3157610511391352,0.40580902
2026-06-12 21:30:00,0.23,0.2898558792379552,0.2790195
2026-06-13 00:30:00,0.26,0.27286599447814114,0.28092563
2026-06-13 03:30:00,0.26,0.24844638223826515,0.20975463
2026-06-13 12:30:00,0.24,0.29521183325005423,0.25323945
2026-06-13 15:30:00,0.29,0.26233338751498736,0.20115866
2026-06-13 18:30:00,0.26,0.28476873184404744,0.27956346
2026-06-13 21:30:00,0.24,0.3176503427848165,0.29703397
2026-06-14 00:30:00,0.21,0.24840913281221436,0.22475709
2026-06-14 03:30:00,0.21,0.2277231026894474,0.2560014
2026-06-14 06:30:00,0.17,0.20357094702767609,0.24473855
2026-06-14 12:30:00,0.24,0.16685887694504903,0.22362827
2026-06-18 09:30:00,0.24,0.23618515475338486,0.19246505
2026-06-22 21:30:00,0.27,0.3427432634574433,0.46883026
2026-06-23 00:30:00,0.22,0.3946781379975993,0.36994958
2026-06-23 06:30:00,0.2,0.389724586702753,0.2625332
2026-06-23 21:30:00,0.2,0.2801642041595018,0.2665954
2026-06-24 00:30:00,0.19,0.272113320478164,0.27847347
2026-06-24 03:30:00,0.19,0.2099262289996539,0.17876199
2026-06-24 06:30:00,0.19,0.2238901782327493,0.17251734
2026-06-24 15:30:00,0.17,0.18785280476973137,0.17428018
2026-06-29 21:30:00,0.17,0.20092951217770005,0.17939088
2026-06-30 03:30:00,0.14,0.18053940306126987,0.16485599
2026-07-11 09:30:00,0.09,0.1731731448479104,0.14883842
2026-08-01 15:30:00,0.08,0.08343610136544337,0.11340749
2026-08-01 18:30:00,0.08,0.057493868803001946,0.10857892
2026-08-01 21:30:00,0.1,0.10951564735599029,0.10139392
2026-08-02 00:30:00,0.08,0.1751595796087332,0.10059369
2026-08-02 03:30:00,0.09,0.06642548244905802,0.10971347
2026-08-02 09:30:00,0.09,0.11479162448695247,0.12425539
2026-08-03 00:30:00,0.09,0.07473227208995188,0.10059369
2026-08-03 03:30:00,0.09,0.07596173068451821,0.12639278
2026-08-03 06:30:00,0.15,0.07695005086371436,0.14926484
2026-08-03 15:30:00,0.19,0.13969894906564762,0.25572106
2026-08-03 18:30:00,0.22,0.22690799375624393,0.23045008
2026-08-04 00:30:00,0.14,0.22720741909613806,0.2344978
2026-08-04 00:30:00,0.24,0.17207586098555785,0.16430792
2026-08-04 03:30:00,0.2,0.26679724208175537,0.25216982
2026-08-04 06:30:00,0.19,0.22950813252138846,0.20112458
2026-08-04 09:30:00,0.19,0.22431714922987958,0.22758093
2026-08-04 15:30:00,0.15,0.1724881555103956,0.24921092
2026-08-04 18:30:00,0.15,0.18851742851500203,0.20800385
2026-08-04 21:30:00,0.14,0.2087343289431213,0.19399902
2026-08-05 03:30:00,0.13,0.18516482506958096,0.14469829
2025-06-10 09:30:00,0.78,1.048393640932372,0.94232243
2025-10-21 18:30:00,0.72,1.4057459862312192,0.93561816
2025-10-21 21:30:00,0.7,1.1229001925294635,0.8706491
2025-10-22 00:30:00,0.58,0.8060102097560728,0.72364265
2025-10-23 00:30:00,0.8,0.9354795798798559,0.80595607
2025-10-23 18:30:00,0.8,1.0368356540274097,0.86993575
2025-10-24 18:30:00,1.1,0.9115383784928105,0.9339953
2025-10-25 18:30:00,0.88,1.2076358358486041,1.0801445
2025-10-27 09:30:00,0.32,1.0209399441829015,1.0535858
2025-10-30 09:30:00,0.25,1.027589446383717,0.8361877
2025-11-06 09:30:00,0.32,0.7009794314167758,0.7507564
2025-11-12 09:30:00,0.6,0.8310827004218285,0.54279655
2025-11-21 00:30:00,0.73,0.6386669990932495,0.45645556
2025-11-21 06:30:00,0.86,0.6554476075768793,0.5945506
2025-11-21 18:30:00,1.58,0.8710809580844148,0.7078327
2025-11-23 03:30:00,1.6,1.4452965277777787,1.3621638
2025-11-23 06:30:00,1.67,1.5346242357737836,1.4465467
2025-11-24 00:30:00,1.65,1.8030305968555984,1.5506841
2025-11-24 03:30:00,1.57,1.6628113761238217,1.6093646
2025-11-24 18:30:00,1.5,1.6132442416909634,1.4719054
2025-11-25 03:30:00,1.52,1.6312565691448881,1.3797109
2025-11-25 15:30:00,1.48,1.5107479140822964,1.4186376
2025-11-25 21:30:00,1.45,1.4945719659392487,1.4374417
2025-11-26 00:30:00,1.58,1.4388095567493275,1.3904712
2025-11-27 00:30:00,1.67,1.5432754719749808,1.5035211
2025-11-27 09:30:00,1.7,1.6295058687020159,1.5249089
2025-11-27 12:30:00,1.69,1.7213859713449509,1.6001269
2025-11-27 18:30:00,1.68,1.72847308224123,1.5486892
2025-11-28 09:30:00,1.68,1.6955155389291479,1.582445
2025-11-28 12:30:00,1.68,1.7532093739189825,1.5828431
2025-11-28 15:30:00,1.6,1.7368998741374275,1.5646844
2025-11-29 06:30:00,1.66,1.5424280227082385,1.5239481
2025-11-29 09:30:00,1.61,1.6327096088485167,1.569365
2025-11-29 15:30:00,1.5,1.5513170155777636,1.5365003
2025-11-30 00:30:00,1.16,1.4287694671849023,1.3952687
2025-11-30 18:30:00,1.09,1.462682031710778,1.2352352
2025-11-30 21:30:00,0.85,1.068517064800792,1.0001358
2025-12-01 12:30:00,0.86,0.9235767175352472,0.9195712
2025-12-01 15:30:00,0.79,0.8964545851358382,0.87528545
2025-12-01 18:30:00,0.73,0.8124597883466967,0.9360764
2025-12-02 03:30:00,0.64,0.7151145081701875,0.73313403
2025-12-02 12:30:00,0.74,0.6862313902720966,0.6219377
2025-12-02 15:30:00,0.68,0.8020989765111807,0.7496061
2025-12-02 18:30:00,0.64,0.9906076916770297,0.67389035
2025-12-02 21:30:00,0.46,0.6457192308433055,0.64754266
2025-12-03 00:30:00,0.64,0.6482169953903767,0.5778111
2025-12-03 06:30:00,0.5,0.7014108728531241,0.56813073
2025-12-03 09:30:00,0.54,1.659814198697264,0.61986387
2025-12-03 12:30:00,0.61,0.6058540681865953,0.50423574
2025-12-03 15:30:00,0.47,0.6054770956594546,0.5630505
2025-12-04 03:30:00,0.46,1.0666842635518643,0.512013
2025-12-04 09:30:00,0.48,0.5175044691976862,0.51015615
2025-12-04 21:30:00,1.14,0.48357613381537573,0.5411764
2025-12-05 12:30:00,1.15,0.9839678187388816,0.93966377
2025-12-06 00:30:00,1.09,1.1674632177253317,1.0647452
2025-12-06 15:30:00,0.9,1.0233519993619473,0.9619451
2025-12-07 06:30:00,0.69,1.1029050620771879,0.95814526
2025-12-07 15:30:00,0.78,0.7830065508127133,0.83890665
2025-12-07 18:30:00,0.82,1.0219982171451751,1.1023661
2025-12-08 09:30:00,0.7,0.8893499801339031,0.80529755
2025-12-08 15:30:00,0.8,0.7168965755701389,0.6924112
2025-12-09 09:30:00,1.01,0.8598463803923729,0.7905403
2025-12-10 09:30:00,0.98,0.9681388033397808,0.91167593
2025-12-10 15:30:00,0.57,0.9921335811099098,0.9375251
2025-12-11 12:30:00,0.74,0.8078926228483487,0.7457075
2025-12-13 09:30:00,0.98,0.8259196880551707,0.761387
2025-12-14 09:30:00,0.54,0.929290217022718,0.8398876
2025-12-17 15:30:00,0.55,0.6445222492263689,0.6696246
2025-12-18 15:30:00,0.5,0.7806115717159966,0.6871964
2025-12-18 18:30:00,0.43,0.8514399867724869,0.6652637
2025-12-19 09:30:00,0.4,0.5638935914134215,0.5083701
2025-12-19 12:30:00,0.56,0.4591121157404747,0.55268604
2025-12-19 15:30:00,0.98,0.6274162618334329,0.6883044
2025-12-21 09:30:00,1.0,0.8387704423958648,0.93570286
2025-12-21 15:30:00,0.53,1.0055829469640873,0.89398676
2025-12-24 09:30:00,0.66,0.6807404069443328,0.71778625
2025-12-25 09:30:00,0.33,0.6873342644646793,0.63964146
2025-12-29 09:30:00,0.25,0.7563119434327867,0.58189005
2026-01-01 09:30:00,0.32,0.37415665322747815,0.37478602
2026-01-10 12:30:00,0.26,0.7165447064282442,0.51883787
2026-01-10 15:30:00,0.4,0.4731863392968237,0.34554434
2026-01-10 18:30:00,0.39,0.5381650416656435,0.36958227
2026-01-11 09:30:00,0.53,0.5595289392231826,0.47307438
2026-02-20 06:30:00,0.76,0.7591706730769231,0.5509964
2026-02-21 21:30:00,0.34,0.6789473500571249,0.6436565
2026-04-15 09:30:00,0.35,0.6016539034616681,0.5758653
2026-05-10 06:30:00,0.45,0.5549679591613631,0.46223852
2026-05-11 21:30:00,0.67,0.8574722222222223,0.63481027
2026-05-12 15:30:00,0.78,0.8241272123015873,0.6058864
2026-05-12 21:30:00,0.9,1.0072883147735274,0.78236085
2026-05-13 06:30:00,1.15,0.9950383047312363,0.85325325
2026-05-13 21:30:00,1.16,1.3054743706633332,1.1493719
2026-05-14 00:30:00,1.11,1.2224056018780294,1.1896944
2026-05-15 00:30:00,1.07,1.1541423733629406,1.0980177
2026-05-15 21:30:00,1.06,1.1241290574284408,1.1391479
2026-05-16 00:30:00,0.36,1.064430571604599,1.10626
2026-05-23 21:30:00,0.32,0.8158391764814281,0.6409302
2026-05-24 06:30:00,0.23,0.5168737573095896,0.44898483
2026-05-24 21:30:00,0.2,0.6601690356633049,0.36460164
2026-05-25 21:30:00,0.2,0.473496558786766,0.5333613
2026-05-26 09:30:00,0.64,0.5090018971890867,0.44238228
2026-05-30 21:30:00,0.38,0.6186066473616472,0.42656395
2026-05-31 21:30:00,1.0,0.4648232907680988,0.41421285
2026-06-12 18:30:00,0.9,1.0570045021747718,0.8080794
2026-06-12 21:30:00,0.94,0.9459246706167598,0.81798226
2026-06-13 00:30:00,0.98,1.0380469498495704,0.8781491
2026-06-13 03:30:00,1.1,0.9341414423481552,0.9430209
2026-06-13 12:30:00,1.13,1.1368833102791316,1.0571238
2026-06-13 15:30:00,1.13,1.1213022451367474,1.0364772
2026-06-13 18:30:00,1.05,1.1296812218006544,1.0755061
2026-06-13 21:30:00,0.98,1.0118135075569352,0.9961599
2026-06-14 00:30:00,0.95,0.9435042376990149,0.9797669
2026-06-14 03:30:00,0.99,0.9283405692875671,0.9364503
2026-06-14 06:30:00,0.76,0.9462452666648226,0.9493565
2026-06-14 12:30:00,0.74,0.7633885597071918,0.84975123
2026-06-18 09:30:00,0.8,0.9819518173814507,0.9711579
2026-06-22 21:30:00,0.9,0.8140019733410141,0.82758945
2026-06-23 00:30:00,1.0,0.9167347783978385,0.85346276
2026-06-23 06:30:00,0.85,1.0896712590508613,0.9245568
2026-06-23 21:30:00,0.75,0.9416186928435039,1.0228637
2026-06-24 00:30:00,0.65,0.7420314863876386,0.85159063
2026-06-24 03:30:00,0.55,0.6752261802446337,0.6903469
2026-06-24 06:30:00,0.55,0.71982868188174,0.67481196
2026-06-24 15:30:00,1.02,0.7005591883625192,0.5635932
2026-06-29 21:30:00,1.0,0.9758050062203825,0.85872567
2026-06-30 03:30:00,0.1,0.971292726344048,0.8467134
2026-07-11 09:30:00,0.2,0.9250201471367088,0.9836097
2026-08-01 15:30:00,0.31,0.6815590482002536,0.4493792
2026-08-01 18:30:00,0.45,0.6689255796151925,0.36949888
2026-08-01 21:30:00,0.35,0.47774711054548746,0.2598255
2026-08-02 00:30:00,0.3,0.5416434944895805,0.43849495
2026-08-02 03:30:00,0.39,0.603205164597582,0.40829068
2026-08-02 09:30:00,0.45,0.6339631419361454,0.48752758
2026-08-03 00:30:00,0.39,0.580736858673643,0.44475237
2026-08-03 03:30:00,0.35,0.5127677498856414,0.38942724
2026-08-03 06:30:00,0.67,0.516811307687569,0.39373353
2026-08-03 15:30:00,0.74,0.8574027799231113,0.59841436
2026-08-03 18:30:00,0.75,0.8610108304274187,0.87900764
2026-08-04 00:30:00,0.81,0.9015649022307928,0.836989
2026-08-04 00:30:00,0.82,1.0454516198289967,0.9333355
2026-08-04 03:30:00,0.95,1.075944697810029,0.99562454
2026-08-04 06:30:00,0.96,1.1573186275052492,0.96805924
2026-08-04 09:30:00,0.9,1.0209059365390851,1.0171393
2026-08-04 15:30:00,0.87,0.993460475522136,0.9939159
2026-08-04 18:30:00,0.83,0.8903675577612291,0.94622296
2026-08-04 21:30:00,0.73,0.8871809937356164,0.9648893
2026-08-05 03:30:00,0.62,1.100609535795378,0.86731404
2025-06-10 09:30:00,1.44,0.34361891941391964,0.3159728
2025-10-21 18:30:00,1.39,1.5805999999999991,1.357023
2025-10-21 21:30:00,1.35,1.662018846802262,1.5391978
2025-10-22 00:30:00,0.98,1.5279056892277019,1.4683126
2025-10-23 00:30:00,0.88,0.9804752527225805,1.2686574
2025-10-23 18:30:00,0.61,0.9965579455561557,1.0995141
2025-10-24 18:30:00,0.66,0.9113074376009827,0.86524624
2025-10-25 18:30:00,0.63,0.8233300423099008,0.8298292
2025-10-27 09:30:00,0.51,0.7374099068500936,0.87827694
2025-10-30 09:30:00,0.4,0.6994084531668832,1.0310293
2025-11-06 09:30:00,0.6,0.4621389653799769,0.563783
2025-11-12 09:30:00,1.16,0.9613244011544018,0.52600276
2025-11-21 00:30:00,1.14,0.9864779863054792,0.9102916
2025-11-21 06:30:00,1.05,1.2439374421760292,1.1062089
2025-11-21 18:30:00,2.06,0.9868643463957832,1.0116739
2025-11-23 03:30:00,1.59,1.7293355280830278,1.6286019
2025-11-23 06:30:00,3.59,2.029389371728474,1.6257336
2025-11-24 00:30:00,3.06,2.569945634920635,2.3878083
2025-11-24 03:30:00,1.75,2.5678474505309445,2.4191916
2025-11-24 18:30:00,2.17,1.9057570558973984,1.7717828
2025-11-25 03:30:00,1.64,2.3311489840787063,2.1600015
2025-11-25 15:30:00,1.62,1.882223571120731,1.7947292
2025-11-25 21:30:00,1.61,1.8349341461301767,1.7116252
2025-11-26 00:30:00,2.65,1.8834805503908207,1.7935212
2025-11-27 00:30:00,5.42,2.3340488151976175,2.061882
2025-11-27 09:30:00,5.52,4.639649999999998,3.915318
2025-11-27 12:30:00,4.37,5.463947078556287,5.095092
2025-11-27 18:30:00,3.7,3.7924461580552395,3.6175861
2025-11-28 09:30:00,3.33,3.7761740287952206,3.3368235
2025-11-28 12:30:00,3.08,3.254455750738521,3.538776
2025-11-28 15:30:00,2.42,2.987085038438686,3.057117
2025-11-29 06:30:00,2.22,2.4345972851571767,2.6487308
2025-11-29 09:30:00,2.1,2.4276278625090315,2.4007347
2025-11-29 15:30:00,2.04,2.145094902074178,2.158198
2025-11-30 00:30:00,1.74,2.0106950556198,1.9123933
2025-11-30 18:30:00,1.7,1.7965546102334615,1.8653817
2025-11-30 21:30:00,1.5,1.7162551029797362,1.6798033
2025-12-01 12:30:00,1.48,1.8578653804161576,1.5639272
2025-12-01 15:30:00,1.45,1.6183741048186033,1.5225028
2025-12-01 18:30:00,1.43,1.6352925816720938,1.4578197
2025-12-02 00:30:00,1.42,1.4042231296300471,1.371149
2025-12-02 03:30:00,1.33,1.4111607944306144,1.3663175
2025-12-02 12:30:00,1.29,1.4284329538380356,1.3053427
2025-12-02 15:30:00,1.26,1.4242782939095295,1.2846243
2025-12-02 18:30:00,1.25,1.3267756801573183,1.2158413
2025-12-02 21:30:00,1.4,1.3522116685335996,1.2107102
2025-12-03 00:30:00,1.25,1.3838830588642688,1.2868838
2025-12-03 06:30:00,1.31,1.3538222958836204,1.2070645
2025-12-03 09:30:00,1.4,1.4996849717036098,1.3014146
2025-12-03 12:30:00,1.39,1.5284912425060344,1.3902346
2025-12-03 15:30:00,1.39,1.4479778662237248,1.3818305
2025-12-04 03:30:00,1.39,1.4451438002762405,1.3402516
2025-12-04 09:30:00,1.38,1.4550254394250888,1.3899981
2025-12-04 21:30:00,1.35,1.4108405126355512,1.3411276
2025-12-05 12:30:00,1.35,1.4262326662603795,1.3694456
2025-12-06 00:30:00,1.38,1.465791824059892,1.4411266
2025-12-06 15:30:00,1.36,1.5761797734487684,1.4484497
2025-12-07 06:30:00,1.34,1.3944505691907256,1.3917544
2025-12-07 15:30:00,1.32,1.4262957663631641,1.2861043
2025-12-07 18:30:00,1.25,1.400388971775061,1.2931864
2025-12-08 09:30:00,1.23,1.3345769025482335,1.2537165
2025-12-08 15:30:00,1.21,1.3586989993536027,1.2543137
2025-12-09 09:30:00,1.27,1.3660988308565882,1.2508217
2025-12-10 09:30:00,1.16,1.3837089260389994,1.2938538
2025-12-10 15:30:00,1.11,1.3818937661952393,1.2621987
2025-12-11 12:30:00,1.27,1.118837338310568,1.1730375
2025-12-13 09:30:00,1.13,1.3280269359978394,1.246871
2025-12-14 09:30:00,0.92,1.1561366064110954,1.1759622
2025-12-17 15:30:00,1.06,1.0600374850958263,1.0270332
2025-12-18 15:30:00,1.19,1.1652795235833995,1.067244
2025-12-18 18:30:00,1.1,1.3749766464437263,1.2480634
2025-12-19 09:30:00,1.11,1.1039515222601104,1.1445013
2025-12-19 12:30:00,1.08,1.1431696483502296,1.2013417
2025-12-19 15:30:00,1.01,1.1002679140972753,1.0853626
2025-12-21 09:30:00,1.01,0.9960611303888934,1.0542599
2025-12-21 15:30:00,1.01,1.0352225181139192,1.0267981
2025-12-24 09:30:00,1.0,1.050679844065864,1.0384365
2025-12-25 09:30:00,0.96,0.9838198093518635,1.0350118
2025-12-29 09:30:00,1.79,0.961999878402461,1.0209373
2026-01-01 09:30:00,1.19,1.5623379166666675,1.4023033
2026-01-10 12:30:00,1.19,1.8914470218399055,1.5380384
2026-01-10 15:30:00,1.14,1.1901776698994866,1.1468817
2026-01-10 18:30:00,1.03,1.4961732756481378,1.3337669
2026-01-11 09:30:00,0.62,1.0267309473183284,1.0459787
2026-02-20 06:30:00,1.12,0.9566251858847269,0.923232
2026-02-21 21:30:00,1.3,1.2184247739318872,1.0985938
2026-04-15 09:30:00,2.57,1.5768186626251244,1.4719157
2026-05-10 06:30:00,2.2,2.0546658333333316,1.750101
2026-05-11 21:30:00,1.95,1.9749666719515042,1.9934036
2026-05-12 15:30:00,1.86,1.926869057300878,1.9534417
2026-05-12 21:30:00,1.79,1.8653361373767114,1.8743329
2026-05-13 06:30:00,1.74,1.815928191691877,1.8414589
2026-05-13 21:30:00,1.73,1.7593024640979646,1.8616028
2026-05-14 00:30:00,1.44,1.7584962707501548,1.7280145
2026-05-15 00:30:00,1.23,1.4189393506621328,1.48602
2026-05-15 21:30:00,1.22,1.2923839216476318,1.3802903
2026-05-16 00:30:00,0.7,1.2792958229461437,1.3299427
2026-05-23 21:30:00,0.69,0.9023333995558529,0.906157
2026-05-24 06:30:00,0.69,0.7452632523094738,0.78994304
2026-05-24 21:30:00,0.68,0.7861512325154382,0.73881894
2026-05-25 21:30:00,0.67,0.7045026111932182,0.6992027
2026-05-26 09:30:00,0.67,0.7039214597493125,0.7130451
2026-05-30 21:30:00,0.64,0.6689475605125995,0.6992027
2026-05-31 21:30:00,0.5,0.6770938885940022,0.79671943
2026-06-12 18:30:00,0.61,0.8394582952532308,0.8970733
2026-06-12 21:30:00,0.66,0.7836514360918225,0.8311758
2026-06-13 00:30:00,0.7,0.7783749931952246,0.7938871
2026-06-13 03:30:00,0.57,0.8364362618277406,0.7180191
2026-06-13 12:30:00,0.53,0.5899096449885701,0.7757212
2026-06-13 15:30:00,0.48,0.5715208399196551,0.55839485
2026-06-13 18:30:00,0.46,0.4928863974429332,0.57397366
2026-06-13 21:30:00,0.45,0.46754012653882593,0.4521548
2026-06-14 00:30:00,0.43,0.4511663249450848,0.43045375
2026-06-14 03:30:00,0.42,0.43807319442558357,0.41390848
2026-06-14 06:30:00,0.43,0.41683432479604277,0.38853577
2026-06-14 12:30:00,0.36,0.42049708394131163,0.41024348
2026-06-18 09:30:00,0.34,0.38060290765253746,0.3867642
2026-06-22 21:30:00,0.34,0.34537484126096774,0.37296054
2026-06-23 00:30:00,0.33,0.33823029657379133,0.3265665
2026-06-23 06:30:00,0.37,0.3316167321760047,0.33934388
2026-06-23 21:30:00,0.37,0.3722659859863169,0.3133414
2026-06-24 00:30:00,0.37,0.3747171300583084,0.31498146
2026-06-24 03:30:00,0.37,0.3665055512061564,0.33646527
2026-06-24 06:30:00,0.38,0.36600353072182285,0.33391222
2026-06-24 15:30:00,0.4,0.3903716463498772,0.38732463
2026-06-29 21:30:00,0.41,0.38433554250855306,0.38255775
2026-06-30 03:30:00,0.22,0.39071582921516723,0.38199732
2026-07-11 09:30:00,0.03,0.24562192354799797,0.27696228
2026-08-01 15:30:00,0.02,0.32134178434939964,0.24017408
2026-08-01 18:30:00,0.02,0.32885933532759737,0.1602195
2026-08-01 21:30:00,0.02,0.25844617263639724,0.054331403
2026-08-02 00:30:00,0.01,0.040284389353962495,0.0363164
2026-08-02 03:30:00,0.02,0.02296111989582721,0.028484853
2026-08-02 09:30:00,0.02,0.03041151305810925,0.058484748
2026-08-03 00:30:00,0.03,0.053800896198725925,0.34494162
2026-08-03 03:30:00,0.05,0.03433799113427718,0.04490849
2026-08-03 06:30:00,0.11,0.10937116795719758,0.03746353
2026-08-03 15:30:00,0.1,0.135546042054065,0.06429723
2026-08-03 18:30:00,0.11,0.1019231442239129,0.08488524
2026-08-04 00:30:00,0.04,0.11766120557094327,0.12564498
2026-08-04 00:30:00,0.11,0.02134345048125313,0.11348564
2026-08-04 03:30:00,0.09,0.14568163960980504,0.09219352
2026-08-04 06:30:00,0.08,0.06454350750291202,0.12702674
2026-08-04 09:30:00,0.06,0.0591285952770673,0.13822484
2026-08-04 15:30:00,0.05,0.1258780178504462,0.124806106
2026-08-04 18:30:00,0.05,0.20142180044819735,0.07627775
2026-08-04 21:30:00,0.03,0.17847027806361765,0.06909271
2026-08-05 03:30:00,0.04,0.07792821444488295,0.07750546
2025-06-10 09:30:00,2.72,1.470349227933671,1.2286361
2025-10-21 18:30:00,2.65,1.6979921309523818,1.8861762
2025-10-21 21:30:00,2.6,1.935530205627705,2.4584777
2025-10-22 00:30:00,1.84,2.315615264822091,2.413081
2025-10-23 00:30:00,1.52,2.119570419266166,2.3204408
2025-10-23 18:30:00,2.18,2.444422195196609,2.6058102
2025-10-24 18:30:00,2.7,2.4324818132953103,2.7665038
2025-10-25 18:30:00,1.67,2.492521253661996,2.8842437
2025-10-27 09:30:00,1.5,1.9135241195253356,2.1361773
2025-10-30 09:30:00,1.35,2.11356758411845,2.4172056
2025-11-06 09:30:00,1.46,1.4616686482674481,1.6127311
2025-11-12 09:30:00,1.65,1.5912015001774122,1.9257164
2025-11-21 00:30:00,1.65,1.6531724033657582,1.6542928
2025-11-21 06:30:00,1.64,1.7099796232050588,1.6233088
2025-11-21 18:30:00,1.7,1.7075228733670775,1.6311877
2025-11-23 03:30:00,1.77,1.7643113124775243,1.6956295
2025-11-23 06:30:00,1.75,2.0428572453182254,1.7251436
2025-11-24 00:30:00,1.75,1.9869340356685472,1.6769382
2025-11-24 03:30:00,2.55,2.008365840506552,1.9226813
2025-11-24 18:30:00,2.74,2.3760099265673826,2.2161474
2025-11-25 03:30:00,2.72,2.267412350818874,2.242204
2025-11-25 15:30:00,2.6,2.464431217125158,2.579712
2025-11-25 21:30:00,2.58,2.690203786920203,2.5952954
2025-11-26 00:30:00,5.7,2.624353187878947,2.48895
2025-11-27 00:30:00,7.84,4.9097257771164,5.056975
2025-11-27 09:30:00,8.13,7.735999999999997,7.033934
2025-11-27 12:30:00,8.77,7.480750000000004,7.13817
2025-11-27 18:30:00,9.72,8.427850000000003,7.87771
2025-11-28 09:30:00,10.86,9.803749999999983,9.270267
2025-11-30 18:30:00,10.75,10.472799999999985,9.653407
2025-11-30 21:30:00,9.78,11.200957142857133,10.324441
2025-12-01 12:30:00,9.43,10.078250000000002,9.513082
2025-12-01 15:30:00,9.28,9.68925,9.05183
2025-12-01 18:30:00,9.05,9.690983333333321,8.854047
2025-12-02 00:30:00,8.95,8.85285000000001,8.624745
2025-12-02 03:30:00,8.36,8.849775,8.29667
2025-12-02 12:30:00,8.19,8.112620000000003,7.9048543
2025-12-02 15:30:00,8.03,7.76879821428572,7.627446
2025-12-02 18:30:00,7.9,7.5461500000000035,7.482237
2025-12-02 21:30:00,6.68,7.445675,7.3637643
2025-12-03 00:30:00,7.54,6.060738170426073,6.003379
2025-12-03 06:30:00,7.4,7.028040000000001,7.004798
2025-12-03 09:30:00,7.26,7.047148009768016,7.0396132
2025-12-03 12:30:00,7.11,6.995935435357122,6.8314133
2025-12-03 15:30:00,6.53,6.91238767268458,6.27988
2025-12-04 03:30:00,5.75,6.225899623675433,6.186909
2025-12-04 21:30:00,6.32,5.262044128056622,5.271871
2025-12-05 12:30:00,6.7,5.9995734993224925,5.940398
2025-12-06 00:30:00,6.82,6.623445020866933,6.2683783
2025-12-06 15:30:00,6.25,6.632780021836007,6.4021688
2025-12-07 06:30:00,5.73,5.895565031094593,5.923856
2025-12-07 15:30:00,5.54,5.367985270590559,5.150231
2025-12-07 18:30:00,4.56,5.284362270194766,5.1544642
2025-12-08 09:30:00,4.23,4.2105181416179205,4.3513746
2025-12-08 15:30:00,3.42,3.7759027365424997,3.7603874
2025-12-09 09:30:00,3.45,2.9637727646254164,3.18344
2025-12-10 09:30:00,3.8,3.4416288419291896,3.5502248
2025-12-10 15:30:00,4.18,3.8125474959586025,3.6817842
2025-12-11 12:30:00,4.22,4.093896796847909,3.804792
2025-12-13 09:30:00,4.36,3.9075547923002407,3.8832574
2025-12-14 09:30:00,4.0,4.29957904466011,4.2965274
2025-12-17 15:30:00,5.18,3.9042715030143365,3.8632524
2025-12-18 15:30:00,5.4,5.496766599539237,4.7494473
2025-12-18 18:30:00,5.35,5.412402432228432,5.1252117
2025-12-19 09:30:00,5.36,5.263181164940851,5.2742352
2025-12-19 12:30:00,5.4,5.508781385501066,5.2333784
2025-12-19 15:30:00,5.17,5.434026187399718,5.2322955
2025-12-21 09:30:00,5.05,5.140298805299369,4.963981
2025-12-21 15:30:00,2.48,5.293659271572141,4.914705
2025-12-24 09:30:00,1.95,2.8080177700658764,2.8356295
2025-12-25 09:30:00,1.63,2.1591454637928993,2.2446783
2025-12-29 09:30:00,2.02,2.573522071575058,2.57263
2026-01-01 09:30:00,1.88,2.1820570299330693,2.2478232
2026-01-10 12:30:00,1.92,1.9985984681154205,1.9601918
2026-01-10 15:30:00,1.95,1.9800394845117777,1.8378007
2026-01-10 18:30:00,1.73,1.9844855361615865,1.9186907
2026-01-11 09:30:00,2.74,2.008160244233533,2.024565
2026-04-15 09:30:00,3.4,2.9267470283189017,2.5978913
2026-05-12 15:30:00,1.33,3.145084922046643,3.2477026
2026-05-26 09:30:00,1.15,1.8325195690453577,1.7093624
2026-06-12 18:30:00,1.27,1.9991885617652274,1.7951542
2026-06-13 12:30:00,1.35,1.6126518003491048,1.6159356
2026-06-13 15:30:00,1.5,1.3474455905325888,1.3509274
2026-06-13 18:30:00,1.61,1.5592710510529038,1.4322994
2026-06-14 12:30:00,1.32,1.5508560389794024,1.5560942
2026-06-18 09:30:00,0.13,1.3188208077224726,1.333663
2026-06-24 15:30:00,1.05,0.7712214650110945,0.70528144
2026-07-11 09:30:00,0.88,1.6796849262356297,0.978243
2026-08-01 15:30:00,0.91,1.14846726431909,1.166367
2026-08-01 18:30:00,1.0,0.9956262120271172,0.9399963
2026-08-02 09:30:00,1.01,0.9809630524993755,1.090452
2026-08-03 15:30:00,1.01,0.9722259236261424,1.0975175
2026-08-03 18:30:00,1.01,1.0241820184602746,1.1049032
2026-08-04 09:30:00,1.0,1.020887231753203,1.0993714
2026-08-04 15:30:00,1.0,0.9962516461256006,1.0911111
2025-06-10 09:30:00,1.71,2.2556033333333354,1.7709244
2025-10-21 18:30:00,1.85,2.468187435897437,2.5038972
2025-10-21 21:30:00,1.85,2.403348066224829,2.476402
2025-10-22 00:30:00,1.71,1.9241968461103547,2.0115979
2025-10-23 00:30:00,2.47,1.7639418452100397,1.9073162
2025-10-23 18:30:00,2.1,2.5554112010108265,2.7107835
2025-10-24 18:30:00,2.97,2.164191359604719,2.349002
2025-10-25 18:30:00,1.79,2.70341880116674,2.9970646
2025-10-27 09:30:00,1.45,1.8943100490407778,2.1522522
2025-10-30 09:30:00,1.22,1.932063828193039,2.5234902
2025-11-06 09:30:00,1.24,1.5101082628080444,1.6665498
2025-11-12 09:30:00,3.8,1.4858160243577299,1.6717409
2025-11-21 00:30:00,2.93,2.7851500000000016,2.2456472
2025-11-21 06:30:00,2.18,2.4913243885281386,2.0899866
2025-11-21 18:30:00,3.01,2.3554165694993405,2.2681036
2025-11-23 03:30:00,2.72,2.6917401208146674,2.7082205
2025-11-23 06:30:00,2.36,2.490572575793292,2.438811
2025-11-24 00:30:00,2.36,2.485312024991089,2.4634352
2025-11-24 03:30:00,2.1,2.4424224421816048,2.4731498
2025-11-24 18:30:00,2.03,2.2081332048755216,2.2826025
2025-11-25 03:30:00,2.05,2.188298953922552,2.2696242
2025-11-25 15:30:00,3.51,2.1304936616392838,2.2105315
2025-11-25 21:30:00,3.9,2.741831709574848,2.548811
2025-11-26 00:30:00,2.12,3.515017344322344,3.096287
2025-11-27 00:30:00,2.43,2.7059290435701837,2.4633057
2025-11-27 09:30:00,2.49,2.655105260472451,2.805169
2025-11-27 12:30:00,2.65,2.4251365018663575,2.453417
2025-11-27 18:30:00,3.96,2.548270903846709,2.4081597
2025-11-28 09:30:00,4.12,3.887328495702792,3.2676504
2025-11-28 12:30:00,3.92,3.9389766395492867,3.6957538
2025-11-28 15:30:00,2.69,3.669325184469494,3.6900043
2025-11-29 06:30:00,2.58,2.598655384751717,2.6030147
2025-11-29 09:30:00,2.54,2.584323859464277,2.6263502
2025-11-29 15:30:00,2.36,2.427597594351312,2.5032465
2025-11-30 00:30:00,2.16,2.381778325144623,2.3952286
2025-11-30 18:30:00,2.11,2.140276284683898,2.3056471
2025-11-30 21:30:00,1.95,2.235084345872574,2.3414075
2025-12-01 12:30:00,1.93,1.9157901553849634,1.9934239
2025-12-01 15:30:00,1.95,2.0191503501751957,2.1701276
2025-12-01 18:30:00,1.88,1.9992630357368975,2.1290123
2025-12-02 00:30:00,1.85,2.0016392688545155,2.0798497
2025-12-02 03:30:00,1.8,2.013991861399492,2.0506074
2025-12-02 12:30:00,1.78,1.9381954625006304,1.9698142
2025-12-02 15:30:00,1.77,1.813568631985995,1.9504386
2025-12-02 18:30:00,1.75,1.7611960457324936,1.8200355
2025-12-02 21:30:00,1.64,1.7922603638566994,1.7600563
2025-12-03 00:30:00,1.7,1.8253717322950385,1.7506588
2025-12-03 06:30:00,1.72,1.8592362050418272,1.7740113
2025-12-03 09:30:00,1.7,1.9240378442388482,1.7941937
2025-12-03 12:30:00,1.68,1.762758729685913,1.7383484
2025-12-03 15:30:00,1.64,1.889556299310316,1.7791392
2025-12-04 03:30:00,1.6,1.973209340129432,1.6846371
2025-12-04 09:30:00,2.02,1.7622395255744454,1.7136971
2025-12-04 21:30:00,1.84,2.099052990118053,2.1117828
2025-12-05 12:30:00,3.3,2.0854822620589513,1.985156
2025-12-06 00:30:00,1.92,2.6383627113481767,2.3995569
2025-12-06 15:30:00,1.68,2.106777561966609,2.1227815
2025-12-07 06:30:00,1.59,1.738713515532304,2.077562
2025-12-07 15:30:00,1.65,1.9285505805600018,1.7894322
2025-12-07 18:30:00,1.87,1.8988129132107159,1.7738752
2025-12-08 09:30:00,1.71,1.8851170324067053,1.8730844
2025-12-08 15:30:00,1.69,1.8605450841447797,1.7836227
2025-12-09 09:30:00,1.68,1.933367600964714,2.068959
2025-12-10 09:30:00,1.62,1.8526646246700693,1.8421096
2025-12-10 15:30:00,1.56,1.8178293361408933,1.8849407
2025-12-11 12:30:00,1.68,1.9055894265116167,1.7161036
2025-12-13 09:30:00,1.74,1.9494194328252399,2.1026616
2025-12-14 09:30:00,1.42,1.9080932632001943,1.8314911
2025-12-17 15:30:00,1.42,1.4680819829522929,1.7570782
2025-12-18 15:30:00,1.34,1.7205125677953481,2.087347
2025-12-18 18:30:00,1.3,2.2400045114648233,1.9494177
2025-12-19 09:30:00,1.27,1.3413076267134405,1.4967194
2025-12-19 12:30:00,1.24,1.3867900798225852,1.3770449
2025-12-19 15:30:00,1.76,1.3268199260344349,1.4417607
2025-12-21 09:30:00,1.58,1.8684574270874958,1.7327664
2025-12-21 15:30:00,2.39,1.55333503166479,1.6380593
2025-12-24 09:30:00,2.66,2.2465916260959897,2.1467853
2025-12-25 09:30:00,1.6,2.246103434070224,2.511721
2025-12-29 09:30:00,1.25,2.6726393819784944,2.5236127
2026-01-01 09:30:00,1.23,1.5417643310694107,1.5564523
2026-01-10 12:30:00,1.2,1.3781628636684724,1.4764956
2026-01-10 15:30:00,1.23,1.451099362475215,1.4937131
2026-01-10 18:30:00,1.27,1.2777591141402413,1.3246278
2026-01-11 09:30:00,1.0,1.2855414416119404,1.3187011
2026-02-20 06:30:00,1.43,1.522540702904903,1.2569296
2026-02-21 21:30:00,1.22,1.6837914998694448,1.5338365
2026-04-15 09:30:00,1.5,1.4330682715350769,1.6008849
2026-05-10 06:30:00,1.79,1.4866771028388215,1.4873213
2026-05-11 21:30:00,3.12,2.197080175036037,1.9420993
2026-05-12 15:30:00,2.81,3.015308750000001,3.4355075
2026-05-12 21:30:00,2.0,2.5253534475416184,2.6521368
2026-05-13 06:30:00,2.9,2.385476342683647,2.219558
2026-05-13 21:30:00,2.74,2.8752085533432084,3.1011322
2026-05-14 00:30:00,2.42,2.429977470050865,2.5654051
2026-05-15 00:30:00,2.09,2.5493093997183442,2.7377706
2026-05-15 21:30:00,2.1,2.27329149197446,2.472495
2026-05-16 00:30:00,1.9,2.129668453530692,2.3016899
2026-05-23 21:30:00,1.8,1.9124976091535086,2.0135403
2026-05-24 06:30:00,1.66,1.8404543075624276,1.8422141
2026-05-24 21:30:00,1.99,1.819383860928458,1.8593421
2026-05-25 21:30:00,2.1,2.105875713857693,2.3318582
2026-05-26 09:30:00,2.05,2.224222868772643,2.7757843
2026-05-30 21:30:00,1.97,2.062956672254949,2.1640387
2026-05-31 21:30:00,2.98,2.166469926133112,2.0831552
2026-06-12 18:30:00,3.67,2.8443193486389307,3.3239586
2026-06-12 21:30:00,3.67,3.482010148589093,3.2561107
2026-06-13 00:30:00,3.67,3.505136006334731,3.322867
2026-06-13 03:30:00,2.7,3.7006865056618308,3.4954486
2026-06-13 12:30:00,2.55,2.770467349518346,2.809886
2026-06-13 15:30:00,2.5,2.6854566285912376,2.8505106
2026-06-13 18:30:00,2.46,2.629251412144654,2.603716
2026-06-13 21:30:00,2.29,2.5099256555978844,2.531024
2026-06-14 03:30:00,2.16,2.2899864028155092,2.320287
2026-06-14 06:30:00,2.05,2.1737933930201567,2.2051532
2026-06-14 12:30:00,2.0,2.029191119187746,2.028285
2026-06-18 09:30:00,2.55,1.9835398318744308,1.945461
2026-06-22 21:30:00,3.16,2.8457441190227057,2.6694098
2026-06-23 00:30:00,2.6,2.9764995851229945,3.2156048
2026-06-23 06:30:00,1.99,2.590360299837426,2.5181725
2026-06-23 21:30:00,1.93,2.130918397254785,2.099906
2026-06-24 00:30:00,1.84,1.97641673643329,2.3820634
2026-06-24 03:30:00,1.79,1.8300902074706105,1.8542393
2026-06-24 06:30:00,1.74,1.77354244512444,1.8328769
2026-06-24 15:30:00,2.29,1.7549224266367238,1.837903
2026-06-29 21:30:00,2.12,2.26741141920939,2.3287518
2026-06-30 03:30:00,1.26,2.131488100197241,2.1958053
2026-07-11 09:30:00,1.59,1.727645876393461,1.8564607
2026-08-01 15:30:00,1.5,1.9350266543579557,1.7717737
2026-08-01 18:30:00,1.4,2.3366775959684283,1.8495188
2026-08-01 21:30:00,1.34,1.4723234883139695,1.5040424
2026-08-02 00:30:00,1.3,1.379003597328097,1.5680969
2026-08-02 03:30:00,1.25,1.4709098313728817,1.5818541
2026-08-02 09:30:00,2.69,1.3859177970407717,1.4975526
2026-08-03 00:30:00,2.73,2.136692967669495,2.3380466
2026-08-03 03:30:00,2.79,2.2751070899470895,2.7721884
2026-08-03 06:30:00,2.84,2.749168086203826,2.6801875
2026-08-03 15:30:00,3.33,3.078453989406356,2.8242435
2026-08-03 18:30:00,3.58,3.148629390427045,3.3820233
2026-08-04 00:30:00,1.93,3.3302833717143057,3.3288212
2026-08-04 00:30:00,3.06,2.025281268378368,2.241477
2026-08-04 03:30:00,2.53,3.219322346736454,3.3048432
2026-08-04 06:30:00,2.49,2.344650151592433,2.597891
2026-08-04 09:30:00,2.4,2.6927426380978106,2.5979605
2026-08-04 15:30:00,2.31,2.4443389968521534,2.5397775
2026-08-04 18:30:00,2.05,2.424752237221438,2.4230745
2026-08-04 21:30:00,1.85,2.087642035042583,2.1096132
2026-08-05 03:30:00,1.81,1.9074711604405101,2.1667821
2025-06-10 09:30:00,0.2,1.0121891369854203,0.7281347
2025-10-21 18:30:00,0.2,0.6997344418957632,0.6647476
2025-10-21 21:30:00,0.19,0.49374090520209035,0.378683
2025-10-22 00:30:00,0.14,0.3073673347983488,0.255385
2025-10-23 00:30:00,0.78,0.22041954982337386,0.2235547
2025-10-23 18:30:00,0.31,0.5730058088907201,0.61459345
2025-10-24 18:30:00,1.45,0.391788303823752,0.841861
2025-10-25 18:30:00,0.19,1.6012602232854862,1.1971784
2025-10-27 09:30:00,0.0,1.5150248592024171,0.8678353
2025-10-30 09:30:00,-0.08,0.6272417012722848,0.5301069
2025-11-06 09:30:00,0.04,0.8610517778745639,0.31443572
2025-11-12 09:30:00,1.85,0.2998014941452592,0.13613783
2025-11-21 00:30:00,1.09,1.4653999999999998,1.0630938
2025-11-21 06:30:00,0.59,2.5217479021372315,1.6990682
2025-11-21 18:30:00,2.4,1.138583104086458,0.6766015
2025-11-23 03:30:00,1.79,1.950650000000002,1.5816972
2025-11-23 06:30:00,1.09,1.9263132630150708,1.5285287
2025-11-24 00:30:00,1.1,1.224934266432324,1.0802567
2025-11-24 03:30:00,2.62,1.3166874090321479,1.2716433
2025-11-24 18:30:00,1.65,2.097566666666666,1.9770103
2025-11-25 03:30:00,1.0,1.6907070350144031,1.3609672
2025-11-25 15:30:00,1.0,1.282988349967698,1.0803564
2025-11-25 21:30:00,2.72,1.1900138916904484,1.0127848
2025-11-27 00:30:00,1.48,1.9577466666666672,1.7880108
2025-11-27 09:30:00,1.6,1.4436868031145709,1.2982597
2025-11-27 12:30:00,1.55,1.995919492515045,1.7516067
2025-11-27 18:30:00,2.08,2.0663190022273867,2.0412183
2025-11-28 09:30:00,1.7,1.863112856191433,1.707724
2025-11-28 12:30:00,1.47,2.143135981770249,1.7361499
2025-11-28 15:30:00,1.02,1.446979096845303,1.3959281
2025-11-29 06:30:00,0.99,0.978890830363468,1.0491126
2025-11-29 09:30:00,0.97,0.9143758960380116,1.1108968
2025-11-29 15:30:00,0.89,0.9621201523368752,0.9963963
2025-11-30 00:30:00,0.83,0.975971743578483,0.898323
2025-11-30 18:30:00,0.8,0.9543636126317527,0.88310176
2025-11-30 21:30:00,0.71,0.8571900039041007,0.80741996
2025-12-01 12:30:00,0.7,0.7496369541033182,0.74671394
2025-12-01 15:30:00,0.67,0.7447308625259964,0.7292172
2025-12-01 18:30:00,0.63,1.0045039722380165,0.7152338
2025-12-02 00:30:00,0.62,0.6584132820871349,0.6832603
2025-12-02 03:30:00,0.61,0.6259862281979016,0.644718
2025-12-02 12:30:00,0.6,0.6065096571646444,0.64396304
2025-12-02 15:30:00,0.6,0.5964143283823896,0.61348414
2025-12-02 18:30:00,0.6,0.5924757892601281,0.6049833
2025-12-02 21:30:00,0.54,0.5883948122616257,0.5939029
2025-12-03 00:30:00,0.58,0.6235083322245467,0.5828071
2025-12-03 06:30:00,0.57,0.5822878085892031,0.5485259
2025-12-03 09:30:00,0.58,0.5837334321004373,0.5804841
2025-12-03 12:30:00,0.58,0.5806708626399477,0.55768776
2025-12-03 15:30:00,0.51,0.5952473438129587,0.5622311
2025-12-04 03:30:00,0.5,0.535593084801999,0.53699327
2025-12-04 09:30:00,2.87,0.4968097291079346,0.54957944
2025-12-04 21:30:00,0.91,1.6639999999999986,1.6108571
2025-12-05 12:30:00,0.74,1.1974130274841484,0.86586004
2025-12-06 00:30:00,0.64,1.018087581462132,0.95932347
2025-12-06 15:30:00,0.59,0.8935947253545555,0.7633328
2025-12-07 06:30:00,0.56,0.6162965235970187,0.7164958
2025-12-07 15:30:00,0.57,0.6506146263941239,0.59625524
2025-12-07 18:30:00,0.71,0.5981168480419937,0.5726598
2025-12-08 09:30:00,0.64,0.5643368801389907,0.5869469
2025-12-08 15:30:00,0.55,0.5908854496241203,0.6155367
2025-12-09 09:30:00,0.72,0.6257673135557881,0.6181643
2025-12-10 09:30:00,0.72,0.8974167128706724,0.62668556
2025-12-10 15:30:00,0.54,0.809649971863351,0.69393104
2025-12-11 12:30:00,0.64,0.6044472626113115,0.7445862
2025-12-13 09:30:00,0.87,0.6627458836586456,0.60063434
2025-12-14 09:30:00,0.49,0.8642053833344658,0.8231038
2025-12-17 15:30:00,0.48,0.7058766666978424,0.67852896
2025-12-18 15:30:00,0.55,0.5382580052491028,0.56405205
2025-12-18 18:30:00,0.5,0.7890736107043895,0.7164357
2025-12-19 09:30:00,0.48,0.5054861082007701,0.518294
2025-12-19 12:30:00,0.47,0.44388149951812145,0.57490104
2025-12-19 15:30:00,0.61,0.44681703136506756,0.4575226
2025-12-21 09:30:00,0.46,0.6349102563093939,0.5597398
2025-12-21 15:30:00,1.34,1.5884771486700688,0.5636028
2025-12-24 09:30:00,0.95,1.2528365668749293,1.0323498
2025-12-25 09:30:00,0.36,1.0510754222524772,0.9323347
2025-12-29 09:30:00,0.34,0.7693442867104494,0.8363697
2026-01-01 09:30:00,0.29,0.47930439590222784,0.4747285
2026-01-10 12:30:00,0.28,0.5916975941729885,0.7425672
2026-01-10 15:30:00,0.26,0.3577290691158836,0.38876197
2026-01-10 18:30:00,0.24,0.3453974601865696,0.34453258
2026-01-11 09:30:00,0.0,0.32187750612850574,0.3296415
2026-02-20 06:30:00,1.58,0.46659445694873847,0.33629486
2026-04-15 09:30:00,0.07,0.4575499999999996,0.89414465
2026-05-10 06:30:00,0.34,0.2891390637140635,0.2418325
2026-05-11 21:30:00,0.22,0.7455218593297487,0.5834876
2026-05-12 15:30:00,0.18,0.3628726737336459,0.25815773
2026-05-12 21:30:00,0.24,0.3543502261525023,0.2280823
2026-05-13 06:30:00,0.94,0.44783333506040707,0.33620545
2026-05-13 21:30:00,0.74,0.9879049634485009,0.6918756
2026-05-14 00:30:00,0.39,0.6732886532098421,0.7448783
2026-05-15 00:30:00,0.46,0.6540712175161582,0.62554497
2026-05-15 21:30:00,0.44,0.6262369631385372,0.59938055
2026-05-16 00:30:00,0.16,0.6276305018370152,0.5643588
2026-05-23 21:30:00,0.12,0.33649111226336587,0.27317768
2026-05-24 06:30:00,0.05,0.21590395259388845,0.27146956
2026-05-24 21:30:00,0.04,0.34903750183506665,0.21718495
2026-05-25 21:30:00,0.11,0.07509827376971628,0.06236589
2026-05-26 09:30:00,0.27,0.14201163580850454,0.16876048
2026-05-30 21:30:00,0.15,0.30904302937236716,0.2618092
2026-05-31 21:30:00,1.12,0.1917496537410331,0.14505911
2026-06-12 18:30:00,1.82,1.0240857359307352,1.1452795
2026-06-12 21:30:00,1.83,1.788101341991343,1.709904
2026-06-13 00:30:00,1.46,1.9864560772079722,1.8528078
2026-06-13 03:30:00,0.87,1.460531732470399,1.3549689
2026-06-13 12:30:00,0.77,1.016065133521401,1.0862052
2026-06-13 15:30:00,0.75,0.9118026876890384,1.1327281
2026-06-13 18:30:00,0.7,0.8269000404958591,0.9913322
2026-06-13 21:30:00,0.66,0.7569925239990031,0.7932537
2026-06-14 00:30:00,0.6,0.7456464909695315,0.7697557
2026-06-14 03:30:00,0.53,0.7221958728602297,0.7132257
2026-06-14 06:30:00,0.45,0.612757770412167,0.63977593
2026-06-14 12:30:00,0.65,0.4068584847496956,0.4810732
2026-06-18 09:30:00,0.89,0.6422987199560102,0.5193102
2026-06-22 21:30:00,1.12,0.9162426760202618,0.81991214
2026-06-23 00:30:00,0.86,1.0610616624656835,1.2380843
2026-06-23 06:30:00,0.42,1.0290508750874308,0.89779073
2026-06-23 21:30:00,0.4,0.6736951697082146,0.7275502
2026-06-24 00:30:00,0.38,0.469831737684492,0.49732983
2026-06-24 03:30:00,0.35,0.4029070734986502,0.4247027
2026-06-24 06:30:00,0.32,0.3469814746840052,0.35009992
2026-06-24 15:30:00,0.34,0.32602902912543213,0.34770328
2026-06-29 21:30:00,0.3,0.33798244436636365,0.3171118
2026-06-30 03:30:00,0.01,0.30237610976031076,0.3293998
2026-07-11 09:30:00,0.15,0.3722500066602676,0.19914362
2026-08-01 15:30:00,0.11,0.2910179789597065,0.2146661
2026-08-01 18:30:00,0.09,0.4809454960427712,0.28079486
2026-08-01 21:30:00,0.08,0.08456435858380158,0.13553187
2026-08-02 00:30:00,0.08,0.07647217687319424,0.13726002
2026-08-02 03:30:00,0.04,0.11542575371302113,0.1463798
2026-08-02 09:30:00,0.16,0.15526224785267387,0.21947642
2026-08-03 00:30:00,0.33,0.2556740965583791,0.18444757
2026-08-03 03:30:00,0.42,0.40700548521526786,0.3715407
2026-08-03 06:30:00,0.75,0.454908871192746,0.23835954
2026-08-03 15:30:00,1.14,1.4383321428571432,0.66767603
2026-08-03 18:30:00,1.02,1.195849171046732,1.10031
2026-08-04 00:30:00,0.39,0.9889688274677166,0.96164817
2026-08-04 00:30:00,0.81,1.0714202390433352,0.70991045
2026-08-04 03:30:00,0.58,1.440396395794364,0.93074495
2026-08-04 06:30:00,0.51,1.6623126337859713,1.2129735
2026-08-04 09:30:00,0.49,0.6617248133901549,0.54909045
2026-08-04 15:30:00,0.43,0.5513464739658425,0.6743033
2026-08-04 18:30:00,0.4,0.5150494194734994,0.538205
2026-08-04 21:30:00,0.3,0.39129723943289163,0.51401067
2025-06-10 09:30:00,1.33,0.8555969203136342,0.7629033
2025-10-21 18:30:00,1.32,1.3946437211609974,1.2510096
2025-10-21 21:30:00,1.31,1.445012054797913,1.3206084
2025-10-22 00:30:00,1.11,1.5746961090437663,1.4171208
2025-10-23 00:30:00,1.0,1.1122592352887737,1.1832067
2025-10-23 18:30:00,0.88,0.9778369815745235,1.1144155
2025-10-24 18:30:00,0.91,0.9190408640041415,1.0735711
2025-10-25 18:30:00,0.88,1.0387412298397711,1.0527183
2025-10-27 09:30:00,0.83,0.8858586860964404,1.1392629
2025-10-30 09:30:00,0.74,1.0575000913641772,1.1391512
2025-11-06 09:30:00,0.72,0.8638607356737396,0.8320243
2025-11-12 09:30:00,1.16,0.7606039733171153,0.7560053
2025-11-21 06:30:00,1.12,0.9377522936391823,1.1229571
2025-11-21 18:30:00,1.37,1.1056154983207203,1.0509924
2025-11-23 03:30:00,1.21,1.4399209960872204,1.2520237
2025-11-23 06:30:00,2.04,1.5001121400604902,1.3156818
2025-11-24 00:30:00,1.63,1.7712122935765202,1.5134221
2025-11-24 03:30:00,1.46,1.7128571782800979,1.4405465
2025-11-24 18:30:00,1.47,1.7668325457602727,1.4540355
2025-11-25 03:30:00,1.35,1.7875628471629523,1.476165
2025-11-25 15:30:00,1.31,1.407297211398412,1.4691429
2025-11-25 21:30:00,1.31,1.3466393279648392,1.296728
2025-11-26 00:30:00,1.98,1.4258881219778519,1.3011506
2025-11-27 00:30:00,3.18,1.919484541220324,1.5943443
2025-11-27 09:30:00,2.53,2.287751893939392,2.0971205
2025-11-27 12:30:00,2.73,2.116994808279649,2.1602855
2025-11-27 18:30:00,1.94,2.5648097434932504,2.2630248
2025-11-28 09:30:00,1.83,2.387986507153304,2.0298924
2025-11-28 12:30:00,1.72,2.153376490257462,2.00874
2025-11-28 15:30:00,1.52,1.8284439204238745,1.7113199
2025-11-29 06:30:00,1.44,1.5058644635629568,1.5967271
2025-11-29 09:30:00,1.37,1.4669120226038637,1.549949
2025-11-29 15:30:00,1.34,1.545490849991951,1.4601266
2025-11-30 00:30:00,1.22,1.369067765822602,1.2577193
2025-11-30 18:30:00,1.22,1.2642877650111288,1.2018226
2025-11-30 21:30:00,1.25,1.243085383268571,1.1976842
2025-12-01 12:30:00,1.22,1.3903934236467281,1.2505045
2025-12-01 15:30:00,1.2,1.3304132610261175,1.2248399
2025-12-01 18:30:00,1.25,1.349574132938795,1.2047197
2025-12-02 00:30:00,1.25,1.3313644682858952,1.1953065
2025-12-02 03:30:00,1.2,1.3542403855914051,1.2227167
2025-12-02 12:30:00,1.15,1.3236857119435643,1.2314067
2025-12-02 15:30:00,1.14,1.1651667495054283,1.1714631
2025-12-02 18:30:00,1.14,1.153433241029199,1.0994767
2025-12-02 21:30:00,1.21,1.1341601101001821,1.0902795
2025-12-03 00:30:00,1.24,1.3407918345092107,1.1585574
2025-12-03 06:30:00,1.21,1.341716498172888,1.19713
2025-12-03 09:30:00,1.21,1.347005709732204,1.2330507
2025-12-03 12:30:00,1.19,1.336005517191129,1.2353309
2025-12-03 15:30:00,1.21,1.216832031369631,1.2074139
2025-12-04 03:30:00,1.21,1.3715912633848715,1.2033371
2025-12-04 09:30:00,1.11,1.2905844778298994,1.228445
2025-12-04 21:30:00,1.11,1.1197407201512481,1.0872065
2025-12-05 12:30:00,1.14,1.1306175331072763,1.130088
2025-12-06 00:30:00,1.07,1.229263741712092,1.1132817
2025-12-06 15:30:00,1.08,1.0755174037123716,1.1844022
2025-12-07 06:30:00,1.03,1.0740256927727712,1.1001586
2025-12-07 15:30:00,1.02,1.0311441734854887,1.0250263
2025-12-07 18:30:00,1.02,1.0403131097053824,1.0015519
2025-12-08 09:30:00,1.02,1.0493032423354833,1.0199808
2025-12-08 15:30:00,1.03,1.01727327635258,1.0011156
2025-12-09 09:30:00,1.08,1.0681940172588495,1.1168941
2025-12-10 09:30:00,1.09,1.063778133712731,1.0267608
2025-12-10 15:30:00,1.07,1.0768105602533249,1.0269518
2025-12-11 12:30:00,1.11,1.0324730950165213,1.0023688
2025-12-13 09:30:00,1.05,1.1693163856119988,1.1123103
2025-12-14 09:30:00,0.94,1.0467505585660193,1.0450253
2025-12-17 15:30:00,1.05,0.9665872991390225,0.9916774
2025-12-18 15:30:00,1.06,1.100834661991324,1.0360081
2025-12-18 18:30:00,1.06,1.2166012765187344,1.0752169
2025-12-19 09:30:00,1.06,1.0514363495493189,0.9884655
2025-12-19 12:30:00,1.06,1.038698747328301,1.0085849
2025-12-19 15:30:00,1.06,1.0606270972488259,1.037675
2025-12-21 09:30:00,1.06,1.068285099350271,1.0306892
2025-12-21 15:30:00,1.13,1.0705512274380866,1.0185542
2025-12-24 09:30:00,1.13,1.1410406446643409,1.0979742
2025-12-25 09:30:00,1.06,1.1452039956216264,1.1055802
2025-12-29 09:30:00,1.25,1.0666173992252308,1.0382953
2026-01-01 09:30:00,1.11,1.2949847564798842,1.2086601
2026-01-10 12:30:00,1.11,1.0974640494417123,1.0969106
2026-01-10 15:30:00,1.1,1.1400707710616977,1.0896802
2026-01-10 18:30:00,1.09,1.0961623258166622,1.0846131
2026-01-11 09:30:00,0.96,1.0790420620109946,1.043489
2026-02-20 06:30:00,1.42,1.1092784302798693,1.074716
2026-02-21 21:30:00,0.98,1.5792629462738828,1.47449
2026-04-15 09:30:00,1.97,1.1891396975538806,1.8100986
2026-05-10 06:30:00,1.99,1.68737899605829,1.5766551
2026-05-11 21:30:00,1.61,1.7645483043562005,1.7608618
2026-05-12 15:30:00,1.6,1.584529974983444,1.622527
2026-05-12 21:30:00,1.58,1.729469420938847,1.53682
2026-05-13 06:30:00,1.47,1.5509030514977014,1.6495523
2026-05-13 21:30:00,1.45,1.6441895470339505,1.4603404
2026-05-14 00:30:00,1.31,1.4449160527365692,1.4479005
2026-05-15 00:30:00,1.2,1.2680050657881166,1.3224684
2026-05-15 21:30:00,1.19,1.3111005536376117,1.217787
2026-05-16 00:30:00,0.92,1.1887163446084668,1.1932005
2026-05-23 21:30:00,0.92,0.9812017003310102,0.9715512
2026-05-24 06:30:00,0.91,1.0399681016591549,0.98661506
2026-05-24 21:30:00,0.91,0.9201737745353832,0.92634946
2026-05-25 21:30:00,0.91,0.9272378233060797,0.9021533
2026-05-26 09:30:00,0.95,0.9350111004552477,0.9188122
2026-05-30 21:30:00,0.93,0.9489097470198109,0.9091388
2026-05-31 21:30:00,0.73,0.9432363971762736,0.9161997
2026-06-12 18:30:00,0.71,1.0509591034669405,0.9782905
2026-06-12 21:30:00,0.71,0.7267378645447564,0.7806572
2026-06-13 00:30:00,0.71,0.7708436078438126,0.7454836
2026-06-13 03:30:00,0.69,0.7539992585222381,0.6912238
2026-06-13 12:30:00,0.7,0.7135352989305896,0.67950255
2026-06-13 15:30:00,0.69,0.6991508166968626,0.6750772
2026-06-13 18:30:00,0.69,0.9309872541026624,0.70804864
2026-06-13 21:30:00,0.69,0.7214753117372859,0.68309927
2026-06-14 00:30:00,0.68,0.7203120136452857,0.68244714
2026-06-14 03:30:00,0.68,0.704807460113679,0.6825389
2026-06-14 06:30:00,0.6,0.7179814094244528,0.67629427
2026-06-14 12:30:00,0.53,0.6916306494123441,0.67893505
2026-06-18 09:30:00,0.57,0.6681349231958271,0.6111226
2026-06-22 21:30:00,0.54,0.5898956280157119,0.5734138
2026-06-23 00:30:00,0.57,0.553193515540941,0.55122834
2026-06-23 06:30:00,0.55,0.5790036425363145,0.505511
2026-06-23 21:30:00,0.54,0.5707457219907693,0.50802594
2026-06-24 00:30:00,0.54,0.549376914530349,0.48224714
2026-06-24 03:30:00,0.56,0.5469012396638493,0.49863836
2026-06-24 06:30:00,0.56,0.5700343860360588,0.492394
2026-06-24 15:30:00,0.67,0.5599490730276524,0.51321375
2026-06-29 21:30:00,0.67,0.6165924380786185,0.5104375
2026-06-30 03:30:00,0.48,0.6123848861512081,0.57821345
2026-07-11 09:30:00,0.48,1.236287858603404,0.5755967
2026-08-01 15:30:00,0.48,1.0587818785706222,0.68404436
2026-08-01 18:30:00,0.48,0.9744612722075752,0.68403697
2026-08-01 21:30:00,0.48,1.207463402733043,0.59292716
2026-08-02 00:30:00,0.47,1.207463402733043,0.5922751
2026-08-02 03:30:00,0.53,0.7268487636961107,0.5549313
2026-08-02 09:30:00,0.5,0.7674557049114771,0.5407757
2026-08-03 00:30:00,0.5,0.7809175598748481,0.5120422
2026-08-03 03:30:00,0.51,0.5262225418406721,0.53927773
2026-08-03 06:30:00,0.5,0.4810929957426229,0.5641493
2026-08-03 15:30:00,0.5,0.5771416425755173,0.5257252
2026-08-03 18:30:00,0.5,0.5746779288834172,0.53902245
2026-08-04 00:30:00,0.51,0.4928911894326282,0.50128293
2026-08-04 00:30:00,0.51,0.5293660702608716,0.52402115
2026-08-04 03:30:00,0.52,0.5667349617139503,0.5131363
2026-08-04 06:30:00,0.52,0.5787996556097255,0.5425104
2026-08-04 09:30:00,0.52,0.5349779927097924,0.54198134
2026-08-04 15:30:00,0.51,0.5428815696322719,0.5542636
2026-08-04 18:30:00,0.51,0.5061799246569505,0.51560456
2026-08-04 21:30:00,0.51,0.7527981509048334,0.5416883
2026-08-05 03:30:00,0.51,0.7468090033340424,0.55253625
2025-06-10 09:30:00,-2.02,-2.7930999999999977,-2.9026814
2025-10-21 18:30:00,-1.61,-2.1465500000000013,-2.016054
2025-10-21 21:30:00,-1.7,-2.030050000000003,-1.7256731
2025-10-22 00:30:00,-1.58,-2.191700000000003,-1.7828221
2025-10-23 00:30:00,-2.56,-2.033950000000003,-1.756159
2025-10-23 18:30:00,-2.43,-2.3838500000000016,-2.0193353
2025-10-24 18:30:00,-2.85,-2.4008000000000034,-2.4402108
2025-10-25 18:30:00,-2.97,-2.6788363636363637,-2.4312005
2025-10-27 09:30:00,-3.2,-2.594936363636363,-2.0438547
2025-10-30 09:30:00,-2.94,-2.3125000000000004,-1.3749719
2025-11-06 09:30:00,-3.09,-2.65045,-2.4346209
2025-11-12 09:30:00,-1.85,-2.357800000000003,-1.6689756
2025-11-21 00:30:00,-1.9,-2.1181000000000014,-2.023556
2025-11-21 06:30:00,-2.55,-2.1720500000000014,-2.2037659
2025-11-21 18:30:00,-1.77,-2.3384500000000012,-1.9759506
2025-11-23 03:30:00,-1.55,-2.1373000000000006,-2.3034701
2025-11-23 06:30:00,-2.1,-2.078350000000001,-1.988109
2025-11-24 00:30:00,-2.1,-1.8658000000000028,-1.9809856
2025-11-24 18:30:00,-0.38,-2.188650000000001,-2.0985684
2025-11-25 03:30:00,-1.15,-0.4724500000000001,-0.83473796
2025-11-25 15:30:00,-0.8,-1.3229499999999994,-0.7440898
2025-11-25 21:30:00,-0.92,-0.7401999999999995,-1.0942446
2025-11-26 00:30:00,3.7,0.18520000000000003,-0.57818824
2025-11-27 00:30:00,5.05,2.046300000000003,1.4290541
2025-11-27 09:30:00,7.9,4.144507272727274,3.446577
2025-11-27 12:30:00,-0.3,7.290549999999989,6.518042
2025-12-04 09:30:00,-0.7,0.40828809523809495,0.20037654
2025-12-05 12:30:00,-1.45,-0.04354999999999992,0.2195415
2025-12-06 15:30:00,-1.58,-1.0161499999999994,-1.2883966
2025-12-07 15:30:00,-1.5,-1.4029500000000001,-1.4793463
2025-12-07 18:30:00,-0.44,-1.4628000000000012,-1.7551335
2025-12-08 09:30:00,-0.72,-0.6344500000000011,-1.2090311
2025-12-08 15:30:00,-1.31,-0.22685000000000038,-0.515185
2025-12-09 09:30:00,-1.39,-1.2597499999999997,-1.4676872
2025-12-10 09:30:00,-0.51,-1.3436500000000011,-0.81451356
2025-12-10 15:30:00,-1.42,-0.5325000000000008,-0.6595771
2025-12-11 12:30:00,-0.42,-0.919850000000001,-1.0672933
2025-12-13 09:30:00,-1.38,-0.44927500000000037,-0.5882968
2025-12-14 09:30:00,-1.47,-0.8476000000000005,-0.7273818
2025-12-17 15:30:00,1.36,-1.3262,-1.5025617
2025-12-18 15:30:00,1.45,0.6808000000000008,0.5740254
2025-12-18 18:30:00,-0.05,1.4746255882352952,0.80298126
2025-12-19 09:30:00,0.4,0.37877222222222207,0.3693436
2025-12-19 12:30:00,0.79,0.8523929350026396,0.5823473
2025-12-19 15:30:00,-0.86,1.52571972082495,0.7171204
2025-12-21 09:30:00,-0.68,-0.16677499999999995,-0.029287744
2025-12-21 15:30:00,-1.12,-0.08263333333333328,-0.2384626
2025-12-24 09:30:00,-1.23,-1.0742999999999994,-1.1363614
2025-12-25 09:30:00,-1.53,-1.1308500000000008,-0.37730673
2025-12-29 09:30:00,-1.47,-0.8700499999999997,-1.1890411
2026-01-01 09:30:00,-1.27,-1.4425500000000002,-1.8063309
2026-01-10 12:30:00,-1.3,-1.2737500000000004,-1.5525512
2026-01-10 15:30:00,-1.4,-1.3435499999999991,-1.4852258
2026-01-10 18:30:00,-1.38,-1.4495999999999993,-1.7440797
2026-01-11 09:30:00,-0.1,-1.2859499999999995,-1.5216621
2026-04-15 09:30:00,-2.12,-1.843600000000004,-1.8990985
2026-05-12 15:30:00,-2.63,-2.2445363636363633,-1.7872697
2026-05-26 09:30:00,-3.36,-2.6798999999999995,-2.9498005
2026-06-12 18:30:00,3.31,-2.602149999999999,-2.8631744
2026-06-13 12:30:00,-3.32,2.4498499999999983,1.8531035
2026-06-13 15:30:00,-3.34,0.5124500000000002,-1.9209384
2026-06-13 18:30:00,-3.12,-2.140799999999999,-2.1150422
2026-06-14 12:30:00,-3.26,-2.6086999999999994,-3.0427442
2026-06-18 09:30:00,-3.14,-2.6953999999999985,-3.0338914
2026-06-24 15:30:00,-3.3,-2.6194,-2.9775584
2026-07-11 09:30:00,-3.2,-2.6434499999999987,-3.0323493
2026-08-01 15:30:00,-3.32,-2.632499999999999,-2.9402027
2026-08-01 18:30:00,-3.36,-2.619749999999999,-2.9433968
2026-08-02 09:30:00,-3.3,-2.636499999999998,-2.9717648
2026-08-03 15:30:00,-3.29,-2.7768499999999983,-2.9772873
2026-08-03 18:30:00,-2.83,-2.6602499999999973,-2.9881942
2026-08-04 09:30:00,-3.04,-2.69995,-2.8880708
2026-08-04 15:30:00,-3.31,-3.0019285714285746,-2.8355734
2026-08-04 18:30:00,-3.24,-2.8568999999999996,-2.9356499
2025-06-10 09:30:00,0.85,0.5126018384171993,0.47547787
2025-10-21 18:30:00,0.84,0.8588674556391193,0.78233844
2025-10-21 21:30:00,0.56,0.8939039342954024,0.8584471
2025-10-23 00:30:00,0.53,0.9082447876777592,0.7951855
2025-10-23 18:30:00,0.62,0.654791609342873,0.73949
2025-10-24 18:30:00,0.58,1.0596820533103588,0.7919482
2025-10-25 18:30:00,0.54,0.6970115643406203,0.9501631
2025-10-27 09:30:00,0.49,0.5821990092981081,0.709669
2025-10-30 09:30:00,0.46,0.5203592571741746,0.7194323
2025-11-06 09:30:00,0.78,0.5631428146449136,0.54607844
2025-11-12 09:30:00,0.7,0.7229784858602437,0.7062082
2025-11-21 00:30:00,0.69,0.8152590455187844,0.6502733
2025-11-21 06:30:00,0.63,0.7178588992553628,0.6387051
2025-11-21 18:30:00,1.93,0.8958353336025698,0.7299066
2025-11-23 03:30:00,1.9,1.7447418749999992,1.4847611
2025-11-23 06:30:00,1.2,1.8367737270521545,1.581332
2025-11-24 00:30:00,1.42,1.440102026374325,1.3362544
2025-11-24 03:30:00,1.66,1.6226115135382326,1.3694057
2025-11-24 18:30:00,1.4,1.7993061128096244,1.8509443
2025-11-25 03:30:00,1.12,1.4354294073742353,1.4450611
2025-11-25 15:30:00,1.41,1.2387950348228136,1.182805
2025-11-25 21:30:00,1.36,2.0095394531789013,1.5625082
2025-11-26 00:30:00,5.16,1.3634079678545883,1.3773583
2025-11-27 00:30:00,5.67,3.245912499999999,3.2377853
2025-11-27 09:30:00,5.68,4.914088333333336,4.4826603
2025-11-27 12:30:00,5.74,4.388781558441558,4.4018054
2025-11-27 18:30:00,1.99,5.450152834708401,4.9854083
2025-11-30 00:30:00,1.46,2.447376230158729,1.3937539
2025-11-30 18:30:00,1.39,2.7979244098883593,1.8584293
2025-11-30 21:30:00,1.15,1.984838087497315,1.4941763
2025-12-01 12:30:00,1.14,1.6155713361198238,1.3768183
2025-12-01 15:30:00,1.11,1.2486941959913254,1.3585172
2025-12-01 18:30:00,1.05,1.1602442839728333,1.3154463
2025-12-02 00:30:00,0.99,1.0455687009917836,1.0353624
2025-12-02 12:30:00,0.99,0.9967029471864616,1.1397374
2025-12-02 15:30:00,0.98,0.9879322333133793,0.9770937
2025-12-02 18:30:00,0.98,0.9814255051844747,0.9940254
2025-12-02 21:30:00,1.76,0.9504377176188948,0.96456
2025-12-03 00:30:00,0.95,1.488323800508057,1.4690475
2025-12-03 06:30:00,0.94,1.2427146180666546,1.3076134
2025-12-03 09:30:00,0.91,0.9974611120330573,0.9570485
2025-12-03 12:30:00,0.88,0.9151397047371455,1.0155741
2025-12-03 15:30:00,1.39,0.8787568843354597,0.9374274
2025-12-04 03:30:00,1.09,1.5359217130540843,1.2667713
2025-12-04 09:30:00,0.96,1.09335804552357,1.0727115
2025-12-04 21:30:00,0.9,0.9864100143128455,0.9740441
2025-12-05 12:30:00,0.87,1.002643863464755,1.0116054
2025-12-06 00:30:00,0.87,0.8830675599070709,0.89277416
2025-12-06 15:30:00,0.84,0.8741062094126787,0.8920399
2025-12-07 06:30:00,0.82,0.8257777879038478,0.8283538
2025-12-07 15:30:00,0.82,0.8521454359202614,0.8803507
2025-12-07 18:30:00,0.8,0.8409684606561255,0.8470679
2025-12-08 09:30:00,0.79,0.8252502687103522,0.8719634
2025-12-08 15:30:00,1.0,0.8554887113159115,0.8462866
2025-12-09 09:30:00,1.88,1.1517206145370136,1.0089065
2025-12-10 09:30:00,2.2,1.6191638932946404,1.4924048
2025-12-10 15:30:00,1.35,1.875119369195543,1.7989762
2025-12-11 12:30:00,1.08,1.436358937634916,1.4457734
2025-12-13 09:30:00,1.04,1.2877898928157863,1.0831877
2025-12-14 09:30:00,1.88,1.1092094863060853,1.1746721
2025-12-17 15:30:00,1.18,1.650323947053232,1.660022
2025-12-18 15:30:00,1.13,1.8169622850177654,1.4385831
2025-12-18 18:30:00,1.05,1.2429774420575495,1.2407918
2025-12-19 09:30:00,1.01,1.1309629645061792,1.1011358
2025-12-19 12:30:00,1.01,1.007103088778796,1.044188
2025-12-19 15:30:00,0.85,1.010400723329048,1.0259763
2025-12-21 09:30:00,0.84,0.9274725708493768,0.96014035
2025-12-21 15:30:00,0.75,0.8871856397112329,0.9385228
2025-12-24 09:30:00,0.88,0.8215469350382014,0.86319464
2025-12-25 09:30:00,0.7,0.8819754316728812,1.0813209
2025-12-29 09:30:00,0.83,0.7615230705257677,0.85515463
2026-01-01 09:30:00,1.06,0.9807937028152722,0.81465614
2026-01-10 12:30:00,1.05,0.9463302441504368,1.1303158
2026-01-10 15:30:00,1.04,0.9443912279936255,0.9614395
2026-01-10 18:30:00,0.92,1.0314889793298452,1.1515546
2026-01-11 09:30:00,0.63,1.0064746849480688,1.0130137
2026-02-20 06:30:00,0.72,0.7181502765328838,0.87068844
2026-02-21 21:30:00,0.56,0.7556284467017439,0.76928556
2026-04-15 09:30:00,0.64,0.8116343948655778,0.74984574
2026-05-10 06:30:00,0.64,0.631294470825232,0.5726929
2026-05-11 21:30:00,0.64,0.6947655378916013,0.689061
2026-05-12 15:30:00,0.64,0.6169635330990619,0.5977782
2026-05-12 21:30:00,0.63,0.6297782827706484,0.60377914
2026-05-13 06:30:00,0.62,0.6286205758456709,0.614767
2026-05-13 21:30:00,0.62,0.6024282520472393,0.61046267
2026-05-14 00:30:00,0.69,0.5984257463087205,0.5869709
2026-05-15 21:30:00,0.68,0.62718137516626,0.666522
2026-05-16 00:30:00,0.53,0.6113684890380413,0.6856074
2026-05-23 21:30:00,0.53,0.5820390657248984,0.60709095
2026-05-24 06:30:00,0.53,0.5620733110761712,0.5276205
2026-05-24 21:30:00,0.53,0.5457931965017431,0.5625568
2026-05-25 21:30:00,0.53,0.5267833481891333,0.51035833
2026-05-26 09:30:00,0.55,0.5230567392138173,0.5246538
2026-05-30 21:30:00,0.55,0.5462684060114663,0.51035833
2026-05-31 21:30:00,0.51,0.5473120035918295,0.51035833
2026-06-12 18:30:00,0.51,0.48216136077782173,0.60077965
2026-06-12 21:30:00,0.52,0.4725194291963995,0.5261296
2026-06-13 00:30:00,0.52,0.5057108439882915,0.527903
2026-06-13 03:30:00,0.53,0.5008302279718532,0.529917
2026-06-13 12:30:00,0.53,0.5224284076049623,0.5349597
2026-06-13 15:30:00,0.54,0.5202499973289441,0.51918554
2026-06-13 18:30:00,0.54,0.6279833368612433,0.5266962
2026-06-13 21:30:00,0.54,0.5323129586354616,0.5127914
2026-06-14 00:30:00,0.54,0.5337359310964582,0.51213926
2026-06-14 03:30:00,0.54,0.5344838442619714,0.51223105
2026-06-14 06:30:00,0.55,0.5345338442619714,0.5059864
2026-06-14 12:30:00,0.51,0.5508999767923338,0.52769405
2026-06-18 09:30:00,0.5,0.6268033258573773,0.52708685
2026-06-22 21:30:00,0.5,0.4903407608340497,0.5127914
2026-06-23 00:30:00,0.5,0.4911746890917367,0.5054466
2026-06-23 06:30:00,0.5,0.49145390222670904,0.4992938
2026-06-23 21:30:00,0.5,0.4917314433906105,0.50609875
2026-06-24 06:30:00,0.5,0.4911817906128328,0.4992938
2026-06-24 15:30:00,0.5,0.49190158227949937,0.52095455
2026-06-29 21:30:00,0.5,0.4917314433906105,0.50609875
2026-06-30 03:30:00,0.45,0.4913536656128328,0.5055384
2026-07-11 09:30:00,0.42,0.49356647037524803,0.4477548
2026-08-01 15:30:00,0.42,0.42829245334227667,0.5766935
2026-08-01 18:30:00,0.42,0.4109238576710393,0.5549508
2026-08-01 21:30:00,0.42,0.41107322627900755,0.5035948
2026-08-02 00:30:00,0.42,0.411307876320095,0.5029426
2026-08-02 03:30:00,0.42,0.4108057929867617,0.5144427
2026-08-02 09:30:00,0.42,0.41209954298676166,0.53251684
2026-08-03 00:30:00,0.42,0.42701923507660766,0.4453863
2026-08-03 03:30:00,0.42,0.4280220598902263,0.4130963
2026-08-03 06:30:00,0.42,0.4308371554106481,0.36427805
2026-08-03 15:30:00,0.42,0.4209385955615812,0.38894045
2026-08-03 18:30:00,0.42,0.4193484898405436,0.38614827
2026-08-04 00:30:00,0.42,0.411307876320095,0.5029426
2026-08-04 03:30:00,0.42,0.4108057929867617,0.5144427
2026-08-04 06:30:00,0.42,0.41074954298676175,0.508198
2026-08-04 09:30:00,0.42,0.41209954298676166,0.53251684
2026-08-04 15:30:00,0.42,0.4120620429867617,0.521669
2026-08-04 18:30:00,0.42,0.4276313898347592,0.46207866
2026-08-04 21:30:00,0.42,0.4302095598902263,0.4015595
2026-08-05 03:30:00,0.42,0.4287867387439813,0.3633057
